accounted_update_noise_multiplier,actual_local_batches,actual_optimizer_steps,client_id,communication_volume,deadline_satisfied,edge_id,epsilon_used,fast_response_client,fast_response_deadline,feasible,feasible_memory,feasible_privacy,feasible_resource,feasible_risk,feasible_time,feature_dp_events,feature_epsilon,global_release_required,has_feasible_candidate,local_training_epochs,mechanisms,memory_capacity,memory_requirement,mode,omega_feature_clip_excess_sq,policy,pre_aggregation_time,projected_feature_epsilon,projected_update_epsilon,remaining_epsilon,risk,round,selected_update_noise_multiplier,time,update_dp_events,update_epsilon,update_mechanism,update_protection_goal
6.911200311588957,3,3,0,717.4141507200001,,0,0.7047879795216052,False,,True,True,True,True,False,True,0,0.0,0,True,3,E_C_upd:dp_he3;L_E_upd:none,2.4526825050714955,0.9796,LIIEIIIC,,fixed_mode_fixed_privacy,73.31761410655434,0.0,0.7047879795216052,7.295212020478395,0.58,0,6.911200311588957,144.56803358483324,1,0.7047879795216052,dp_he3/none,packet_protection
6.911200311588957,3,3,1,717.4141507200001,,1,0.7047879795216052,False,,True,True,True,True,False,True,0,0.0,0,True,3,E_C_upd:dp_he3;L_E_upd:none,2.020729936082863,0.9790833333333333,LIIEIIIC,,fixed_mode_fixed_privacy,53.503901393690086,0.0,0.7047879795216052,7.295212020478395,0.58,0,6.911200311588957,137.45033033958686,1,0.7047879795216052,dp_he3/none,packet_protection
6.911200311588957,3,3,2,717.4141507200001,,2,0.7047879795216052,False,,True,True,True,True,False,True,0,0.0,0,True,3,E_C_upd:dp_he3;L_E_upd:none,1.380488196284812,0.9801166666666666,LIIEIIIC,,fixed_mode_fixed_privacy,61.59039019949485,0.0,0.7047879795216052,7.295212020478395,0.58,0,6.911200311588957,134.2503783385034,1,0.7047879795216052,dp_he3/none,packet_protection
6.911200311588957,3,3,3,717.4141507200001,,3,0.7047879795216052,False,,True,True,True,True,False,True,0,0.0,0,True,3,E_C_upd:dp_he3;L_E_upd:none,1.7431799468753328,0.9796,LIIEIIIC,,fixed_mode_fixed_privacy,64.13452545587492,0.0,0.7047879795216052,7.295212020478395,0.58,0,6.911200311588957,141.42137015919295,1,0.7047879795216052,dp_he3/none,packet_protection
6.911200311588957,3,3,4,717.4141507200001,,4,0.7047879795216052,False,,True,True,True,True,False,True,0,0.0,0,True,3,E_C_upd:dp_he3;L_E_upd:none,1.0840160768825502,0.97805,LIIEIIIC,,fixed_mode_fixed_privacy,64.99484054716717,0.0,0.7047879795216052,7.295212020478395,0.58,0,6.911200311588957,149.98258444407605,1,0.7047879795216052,dp_he3/none,packet_protection
,,,5,0.0,,5,0.0,False,,True,True,True,True,True,True,0,0.0,0,True,3,,inf,0.0,SKIP,,fixed_mode_fixed_privacy,,0.0,0.0,8.0,0.0,0,,0.0,0,0.0,none,packet_protection
6.911200311588957,3,3,6,717.4141507200001,,6,0.7047879795216052,False,,True,True,True,True,False,True,0,0.0,0,True,3,E_C_upd:dp_he3;L_E_upd:none,2.6303355215731377,0.9796,LIIEIIIC,,fixed_mode_fixed_privacy,58.94014350073174,0.0,0.7047879795216052,7.295212020478395,0.58,0,6.911200311588957,133.32650639107118,1,0.7047879795216052,dp_he3/none,packet_protection
6.911200311588957,3,3,7,717.4141507200001,,7,0.7047879795216052,False,,True,True,True,True,False,True,0,0.0,0,True,3,E_C_upd:dp_he3;L_E_upd:none,2.053595733538623,0.9790833333333333,LIIEIIIC,,fixed_mode_fixed_privacy,67.09289362992058,0.0,0.7047879795216052,7.295212020478395,0.58,0,6.911200311588957,146.63590367202715,1,0.7047879795216052,dp_he3/none,packet_protection
,,,8,0.0,,8,0.0,False,,True,True,True,True,True,True,0,0.0,0,True,3,,inf,0.0,SKIP,,fixed_mode_fixed_privacy,,0.0,0.0,8.0,0.0,0,,0.0,0,0.0,none,packet_protection
6.911200311588957,3,3,9,717.4141507200001,,9,0.7047879795216052,False,,True,True,True,True,False,True,0,0.0,0,True,3,E_C_upd:dp_he3;L_E_upd:none,1.3144213466357852,0.9816666666666666,LIIEIIIC,,fixed_mode_fixed_privacy,73.76718078834679,0.0,0.7047879795216052,7.295212020478395,0.58,0,6.911200311588957,145.88276667291692,1,0.7047879795216052,dp_he3/none,packet_protection
6.911200311588957,3,3,10,717.4141507200001,,0,0.7047879795216052,False,,True,True,True,True,False,True,0,0.0,0,True,3,E_C_upd:dp_he3;L_E_upd:none,0.9864894286034035,0.9796,LIIEIIIC,,fixed_mode_fixed_privacy,65.7157140250214,0.0,0.7047879795216052,7.295212020478395,0.58,0,6.911200311588957,145.545426335464,1,0.7047879795216052,dp_he3/none,packet_protection
6.911200311588957,3,3,11,717.4141507200001,,1,0.7047879795216052,False,,True,True,True,True,False,True,0,0.0,0,True,3,E_C_upd:dp_he3;L_E_upd:none,2.0833708586033586,0.9785666666666667,LIIEIIIC,,fixed_mode_fixed_privacy,66.20484976556055,0.0,0.7047879795216052,7.295212020478395,0.58,0,6.911200311588957,141.44761310642707,1,0.7047879795216052,dp_he3/none,packet_protection
6.911200311588957,3,3,12,717.4141507200001,,2,0.7047879795216052,False,,True,True,True,True,False,True,0,0.0,0,True,3,E_C_upd:dp_he3;L_E_upd:none,2.67780451323768,0.9796,LIIEIIIC,,fixed_mode_fixed_privacy,66.8777956665341,0.0,0.7047879795216052,7.295212020478395,0.58,0,6.911200311588957,146.8318302797923,1,0.7047879795216052,dp_he3/none,packet_protection
6.911200311588957,3,3,13,717.4141507200001,,3,0.7047879795216052,False,,True,True,True,True,False,True,0,0.0,0,True,3,E_C_upd:dp_he3;L_E_upd:none,1.7205665385753408,0.9790833333333333,LIIEIIIC,,fixed_mode_fixed_privacy,62.04033664177582,0.0,0.7047879795216052,7.295212020478395,0.58,0,6.911200311588957,147.92034337072442,1,0.7047879795216052,dp_he3/none,packet_protection
6.911200311588957,3,3,14,717.4141507200001,,4,0.7047879795216052,False,,True,True,True,True,False,True,0,0.0,0,True,3,E_C_upd:dp_he3;L_E_upd:none,1.9087855950561639,0.97805,LIIEIIIC,,fixed_mode_fixed_privacy,59.322549948211254,0.0,0.7047879795216052,7.295212020478395,0.58,0,6.911200311588957,130.29401391363263,1,0.7047879795216052,dp_he3/none,packet_protection
6.911200311588957,3,3,15,717.4141507200001,,5,0.7047879795216052,False,,True,True,True,True,False,True,0,0.0,0,True,3,E_C_upd:dp_he3;L_E_upd:none,1.9130126015396856,0.9796,LIIEIIIC,,fixed_mode_fixed_privacy,70.43751237112299,0.0,0.7047879795216052,7.295212020478395,0.58,0,6.911200311588957,139.03166866867144,1,0.7047879795216052,dp_he3/none,packet_protection
6.911200311588957,3,3,16,717.4141507200001,,6,0.7047879795216052,False,,True,True,True,True,False,True,0,0.0,0,True,3,E_C_upd:dp_he3;L_E_upd:none,1.1628149379732393,0.9796,LIIEIIIC,,fixed_mode_fixed_privacy,61.61234155540227,0.0,0.7047879795216052,7.295212020478395,0.58,0,6.911200311588957,131.5248605077278,1,0.7047879795216052,dp_he3/none,packet_protection
6.911200311588957,3,3,17,717.4141507200001,,7,0.7047879795216052,False,,True,True,True,True,False,True,0,0.0,0,True,3,E_C_upd:dp_he3;L_E_upd:none,2.6565711564792376,0.9790833333333333,LIIEIIIC,,fixed_mode_fixed_privacy,75.23407063843858,0.0,0.7047879795216052,7.295212020478395,0.58,0,6.911200311588957,153.2697216481065,1,0.7047879795216052,dp_he3/none,packet_protection
6.911200311588957,3,3,18,717.4141507200001,,8,0.7047879795216052,False,,True,True,True,True,False,True,0,0.0,0,True,3,E_C_upd:dp_he3;L_E_upd:none,1.5926943326530782,0.9806333333333332,LIIEIIIC,,fixed_mode_fixed_privacy,70.34478358592054,0.0,0.7047879795216052,7.295212020478395,0.58,0,6.911200311588957,161.9851228968632,1,0.7047879795216052,dp_he3/none,packet_protection
6.911200311588957,3,3,19,717.4141507200001,,9,0.7047879795216052,False,,True,True,True,True,False,True,0,0.0,0,True,3,E_C_upd:dp_he3;L_E_upd:none,2.676393350591775,0.9816666666666666,LIIEIIIC,,fixed_mode_fixed_privacy,58.56120856576345,0.0,0.7047879795216052,7.295212020478395,0.58,0,6.911200311588957,137.73516792881915,1,0.7047879795216052,dp_he3/none,packet_protection
,,,20,0.0,,0,0.0,False,,True,True,True,True,True,True,0,0.0,0,True,3,,inf,0.0,SKIP,,fixed_mode_fixed_privacy,,0.0,0.0,8.0,0.0,0,,0.0,0,0.0,none,packet_protection
6.911200311588957,3,3,21,717.4141507200001,,1,0.7047879795216052,False,,True,True,True,True,False,True,0,0.0,0,True,3,E_C_upd:dp_he3;L_E_upd:none,1.0533693839806015,0.9785666666666667,LIIEIIIC,,fixed_mode_fixed_privacy,53.47510706879199,0.0,0.7047879795216052,7.295212020478395,0.58,0,6.911200311588957,133.65352896177825,1,0.7047879795216052,dp_he3/none,packet_protection
6.911200311588957,3,3,22,717.4141507200001,,2,0.7047879795216052,False,,True,True,True,True,False,True,0,0.0,0,True,3,E_C_upd:dp_he3;L_E_upd:none,2.162089858147671,0.9796,LIIEIIIC,,fixed_mode_fixed_privacy,59.876986763933594,0.0,0.7047879795216052,7.295212020478395,0.58,0,6.911200311588957,144.37377007010994,1,0.7047879795216052,dp_he3/none,packet_protection
6.911200311588957,3,3,23,717.4141507200001,,3,0.7047879795216052,False,,True,True,True,True,False,True,0,0.0,0,True,3,E_C_upd:dp_he3;L_E_upd:none,1.5216668391258723,0.9790833333333333,LIIEIIIC,,fixed_mode_fixed_privacy,69.08384370661321,0.0,0.7047879795216052,7.295212020478395,0.58,0,6.911200311588957,142.2566570056292,1,0.7047879795216052,dp_he3/none,packet_protection
6.911200311588957,3,3,24,717.4141507200001,,4,0.7047879795216052,False,,True,True,True,True,False,True,0,0.0,0,True,3,E_C_upd:dp_he3;L_E_upd:none,2.509690730837996,0.97805,LIIEIIIC,,fixed_mode_fixed_privacy,63.55105479523765,0.0,0.7047879795216052,7.295212020478395,0.58,0,6.911200311588957,134.76587475955898,1,0.7047879795216052,dp_he3/none,packet_protection
6.911200311588957,3,3,25,717.4141507200001,,5,0.7047879795216052,False,,True,True,True,True,False,True,0,0.0,0,True,3,E_C_upd:dp_he3;L_E_upd:none,2.141894505673916,0.9796,LIIEIIIC,,fixed_mode_fixed_privacy,60.14069809883854,0.0,0.7047879795216052,7.295212020478395,0.58,0,6.911200311588957,134.1951775419524,1,0.7047879795216052,dp_he3/none,packet_protection
6.911200311588957,3,3,26,717.4141507200001,,6,0.7047879795216052,False,,True,True,True,True,False,True,0,0.0,0,True,3,E_C_upd:dp_he3;L_E_upd:none,2.6156949390605306,0.9796,LIIEIIIC,,fixed_mode_fixed_privacy,61.89226009261642,0.0,0.7047879795216052,7.295212020478395,0.58,0,6.911200311588957,149.8455476434453,1,0.7047879795216052,dp_he3/none,packet_protection
6.911200311588957,3,3,27,717.4141507200001,,7,0.7047879795216052,False,,True,True,True,True,False,True,0,0.0,0,True,3,E_C_upd:dp_he3;L_E_upd:none,1.3581486205054942,0.9790833333333333,LIIEIIIC,,fixed_mode_fixed_privacy,60.31656305149723,0.0,0.7047879795216052,7.295212020478395,0.58,0,6.911200311588957,146.635537154552,1,0.7047879795216052,dp_he3/none,packet_protection
6.911200311588957,3,3,28,717.4141507200001,,8,0.7047879795216052,False,,True,True,True,True,False,True,0,0.0,0,True,3,E_C_upd:dp_he3;L_E_upd:none,1.0529798758229736,0.9801166666666666,LIIEIIIC,,fixed_mode_fixed_privacy,64.58037541707421,0.0,0.7047879795216052,7.295212020478395,0.58,0,6.911200311588957,154.9081124915146,1,0.7047879795216052,dp_he3/none,packet_protection
6.911200311588957,3,3,29,717.4141507200001,,9,0.7047879795216052,False,,True,True,True,True,False,True,0,0.0,0,True,3,E_C_upd:dp_he3;L_E_upd:none,1.5238328230436504,0.9816666666666666,LIIEIIIC,,fixed_mode_fixed_privacy,55.588967534338224,0.0,0.7047879795216052,7.295212020478395,0.58,0,6.911200311588957,139.34219149412607,1,0.7047879795216052,dp_he3/none,packet_protection
6.911200311588957,3,3,30,717.4141507200001,,0,0.7047879795216052,False,,True,True,True,True,False,True,0,0.0,0,True,3,E_C_upd:dp_he3;L_E_upd:none,1.304595337452328,0.9796,LIIEIIIC,,fixed_mode_fixed_privacy,66.89105681241521,0.0,0.7047879795216052,7.295212020478395,0.58,0,6.911200311588957,137.0762017566593,1,0.7047879795216052,dp_he3/none,packet_protection
6.911200311588957,3,3,31,717.4141507200001,,1,0.7047879795216052,False,,True,True,True,True,False,True,0,0.0,0,True,3,E_C_upd:dp_he3;L_E_upd:none,2.2969552434688674,0.9785666666666667,LIIEIIIC,,fixed_mode_fixed_privacy,63.368529165894444,0.0,0.7047879795216052,7.295212020478395,0.58,0,6.911200311588957,152.5801374548997,1,0.7047879795216052,dp_he3/none,packet_protection
,,,32,0.0,,2,0.0,False,,True,True,True,True,True,True,0,0.0,0,True,3,,inf,0.0,SKIP,,fixed_mode_fixed_privacy,,0.0,0.0,8.0,0.0,0,,0.0,0,0.0,none,packet_protection
6.911200311588957,3,3,33,717.4141507200001,,3,0.7047879795216052,False,,True,True,True,True,False,True,0,0.0,0,True,3,E_C_upd:dp_he3;L_E_upd:none,1.0040228730641931,0.9790833333333333,LIIEIIIC,,fixed_mode_fixed_privacy,70.91144240805559,0.0,0.7047879795216052,7.295212020478395,0.58,0,6.911200311588957,149.0916335659207,1,0.7047879795216052,dp_he3/none,packet_protection
6.911200311588957,3,3,34,717.4141507200001,,4,0.7047879795216052,False,,True,True,True,True,False,True,0,0.0,0,True,3,E_C_upd:dp_he3;L_E_upd:none,1.4720682121450308,0.97805,LIIEIIIC,,fixed_mode_fixed_privacy,64.4593693090318,0.0,0.7047879795216052,7.295212020478395,0.58,0,6.911200311588957,134.62934363838605,1,0.7047879795216052,dp_he3/none,packet_protection
6.911200311588957,3,3,35,717.4141507200001,,5,0.7047879795216052,False,,True,True,True,True,False,True,0,0.0,0,True,3,E_C_upd:dp_he3;L_E_upd:none,2.1366723680721345,0.9796,LIIEIIIC,,fixed_mode_fixed_privacy,63.69721550909586,0.0,0.7047879795216052,7.295212020478395,0.58,0,6.911200311588957,145.2596176840783,1,0.7047879795216052,dp_he3/none,packet_protection
6.911200311588957,3,3,36,717.4141507200001,,6,0.7047879795216052,False,,True,True,True,True,False,True,0,0.0,0,True,3,E_C_upd:dp_he3;L_E_upd:none,1.9282823167918586,0.9796,LIIEIIIC,,fixed_mode_fixed_privacy,58.37413174251273,0.0,0.7047879795216052,7.295212020478395,0.58,0,6.911200311588957,137.45582907736923,1,0.7047879795216052,dp_he3/none,packet_protection
6.911200311588957,3,3,37,717.4141507200001,,7,0.7047879795216052,False,,True,True,True,True,False,True,0,0.0,0,True,3,E_C_upd:dp_he3;L_E_upd:none,1.192260315036407,0.9790833333333333,LIIEIIIC,,fixed_mode_fixed_privacy,63.54437253833534,0.0,0.7047879795216052,7.295212020478395,0.58,0,6.911200311588957,135.31007554688216,1,0.7047879795216052,dp_he3/none,packet_protection
6.911200311588957,3,3,38,717.4141507200001,,8,0.7047879795216052,False,,True,True,True,True,False,True,0,0.0,0,True,3,E_C_upd:dp_he3;L_E_upd:none,2.5502852751622296,0.9801166666666666,LIIEIIIC,,fixed_mode_fixed_privacy,72.6988330138706,0.0,0.7047879795216052,7.295212020478395,0.58,0,6.911200311588957,155.23326566603072,1,0.7047879795216052,dp_he3/none,packet_protection
6.911200311588957,3,3,39,717.4141507200001,,9,0.7047879795216052,False,,True,True,True,True,False,True,0,0.0,0,True,3,E_C_upd:dp_he3;L_E_upd:none,1.2461187749535723,0.9816666666666666,LIIEIIIC,,fixed_mode_fixed_privacy,67.79269376426815,0.0,0.7047879795216052,7.295212020478395,0.58,0,6.911200311588957,147.35806843108287,1,0.7047879795216052,dp_he3/none,packet_protection
6.911200311588957,3,3,40,717.4141507200001,,0,0.7047879795216052,False,,True,True,True,True,False,True,0,0.0,0,True,3,E_C_upd:dp_he3;L_E_upd:none,1.718281661052106,0.9796,LIIEIIIC,,fixed_mode_fixed_privacy,66.49779826090108,0.0,0.7047879795216052,7.295212020478395,0.58,0,6.911200311588957,139.4282701819494,1,0.7047879795216052,dp_he3/none,packet_protection
6.911200311588957,3,3,41,717.4141507200001,,1,0.7047879795216052,False,,True,True,True,True,False,True,0,0.0,0,True,3,E_C_upd:dp_he3;L_E_upd:none,1.2035142721899799,0.9785666666666667,LIIEIIIC,,fixed_mode_fixed_privacy,60.98190403139581,0.0,0.7047879795216052,7.295212020478395,0.58,0,6.911200311588957,128.46916655891744,1,0.7047879795216052,dp_he3/none,packet_protection
6.911200311588957,3,3,42,717.4141507200001,,2,0.7047879795216052,False,,True,True,True,True,False,True,0,0.0,0,True,3,E_C_upd:dp_he3;L_E_upd:none,1.0518635048612208,0.9796,LIIEIIIC,,fixed_mode_fixed_privacy,61.96018808194105,0.0,0.7047879795216052,7.295212020478395,0.58,0,6.911200311588957,144.66647903374218,1,0.7047879795216052,dp_he3/none,packet_protection
6.911200311588957,3,3,43,717.4141507200001,,3,0.7047879795216052,False,,True,True,True,True,False,True,0,0.0,0,True,3,E_C_upd:dp_he3;L_E_upd:none,2.157731341345857,0.9790833333333333,LIIEIIIC,,fixed_mode_fixed_privacy,64.34226853434774,0.0,0.7047879795216052,7.295212020478395,0.58,0,6.911200311588957,144.9897691849001,1,0.7047879795216052,dp_he3/none,packet_protection
6.911200311588957,3,3,44,717.4141507200001,,4,0.7047879795216052,False,,True,True,True,True,False,True,0,0.0,0,True,3,E_C_upd:dp_he3;L_E_upd:none,1.8939537747589035,0.97805,LIIEIIIC,,fixed_mode_fixed_privacy,52.28851020775702,0.0,0.7047879795216052,7.295212020478395,0.58,0,6.911200311588957,126.82390456666727,1,0.7047879795216052,dp_he3/none,packet_protection
6.911200311588957,3,3,45,717.4141507200001,,5,0.7047879795216052,False,,True,True,True,True,False,True,0,0.0,0,True,3,E_C_upd:dp_he3;L_E_upd:none,2.1894368395630277,0.9796,LIIEIIIC,,fixed_mode_fixed_privacy,63.40974331942439,0.0,0.7047879795216052,7.295212020478395,0.58,0,6.911200311588957,132.3687477022151,1,0.7047879795216052,dp_he3/none,packet_protection
,,,46,0.0,,6,0.0,False,,True,True,True,True,True,True,0,0.0,0,True,3,,inf,0.0,SKIP,,fixed_mode_fixed_privacy,,0.0,0.0,8.0,0.0,0,,0.0,0,0.0,none,packet_protection
6.911200311588957,3,3,47,717.4141507200001,,7,0.7047879795216052,False,,True,True,True,True,False,True,0,0.0,0,True,3,E_C_upd:dp_he3;L_E_upd:none,1.2106043506675663,0.9790833333333333,LIIEIIIC,,fixed_mode_fixed_privacy,57.96589961131731,0.0,0.7047879795216052,7.295212020478395,0.58,0,6.911200311588957,135.49409037483616,1,0.7047879795216052,dp_he3/none,packet_protection
6.911200311588957,3,3,48,717.4141507200001,,8,0.7047879795216052,False,,True,True,True,True,False,True,0,0.0,0,True,3,E_C_upd:dp_he3;L_E_upd:none,1.8872330715439818,0.9801166666666666,LIIEIIIC,,fixed_mode_fixed_privacy,67.6648583933574,0.0,0.7047879795216052,7.295212020478395,0.58,0,6.911200311588957,159.7313985590925,1,0.7047879795216052,dp_he3/none,packet_protection
6.911200311588957,3,3,49,717.4141507200001,,9,0.7047879795216052,False,,True,True,True,True,False,True,0,0.0,0,True,3,E_C_upd:dp_he3;L_E_upd:none,2.6414699298711724,0.98115,LIIEIIIC,,fixed_mode_fixed_privacy,63.10947253673241,0.0,0.7047879795216052,7.295212020478395,0.58,0,6.911200311588957,143.8318945506171,1,0.7047879795216052,dp_he3/none,packet_protection
6.911200311588957,3,3,50,717.4141507200001,,0,0.7047879795216052,False,,True,True,True,True,False,True,0,0.0,0,True,3,E_C_upd:dp_he3;L_E_upd:none,2.357294402957413,0.9796,LIIEIIIC,,fixed_mode_fixed_privacy,62.86196525331005,0.0,0.7047879795216052,7.295212020478395,0.58,0,6.911200311588957,143.7984593269384,1,0.7047879795216052,dp_he3/none,packet_protection
6.911200311588957,3,3,51,717.4141507200001,,1,0.7047879795216052,False,,True,True,True,True,False,True,0,0.0,0,True,3,E_C_upd:dp_he3;L_E_upd:none,1.5496570969226762,0.9785666666666667,LIIEIIIC,,fixed_mode_fixed_privacy,61.021226511150914,0.0,0.7047879795216052,7.295212020478395,0.58,0,6.911200311588957,132.07974653846887,1,0.7047879795216052,dp_he3/none,packet_protection
,,,52,0.0,,2,0.0,False,,True,True,True,True,True,True,0,0.0,0,True,3,,inf,0.0,SKIP,,fixed_mode_fixed_privacy,,0.0,0.0,8.0,0.0,0,,0.0,0,0.0,none,packet_protection
6.911200311588957,3,3,53,717.4141507200001,,3,0.7047879795216052,False,,True,True,True,True,False,True,0,0.0,0,True,3,E_C_upd:dp_he3;L_E_upd:none,1.770461903305378,0.9790833333333333,LIIEIIIC,,fixed_mode_fixed_privacy,69.8211878705298,0.0,0.7047879795216052,7.295212020478395,0.58,0,6.911200311588957,140.85637371659618,1,0.7047879795216052,dp_he3/none,packet_protection
,,,54,0.0,,4,0.0,False,,True,True,True,True,True,True,0,0.0,0,True,3,,inf,0.0,SKIP,,fixed_mode_fixed_privacy,,0.0,0.0,8.0,0.0,0,,0.0,0,0.0,none,packet_protection
6.911200311588957,3,3,55,717.4141507200001,,5,0.7047879795216052,False,,True,True,True,True,False,True,0,0.0,0,True,3,E_C_upd:dp_he3;L_E_upd:none,2.4836273737631887,0.9796,LIIEIIIC,,fixed_mode_fixed_privacy,61.15522777863755,0.0,0.7047879795216052,7.295212020478395,0.58,0,6.911200311588957,134.62104030535167,1,0.7047879795216052,dp_he3/none,packet_protection
6.911200311588957,3,3,56,717.4141507200001,,6,0.7047879795216052,False,,True,True,True,True,False,True,0,0.0,0,True,3,E_C_upd:dp_he3;L_E_upd:none,1.8118084234022185,0.9796,LIIEIIIC,,fixed_mode_fixed_privacy,70.85708981376774,0.0,0.7047879795216052,7.295212020478395,0.58,0,6.911200311588957,153.18441626319012,1,0.7047879795216052,dp_he3/none,packet_protection
6.911200311588957,3,3,57,717.4141507200001,,7,0.7047879795216052,False,,True,True,True,True,False,True,0,0.0,0,True,3,E_C_upd:dp_he3;L_E_upd:none,2.3077190009814617,0.9790833333333333,LIIEIIIC,,fixed_mode_fixed_privacy,53.18429120553219,0.0,0.7047879795216052,7.295212020478395,0.58,0,6.911200311588957,123.52912928607624,1,0.7047879795216052,dp_he3/none,packet_protection
6.911200311588957,3,3,58,717.4141507200001,,8,0.7047879795216052,False,,True,True,True,True,False,True,0,0.0,0,True,3,E_C_upd:dp_he3;L_E_upd:none,1.8813699941523465,0.9801166666666666,LIIEIIIC,,fixed_mode_fixed_privacy,75.65362707023071,0.0,0.7047879795216052,7.295212020478395,0.58,0,6.911200311588957,148.028521393621,1,0.7047879795216052,dp_he3/none,packet_protection
6.911200311588957,3,3,59,717.4141507200001,,9,0.7047879795216052,False,,True,True,True,True,False,True,0,0.0,0,True,3,E_C_upd:dp_he3;L_E_upd:none,1.0079643620644898,0.98115,LIIEIIIC,,fixed_mode_fixed_privacy,61.48618032956152,0.0,0.7047879795216052,7.295212020478395,0.58,0,6.911200311588957,135.32181027705354,1,0.7047879795216052,dp_he3/none,packet_protection
,,,60,0.0,,0,0.0,False,,True,True,True,True,True,True,0,0.0,0,True,3,,inf,0.0,SKIP,,fixed_mode_fixed_privacy,,0.0,0.0,8.0,0.0,0,,0.0,0,0.0,none,packet_protection
6.911200311588957,3,3,61,717.4141507200001,,1,0.7047879795216052,False,,True,True,True,True,False,True,0,0.0,0,True,3,E_C_upd:dp_he3;L_E_upd:none,1.663020517394065,0.9785666666666667,LIIEIIIC,,fixed_mode_fixed_privacy,53.69801433754685,0.0,0.7047879795216052,7.295212020478395,0.58,0,6.911200311588957,137.05683007325345,1,0.7047879795216052,dp_he3/none,packet_protection
6.911200311588957,3,3,62,717.4141507200001,,2,0.7047879795216052,False,,True,True,True,True,False,True,0,0.0,0,True,3,E_C_upd:dp_he3;L_E_upd:none,1.2711442061474538,0.9796,LIIEIIIC,,fixed_mode_fixed_privacy,72.70484208461897,0.0,0.7047879795216052,7.295212020478395,0.58,0,6.911200311588957,155.32103284792655,1,0.7047879795216052,dp_he3/none,packet_protection
6.911200311588957,3,3,63,717.4141507200001,,3,0.7047879795216052,False,,True,True,True,True,False,True,0,0.0,0,True,3,E_C_upd:dp_he3;L_E_upd:none,1.4309148880902602,0.9790833333333333,LIIEIIIC,,fixed_mode_fixed_privacy,69.80560526954532,0.0,0.7047879795216052,7.295212020478395,0.58,0,6.911200311588957,158.5635480340998,1,0.7047879795216052,dp_he3/none,packet_protection
6.911200311588957,3,3,64,717.4141507200001,,4,0.7047879795216052,False,,True,True,True,True,False,True,0,0.0,0,True,3,E_C_upd:dp_he3;L_E_upd:none,1.8405891045455842,0.97805,LIIEIIIC,,fixed_mode_fixed_privacy,58.52024844583168,0.0,0.7047879795216052,7.295212020478395,0.58,0,6.911200311588957,127.88950440940748,1,0.7047879795216052,dp_he3/none,packet_protection
,,,65,0.0,,5,0.0,False,,True,True,True,True,True,True,0,0.0,0,True,3,,inf,0.0,SKIP,,fixed_mode_fixed_privacy,,0.0,0.0,8.0,0.0,0,,0.0,0,0.0,none,packet_protection
6.911200311588957,3,3,66,717.4141507200001,,6,0.7047879795216052,False,,True,True,True,True,False,True,0,0.0,0,True,3,E_C_upd:dp_he3;L_E_upd:none,1.8093775561702643,0.9796,LIIEIIIC,,fixed_mode_fixed_privacy,70.21638969575211,0.0,0.7047879795216052,7.295212020478395,0.58,0,6.911200311588957,148.52884449587012,1,0.7047879795216052,dp_he3/none,packet_protection
6.911200311588957,3,3,67,717.4141507200001,,7,0.7047879795216052,False,,True,True,True,True,False,True,0,0.0,0,True,3,E_C_upd:dp_he3;L_E_upd:none,1.7349815617663098,0.9790833333333333,LIIEIIIC,,fixed_mode_fixed_privacy,53.926287854763586,0.0,0.7047879795216052,7.295212020478395,0.58,0,6.911200311588957,133.28765749094197,1,0.7047879795216052,dp_he3/none,packet_protection
6.911200311588957,3,3,68,717.4141507200001,,8,0.7047879795216052,False,,True,True,True,True,False,True,0,0.0,0,True,3,E_C_upd:dp_he3;L_E_upd:none,1.6746949941761489,0.9801166666666666,LIIEIIIC,,fixed_mode_fixed_privacy,67.85402873718424,0.0,0.7047879795216052,7.295212020478395,0.58,0,6.911200311588957,138.57602909254348,1,0.7047879795216052,dp_he3/none,packet_protection
,,,69,0.0,,9,0.0,False,,True,True,True,True,True,True,0,0.0,0,True,3,,inf,0.0,SKIP,,fixed_mode_fixed_privacy,,0.0,0.0,8.0,0.0,0,,0.0,0,0.0,none,packet_protection
6.911200311588957,3,3,70,717.4141507200001,,0,0.7047879795216052,False,,True,True,True,True,False,True,0,0.0,0,True,3,E_C_upd:dp_he3;L_E_upd:none,2.208645096509279,0.9796,LIIEIIIC,,fixed_mode_fixed_privacy,64.5488599508127,0.0,0.7047879795216052,7.295212020478395,0.58,0,6.911200311588957,143.68075283400313,1,0.7047879795216052,dp_he3/none,packet_protection
6.911200311588957,3,3,71,717.4141507200001,,1,0.7047879795216052,False,,True,True,True,True,False,True,0,0.0,0,True,3,E_C_upd:dp_he3;L_E_upd:none,1.826628304645198,0.9785666666666667,LIIEIIIC,,fixed_mode_fixed_privacy,65.12764448095083,0.0,0.7047879795216052,7.295212020478395,0.58,0,6.911200311588957,157.02407965808416,1,0.7047879795216052,dp_he3/none,packet_protection
,,,72,0.0,,2,0.0,False,,True,True,True,True,True,True,0,0.0,0,True,3,,inf,0.0,SKIP,,fixed_mode_fixed_privacy,,0.0,0.0,8.0,0.0,0,,0.0,0,0.0,none,packet_protection
6.911200311588957,3,3,73,717.4141507200001,,3,0.7047879795216052,False,,True,True,True,True,False,True,0,0.0,0,True,3,E_C_upd:dp_he3;L_E_upd:none,1.949324494891817,0.9785666666666667,LIIEIIIC,,fixed_mode_fixed_privacy,61.06225629931289,0.0,0.7047879795216052,7.295212020478395,0.58,0,6.911200311588957,133.33794737089013,1,0.7047879795216052,dp_he3/none,packet_protection
6.911200311588957,3,3,74,717.4141507200001,,4,0.7047879795216052,False,,True,True,True,True,False,True,0,0.0,0,True,3,E_C_upd:dp_he3;L_E_upd:none,2.373369464974584,0.9775333333333334,LIIEIIIC,,fixed_mode_fixed_privacy,53.42781262851363,0.0,0.7047879795216052,7.295212020478395,0.58,0,6.911200311588957,135.85764936328377,1,0.7047879795216052,dp_he3/none,packet_protection
6.911200311588957,3,3,75,717.4141507200001,,5,0.7047879795216052,False,,True,True,True,True,False,True,0,0.0,0,True,3,E_C_upd:dp_he3;L_E_upd:none,1.0329957754014922,0.9790833333333333,LIIEIIIC,,fixed_mode_fixed_privacy,62.347032867519296,0.0,0.7047879795216052,7.295212020478395,0.58,0,6.911200311588957,134.65899237592265,1,0.7047879795216052,dp_he3/none,packet_protection
6.911200311588957,3,3,76,717.4141507200001,,6,0.7047879795216052,False,,True,True,True,True,False,True,0,0.0,0,True,3,E_C_upd:dp_he3;L_E_upd:none,1.5225967874451976,0.9796,LIIEIIIC,,fixed_mode_fixed_privacy,64.52706357217632,0.0,0.7047879795216052,7.295212020478395,0.58,0,6.911200311588957,140.48464766228315,1,0.7047879795216052,dp_he3/none,packet_protection
,,,77,0.0,,7,0.0,False,,True,True,True,True,True,True,0,0.0,0,True,3,,inf,0.0,SKIP,,fixed_mode_fixed_privacy,,0.0,0.0,8.0,0.0,0,,0.0,0,0.0,none,packet_protection
6.911200311588957,3,3,78,717.4141507200001,,8,0.7047879795216052,False,,True,True,True,True,False,True,0,0.0,0,True,3,E_C_upd:dp_he3;L_E_upd:none,2.1302373664638856,0.9801166666666666,LIIEIIIC,,fixed_mode_fixed_privacy,58.63956554103454,0.0,0.7047879795216052,7.295212020478395,0.58,0,6.911200311588957,141.9505398635448,1,0.7047879795216052,dp_he3/none,packet_protection
6.911200311588957,3,3,79,717.4141507200001,,9,0.7047879795216052,False,,True,True,True,True,False,True,0,0.0,0,True,3,E_C_upd:dp_he3;L_E_upd:none,1.5075545469820644,0.98115,LIIEIIIC,,fixed_mode_fixed_privacy,56.463078800532664,0.0,0.7047879795216052,7.295212020478395,0.58,0,6.911200311588957,132.84551964068493,1,0.7047879795216052,dp_he3/none,packet_protection
6.911200311588957,3,3,80,717.4141507200001,,0,0.7047879795216052,False,,True,True,True,True,False,True,0,0.0,0,True,3,E_C_upd:dp_he3;L_E_upd:none,1.8296725957303435,0.9796,LIIEIIIC,,fixed_mode_fixed_privacy,62.39188363634046,0.0,0.7047879795216052,7.295212020478395,0.58,0,6.911200311588957,139.97195386757323,1,0.7047879795216052,dp_he3/none,packet_protection
6.911200311588957,3,3,81,717.4141507200001,,1,0.7047879795216052,False,,True,True,True,True,False,True,0,0.0,0,True,3,E_C_upd:dp_he3;L_E_upd:none,2.550842491022395,0.9785666666666667,LIIEIIIC,,fixed_mode_fixed_privacy,68.35285492109018,0.0,0.7047879795216052,7.295212020478395,0.58,0,6.911200311588957,146.20672412315196,1,0.7047879795216052,dp_he3/none,packet_protection
6.911200311588957,3,3,82,717.4141507200001,,2,0.7047879795216052,False,,True,True,True,True,False,True,0,0.0,0,True,3,E_C_upd:dp_he3;L_E_upd:none,1.2161122283893053,0.9796,LIIEIIIC,,fixed_mode_fixed_privacy,60.85196334542051,0.0,0.7047879795216052,7.295212020478395,0.58,0,6.911200311588957,132.6415336382493,1,0.7047879795216052,dp_he3/none,packet_protection
6.911200311588957,3,3,83,717.4141507200001,,3,0.7047879795216052,False,,True,True,True,True,False,True,0,0.0,0,True,3,E_C_upd:dp_he3;L_E_upd:none,1.4318254026176642,0.9785666666666667,LIIEIIIC,,fixed_mode_fixed_privacy,70.54210705582571,0.0,0.7047879795216052,7.295212020478395,0.58,0,6.911200311588957,148.64463165607634,1,0.7047879795216052,dp_he3/none,packet_protection
6.911200311588957,3,3,84,717.4141507200001,,4,0.7047879795216052,False,,True,True,True,True,False,True,0,0.0,0,True,3,E_C_upd:dp_he3;L_E_upd:none,2.1478191071057733,0.9775333333333334,LIIEIIIC,,fixed_mode_fixed_privacy,76.08830119904583,0.0,0.7047879795216052,7.295212020478395,0.58,0,6.911200311588957,161.20214477256235,1,0.7047879795216052,dp_he3/none,packet_protection
,,,85,0.0,,5,0.0,False,,True,True,True,True,True,True,0,0.0,0,True,3,,inf,0.0,SKIP,,fixed_mode_fixed_privacy,,0.0,0.0,8.0,0.0,0,,0.0,0,0.0,none,packet_protection
6.911200311588957,3,3,86,717.4141507200001,,6,0.7047879795216052,False,,True,True,True,True,False,True,0,0.0,0,True,3,E_C_upd:dp_he3;L_E_upd:none,1.7996014940214557,0.9796,LIIEIIIC,,fixed_mode_fixed_privacy,69.9355671970253,0.0,0.7047879795216052,7.295212020478395,0.58,0,6.911200311588957,139.08031267977594,1,0.7047879795216052,dp_he3/none,packet_protection
6.911200311588957,3,3,87,717.4141507200001,,7,0.7047879795216052,False,,True,True,True,True,False,True,0,0.0,0,True,3,E_C_upd:dp_he3;L_E_upd:none,2.474420304413817,0.9790833333333333,LIIEIIIC,,fixed_mode_fixed_privacy,61.74255004873434,0.0,0.7047879795216052,7.295212020478395,0.58,0,6.911200311588957,142.958295154442,1,0.7047879795216052,dp_he3/none,packet_protection
6.911200311588957,3,3,88,717.4141507200001,,8,0.7047879795216052,False,,True,True,True,True,False,True,0,0.0,0,True,3,E_C_upd:dp_he3;L_E_upd:none,2.3858028244505176,0.9801166666666666,LIIEIIIC,,fixed_mode_fixed_privacy,59.31032543787938,0.0,0.7047879795216052,7.295212020478395,0.58,0,6.911200311588957,146.78554203913572,1,0.7047879795216052,dp_he3/none,packet_protection
6.911200311588957,3,3,89,717.4141507200001,,9,0.7047879795216052,False,,True,True,True,True,False,True,0,0.0,0,True,3,E_C_upd:dp_he3;L_E_upd:none,1.3705276667987023,0.98115,LIIEIIIC,,fixed_mode_fixed_privacy,67.05846158544122,0.0,0.7047879795216052,7.295212020478395,0.58,0,6.911200311588957,142.640600419183,1,0.7047879795216052,dp_he3/none,packet_protection
6.911200311588957,3,3,90,717.4141507200001,,0,0.7047879795216052,False,,True,True,True,True,False,True,0,0.0,0,True,3,E_C_upd:dp_he3;L_E_upd:none,2.4332702580801087,0.9790833333333333,LIIEIIIC,,fixed_mode_fixed_privacy,57.761810486890376,0.0,0.7047879795216052,7.295212020478395,0.58,0,6.911200311588957,138.97156613993727,1,0.7047879795216052,dp_he3/none,packet_protection
6.911200311588957,3,3,91,717.4141507200001,,1,0.7047879795216052,False,,True,True,True,True,False,True,0,0.0,0,True,3,E_C_upd:dp_he3;L_E_upd:none,1.0364106472173031,0.97805,LIIEIIIC,,fixed_mode_fixed_privacy,67.28622823944184,0.0,0.7047879795216052,7.295212020478395,0.58,0,6.911200311588957,137.43757146800135,1,0.7047879795216052,dp_he3/none,packet_protection
6.911200311588957,3,3,92,717.4141507200001,,2,0.7047879795216052,False,,True,True,True,True,False,True,0,0.0,0,True,3,E_C_upd:dp_he3;L_E_upd:none,1.7756584058061933,0.9796,LIIEIIIC,,fixed_mode_fixed_privacy,61.11732973192369,0.0,0.7047879795216052,7.295212020478395,0.58,0,6.911200311588957,140.2750435668888,1,0.7047879795216052,dp_he3/none,packet_protection
6.911200311588957,3,3,93,717.4141507200001,,3,0.7047879795216052,False,,True,True,True,True,False,True,0,0.0,0,True,3,E_C_upd:dp_he3;L_E_upd:none,1.2763035970769345,0.9785666666666667,LIIEIIIC,,fixed_mode_fixed_privacy,67.82783610829927,0.0,0.7047879795216052,7.295212020478395,0.58,0,6.911200311588957,140.03469154734378,1,0.7047879795216052,dp_he3/none,packet_protection
6.911200311588957,3,3,94,717.4141507200001,,4,0.7047879795216052,False,,True,True,True,True,False,True,0,0.0,0,True,3,E_C_upd:dp_he3;L_E_upd:none,1.022644065962914,0.9775333333333334,LIIEIIIC,,fixed_mode_fixed_privacy,67.92273716652848,0.0,0.7047879795216052,7.295212020478395,0.58,0,6.911200311588957,157.32778828839682,1,0.7047879795216052,dp_he3/none,packet_protection
6.911200311588957,3,3,95,717.4141507200001,,5,0.7047879795216052,False,,True,True,True,True,False,True,0,0.0,0,True,3,E_C_upd:dp_he3;L_E_upd:none,2.386951937299487,0.9790833333333333,LIIEIIIC,,fixed_mode_fixed_privacy,63.94849300711735,0.0,0.7047879795216052,7.295212020478395,0.58,0,6.911200311588957,149.46554577003164,1,0.7047879795216052,dp_he3/none,packet_protection
6.911200311588957,3,3,96,717.4141507200001,,6,0.7047879795216052,False,,True,True,True,True,False,True,0,0.0,0,True,3,E_C_upd:dp_he3;L_E_upd:none,1.0407947296407267,0.9790833333333333,LIIEIIIC,,fixed_mode_fixed_privacy,63.27983107878921,0.0,0.7047879795216052,7.295212020478395,0.58,0,6.911200311588957,149.08415711447785,1,0.7047879795216052,dp_he3/none,packet_protection
6.911200311588957,3,3,97,717.4141507200001,,7,0.7047879795216052,False,,True,True,True,True,False,True,0,0.0,0,True,3,E_C_upd:dp_he3;L_E_upd:none,1.2270978966466777,0.97805,LIIEIIIC,,fixed_mode_fixed_privacy,53.499737641321516,0.0,0.7047879795216052,7.295212020478395,0.58,0,6.911200311588957,128.35557267379568,1,0.7047879795216052,dp_he3/none,packet_protection
,,,98,0.0,,8,0.0,False,,True,True,True,True,True,True,0,0.0,0,True,3,,inf,0.0,SKIP,,fixed_mode_fixed_privacy,,0.0,0.0,8.0,0.0,0,,0.0,0,0.0,none,packet_protection
6.911200311588957,3,3,99,717.4141507200001,,9,0.7047879795216052,False,,True,True,True,True,False,True,0,0.0,0,True,3,E_C_upd:dp_he3;L_E_upd:none,1.5665195180963505,0.98115,LIIEIIIC,,fixed_mode_fixed_privacy,69.4412843472751,0.0,0.7047879795216052,7.295212020478395,0.58,0,6.911200311588957,143.81435487472402,1,0.7047879795216052,dp_he3/none,packet_protection
6.911200311588957,3,3,0,717.4141507200001,,0,0.2982372211410542,False,,True,True,True,True,False,True,0,0.0,0,True,3,E_C_upd:dp_he3;L_E_upd:none,2.4526825050714955,0.9796,LIIEIIIC,,fixed_mode_fixed_privacy,58.79030700483749,0.0,1.0030252006626594,6.996974799337341,0.58,1,6.911200311588957,134.1553111879954,1,1.0030252006626594,dp_he3/none,packet_protection
6.911200311588957,3,3,1,717.4141507200001,,1,0.2982372211410542,False,,True,True,True,True,False,True,0,0.0,0,True,3,E_C_upd:dp_he3;L_E_upd:none,2.020729936082863,0.9790833333333333,LIIEIIIC,,fixed_mode_fixed_privacy,60.58749695891061,0.0,1.0030252006626594,6.996974799337341,0.58,1,6.911200311588957,144.4598867790712,1,1.0030252006626594,dp_he3/none,packet_protection
6.911200311588957,3,3,2,717.4141507200001,,2,0.2982372211410542,False,,True,True,True,True,False,True,0,0.0,0,True,3,E_C_upd:dp_he3;L_E_upd:none,1.380488196284812,0.9801166666666666,LIIEIIIC,,fixed_mode_fixed_privacy,69.90343455259897,0.0,1.0030252006626594,6.996974799337341,0.58,1,6.911200311588957,151.38269241699007,1,1.0030252006626594,dp_he3/none,packet_protection
6.911200311588957,3,3,3,717.4141507200001,,3,0.2982372211410542,False,,True,True,True,True,False,True,0,0.0,0,True,3,E_C_upd:dp_he3;L_E_upd:none,1.7431799468753328,0.9796,LIIEIIIC,,fixed_mode_fixed_privacy,55.7113098898723,0.0,1.0030252006626594,6.996974799337341,0.58,1,6.911200311588957,136.51996854671768,1,1.0030252006626594,dp_he3/none,packet_protection
6.911200311588957,3,3,4,717.4141507200001,,4,0.2982372211410542,False,,True,True,True,True,False,True,0,0.0,0,True,3,E_C_upd:dp_he3;L_E_upd:none,1.0840160768825502,0.97805,LIIEIIIC,,fixed_mode_fixed_privacy,56.35282904658731,0.0,1.0030252006626594,6.996974799337341,0.58,1,6.911200311588957,132.98023061142794,1,1.0030252006626594,dp_he3/none,packet_protection
,,,5,0.0,,5,0.0,False,,True,True,True,True,True,True,0,0.0,0,True,3,,inf,0.0,SKIP,,fixed_mode_fixed_privacy,,0.0,0.0,8.0,0.0,1,,0.0,0,0.0,none,packet_protection
6.911200311588957,3,3,6,717.4141507200001,,6,0.2982372211410542,False,,True,True,True,True,False,True,0,0.0,0,True,3,E_C_upd:dp_he3;L_E_upd:none,2.6303355215731377,0.9796,LIIEIIIC,,fixed_mode_fixed_privacy,66.7345485915366,0.0,1.0030252006626594,6.996974799337341,0.58,1,6.911200311588957,135.38166586748738,1,1.0030252006626594,dp_he3/none,packet_protection
6.911200311588957,3,3,7,717.4141507200001,,7,0.2982372211410542,False,,True,True,True,True,False,True,0,0.0,0,True,3,E_C_upd:dp_he3;L_E_upd:none,2.053595733538623,0.9790833333333333,LIIEIIIC,,fixed_mode_fixed_privacy,65.32250334850215,0.0,1.0030252006626594,6.996974799337341,0.58,1,6.911200311588957,144.5621833297885,1,1.0030252006626594,dp_he3/none,packet_protection
,,,8,0.0,,8,0.0,False,,True,True,True,True,True,True,0,0.0,0,True,3,,inf,0.0,SKIP,,fixed_mode_fixed_privacy,,0.0,0.0,8.0,0.0,1,,0.0,0,0.0,none,packet_protection
6.911200311588957,3,3,9,717.4141507200001,,9,0.2982372211410542,False,,True,True,True,True,False,True,0,0.0,0,True,3,E_C_upd:dp_he3;L_E_upd:none,1.3144213466357852,0.9816666666666666,LIIEIIIC,,fixed_mode_fixed_privacy,54.74062107971407,0.0,1.0030252006626594,6.996974799337341,0.58,1,6.911200311588957,119.23245348821419,1,1.0030252006626594,dp_he3/none,packet_protection
6.911200311588957,3,3,10,717.4141507200001,,0,0.2982372211410542,False,,True,True,True,True,False,True,0,0.0,0,True,3,E_C_upd:dp_he3;L_E_upd:none,0.9864894286034035,0.9796,LIIEIIIC,,fixed_mode_fixed_privacy,56.728127241286344,0.0,1.0030252006626594,6.996974799337341,0.58,1,6.911200311588957,121.60905115054192,1,1.0030252006626594,dp_he3/none,packet_protection
6.911200311588957,3,3,11,717.4141507200001,,1,0.2982372211410542,False,,True,True,True,True,False,True,0,0.0,0,True,3,E_C_upd:dp_he3;L_E_upd:none,2.0833708586033586,0.9785666666666667,LIIEIIIC,,fixed_mode_fixed_privacy,53.72988684423656,0.0,1.0030252006626594,6.996974799337341,0.58,1,6.911200311588957,121.11557614659336,1,1.0030252006626594,dp_he3/none,packet_protection
6.911200311588957,3,3,12,717.4141507200001,,2,0.2982372211410542,False,,True,True,True,True,False,True,0,0.0,0,True,3,E_C_upd:dp_he3;L_E_upd:none,2.67780451323768,0.9796,LIIEIIIC,,fixed_mode_fixed_privacy,75.95771116283133,0.0,1.0030252006626594,6.996974799337341,0.58,1,6.911200311588957,162.21190061485083,1,1.0030252006626594,dp_he3/none,packet_protection
6.911200311588957,3,3,13,717.4141507200001,,3,0.2982372211410542,False,,True,True,True,True,False,True,0,0.0,0,True,3,E_C_upd:dp_he3;L_E_upd:none,1.7205665385753408,0.9790833333333333,LIIEIIIC,,fixed_mode_fixed_privacy,57.619057494433406,0.0,1.0030252006626594,6.996974799337341,0.58,1,6.911200311588957,128.38937260121992,1,1.0030252006626594,dp_he3/none,packet_protection
6.911200311588957,3,3,14,717.4141507200001,,4,0.2982372211410542,False,,True,True,True,True,False,True,0,0.0,0,True,3,E_C_upd:dp_he3;L_E_upd:none,1.9087855950561639,0.97805,LIIEIIIC,,fixed_mode_fixed_privacy,57.54497200338629,0.0,1.0030252006626594,6.996974799337341,0.58,1,6.911200311588957,137.06376356278568,1,1.0030252006626594,dp_he3/none,packet_protection
6.911200311588957,3,3,15,717.4141507200001,,5,0.2982372211410542,False,,True,True,True,True,False,True,0,0.0,0,True,3,E_C_upd:dp_he3;L_E_upd:none,1.9130126015396856,0.9796,LIIEIIIC,,fixed_mode_fixed_privacy,70.31138167289492,0.0,1.0030252006626594,6.996974799337341,0.58,1,6.911200311588957,158.86954370259508,1,1.0030252006626594,dp_he3/none,packet_protection
6.911200311588957,3,3,16,717.4141507200001,,6,0.2982372211410542,False,,True,True,True,True,False,True,0,0.0,0,True,3,E_C_upd:dp_he3;L_E_upd:none,1.1628149379732393,0.9796,LIIEIIIC,,fixed_mode_fixed_privacy,61.914936162713616,0.0,1.0030252006626594,6.996974799337341,0.58,1,6.911200311588957,144.44324117698594,1,1.0030252006626594,dp_he3/none,packet_protection
6.911200311588957,3,3,17,717.4141507200001,,7,0.2982372211410542,False,,True,True,True,True,False,True,0,0.0,0,True,3,E_C_upd:dp_he3;L_E_upd:none,2.6565711564792376,0.9790833333333333,LIIEIIIC,,fixed_mode_fixed_privacy,60.193496312395204,0.0,1.0030252006626594,6.996974799337341,0.58,1,6.911200311588957,127.86016055751486,1,1.0030252006626594,dp_he3/none,packet_protection
6.911200311588957,3,3,18,717.4141507200001,,8,0.2982372211410542,False,,True,True,True,True,False,True,0,0.0,0,True,3,E_C_upd:dp_he3;L_E_upd:none,1.5926943326530782,0.9806333333333332,LIIEIIIC,,fixed_mode_fixed_privacy,54.61504481223323,0.0,1.0030252006626594,6.996974799337341,0.58,1,6.911200311588957,136.46332081178858,1,1.0030252006626594,dp_he3/none,packet_protection
6.911200311588957,3,3,19,717.4141507200001,,9,0.2982372211410542,False,,True,True,True,True,False,True,0,0.0,0,True,3,E_C_upd:dp_he3;L_E_upd:none,2.676393350591775,0.9816666666666666,LIIEIIIC,,fixed_mode_fixed_privacy,59.44191364550716,0.0,1.0030252006626594,6.996974799337341,0.58,1,6.911200311588957,142.7444070369413,1,1.0030252006626594,dp_he3/none,packet_protection
,,,20,0.0,,0,0.0,False,,True,True,True,True,True,True,0,0.0,0,True,3,,inf,0.0,SKIP,,fixed_mode_fixed_privacy,,0.0,0.0,8.0,0.0,1,,0.0,0,0.0,none,packet_protection
6.911200311588957,3,3,21,717.4141507200001,,1,0.2982372211410542,False,,True,True,True,True,False,True,0,0.0,0,True,3,E_C_upd:dp_he3;L_E_upd:none,1.0533693839806015,0.9785666666666667,LIIEIIIC,,fixed_mode_fixed_privacy,63.87290549318581,0.0,1.0030252006626594,6.996974799337341,0.58,1,6.911200311588957,146.1774406056835,1,1.0030252006626594,dp_he3/none,packet_protection
6.911200311588957,3,3,22,717.4141507200001,,2,0.2982372211410542,False,,True,True,True,True,False,True,0,0.0,0,True,3,E_C_upd:dp_he3;L_E_upd:none,2.162089858147671,0.9796,LIIEIIIC,,fixed_mode_fixed_privacy,67.46783213454036,0.0,1.0030252006626594,6.996974799337341,0.58,1,6.911200311588957,142.2045960105391,1,1.0030252006626594,dp_he3/none,packet_protection
6.911200311588957,3,3,23,717.4141507200001,,3,0.2982372211410542,False,,True,True,True,True,False,True,0,0.0,0,True,3,E_C_upd:dp_he3;L_E_upd:none,1.5216668391258723,0.9790833333333333,LIIEIIIC,,fixed_mode_fixed_privacy,53.72389562038352,0.0,1.0030252006626594,6.996974799337341,0.58,1,6.911200311588957,130.51771177710756,1,1.0030252006626594,dp_he3/none,packet_protection
6.911200311588957,3,3,24,717.4141507200001,,4,0.2982372211410542,False,,True,True,True,True,False,True,0,0.0,0,True,3,E_C_upd:dp_he3;L_E_upd:none,2.509690730837996,0.97805,LIIEIIIC,,fixed_mode_fixed_privacy,60.12488482620016,0.0,1.0030252006626594,6.996974799337341,0.58,1,6.911200311588957,133.37923699377703,1,1.0030252006626594,dp_he3/none,packet_protection
6.911200311588957,3,3,25,717.4141507200001,,5,0.2982372211410542,False,,True,True,True,True,False,True,0,0.0,0,True,3,E_C_upd:dp_he3;L_E_upd:none,2.141894505673916,0.9796,LIIEIIIC,,fixed_mode_fixed_privacy,56.452434985439595,0.0,1.0030252006626594,6.996974799337341,0.58,1,6.911200311588957,122.13468284265406,1,1.0030252006626594,dp_he3/none,packet_protection
6.911200311588957,3,3,26,717.4141507200001,,6,0.2982372211410542,False,,True,True,True,True,False,True,0,0.0,0,True,3,E_C_upd:dp_he3;L_E_upd:none,2.6156949390605306,0.9796,LIIEIIIC,,fixed_mode_fixed_privacy,62.43474673747887,0.0,1.0030252006626594,6.996974799337341,0.58,1,6.911200311588957,131.54114499037075,1,1.0030252006626594,dp_he3/none,packet_protection
6.911200311588957,3,3,27,717.4141507200001,,7,0.2982372211410542,False,,True,True,True,True,False,True,0,0.0,0,True,3,E_C_upd:dp_he3;L_E_upd:none,1.3581486205054942,0.9790833333333333,LIIEIIIC,,fixed_mode_fixed_privacy,54.922616931164065,0.0,1.0030252006626594,6.996974799337341,0.58,1,6.911200311588957,134.75057211524012,1,1.0030252006626594,dp_he3/none,packet_protection
6.911200311588957,3,3,28,717.4141507200001,,8,0.2982372211410542,False,,True,True,True,True,False,True,0,0.0,0,True,3,E_C_upd:dp_he3;L_E_upd:none,1.0529798758229736,0.9801166666666666,LIIEIIIC,,fixed_mode_fixed_privacy,52.64196573894532,0.0,1.0030252006626594,6.996974799337341,0.58,1,6.911200311588957,117.88451775786412,1,1.0030252006626594,dp_he3/none,packet_protection
6.911200311588957,3,3,29,717.4141507200001,,9,0.2982372211410542,False,,True,True,True,True,False,True,0,0.0,0,True,3,E_C_upd:dp_he3;L_E_upd:none,1.5238328230436504,0.9816666666666666,LIIEIIIC,,fixed_mode_fixed_privacy,68.7277313401702,0.0,1.0030252006626594,6.996974799337341,0.58,1,6.911200311588957,145.78399340340053,1,1.0030252006626594,dp_he3/none,packet_protection
6.911200311588957,3,3,30,717.4141507200001,,0,0.2982372211410542,False,,True,True,True,True,False,True,0,0.0,0,True,3,E_C_upd:dp_he3;L_E_upd:none,1.304595337452328,0.9796,LIIEIIIC,,fixed_mode_fixed_privacy,73.68560617738433,0.0,1.0030252006626594,6.996974799337341,0.58,1,6.911200311588957,158.2675783809236,1,1.0030252006626594,dp_he3/none,packet_protection
6.911200311588957,3,3,31,717.4141507200001,,1,0.2982372211410542,False,,True,True,True,True,False,True,0,0.0,0,True,3,E_C_upd:dp_he3;L_E_upd:none,2.2969552434688674,0.9785666666666667,LIIEIIIC,,fixed_mode_fixed_privacy,69.30611129927023,0.0,1.0030252006626594,6.996974799337341,0.58,1,6.911200311588957,140.10349414249157,1,1.0030252006626594,dp_he3/none,packet_protection
,,,32,0.0,,2,0.0,False,,True,True,True,True,True,True,0,0.0,0,True,3,,inf,0.0,SKIP,,fixed_mode_fixed_privacy,,0.0,0.0,8.0,0.0,1,,0.0,0,0.0,none,packet_protection
6.911200311588957,3,3,33,717.4141507200001,,3,0.2982372211410542,False,,True,True,True,True,False,True,0,0.0,0,True,3,E_C_upd:dp_he3;L_E_upd:none,1.0040228730641931,0.9790833333333333,LIIEIIIC,,fixed_mode_fixed_privacy,54.56175569528018,0.0,1.0030252006626594,6.996974799337341,0.58,1,6.911200311588957,128.60154651164123,1,1.0030252006626594,dp_he3/none,packet_protection
6.911200311588957,3,3,34,717.4141507200001,,4,0.2982372211410542,False,,True,True,True,True,False,True,0,0.0,0,True,3,E_C_upd:dp_he3;L_E_upd:none,1.4720682121450308,0.97805,LIIEIIIC,,fixed_mode_fixed_privacy,59.731795295380806,0.0,1.0030252006626594,6.996974799337341,0.58,1,6.911200311588957,127.22857687843968,1,1.0030252006626594,dp_he3/none,packet_protection
6.911200311588957,3,3,35,717.4141507200001,,5,0.2982372211410542,False,,True,True,True,True,False,True,0,0.0,0,True,3,E_C_upd:dp_he3;L_E_upd:none,2.1366723680721345,0.9796,LIIEIIIC,,fixed_mode_fixed_privacy,56.83937526216322,0.0,1.0030252006626594,6.996974799337341,0.58,1,6.911200311588957,123.69458497444826,1,1.0030252006626594,dp_he3/none,packet_protection
6.911200311588957,3,3,36,717.4141507200001,,6,0.2982372211410542,False,,True,True,True,True,False,True,0,0.0,0,True,3,E_C_upd:dp_he3;L_E_upd:none,1.9282823167918586,0.9796,LIIEIIIC,,fixed_mode_fixed_privacy,69.98905149189136,0.0,1.0030252006626594,6.996974799337341,0.58,1,6.911200311588957,142.179610796271,1,1.0030252006626594,dp_he3/none,packet_protection
6.911200311588957,3,3,37,717.4141507200001,,7,0.2982372211410542,False,,True,True,True,True,False,True,0,0.0,0,True,3,E_C_upd:dp_he3;L_E_upd:none,1.192260315036407,0.9790833333333333,LIIEIIIC,,fixed_mode_fixed_privacy,58.010488583022294,0.0,1.0030252006626594,6.996974799337341,0.58,1,6.911200311588957,131.00438299743453,1,1.0030252006626594,dp_he3/none,packet_protection
6.911200311588957,3,3,38,717.4141507200001,,8,0.2982372211410542,False,,True,True,True,True,False,True,0,0.0,0,True,3,E_C_upd:dp_he3;L_E_upd:none,2.5502852751622296,0.9801166666666666,LIIEIIIC,,fixed_mode_fixed_privacy,53.15925221038035,0.0,1.0030252006626594,6.996974799337341,0.58,1,6.911200311588957,119.57970977214094,1,1.0030252006626594,dp_he3/none,packet_protection
6.911200311588957,3,3,39,717.4141507200001,,9,0.2982372211410542,False,,True,True,True,True,False,True,0,0.0,0,True,3,E_C_upd:dp_he3;L_E_upd:none,1.2461187749535723,0.9816666666666666,LIIEIIIC,,fixed_mode_fixed_privacy,62.43102628614079,0.0,1.0030252006626594,6.996974799337341,0.58,1,6.911200311588957,143.43192257413048,1,1.0030252006626594,dp_he3/none,packet_protection
6.911200311588957,3,3,40,717.4141507200001,,0,0.2982372211410542,False,,True,True,True,True,False,True,0,0.0,0,True,3,E_C_upd:dp_he3;L_E_upd:none,1.718281661052106,0.9796,LIIEIIIC,,fixed_mode_fixed_privacy,74.60488554112446,0.0,1.0030252006626594,6.996974799337341,0.58,1,6.911200311588957,156.07151844395125,1,1.0030252006626594,dp_he3/none,packet_protection
6.911200311588957,3,3,41,717.4141507200001,,1,0.2982372211410542,False,,True,True,True,True,False,True,0,0.0,0,True,3,E_C_upd:dp_he3;L_E_upd:none,1.2035142721899799,0.9785666666666667,LIIEIIIC,,fixed_mode_fixed_privacy,59.47517596720236,0.0,1.0030252006626594,6.996974799337341,0.58,1,6.911200311588957,136.98801499568552,1,1.0030252006626594,dp_he3/none,packet_protection
6.911200311588957,3,3,42,717.4141507200001,,2,0.2982372211410542,False,,True,True,True,True,False,True,0,0.0,0,True,3,E_C_upd:dp_he3;L_E_upd:none,1.0518635048612208,0.9796,LIIEIIIC,,fixed_mode_fixed_privacy,67.96549346905783,0.0,1.0030252006626594,6.996974799337341,0.58,1,6.911200311588957,139.8482262845392,1,1.0030252006626594,dp_he3/none,packet_protection
6.911200311588957,3,3,43,717.4141507200001,,3,0.2982372211410542,False,,True,True,True,True,False,True,0,0.0,0,True,3,E_C_upd:dp_he3;L_E_upd:none,2.157731341345857,0.9790833333333333,LIIEIIIC,,fixed_mode_fixed_privacy,56.43725492624078,0.0,1.0030252006626594,6.996974799337341,0.58,1,6.911200311588957,123.02465606909932,1,1.0030252006626594,dp_he3/none,packet_protection
6.911200311588957,3,3,44,717.4141507200001,,4,0.2982372211410542,False,,True,True,True,True,False,True,0,0.0,0,True,3,E_C_upd:dp_he3;L_E_upd:none,1.8939537747589035,0.97805,LIIEIIIC,,fixed_mode_fixed_privacy,56.89885792698332,0.0,1.0030252006626594,6.996974799337341,0.58,1,6.911200311588957,123.7090511947869,1,1.0030252006626594,dp_he3/none,packet_protection
6.911200311588957,3,3,45,717.4141507200001,,5,0.2982372211410542,False,,True,True,True,True,False,True,0,0.0,0,True,3,E_C_upd:dp_he3;L_E_upd:none,2.1894368395630277,0.9796,LIIEIIIC,,fixed_mode_fixed_privacy,60.56923661827134,0.0,1.0030252006626594,6.996974799337341,0.58,1,6.911200311588957,129.0446562786889,1,1.0030252006626594,dp_he3/none,packet_protection
,,,46,0.0,,6,0.0,False,,True,True,True,True,True,True,0,0.0,0,True,3,,inf,0.0,SKIP,,fixed_mode_fixed_privacy,,0.0,0.0,8.0,0.0,1,,0.0,0,0.0,none,packet_protection
6.911200311588957,3,3,47,717.4141507200001,,7,0.2982372211410542,False,,True,True,True,True,False,True,0,0.0,0,True,3,E_C_upd:dp_he3;L_E_upd:none,1.2106043506675663,0.9790833333333333,LIIEIIIC,,fixed_mode_fixed_privacy,55.39061594246941,0.0,1.0030252006626594,6.996974799337341,0.58,1,6.911200311588957,123.87985443859776,1,1.0030252006626594,dp_he3/none,packet_protection
6.911200311588957,3,3,48,717.4141507200001,,8,0.2982372211410542,False,,True,True,True,True,False,True,0,0.0,0,True,3,E_C_upd:dp_he3;L_E_upd:none,1.8872330715439818,0.9801166666666666,LIIEIIIC,,fixed_mode_fixed_privacy,63.31715613738076,0.0,1.0030252006626594,6.996974799337341,0.58,1,6.911200311588957,139.5321821482263,1,1.0030252006626594,dp_he3/none,packet_protection
6.911200311588957,3,3,49,717.4141507200001,,9,0.2982372211410542,False,,True,True,True,True,False,True,0,0.0,0,True,3,E_C_upd:dp_he3;L_E_upd:none,2.6414699298711724,0.98115,LIIEIIIC,,fixed_mode_fixed_privacy,65.61283161342116,0.0,1.0030252006626594,6.996974799337341,0.58,1,6.911200311588957,136.5859103210738,1,1.0030252006626594,dp_he3/none,packet_protection
6.911200311588957,3,3,50,717.4141507200001,,0,0.2982372211410542,False,,True,True,True,True,False,True,0,0.0,0,True,3,E_C_upd:dp_he3;L_E_upd:none,2.357294402957413,0.9796,LIIEIIIC,,fixed_mode_fixed_privacy,60.061224242339684,0.0,1.0030252006626594,6.996974799337341,0.58,1,6.911200311588957,139.42735375713357,1,1.0030252006626594,dp_he3/none,packet_protection
6.911200311588957,3,3,51,717.4141507200001,,1,0.2982372211410542,False,,True,True,True,True,False,True,0,0.0,0,True,3,E_C_upd:dp_he3;L_E_upd:none,1.5496570969226762,0.9785666666666667,LIIEIIIC,,fixed_mode_fixed_privacy,61.107618426809694,0.0,1.0030252006626594,6.996974799337341,0.58,1,6.911200311588957,127.6214270127995,1,1.0030252006626594,dp_he3/none,packet_protection
,,,52,0.0,,2,0.0,False,,True,True,True,True,True,True,0,0.0,0,True,3,,inf,0.0,SKIP,,fixed_mode_fixed_privacy,,0.0,0.0,8.0,0.0,1,,0.0,0,0.0,none,packet_protection
6.911200311588957,3,3,53,717.4141507200001,,3,0.2982372211410542,False,,True,True,True,True,False,True,0,0.0,0,True,3,E_C_upd:dp_he3;L_E_upd:none,1.770461903305378,0.9790833333333333,LIIEIIIC,,fixed_mode_fixed_privacy,69.77614448295122,0.0,1.0030252006626594,6.996974799337341,0.58,1,6.911200311588957,142.1218408959806,1,1.0030252006626594,dp_he3/none,packet_protection
,,,54,0.0,,4,0.0,False,,True,True,True,True,True,True,0,0.0,0,True,3,,inf,0.0,SKIP,,fixed_mode_fixed_privacy,,0.0,0.0,8.0,0.0,1,,0.0,0,0.0,none,packet_protection
6.911200311588957,3,3,55,717.4141507200001,,5,0.2982372211410542,False,,True,True,True,True,False,True,0,0.0,0,True,3,E_C_upd:dp_he3;L_E_upd:none,2.4836273737631887,0.9796,LIIEIIIC,,fixed_mode_fixed_privacy,65.09356636021342,0.0,1.0030252006626594,6.996974799337341,0.58,1,6.911200311588957,132.23540263326402,1,1.0030252006626594,dp_he3/none,packet_protection
6.911200311588957,3,3,56,717.4141507200001,,6,0.2982372211410542,False,,True,True,True,True,False,True,0,0.0,0,True,3,E_C_upd:dp_he3;L_E_upd:none,1.8118084234022185,0.9796,LIIEIIIC,,fixed_mode_fixed_privacy,62.364594191223716,0.0,1.0030252006626594,6.996974799337341,0.58,1,6.911200311588957,137.03934889340817,1,1.0030252006626594,dp_he3/none,packet_protection
6.911200311588957,3,3,57,717.4141507200001,,7,0.2982372211410542,False,,True,True,True,True,False,True,0,0.0,0,True,3,E_C_upd:dp_he3;L_E_upd:none,2.3077190009814617,0.9790833333333333,LIIEIIIC,,fixed_mode_fixed_privacy,52.13597287558794,0.0,1.0030252006626594,6.996974799337341,0.58,1,6.911200311588957,135.35627869023352,1,1.0030252006626594,dp_he3/none,packet_protection
6.911200311588957,3,3,58,717.4141507200001,,8,0.2982372211410542,False,,True,True,True,True,False,True,0,0.0,0,True,3,E_C_upd:dp_he3;L_E_upd:none,1.8813699941523465,0.9801166666666666,LIIEIIIC,,fixed_mode_fixed_privacy,65.9501121264851,0.0,1.0030252006626594,6.996974799337341,0.58,1,6.911200311588957,152.00866160723615,1,1.0030252006626594,dp_he3/none,packet_protection
6.911200311588957,3,3,59,717.4141507200001,,9,0.2982372211410542,False,,True,True,True,True,False,True,0,0.0,0,True,3,E_C_upd:dp_he3;L_E_upd:none,1.0079643620644898,0.98115,LIIEIIIC,,fixed_mode_fixed_privacy,71.53896257965623,0.0,1.0030252006626594,6.996974799337341,0.58,1,6.911200311588957,157.9742987226141,1,1.0030252006626594,dp_he3/none,packet_protection
,,,60,0.0,,0,0.0,False,,True,True,True,True,True,True,0,0.0,0,True,3,,inf,0.0,SKIP,,fixed_mode_fixed_privacy,,0.0,0.0,8.0,0.0,1,,0.0,0,0.0,none,packet_protection
6.911200311588957,3,3,61,717.4141507200001,,1,0.2982372211410542,False,,True,True,True,True,False,True,0,0.0,0,True,3,E_C_upd:dp_he3;L_E_upd:none,1.663020517394065,0.9785666666666667,LIIEIIIC,,fixed_mode_fixed_privacy,63.92532367429045,0.0,1.0030252006626594,6.996974799337341,0.58,1,6.911200311588957,132.15788641168962,1,1.0030252006626594,dp_he3/none,packet_protection
6.911200311588957,3,3,62,717.4141507200001,,2,0.2982372211410542,False,,True,True,True,True,False,True,0,0.0,0,True,3,E_C_upd:dp_he3;L_E_upd:none,1.2711442061474538,0.9796,LIIEIIIC,,fixed_mode_fixed_privacy,68.48140051003554,0.0,1.0030252006626594,6.996974799337341,0.58,1,6.911200311588957,138.44913367752196,1,1.0030252006626594,dp_he3/none,packet_protection
6.911200311588957,3,3,63,717.4141507200001,,3,0.2982372211410542,False,,True,True,True,True,False,True,0,0.0,0,True,3,E_C_upd:dp_he3;L_E_upd:none,1.4309148880902602,0.9790833333333333,LIIEIIIC,,fixed_mode_fixed_privacy,59.94645918435495,0.0,1.0030252006626594,6.996974799337341,0.58,1,6.911200311588957,145.86637288165406,1,1.0030252006626594,dp_he3/none,packet_protection
6.911200311588957,3,3,64,717.4141507200001,,4,0.2982372211410542,False,,True,True,True,True,False,True,0,0.0,0,True,3,E_C_upd:dp_he3;L_E_upd:none,1.8405891045455842,0.97805,LIIEIIIC,,fixed_mode_fixed_privacy,57.21729414804726,0.0,1.0030252006626594,6.996974799337341,0.58,1,6.911200311588957,131.87874092322699,1,1.0030252006626594,dp_he3/none,packet_protection
,,,65,0.0,,5,0.0,False,,True,True,True,True,True,True,0,0.0,0,True,3,,inf,0.0,SKIP,,fixed_mode_fixed_privacy,,0.0,0.0,8.0,0.0,1,,0.0,0,0.0,none,packet_protection
6.911200311588957,3,3,66,717.4141507200001,,6,0.2982372211410542,False,,True,True,True,True,False,True,0,0.0,0,True,3,E_C_upd:dp_he3;L_E_upd:none,1.8093775561702643,0.9796,LIIEIIIC,,fixed_mode_fixed_privacy,62.79204528586672,0.0,1.0030252006626594,6.996974799337341,0.58,1,6.911200311588957,148.5726394379123,1,1.0030252006626594,dp_he3/none,packet_protection
6.911200311588957,3,3,67,717.4141507200001,,7,0.2982372211410542,False,,True,True,True,True,False,True,0,0.0,0,True,3,E_C_upd:dp_he3;L_E_upd:none,1.7349815617663098,0.9790833333333333,LIIEIIIC,,fixed_mode_fixed_privacy,59.55690486813323,0.0,1.0030252006626594,6.996974799337341,0.58,1,6.911200311588957,135.0576632388663,1,1.0030252006626594,dp_he3/none,packet_protection
6.911200311588957,3,3,68,717.4141507200001,,8,0.2982372211410542,False,,True,True,True,True,False,True,0,0.0,0,True,3,E_C_upd:dp_he3;L_E_upd:none,1.6746949941761489,0.9801166666666666,LIIEIIIC,,fixed_mode_fixed_privacy,63.16741855299976,0.0,1.0030252006626594,6.996974799337341,0.58,1,6.911200311588957,130.85220515636075,1,1.0030252006626594,dp_he3/none,packet_protection
,,,69,0.0,,9,0.0,False,,True,True,True,True,True,True,0,0.0,0,True,3,,inf,0.0,SKIP,,fixed_mode_fixed_privacy,,0.0,0.0,8.0,0.0,1,,0.0,0,0.0,none,packet_protection
6.911200311588957,3,3,70,717.4141507200001,,0,0.2982372211410542,False,,True,True,True,True,False,True,0,0.0,0,True,3,E_C_upd:dp_he3;L_E_upd:none,2.208645096509279,0.9796,LIIEIIIC,,fixed_mode_fixed_privacy,71.43635667523789,0.0,1.0030252006626594,6.996974799337341,0.58,1,6.911200311588957,146.1702232041422,1,1.0030252006626594,dp_he3/none,packet_protection
6.911200311588957,3,3,71,717.4141507200001,,1,0.2982372211410542,False,,True,True,True,True,False,True,0,0.0,0,True,3,E_C_upd:dp_he3;L_E_upd:none,1.826628304645198,0.9785666666666667,LIIEIIIC,,fixed_mode_fixed_privacy,62.38829678443033,0.0,1.0030252006626594,6.996974799337341,0.58,1,6.911200311588957,129.14476503715616,1,1.0030252006626594,dp_he3/none,packet_protection
,,,72,0.0,,2,0.0,False,,True,True,True,True,True,True,0,0.0,0,True,3,,inf,0.0,SKIP,,fixed_mode_fixed_privacy,,0.0,0.0,8.0,0.0,1,,0.0,0,0.0,none,packet_protection
6.911200311588957,3,3,73,717.4141507200001,,3,0.2982372211410542,False,,True,True,True,True,False,True,0,0.0,0,True,3,E_C_upd:dp_he3;L_E_upd:none,1.949324494891817,0.9785666666666667,LIIEIIIC,,fixed_mode_fixed_privacy,59.400661208958525,0.0,1.0030252006626594,6.996974799337341,0.58,1,6.911200311588957,130.46510473857617,1,1.0030252006626594,dp_he3/none,packet_protection
6.911200311588957,3,3,74,717.4141507200001,,4,0.2982372211410542,False,,True,True,True,True,False,True,0,0.0,0,True,3,E_C_upd:dp_he3;L_E_upd:none,2.373369464974584,0.9775333333333334,LIIEIIIC,,fixed_mode_fixed_privacy,70.7565336816838,0.0,1.0030252006626594,6.996974799337341,0.58,1,6.911200311588957,139.59319413320242,1,1.0030252006626594,dp_he3/none,packet_protection
6.911200311588957,3,3,75,717.4141507200001,,5,0.2982372211410542,False,,True,True,True,True,False,True,0,0.0,0,True,3,E_C_upd:dp_he3;L_E_upd:none,1.0329957754014922,0.9790833333333333,LIIEIIIC,,fixed_mode_fixed_privacy,56.469330608636476,0.0,1.0030252006626594,6.996974799337341,0.58,1,6.911200311588957,142.53343810724112,1,1.0030252006626594,dp_he3/none,packet_protection
6.911200311588957,3,3,76,717.4141507200001,,6,0.2982372211410542,False,,True,True,True,True,False,True,0,0.0,0,True,3,E_C_upd:dp_he3;L_E_upd:none,1.5225967874451976,0.9796,LIIEIIIC,,fixed_mode_fixed_privacy,64.65320705227789,0.0,1.0030252006626594,6.996974799337341,0.58,1,6.911200311588957,135.87180240679834,1,1.0030252006626594,dp_he3/none,packet_protection
,,,77,0.0,,7,0.0,False,,True,True,True,True,True,True,0,0.0,0,True,3,,inf,0.0,SKIP,,fixed_mode_fixed_privacy,,0.0,0.0,8.0,0.0,1,,0.0,0,0.0,none,packet_protection
6.911200311588957,3,3,78,717.4141507200001,,8,0.2982372211410542,False,,True,True,True,True,False,True,0,0.0,0,True,3,E_C_upd:dp_he3;L_E_upd:none,2.1302373664638856,0.9801166666666666,LIIEIIIC,,fixed_mode_fixed_privacy,64.29655920793529,0.0,1.0030252006626594,6.996974799337341,0.58,1,6.911200311588957,150.9318318113963,1,1.0030252006626594,dp_he3/none,packet_protection
6.911200311588957,3,3,79,717.4141507200001,,9,0.2982372211410542,False,,True,True,True,True,False,True,0,0.0,0,True,3,E_C_upd:dp_he3;L_E_upd:none,1.5075545469820644,0.98115,LIIEIIIC,,fixed_mode_fixed_privacy,56.38634237224552,0.0,1.0030252006626594,6.996974799337341,0.58,1,6.911200311588957,123.87445478285782,1,1.0030252006626594,dp_he3/none,packet_protection
6.911200311588957,3,3,80,717.4141507200001,,0,0.2982372211410542,False,,True,True,True,True,False,True,0,0.0,0,True,3,E_C_upd:dp_he3;L_E_upd:none,1.8296725957303435,0.9796,LIIEIIIC,,fixed_mode_fixed_privacy,75.65246061079101,0.0,1.0030252006626594,6.996974799337341,0.58,1,6.911200311588957,147.48690604697745,1,1.0030252006626594,dp_he3/none,packet_protection
6.911200311588957,3,3,81,717.4141507200001,,1,0.2982372211410542,False,,True,True,True,True,False,True,0,0.0,0,True,3,E_C_upd:dp_he3;L_E_upd:none,2.550842491022395,0.9785666666666667,LIIEIIIC,,fixed_mode_fixed_privacy,56.324137329071895,0.0,1.0030252006626594,6.996974799337341,0.58,1,6.911200311588957,143.2514001867276,1,1.0030252006626594,dp_he3/none,packet_protection
6.911200311588957,3,3,82,717.4141507200001,,2,0.2982372211410542,False,,True,True,True,True,False,True,0,0.0,0,True,3,E_C_upd:dp_he3;L_E_upd:none,1.2161122283893053,0.9796,LIIEIIIC,,fixed_mode_fixed_privacy,59.931507995691035,0.0,1.0030252006626594,6.996974799337341,0.58,1,6.911200311588957,143.4619450926812,1,1.0030252006626594,dp_he3/none,packet_protection
6.911200311588957,3,3,83,717.4141507200001,,3,0.2982372211410542,False,,True,True,True,True,False,True,0,0.0,0,True,3,E_C_upd:dp_he3;L_E_upd:none,1.4318254026176642,0.9785666666666667,LIIEIIIC,,fixed_mode_fixed_privacy,61.088266771659136,0.0,1.0030252006626594,6.996974799337341,0.58,1,6.911200311588957,135.76082325198345,1,1.0030252006626594,dp_he3/none,packet_protection
6.911200311588957,3,3,84,717.4141507200001,,4,0.2982372211410542,False,,True,True,True,True,False,True,0,0.0,0,True,3,E_C_upd:dp_he3;L_E_upd:none,2.1478191071057733,0.9775333333333334,LIIEIIIC,,fixed_mode_fixed_privacy,55.15799462062734,0.0,1.0030252006626594,6.996974799337341,0.58,1,6.911200311588957,125.93494780304394,1,1.0030252006626594,dp_he3/none,packet_protection
,,,85,0.0,,5,0.0,False,,True,True,True,True,True,True,0,0.0,0,True,3,,inf,0.0,SKIP,,fixed_mode_fixed_privacy,,0.0,0.0,8.0,0.0,1,,0.0,0,0.0,none,packet_protection
6.911200311588957,3,3,86,717.4141507200001,,6,0.2982372211410542,False,,True,True,True,True,False,True,0,0.0,0,True,3,E_C_upd:dp_he3;L_E_upd:none,1.7996014940214557,0.9796,LIIEIIIC,,fixed_mode_fixed_privacy,66.4339944547313,0.0,1.0030252006626594,6.996974799337341,0.58,1,6.911200311588957,139.81626965731468,1,1.0030252006626594,dp_he3/none,packet_protection
6.911200311588957,3,3,87,717.4141507200001,,7,0.2982372211410542,False,,True,True,True,True,False,True,0,0.0,0,True,3,E_C_upd:dp_he3;L_E_upd:none,2.474420304413817,0.9790833333333333,LIIEIIIC,,fixed_mode_fixed_privacy,54.19053889543392,0.0,1.0030252006626594,6.996974799337341,0.58,1,6.911200311588957,122.91682290383083,1,1.0030252006626594,dp_he3/none,packet_protection
6.911200311588957,3,3,88,717.4141507200001,,8,0.2982372211410542,False,,True,True,True,True,False,True,0,0.0,0,True,3,E_C_upd:dp_he3;L_E_upd:none,2.3858028244505176,0.9801166666666666,LIIEIIIC,,fixed_mode_fixed_privacy,59.962164777658536,0.0,1.0030252006626594,6.996974799337341,0.58,1,6.911200311588957,128.82250306344312,1,1.0030252006626594,dp_he3/none,packet_protection
6.911200311588957,3,3,89,717.4141507200001,,9,0.2982372211410542,False,,True,True,True,True,False,True,0,0.0,0,True,3,E_C_upd:dp_he3;L_E_upd:none,1.3705276667987023,0.98115,LIIEIIIC,,fixed_mode_fixed_privacy,55.37060166248491,0.0,1.0030252006626594,6.996974799337341,0.58,1,6.911200311588957,134.84562676200144,1,1.0030252006626594,dp_he3/none,packet_protection
6.911200311588957,3,3,90,717.4141507200001,,0,0.2982372211410542,False,,True,True,True,True,False,True,0,0.0,0,True,3,E_C_upd:dp_he3;L_E_upd:none,2.4332702580801087,0.9790833333333333,LIIEIIIC,,fixed_mode_fixed_privacy,63.096010439523816,0.0,1.0030252006626594,6.996974799337341,0.58,1,6.911200311588957,147.01448681653977,1,1.0030252006626594,dp_he3/none,packet_protection
6.911200311588957,3,3,91,717.4141507200001,,1,0.2982372211410542,False,,True,True,True,True,False,True,0,0.0,0,True,3,E_C_upd:dp_he3;L_E_upd:none,1.0364106472173031,0.97805,LIIEIIIC,,fixed_mode_fixed_privacy,58.710030495002236,0.0,1.0030252006626594,6.996974799337341,0.58,1,6.911200311588957,123.22838191165596,1,1.0030252006626594,dp_he3/none,packet_protection
6.911200311588957,3,3,92,717.4141507200001,,2,0.2982372211410542,False,,True,True,True,True,False,True,0,0.0,0,True,3,E_C_upd:dp_he3;L_E_upd:none,1.7756584058061933,0.9796,LIIEIIIC,,fixed_mode_fixed_privacy,66.29374109283309,0.0,1.0030252006626594,6.996974799337341,0.58,1,6.911200311588957,144.10939053547108,1,1.0030252006626594,dp_he3/none,packet_protection
6.911200311588957,3,3,93,717.4141507200001,,3,0.2982372211410542,False,,True,True,True,True,False,True,0,0.0,0,True,3,E_C_upd:dp_he3;L_E_upd:none,1.2763035970769345,0.9785666666666667,LIIEIIIC,,fixed_mode_fixed_privacy,61.03666580113645,0.0,1.0030252006626594,6.996974799337341,0.58,1,6.911200311588957,126.92890060340996,1,1.0030252006626594,dp_he3/none,packet_protection
6.911200311588957,3,3,94,717.4141507200001,,4,0.2982372211410542,False,,True,True,True,True,False,True,0,0.0,0,True,3,E_C_upd:dp_he3;L_E_upd:none,1.022644065962914,0.9775333333333334,LIIEIIIC,,fixed_mode_fixed_privacy,54.65320774316758,0.0,1.0030252006626594,6.996974799337341,0.58,1,6.911200311588957,130.84262751426985,1,1.0030252006626594,dp_he3/none,packet_protection
6.911200311588957,3,3,95,717.4141507200001,,5,0.2982372211410542,False,,True,True,True,True,False,True,0,0.0,0,True,3,E_C_upd:dp_he3;L_E_upd:none,2.386951937299487,0.9790833333333333,LIIEIIIC,,fixed_mode_fixed_privacy,56.68539343538926,0.0,1.0030252006626594,6.996974799337341,0.58,1,6.911200311588957,124.06648902013539,1,1.0030252006626594,dp_he3/none,packet_protection
6.911200311588957,3,3,96,717.4141507200001,,6,0.2982372211410542,False,,True,True,True,True,False,True,0,0.0,0,True,3,E_C_upd:dp_he3;L_E_upd:none,1.0407947296407267,0.9790833333333333,LIIEIIIC,,fixed_mode_fixed_privacy,68.10315598959647,0.0,1.0030252006626594,6.996974799337341,0.58,1,6.911200311588957,147.30054539516252,1,1.0030252006626594,dp_he3/none,packet_protection
6.911200311588957,3,3,97,717.4141507200001,,7,0.2982372211410542,False,,True,True,True,True,False,True,0,0.0,0,True,3,E_C_upd:dp_he3;L_E_upd:none,1.2270978966466777,0.97805,LIIEIIIC,,fixed_mode_fixed_privacy,57.49991473923107,0.0,1.0030252006626594,6.996974799337341,0.58,1,6.911200311588957,138.0561632899406,1,1.0030252006626594,dp_he3/none,packet_protection
,,,98,0.0,,8,0.0,False,,True,True,True,True,True,True,0,0.0,0,True,3,,inf,0.0,SKIP,,fixed_mode_fixed_privacy,,0.0,0.0,8.0,0.0,1,,0.0,0,0.0,none,packet_protection
6.911200311588957,3,3,99,717.4141507200001,,9,0.2982372211410542,False,,True,True,True,True,False,True,0,0.0,0,True,3,E_C_upd:dp_he3;L_E_upd:none,1.5665195180963505,0.98115,LIIEIIIC,,fixed_mode_fixed_privacy,69.02846960577695,0.0,1.0030252006626594,6.996974799337341,0.58,1,6.911200311588957,147.18884941206795,1,1.0030252006626594,dp_he3/none,packet_protection
6.911200311588957,3,3,0,717.4141507200001,,0,0.23099727476811882,False,,True,True,True,True,False,True,0,0.0,0,True,3,E_C_upd:dp_he3;L_E_upd:none,2.4526825050714955,0.9796,LIIEIIIC,,fixed_mode_fixed_privacy,55.08508287842814,0.0,1.2340224754307783,6.765977524569221,0.58,2,6.911200311588957,123.4319794739231,1,1.2340224754307783,dp_he3/none,packet_protection
6.911200311588957,3,3,1,717.4141507200001,,1,0.23099727476811882,False,,True,True,True,True,False,True,0,0.0,0,True,3,E_C_upd:dp_he3;L_E_upd:none,2.020729936082863,0.9790833333333333,LIIEIIIC,,fixed_mode_fixed_privacy,59.30577382265035,0.0,1.2340224754307783,6.765977524569221,0.58,2,6.911200311588957,137.72859314067253,1,1.2340224754307783,dp_he3/none,packet_protection
6.911200311588957,3,3,2,717.4141507200001,,2,0.23099727476811882,False,,True,True,True,True,False,True,0,0.0,0,True,3,E_C_upd:dp_he3;L_E_upd:none,1.380488196284812,0.9801166666666666,LIIEIIIC,,fixed_mode_fixed_privacy,55.77242682348839,0.0,1.2340224754307783,6.765977524569221,0.58,2,6.911200311588957,122.71013811860004,1,1.2340224754307783,dp_he3/none,packet_protection
6.911200311588957,3,3,3,717.4141507200001,,3,0.23099727476811882,False,,True,True,True,True,False,True,0,0.0,0,True,3,E_C_upd:dp_he3;L_E_upd:none,1.7431799468753328,0.9796,LIIEIIIC,,fixed_mode_fixed_privacy,67.90081405198045,0.0,1.2340224754307783,6.765977524569221,0.58,2,6.911200311588957,142.21932849674067,1,1.2340224754307783,dp_he3/none,packet_protection
6.911200311588957,3,3,4,717.4141507200001,,4,0.23099727476811882,False,,True,True,True,True,False,True,0,0.0,0,True,3,E_C_upd:dp_he3;L_E_upd:none,1.0840160768825502,0.97805,LIIEIIIC,,fixed_mode_fixed_privacy,59.63565410998968,0.0,1.2340224754307783,6.765977524569221,0.58,2,6.911200311588957,136.9534208423171,1,1.2340224754307783,dp_he3/none,packet_protection
,,,5,0.0,,5,0.0,False,,True,True,True,True,True,True,0,0.0,0,True,3,,inf,0.0,SKIP,,fixed_mode_fixed_privacy,,0.0,0.0,8.0,0.0,2,,0.0,0,0.0,none,packet_protection
6.911200311588957,3,3,6,717.4141507200001,,6,0.23099727476811882,False,,True,True,True,True,False,True,0,0.0,0,True,3,E_C_upd:dp_he3;L_E_upd:none,2.6303355215731377,0.9796,LIIEIIIC,,fixed_mode_fixed_privacy,55.76526710415832,0.0,1.2340224754307783,6.765977524569221,0.58,2,6.911200311588957,119.68348631143077,1,1.2340224754307783,dp_he3/none,packet_protection
6.911200311588957,3,3,7,717.4141507200001,,7,0.23099727476811882,False,,True,True,True,True,False,True,0,0.0,0,True,3,E_C_upd:dp_he3;L_E_upd:none,2.053595733538623,0.9790833333333333,LIIEIIIC,,fixed_mode_fixed_privacy,56.047543101592005,0.0,1.2340224754307783,6.765977524569221,0.58,2,6.911200311588957,132.59339049869098,1,1.2340224754307783,dp_he3/none,packet_protection
,,,8,0.0,,8,0.0,False,,True,True,True,True,True,True,0,0.0,0,True,3,,inf,0.0,SKIP,,fixed_mode_fixed_privacy,,0.0,0.0,8.0,0.0,2,,0.0,0,0.0,none,packet_protection
6.911200311588957,3,3,9,717.4141507200001,,9,0.23099727476811882,False,,True,True,True,True,False,True,0,0.0,0,True,3,E_C_upd:dp_he3;L_E_upd:none,1.3144213466357852,0.9816666666666666,LIIEIIIC,,fixed_mode_fixed_privacy,53.83120884324688,0.0,1.2340224754307783,6.765977524569221,0.58,2,6.911200311588957,136.03117018470584,1,1.2340224754307783,dp_he3/none,packet_protection
6.911200311588957,3,3,10,717.4141507200001,,0,0.23099727476811882,False,,True,True,True,True,False,True,0,0.0,0,True,3,E_C_upd:dp_he3;L_E_upd:none,0.9864894286034035,0.9796,LIIEIIIC,,fixed_mode_fixed_privacy,63.78246452889792,0.0,1.2340224754307783,6.765977524569221,0.58,2,6.911200311588957,142.76376999610784,1,1.2340224754307783,dp_he3/none,packet_protection
6.911200311588957,3,3,11,717.4141507200001,,1,0.23099727476811882,False,,True,True,True,True,False,True,0,0.0,0,True,3,E_C_upd:dp_he3;L_E_upd:none,2.0833708586033586,0.9785666666666667,LIIEIIIC,,fixed_mode_fixed_privacy,56.26139701558414,0.0,1.2340224754307783,6.765977524569221,0.58,2,6.911200311588957,138.56684604880277,1,1.2340224754307783,dp_he3/none,packet_protection
6.911200311588957,3,3,12,717.4141507200001,,2,0.23099727476811882,False,,True,True,True,True,False,True,0,0.0,0,True,3,E_C_upd:dp_he3;L_E_upd:none,2.67780451323768,0.9796,LIIEIIIC,,fixed_mode_fixed_privacy,60.53316270709834,0.0,1.2340224754307783,6.765977524569221,0.58,2,6.911200311588957,125.90922188695218,1,1.2340224754307783,dp_he3/none,packet_protection
6.911200311588957,3,3,13,717.4141507200001,,3,0.23099727476811882,False,,True,True,True,True,False,True,0,0.0,0,True,3,E_C_upd:dp_he3;L_E_upd:none,1.7205665385753408,0.9790833333333333,LIIEIIIC,,fixed_mode_fixed_privacy,52.94149000902407,0.0,1.2340224754307783,6.765977524569221,0.58,2,6.911200311588957,118.40999383052181,1,1.2340224754307783,dp_he3/none,packet_protection
6.911200311588957,3,3,14,717.4141507200001,,4,0.23099727476811882,False,,True,True,True,True,False,True,0,0.0,0,True,3,E_C_upd:dp_he3;L_E_upd:none,1.9087855950561639,0.97805,LIIEIIIC,,fixed_mode_fixed_privacy,61.82960161572128,0.0,1.2340224754307783,6.765977524569221,0.58,2,6.911200311588957,132.54812784846553,1,1.2340224754307783,dp_he3/none,packet_protection
6.911200311588957,3,3,15,717.4141507200001,,5,0.23099727476811882,False,,True,True,True,True,False,True,0,0.0,0,True,3,E_C_upd:dp_he3;L_E_upd:none,1.9130126015396856,0.9796,LIIEIIIC,,fixed_mode_fixed_privacy,57.71549183715954,0.0,1.2340224754307783,6.765977524569221,0.58,2,6.911200311588957,133.23340939015966,1,1.2340224754307783,dp_he3/none,packet_protection
6.911200311588957,3,3,16,717.4141507200001,,6,0.23099727476811882,False,,True,True,True,True,False,True,0,0.0,0,True,3,E_C_upd:dp_he3;L_E_upd:none,1.1628149379732393,0.9796,LIIEIIIC,,fixed_mode_fixed_privacy,61.3439140700125,0.0,1.2340224754307783,6.765977524569221,0.58,2,6.911200311588957,125.11402403885506,1,1.2340224754307783,dp_he3/none,packet_protection
6.911200311588957,3,3,17,717.4141507200001,,7,0.23099727476811882,False,,True,True,True,True,False,True,0,0.0,0,True,3,E_C_upd:dp_he3;L_E_upd:none,2.6565711564792376,0.9790833333333333,LIIEIIIC,,fixed_mode_fixed_privacy,56.304368347482615,0.0,1.2340224754307783,6.765977524569221,0.58,2,6.911200311588957,136.11374029825845,1,1.2340224754307783,dp_he3/none,packet_protection
6.911200311588957,3,3,18,717.4141507200001,,8,0.23099727476811882,False,,True,True,True,True,False,True,0,0.0,0,True,3,E_C_upd:dp_he3;L_E_upd:none,1.5926943326530782,0.9806333333333332,LIIEIIIC,,fixed_mode_fixed_privacy,52.30777088386269,0.0,1.2340224754307783,6.765977524569221,0.58,2,6.911200311588957,133.07173321540418,1,1.2340224754307783,dp_he3/none,packet_protection
6.911200311588957,3,3,19,717.4141507200001,,9,0.23099727476811882,False,,True,True,True,True,False,True,0,0.0,0,True,3,E_C_upd:dp_he3;L_E_upd:none,2.676393350591775,0.9816666666666666,LIIEIIIC,,fixed_mode_fixed_privacy,59.70124945438141,0.0,1.2340224754307783,6.765977524569221,0.58,2,6.911200311588957,138.27205235341276,1,1.2340224754307783,dp_he3/none,packet_protection
,,,20,0.0,,0,0.0,False,,True,True,True,True,True,True,0,0.0,0,True,3,,inf,0.0,SKIP,,fixed_mode_fixed_privacy,,0.0,0.0,8.0,0.0,2,,0.0,0,0.0,none,packet_protection
6.911200311588957,3,3,21,717.4141507200001,,1,0.23099727476811882,False,,True,True,True,True,False,True,0,0.0,0,True,3,E_C_upd:dp_he3;L_E_upd:none,1.0533693839806015,0.9785666666666667,LIIEIIIC,,fixed_mode_fixed_privacy,49.551375950432664,0.0,1.2340224754307783,6.765977524569221,0.58,2,6.911200311588957,117.8993836831495,1,1.2340224754307783,dp_he3/none,packet_protection
6.911200311588957,3,3,22,717.4141507200001,,2,0.23099727476811882,False,,True,True,True,True,False,True,0,0.0,0,True,3,E_C_upd:dp_he3;L_E_upd:none,2.162089858147671,0.9796,LIIEIIIC,,fixed_mode_fixed_privacy,62.77912246929001,0.0,1.2340224754307783,6.765977524569221,0.58,2,6.911200311588957,129.22566861062137,1,1.2340224754307783,dp_he3/none,packet_protection
6.911200311588957,3,3,23,717.4141507200001,,3,0.23099727476811882,False,,True,True,True,True,False,True,0,0.0,0,True,3,E_C_upd:dp_he3;L_E_upd:none,1.5216668391258723,0.9790833333333333,LIIEIIIC,,fixed_mode_fixed_privacy,57.572537936254555,0.0,1.2340224754307783,6.765977524569221,0.58,2,6.911200311588957,120.96307581736274,1,1.2340224754307783,dp_he3/none,packet_protection
6.911200311588957,3,3,24,717.4141507200001,,4,0.23099727476811882,False,,True,True,True,True,False,True,0,0.0,0,True,3,E_C_upd:dp_he3;L_E_upd:none,2.509690730837996,0.97805,LIIEIIIC,,fixed_mode_fixed_privacy,70.86199198505928,0.0,1.2340224754307783,6.765977524569221,0.58,2,6.911200311588957,140.5523482076685,1,1.2340224754307783,dp_he3/none,packet_protection
6.911200311588957,3,3,25,717.4141507200001,,5,0.23099727476811882,False,,True,True,True,True,False,True,0,0.0,0,True,3,E_C_upd:dp_he3;L_E_upd:none,2.141894505673916,0.9796,LIIEIIIC,,fixed_mode_fixed_privacy,64.54929321525277,0.0,1.2340224754307783,6.765977524569221,0.58,2,6.911200311588957,145.16328468074298,1,1.2340224754307783,dp_he3/none,packet_protection
6.911200311588957,3,3,26,717.4141507200001,,6,0.23099727476811882,False,,True,True,True,True,False,True,0,0.0,0,True,3,E_C_upd:dp_he3;L_E_upd:none,2.6156949390605306,0.9796,LIIEIIIC,,fixed_mode_fixed_privacy,66.94071802758975,0.0,1.2340224754307783,6.765977524569221,0.58,2,6.911200311588957,139.8022432017074,1,1.2340224754307783,dp_he3/none,packet_protection
6.911200311588957,3,3,27,717.4141507200001,,7,0.23099727476811882,False,,True,True,True,True,False,True,0,0.0,0,True,3,E_C_upd:dp_he3;L_E_upd:none,1.3581486205054942,0.9790833333333333,LIIEIIIC,,fixed_mode_fixed_privacy,60.77649868651185,0.0,1.2340224754307783,6.765977524569221,0.58,2,6.911200311588957,132.83994459502276,1,1.2340224754307783,dp_he3/none,packet_protection
6.911200311588957,3,3,28,717.4141507200001,,8,0.23099727476811882,False,,True,True,True,True,False,True,0,0.0,0,True,3,E_C_upd:dp_he3;L_E_upd:none,1.0529798758229736,0.9801166666666666,LIIEIIIC,,fixed_mode_fixed_privacy,57.713799843624805,0.0,1.2340224754307783,6.765977524569221,0.58,2,6.911200311588957,127.98904825359665,1,1.2340224754307783,dp_he3/none,packet_protection
6.911200311588957,3,3,29,717.4141507200001,,9,0.23099727476811882,False,,True,True,True,True,False,True,0,0.0,0,True,3,E_C_upd:dp_he3;L_E_upd:none,1.5238328230436504,0.9816666666666666,LIIEIIIC,,fixed_mode_fixed_privacy,52.95499878183791,0.0,1.2340224754307783,6.765977524569221,0.58,2,6.911200311588957,116.0933949506599,1,1.2340224754307783,dp_he3/none,packet_protection
6.911200311588957,3,3,30,717.4141507200001,,0,0.23099727476811882,False,,True,True,True,True,False,True,0,0.0,0,True,3,E_C_upd:dp_he3;L_E_upd:none,1.304595337452328,0.9796,LIIEIIIC,,fixed_mode_fixed_privacy,75.31461629360554,0.0,1.2340224754307783,6.765977524569221,0.58,2,6.911200311588957,150.51114781256905,1,1.2340224754307783,dp_he3/none,packet_protection
6.911200311588957,3,3,31,717.4141507200001,,1,0.23099727476811882,False,,True,True,True,True,False,True,0,0.0,0,True,3,E_C_upd:dp_he3;L_E_upd:none,2.2969552434688674,0.9785666666666667,LIIEIIIC,,fixed_mode_fixed_privacy,56.95471671702235,0.0,1.2340224754307783,6.765977524569221,0.58,2,6.911200311588957,135.01986549119044,1,1.2340224754307783,dp_he3/none,packet_protection
,,,32,0.0,,2,0.0,False,,True,True,True,True,True,True,0,0.0,0,True,3,,inf,0.0,SKIP,,fixed_mode_fixed_privacy,,0.0,0.0,8.0,0.0,2,,0.0,0,0.0,none,packet_protection
6.911200311588957,3,3,33,717.4141507200001,,3,0.23099727476811882,False,,True,True,True,True,False,True,0,0.0,0,True,3,E_C_upd:dp_he3;L_E_upd:none,1.0040228730641931,0.9790833333333333,LIIEIIIC,,fixed_mode_fixed_privacy,49.82724525802142,0.0,1.2340224754307783,6.765977524569221,0.58,2,6.911200311588957,121.91725581322811,1,1.2340224754307783,dp_he3/none,packet_protection
6.911200311588957,3,3,34,717.4141507200001,,4,0.23099727476811882,False,,True,True,True,True,False,True,0,0.0,0,True,3,E_C_upd:dp_he3;L_E_upd:none,1.4720682121450308,0.97805,LIIEIIIC,,fixed_mode_fixed_privacy,49.20600471259029,0.0,1.2340224754307783,6.765977524569221,0.58,2,6.911200311588957,127.39319868635548,1,1.2340224754307783,dp_he3/none,packet_protection
6.911200311588957,3,3,35,717.4141507200001,,5,0.23099727476811882,False,,True,True,True,True,False,True,0,0.0,0,True,3,E_C_upd:dp_he3;L_E_upd:none,2.1366723680721345,0.9796,LIIEIIIC,,fixed_mode_fixed_privacy,63.275348641462024,0.0,1.2340224754307783,6.765977524569221,0.58,2,6.911200311588957,132.28286220805455,1,1.2340224754307783,dp_he3/none,packet_protection
6.911200311588957,3,3,36,717.4141507200001,,6,0.23099727476811882,False,,True,True,True,True,False,True,0,0.0,0,True,3,E_C_upd:dp_he3;L_E_upd:none,1.9282823167918586,0.9796,LIIEIIIC,,fixed_mode_fixed_privacy,68.78807250998032,0.0,1.2340224754307783,6.765977524569221,0.58,2,6.911200311588957,142.90388865214237,1,1.2340224754307783,dp_he3/none,packet_protection
6.911200311588957,3,3,37,717.4141507200001,,7,0.23099727476811882,False,,True,True,True,True,False,True,0,0.0,0,True,3,E_C_upd:dp_he3;L_E_upd:none,1.192260315036407,0.9790833333333333,LIIEIIIC,,fixed_mode_fixed_privacy,51.28168922909066,0.0,1.2340224754307783,6.765977524569221,0.58,2,6.911200311588957,113.59408747940188,1,1.2340224754307783,dp_he3/none,packet_protection
6.911200311588957,3,3,38,717.4141507200001,,8,0.23099727476811882,False,,True,True,True,True,False,True,0,0.0,0,True,3,E_C_upd:dp_he3;L_E_upd:none,2.5502852751622296,0.9801166666666666,LIIEIIIC,,fixed_mode_fixed_privacy,58.307241823499176,0.0,1.2340224754307783,6.765977524569221,0.58,2,6.911200311588957,125.34508752082327,1,1.2340224754307783,dp_he3/none,packet_protection
6.911200311588957,3,3,39,717.4141507200001,,9,0.23099727476811882,False,,True,True,True,True,False,True,0,0.0,0,True,3,E_C_upd:dp_he3;L_E_upd:none,1.2461187749535723,0.9816666666666666,LIIEIIIC,,fixed_mode_fixed_privacy,71.71711083065439,0.0,1.2340224754307783,6.765977524569221,0.58,2,6.911200311588957,147.0720403969373,1,1.2340224754307783,dp_he3/none,packet_protection
6.911200311588957,3,3,40,717.4141507200001,,0,0.23099727476811882,False,,True,True,True,True,False,True,0,0.0,0,True,3,E_C_upd:dp_he3;L_E_upd:none,1.718281661052106,0.9796,LIIEIIIC,,fixed_mode_fixed_privacy,75.39148741810781,0.0,1.2340224754307783,6.765977524569221,0.58,2,6.911200311588957,142.0623970993329,1,1.2340224754307783,dp_he3/none,packet_protection
6.911200311588957,3,3,41,717.4141507200001,,1,0.23099727476811882,False,,True,True,True,True,False,True,0,0.0,0,True,3,E_C_upd:dp_he3;L_E_upd:none,1.2035142721899799,0.9785666666666667,LIIEIIIC,,fixed_mode_fixed_privacy,58.32745583108328,0.0,1.2340224754307783,6.765977524569221,0.58,2,6.911200311588957,123.03089739528511,1,1.2340224754307783,dp_he3/none,packet_protection
6.911200311588957,3,3,42,717.4141507200001,,2,0.23099727476811882,False,,True,True,True,True,False,True,0,0.0,0,True,3,E_C_upd:dp_he3;L_E_upd:none,1.0518635048612208,0.9796,LIIEIIIC,,fixed_mode_fixed_privacy,56.58532154521719,0.0,1.2340224754307783,6.765977524569221,0.58,2,6.911200311588957,129.5634897026836,1,1.2340224754307783,dp_he3/none,packet_protection
6.911200311588957,3,3,43,717.4141507200001,,3,0.23099727476811882,False,,True,True,True,True,False,True,0,0.0,0,True,3,E_C_upd:dp_he3;L_E_upd:none,2.157731341345857,0.9790833333333333,LIIEIIIC,,fixed_mode_fixed_privacy,56.215851172691615,0.0,1.2340224754307783,6.765977524569221,0.58,2,6.911200311588957,133.34839737666576,1,1.2340224754307783,dp_he3/none,packet_protection
6.911200311588957,3,3,44,717.4141507200001,,4,0.23099727476811882,False,,True,True,True,True,False,True,0,0.0,0,True,3,E_C_upd:dp_he3;L_E_upd:none,1.8939537747589035,0.97805,LIIEIIIC,,fixed_mode_fixed_privacy,69.09128397439844,0.0,1.2340224754307783,6.765977524569221,0.58,2,6.911200311588957,137.34997734240977,1,1.2340224754307783,dp_he3/none,packet_protection
6.911200311588957,3,3,45,717.4141507200001,,5,0.23099727476811882,False,,True,True,True,True,False,True,0,0.0,0,True,3,E_C_upd:dp_he3;L_E_upd:none,2.1894368395630277,0.9796,LIIEIIIC,,fixed_mode_fixed_privacy,57.18719814849263,0.0,1.2340224754307783,6.765977524569221,0.58,2,6.911200311588957,126.33587552461942,1,1.2340224754307783,dp_he3/none,packet_protection
,,,46,0.0,,6,0.0,False,,True,True,True,True,True,True,0,0.0,0,True,3,,inf,0.0,SKIP,,fixed_mode_fixed_privacy,,0.0,0.0,8.0,0.0,2,,0.0,0,0.0,none,packet_protection
6.911200311588957,3,3,47,717.4141507200001,,7,0.23099727476811882,False,,True,True,True,True,False,True,0,0.0,0,True,3,E_C_upd:dp_he3;L_E_upd:none,1.2106043506675663,0.9790833333333333,LIIEIIIC,,fixed_mode_fixed_privacy,65.77034587249416,0.0,1.2340224754307783,6.765977524569221,0.58,2,6.911200311588957,138.85380059411898,1,1.2340224754307783,dp_he3/none,packet_protection
6.911200311588957,3,3,48,717.4141507200001,,8,0.23099727476811882,False,,True,True,True,True,False,True,0,0.0,0,True,3,E_C_upd:dp_he3;L_E_upd:none,1.8872330715439818,0.9801166666666666,LIIEIIIC,,fixed_mode_fixed_privacy,49.139527956324706,0.0,1.2340224754307783,6.765977524569221,0.58,2,6.911200311588957,118.06449283616764,1,1.2340224754307783,dp_he3/none,packet_protection
6.911200311588957,3,3,49,717.4141507200001,,9,0.23099727476811882,False,,True,True,True,True,False,True,0,0.0,0,True,3,E_C_upd:dp_he3;L_E_upd:none,2.6414699298711724,0.98115,LIIEIIIC,,fixed_mode_fixed_privacy,53.53092632377198,0.0,1.2340224754307783,6.765977524569221,0.58,2,6.911200311588957,117.05442781858447,1,1.2340224754307783,dp_he3/none,packet_protection
6.911200311588957,3,3,50,717.4141507200001,,0,0.23099727476811882,False,,True,True,True,True,False,True,0,0.0,0,True,3,E_C_upd:dp_he3;L_E_upd:none,2.357294402957413,0.9796,LIIEIIIC,,fixed_mode_fixed_privacy,55.719978098340526,0.0,1.2340224754307783,6.765977524569221,0.58,2,6.911200311588957,117.68821145347565,1,1.2340224754307783,dp_he3/none,packet_protection
6.911200311588957,3,3,51,717.4141507200001,,1,0.23099727476811882,False,,True,True,True,True,False,True,0,0.0,0,True,3,E_C_upd:dp_he3;L_E_upd:none,1.5496570969226762,0.9785666666666667,LIIEIIIC,,fixed_mode_fixed_privacy,64.55698309961403,0.0,1.2340224754307783,6.765977524569221,0.58,2,6.911200311588957,130.7616771207803,1,1.2340224754307783,dp_he3/none,packet_protection
,,,52,0.0,,2,0.0,False,,True,True,True,True,True,True,0,0.0,0,True,3,,inf,0.0,SKIP,,fixed_mode_fixed_privacy,,0.0,0.0,8.0,0.0,2,,0.0,0,0.0,none,packet_protection
6.911200311588957,3,3,53,717.4141507200001,,3,0.23099727476811882,False,,True,True,True,True,False,True,0,0.0,0,True,3,E_C_upd:dp_he3;L_E_upd:none,1.770461903305378,0.9790833333333333,LIIEIIIC,,fixed_mode_fixed_privacy,63.59064129306377,0.0,1.2340224754307783,6.765977524569221,0.58,2,6.911200311588957,130.87998908075454,1,1.2340224754307783,dp_he3/none,packet_protection
,,,54,0.0,,4,0.0,False,,True,True,True,True,True,True,0,0.0,0,True,3,,inf,0.0,SKIP,,fixed_mode_fixed_privacy,,0.0,0.0,8.0,0.0,2,,0.0,0,0.0,none,packet_protection
6.911200311588957,3,3,55,717.4141507200001,,5,0.23099727476811882,False,,True,True,True,True,False,True,0,0.0,0,True,3,E_C_upd:dp_he3;L_E_upd:none,2.4836273737631887,0.9796,LIIEIIIC,,fixed_mode_fixed_privacy,60.03748932778153,0.0,1.2340224754307783,6.765977524569221,0.58,2,6.911200311588957,139.18510393696835,1,1.2340224754307783,dp_he3/none,packet_protection
6.911200311588957,3,3,56,717.4141507200001,,6,0.23099727476811882,False,,True,True,True,True,False,True,0,0.0,0,True,3,E_C_upd:dp_he3;L_E_upd:none,1.8118084234022185,0.9796,LIIEIIIC,,fixed_mode_fixed_privacy,65.34436493032987,0.0,1.2340224754307783,6.765977524569221,0.58,2,6.911200311588957,136.06741356235418,1,1.2340224754307783,dp_he3/none,packet_protection
6.911200311588957,3,3,57,717.4141507200001,,7,0.23099727476811882,False,,True,True,True,True,False,True,0,0.0,0,True,3,E_C_upd:dp_he3;L_E_upd:none,2.3077190009814617,0.9790833333333333,LIIEIIIC,,fixed_mode_fixed_privacy,56.62097302147571,0.0,1.2340224754307783,6.765977524569221,0.58,2,6.911200311588957,128.4780723062171,1,1.2340224754307783,dp_he3/none,packet_protection
6.911200311588957,3,3,58,717.4141507200001,,8,0.23099727476811882,False,,True,True,True,True,False,True,0,0.0,0,True,3,E_C_upd:dp_he3;L_E_upd:none,1.8813699941523465,0.9801166666666666,LIIEIIIC,,fixed_mode_fixed_privacy,54.51766296145486,0.0,1.2340224754307783,6.765977524569221,0.58,2,6.911200311588957,129.43580413757576,1,1.2340224754307783,dp_he3/none,packet_protection
6.911200311588957,3,3,59,717.4141507200001,,9,0.23099727476811882,False,,True,True,True,True,False,True,0,0.0,0,True,3,E_C_upd:dp_he3;L_E_upd:none,1.0079643620644898,0.98115,LIIEIIIC,,fixed_mode_fixed_privacy,52.413657296680086,0.0,1.2340224754307783,6.765977524569221,0.58,2,6.911200311588957,131.6238988265939,1,1.2340224754307783,dp_he3/none,packet_protection
,,,60,0.0,,0,0.0,False,,True,True,True,True,True,True,0,0.0,0,True,3,,inf,0.0,SKIP,,fixed_mode_fixed_privacy,,0.0,0.0,8.0,0.0,2,,0.0,0,0.0,none,packet_protection
6.911200311588957,3,3,61,717.4141507200001,,1,0.23099727476811882,False,,True,True,True,True,False,True,0,0.0,0,True,3,E_C_upd:dp_he3;L_E_upd:none,1.663020517394065,0.9785666666666667,LIIEIIIC,,fixed_mode_fixed_privacy,60.46549906245798,0.0,1.2340224754307783,6.765977524569221,0.58,2,6.911200311588957,127.93708972343008,1,1.2340224754307783,dp_he3/none,packet_protection
6.911200311588957,3,3,62,717.4141507200001,,2,0.23099727476811882,False,,True,True,True,True,False,True,0,0.0,0,True,3,E_C_upd:dp_he3;L_E_upd:none,1.2711442061474538,0.9796,LIIEIIIC,,fixed_mode_fixed_privacy,61.217395715256096,0.0,1.2340224754307783,6.765977524569221,0.58,2,6.911200311588957,132.28002631547193,1,1.2340224754307783,dp_he3/none,packet_protection
6.911200311588957,3,3,63,717.4141507200001,,3,0.23099727476811882,False,,True,True,True,True,False,True,0,0.0,0,True,3,E_C_upd:dp_he3;L_E_upd:none,1.4309148880902602,0.9790833333333333,LIIEIIIC,,fixed_mode_fixed_privacy,51.85108942572285,0.0,1.2340224754307783,6.765977524569221,0.58,2,6.911200311588957,122.14767833267081,1,1.2340224754307783,dp_he3/none,packet_protection
6.911200311588957,3,3,64,717.4141507200001,,4,0.23099727476811882,False,,True,True,True,True,False,True,0,0.0,0,True,3,E_C_upd:dp_he3;L_E_upd:none,1.8405891045455842,0.97805,LIIEIIIC,,fixed_mode_fixed_privacy,57.825889721655074,0.0,1.2340224754307783,6.765977524569221,0.58,2,6.911200311588957,138.6771710311176,1,1.2340224754307783,dp_he3/none,packet_protection
,,,65,0.0,,5,0.0,False,,True,True,True,True,True,True,0,0.0,0,True,3,,inf,0.0,SKIP,,fixed_mode_fixed_privacy,,0.0,0.0,8.0,0.0,2,,0.0,0,0.0,none,packet_protection
6.911200311588957,3,3,66,717.4141507200001,,6,0.23099727476811882,False,,True,True,True,True,False,True,0,0.0,0,True,3,E_C_upd:dp_he3;L_E_upd:none,1.8093775561702643,0.9796,LIIEIIIC,,fixed_mode_fixed_privacy,58.66755507534674,0.0,1.2340224754307783,6.765977524569221,0.58,2,6.911200311588957,121.76945615844492,1,1.2340224754307783,dp_he3/none,packet_protection
6.911200311588957,3,3,67,717.4141507200001,,7,0.23099727476811882,False,,True,True,True,True,False,True,0,0.0,0,True,3,E_C_upd:dp_he3;L_E_upd:none,1.7349815617663098,0.9790833333333333,LIIEIIIC,,fixed_mode_fixed_privacy,69.28530067025079,0.0,1.2340224754307783,6.765977524569221,0.58,2,6.911200311588957,153.74751993004637,1,1.2340224754307783,dp_he3/none,packet_protection
6.911200311588957,3,3,68,717.4141507200001,,8,0.23099727476811882,False,,True,True,True,True,False,True,0,0.0,0,True,3,E_C_upd:dp_he3;L_E_upd:none,1.6746949941761489,0.9801166666666666,LIIEIIIC,,fixed_mode_fixed_privacy,52.99982572744319,0.0,1.2340224754307783,6.765977524569221,0.58,2,6.911200311588957,119.74566707620286,1,1.2340224754307783,dp_he3/none,packet_protection
,,,69,0.0,,9,0.0,False,,True,True,True,True,True,True,0,0.0,0,True,3,,inf,0.0,SKIP,,fixed_mode_fixed_privacy,,0.0,0.0,8.0,0.0,2,,0.0,0,0.0,none,packet_protection
6.911200311588957,3,3,70,717.4141507200001,,0,0.23099727476811882,False,,True,True,True,True,False,True,0,0.0,0,True,3,E_C_upd:dp_he3;L_E_upd:none,2.208645096509279,0.9796,LIIEIIIC,,fixed_mode_fixed_privacy,62.227527084003526,0.0,1.2340224754307783,6.765977524569221,0.58,2,6.911200311588957,136.63576417828858,1,1.2340224754307783,dp_he3/none,packet_protection
6.911200311588957,3,3,71,717.4141507200001,,1,0.23099727476811882,False,,True,True,True,True,False,True,0,0.0,0,True,3,E_C_upd:dp_he3;L_E_upd:none,1.826628304645198,0.9785666666666667,LIIEIIIC,,fixed_mode_fixed_privacy,63.54883478905702,0.0,1.2340224754307783,6.765977524569221,0.58,2,6.911200311588957,131.1186573280882,1,1.2340224754307783,dp_he3/none,packet_protection
,,,72,0.0,,2,0.0,False,,True,True,True,True,True,True,0,0.0,0,True,3,,inf,0.0,SKIP,,fixed_mode_fixed_privacy,,0.0,0.0,8.0,0.0,2,,0.0,0,0.0,none,packet_protection
6.911200311588957,3,3,73,717.4141507200001,,3,0.23099727476811882,False,,True,True,True,True,False,True,0,0.0,0,True,3,E_C_upd:dp_he3;L_E_upd:none,1.949324494891817,0.9785666666666667,LIIEIIIC,,fixed_mode_fixed_privacy,64.61153543288043,0.0,1.2340224754307783,6.765977524569221,0.58,2,6.911200311588957,134.44374764804428,1,1.2340224754307783,dp_he3/none,packet_protection
6.911200311588957,3,3,74,717.4141507200001,,4,0.23099727476811882,False,,True,True,True,True,False,True,0,0.0,0,True,3,E_C_upd:dp_he3;L_E_upd:none,2.373369464974584,0.9775333333333334,LIIEIIIC,,fixed_mode_fixed_privacy,48.586867786826076,0.0,1.2340224754307783,6.765977524569221,0.58,2,6.911200311588957,115.72001013816144,1,1.2340224754307783,dp_he3/none,packet_protection
6.911200311588957,3,3,75,717.4141507200001,,5,0.23099727476811882,False,,True,True,True,True,False,True,0,0.0,0,True,3,E_C_upd:dp_he3;L_E_upd:none,1.0329957754014922,0.9790833333333333,LIIEIIIC,,fixed_mode_fixed_privacy,62.11180665710819,0.0,1.2340224754307783,6.765977524569221,0.58,2,6.911200311588957,129.04382443019688,1,1.2340224754307783,dp_he3/none,packet_protection
6.911200311588957,3,3,76,717.4141507200001,,6,0.23099727476811882,False,,True,True,True,True,False,True,0,0.0,0,True,3,E_C_upd:dp_he3;L_E_upd:none,1.5225967874451976,0.9796,LIIEIIIC,,fixed_mode_fixed_privacy,62.12543186651809,0.0,1.2340224754307783,6.765977524569221,0.58,2,6.911200311588957,124.08790759154473,1,1.2340224754307783,dp_he3/none,packet_protection
,,,77,0.0,,7,0.0,False,,True,True,True,True,True,True,0,0.0,0,True,3,,inf,0.0,SKIP,,fixed_mode_fixed_privacy,,0.0,0.0,8.0,0.0,2,,0.0,0,0.0,none,packet_protection
6.911200311588957,3,3,78,717.4141507200001,,8,0.23099727476811882,False,,True,True,True,True,False,True,0,0.0,0,True,3,E_C_upd:dp_he3;L_E_upd:none,2.1302373664638856,0.9801166666666666,LIIEIIIC,,fixed_mode_fixed_privacy,55.47280405342045,0.0,1.2340224754307783,6.765977524569221,0.58,2,6.911200311588957,129.03678673821793,1,1.2340224754307783,dp_he3/none,packet_protection
6.911200311588957,3,3,79,717.4141507200001,,9,0.23099727476811882,False,,True,True,True,True,False,True,0,0.0,0,True,3,E_C_upd:dp_he3;L_E_upd:none,1.5075545469820644,0.98115,LIIEIIIC,,fixed_mode_fixed_privacy,62.10897926537581,0.0,1.2340224754307783,6.765977524569221,0.58,2,6.911200311588957,128.55304941973998,1,1.2340224754307783,dp_he3/none,packet_protection
6.911200311588957,3,3,80,717.4141507200001,,0,0.23099727476811882,False,,True,True,True,True,False,True,0,0.0,0,True,3,E_C_upd:dp_he3;L_E_upd:none,1.8296725957303435,0.9796,LIIEIIIC,,fixed_mode_fixed_privacy,63.59359330232455,0.0,1.2340224754307783,6.765977524569221,0.58,2,6.911200311588957,138.88746711268612,1,1.2340224754307783,dp_he3/none,packet_protection
6.911200311588957,3,3,81,717.4141507200001,,1,0.23099727476811882,False,,True,True,True,True,False,True,0,0.0,0,True,3,E_C_upd:dp_he3;L_E_upd:none,2.550842491022395,0.9785666666666667,LIIEIIIC,,fixed_mode_fixed_privacy,49.36685502651702,0.0,1.2340224754307783,6.765977524569221,0.58,2,6.911200311588957,124.57222034654578,1,1.2340224754307783,dp_he3/none,packet_protection
6.911200311588957,3,3,82,717.4141507200001,,2,0.23099727476811882,False,,True,True,True,True,False,True,0,0.0,0,True,3,E_C_upd:dp_he3;L_E_upd:none,1.2161122283893053,0.9796,LIIEIIIC,,fixed_mode_fixed_privacy,70.00645607650078,0.0,1.2340224754307783,6.765977524569221,0.58,2,6.911200311588957,144.52440309558247,1,1.2340224754307783,dp_he3/none,packet_protection
6.911200311588957,3,3,83,717.4141507200001,,3,0.23099727476811882,False,,True,True,True,True,False,True,0,0.0,0,True,3,E_C_upd:dp_he3;L_E_upd:none,1.4318254026176642,0.9785666666666667,LIIEIIIC,,fixed_mode_fixed_privacy,63.372240709233964,0.0,1.2340224754307783,6.765977524569221,0.58,2,6.911200311588957,135.57695202535348,1,1.2340224754307783,dp_he3/none,packet_protection
6.911200311588957,3,3,84,717.4141507200001,,4,0.23099727476811882,False,,True,True,True,True,False,True,0,0.0,0,True,3,E_C_upd:dp_he3;L_E_upd:none,2.1478191071057733,0.9775333333333334,LIIEIIIC,,fixed_mode_fixed_privacy,48.854883711687094,0.0,1.2340224754307783,6.765977524569221,0.58,2,6.911200311588957,125.7780276953971,1,1.2340224754307783,dp_he3/none,packet_protection
,,,85,0.0,,5,0.0,False,,True,True,True,True,True,True,0,0.0,0,True,3,,inf,0.0,SKIP,,fixed_mode_fixed_privacy,,0.0,0.0,8.0,0.0,2,,0.0,0,0.0,none,packet_protection
6.911200311588957,3,3,86,717.4141507200001,,6,0.23099727476811882,False,,True,True,True,True,False,True,0,0.0,0,True,3,E_C_upd:dp_he3;L_E_upd:none,1.7996014940214557,0.9796,LIIEIIIC,,fixed_mode_fixed_privacy,52.52043280769821,0.0,1.2340224754307783,6.765977524569221,0.58,2,6.911200311588957,127.4022038252927,1,1.2340224754307783,dp_he3/none,packet_protection
6.911200311588957,3,3,87,717.4141507200001,,7,0.23099727476811882,False,,True,True,True,True,False,True,0,0.0,0,True,3,E_C_upd:dp_he3;L_E_upd:none,2.474420304413817,0.9790833333333333,LIIEIIIC,,fixed_mode_fixed_privacy,54.18332668995559,0.0,1.2340224754307783,6.765977524569221,0.58,2,6.911200311588957,135.14620013463377,1,1.2340224754307783,dp_he3/none,packet_protection
6.911200311588957,3,3,88,717.4141507200001,,8,0.23099727476811882,False,,True,True,True,True,False,True,0,0.0,0,True,3,E_C_upd:dp_he3;L_E_upd:none,2.3858028244505176,0.9801166666666666,LIIEIIIC,,fixed_mode_fixed_privacy,58.025683337447596,0.0,1.2340224754307783,6.765977524569221,0.58,2,6.911200311588957,139.76077573677398,1,1.2340224754307783,dp_he3/none,packet_protection
6.911200311588957,3,3,89,717.4141507200001,,9,0.23099727476811882,False,,True,True,True,True,False,True,0,0.0,0,True,3,E_C_upd:dp_he3;L_E_upd:none,1.3705276667987023,0.98115,LIIEIIIC,,fixed_mode_fixed_privacy,62.66602321837576,0.0,1.2340224754307783,6.765977524569221,0.58,2,6.911200311588957,125.1735850194075,1,1.2340224754307783,dp_he3/none,packet_protection
6.911200311588957,3,3,90,717.4141507200001,,0,0.23099727476811882,False,,True,True,True,True,False,True,0,0.0,0,True,3,E_C_upd:dp_he3;L_E_upd:none,2.4332702580801087,0.9790833333333333,LIIEIIIC,,fixed_mode_fixed_privacy,69.37976726647508,0.0,1.2340224754307783,6.765977524569221,0.58,2,6.911200311588957,133.5212443232573,1,1.2340224754307783,dp_he3/none,packet_protection
6.911200311588957,3,3,91,717.4141507200001,,1,0.23099727476811882,False,,True,True,True,True,False,True,0,0.0,0,True,3,E_C_upd:dp_he3;L_E_upd:none,1.0364106472173031,0.97805,LIIEIIIC,,fixed_mode_fixed_privacy,47.94704157309819,0.0,1.2340224754307783,6.765977524569221,0.58,2,6.911200311588957,112.0051758778013,1,1.2340224754307783,dp_he3/none,packet_protection
6.911200311588957,3,3,92,717.4141507200001,,2,0.23099727476811882,False,,True,True,True,True,False,True,0,0.0,0,True,3,E_C_upd:dp_he3;L_E_upd:none,1.7756584058061933,0.9796,LIIEIIIC,,fixed_mode_fixed_privacy,58.009921734912325,0.0,1.2340224754307783,6.765977524569221,0.58,2,6.911200311588957,132.61990011354618,1,1.2340224754307783,dp_he3/none,packet_protection
6.911200311588957,3,3,93,717.4141507200001,,3,0.23099727476811882,False,,True,True,True,True,False,True,0,0.0,0,True,3,E_C_upd:dp_he3;L_E_upd:none,1.2763035970769345,0.9785666666666667,LIIEIIIC,,fixed_mode_fixed_privacy,63.54161505504035,0.0,1.2340224754307783,6.765977524569221,0.58,2,6.911200311588957,138.799481595181,1,1.2340224754307783,dp_he3/none,packet_protection
6.911200311588957,3,3,94,717.4141507200001,,4,0.23099727476811882,False,,True,True,True,True,False,True,0,0.0,0,True,3,E_C_upd:dp_he3;L_E_upd:none,1.022644065962914,0.9775333333333334,LIIEIIIC,,fixed_mode_fixed_privacy,54.77370177180592,0.0,1.2340224754307783,6.765977524569221,0.58,2,6.911200311588957,118.79894895368645,1,1.2340224754307783,dp_he3/none,packet_protection
6.911200311588957,3,3,95,717.4141507200001,,5,0.23099727476811882,False,,True,True,True,True,False,True,0,0.0,0,True,3,E_C_upd:dp_he3;L_E_upd:none,2.386951937299487,0.9790833333333333,LIIEIIIC,,fixed_mode_fixed_privacy,53.79228142524234,0.0,1.2340224754307783,6.765977524569221,0.58,2,6.911200311588957,127.50730095370699,1,1.2340224754307783,dp_he3/none,packet_protection
6.911200311588957,3,3,96,717.4141507200001,,6,0.23099727476811882,False,,True,True,True,True,False,True,0,0.0,0,True,3,E_C_upd:dp_he3;L_E_upd:none,1.0407947296407267,0.9790833333333333,LIIEIIIC,,fixed_mode_fixed_privacy,69.46254797422162,0.0,1.2340224754307783,6.765977524569221,0.58,2,6.911200311588957,140.1275376786508,1,1.2340224754307783,dp_he3/none,packet_protection
6.911200311588957,3,3,97,717.4141507200001,,7,0.23099727476811882,False,,True,True,True,True,False,True,0,0.0,0,True,3,E_C_upd:dp_he3;L_E_upd:none,1.2270978966466777,0.97805,LIIEIIIC,,fixed_mode_fixed_privacy,65.38717368412493,0.0,1.2340224754307783,6.765977524569221,0.58,2,6.911200311588957,137.04449822434668,1,1.2340224754307783,dp_he3/none,packet_protection
,,,98,0.0,,8,0.0,False,,True,True,True,True,True,True,0,0.0,0,True,3,,inf,0.0,SKIP,,fixed_mode_fixed_privacy,,0.0,0.0,8.0,0.0,2,,0.0,0,0.0,none,packet_protection
6.911200311588957,3,3,99,717.4141507200001,,9,0.23099727476811882,False,,True,True,True,True,False,True,0,0.0,0,True,3,E_C_upd:dp_he3;L_E_upd:none,1.5665195180963505,0.98115,LIIEIIIC,,fixed_mode_fixed_privacy,60.45551477341004,0.0,1.2340224754307783,6.765977524569221,0.58,2,6.911200311588957,142.00661458244588,1,1.2340224754307783,dp_he3/none,packet_protection
6.911200311588957,3,3,0,717.4141507200001,,0,0.19690327016058795,False,,True,True,True,True,False,True,0,0.0,0,True,3,E_C_upd:dp_he3;L_E_upd:none,2.4526825050714955,0.9796,LIIEIIIC,,fixed_mode_fixed_privacy,62.86194725676451,0.0,1.4309257455913662,6.569074254408633,0.58,3,6.911200311588957,133.2882378730353,1,1.4309257455913662,dp_he3/none,packet_protection
6.911200311588957,3,3,1,717.4141507200001,,1,0.19690327016058795,False,,True,True,True,True,False,True,0,0.0,0,True,3,E_C_upd:dp_he3;L_E_upd:none,2.020729936082863,0.9790833333333333,LIIEIIIC,,fixed_mode_fixed_privacy,56.471305267994595,0.0,1.4309257455913662,6.569074254408633,0.58,3,6.911200311588957,130.71021405801355,1,1.4309257455913662,dp_he3/none,packet_protection
6.911200311588957,3,3,2,717.4141507200001,,2,0.19690327016058795,False,,True,True,True,True,False,True,0,0.0,0,True,3,E_C_upd:dp_he3;L_E_upd:none,1.380488196284812,0.9801166666666666,LIIEIIIC,,fixed_mode_fixed_privacy,61.97993169535445,0.0,1.4309257455913662,6.569074254408633,0.58,3,6.911200311588957,129.61523183424876,1,1.4309257455913662,dp_he3/none,packet_protection
6.911200311588957,3,3,3,717.4141507200001,,3,0.19690327016058795,False,,True,True,True,True,False,True,0,0.0,0,True,3,E_C_upd:dp_he3;L_E_upd:none,1.7431799468753328,0.9796,LIIEIIIC,,fixed_mode_fixed_privacy,67.40220025019329,0.0,1.4309257455913662,6.569074254408633,0.58,3,6.911200311588957,133.13857706114607,1,1.4309257455913662,dp_he3/none,packet_protection
6.911200311588957,3,3,4,717.4141507200001,,4,0.19690327016058795,False,,True,True,True,True,False,True,0,0.0,0,True,3,E_C_upd:dp_he3;L_E_upd:none,1.0840160768825502,0.97805,LIIEIIIC,,fixed_mode_fixed_privacy,54.32160254276102,0.0,1.4309257455913662,6.569074254408633,0.58,3,6.911200311588957,130.98874547716392,1,1.4309257455913662,dp_he3/none,packet_protection
,,,5,0.0,,5,0.0,False,,True,True,True,True,True,True,0,0.0,0,True,3,,inf,0.0,SKIP,,fixed_mode_fixed_privacy,,0.0,0.0,8.0,0.0,3,,0.0,0,0.0,none,packet_protection
6.911200311588957,3,3,6,717.4141507200001,,6,0.19690327016058795,False,,True,True,True,True,False,True,0,0.0,0,True,3,E_C_upd:dp_he3;L_E_upd:none,2.6303355215731377,0.9796,LIIEIIIC,,fixed_mode_fixed_privacy,64.64690779051776,0.0,1.4309257455913662,6.569074254408633,0.58,3,6.911200311588957,131.17120377896907,1,1.4309257455913662,dp_he3/none,packet_protection
6.911200311588957,3,3,7,717.4141507200001,,7,0.19690327016058795,False,,True,True,True,True,False,True,0,0.0,0,True,3,E_C_upd:dp_he3;L_E_upd:none,2.053595733538623,0.9790833333333333,LIIEIIIC,,fixed_mode_fixed_privacy,47.15771435148279,0.0,1.4309257455913662,6.569074254408633,0.58,3,6.911200311588957,118.00848120614792,1,1.4309257455913662,dp_he3/none,packet_protection
,,,8,0.0,,8,0.0,False,,True,True,True,True,True,True,0,0.0,0,True,3,,inf,0.0,SKIP,,fixed_mode_fixed_privacy,,0.0,0.0,8.0,0.0,3,,0.0,0,0.0,none,packet_protection
6.911200311588957,3,3,9,717.4141507200001,,9,0.19690327016058795,False,,True,True,True,True,False,True,0,0.0,0,True,3,E_C_upd:dp_he3;L_E_upd:none,1.3144213466357852,0.9816666666666666,LIIEIIIC,,fixed_mode_fixed_privacy,56.24150254370441,0.0,1.4309257455913662,6.569074254408633,0.58,3,6.911200311588957,119.0883185529577,1,1.4309257455913662,dp_he3/none,packet_protection
6.911200311588957,3,3,10,717.4141507200001,,0,0.19690327016058795,False,,True,True,True,True,False,True,0,0.0,0,True,3,E_C_upd:dp_he3;L_E_upd:none,0.9864894286034035,0.9796,LIIEIIIC,,fixed_mode_fixed_privacy,58.6564312827083,0.0,1.4309257455913662,6.569074254408633,0.58,3,6.911200311588957,137.8953780883845,1,1.4309257455913662,dp_he3/none,packet_protection
6.911200311588957,3,3,11,717.4141507200001,,1,0.19690327016058795,False,,True,True,True,True,False,True,0,0.0,0,True,3,E_C_upd:dp_he3;L_E_upd:none,2.0833708586033586,0.9785666666666667,LIIEIIIC,,fixed_mode_fixed_privacy,61.262582104354976,0.0,1.4309257455913662,6.569074254408633,0.58,3,6.911200311588957,144.61661788203844,1,1.4309257455913662,dp_he3/none,packet_protection
6.911200311588957,3,3,12,717.4141507200001,,2,0.19690327016058795,False,,True,True,True,True,False,True,0,0.0,0,True,3,E_C_upd:dp_he3;L_E_upd:none,2.67780451323768,0.9796,LIIEIIIC,,fixed_mode_fixed_privacy,56.663147440990386,0.0,1.4309257455913662,6.569074254408633,0.58,3,6.911200311588957,118.81165059885875,1,1.4309257455913662,dp_he3/none,packet_protection
6.911200311588957,3,3,13,717.4141507200001,,3,0.19690327016058795,False,,True,True,True,True,False,True,0,0.0,0,True,3,E_C_upd:dp_he3;L_E_upd:none,1.7205665385753408,0.9790833333333333,LIIEIIIC,,fixed_mode_fixed_privacy,50.69208865438735,0.0,1.4309257455913662,6.569074254408633,0.58,3,6.911200311588957,117.00620010953108,1,1.4309257455913662,dp_he3/none,packet_protection
6.911200311588957,3,3,14,717.4141507200001,,4,0.19690327016058795,False,,True,True,True,True,False,True,0,0.0,0,True,3,E_C_upd:dp_he3;L_E_upd:none,1.9087855950561639,0.97805,LIIEIIIC,,fixed_mode_fixed_privacy,53.816424896573544,0.0,1.4309257455913662,6.569074254408633,0.58,3,6.911200311588957,119.02680254456895,1,1.4309257455913662,dp_he3/none,packet_protection
6.911200311588957,3,3,15,717.4141507200001,,5,0.19690327016058795,False,,True,True,True,True,False,True,0,0.0,0,True,3,E_C_upd:dp_he3;L_E_upd:none,1.9130126015396856,0.9796,LIIEIIIC,,fixed_mode_fixed_privacy,60.24658880627281,0.0,1.4309257455913662,6.569074254408633,0.58,3,6.911200311588957,133.37463243256843,1,1.4309257455913662,dp_he3/none,packet_protection
6.911200311588957,3,3,16,717.4141507200001,,6,0.19690327016058795,False,,True,True,True,True,False,True,0,0.0,0,True,3,E_C_upd:dp_he3;L_E_upd:none,1.1628149379732393,0.9796,LIIEIIIC,,fixed_mode_fixed_privacy,59.114654729286286,0.0,1.4309257455913662,6.569074254408633,0.58,3,6.911200311588957,120.31648547116603,1,1.4309257455913662,dp_he3/none,packet_protection
6.911200311588957,3,3,17,717.4141507200001,,7,0.19690327016058795,False,,True,True,True,True,False,True,0,0.0,0,True,3,E_C_upd:dp_he3;L_E_upd:none,2.6565711564792376,0.9790833333333333,LIIEIIIC,,fixed_mode_fixed_privacy,50.974672050580516,0.0,1.4309257455913662,6.569074254408633,0.58,3,6.911200311588957,116.03070633821272,1,1.4309257455913662,dp_he3/none,packet_protection
6.911200311588957,3,3,18,717.4141507200001,,8,0.19690327016058795,False,,True,True,True,True,False,True,0,0.0,0,True,3,E_C_upd:dp_he3;L_E_upd:none,1.5926943326530782,0.9806333333333332,LIIEIIIC,,fixed_mode_fixed_privacy,59.742497731386315,0.0,1.4309257455913662,6.569074254408633,0.58,3,6.911200311588957,131.77938140867286,1,1.4309257455913662,dp_he3/none,packet_protection
6.911200311588957,3,3,19,717.4141507200001,,9,0.19690327016058795,False,,True,True,True,True,False,True,0,0.0,0,True,3,E_C_upd:dp_he3;L_E_upd:none,2.676393350591775,0.9816666666666666,LIIEIIIC,,fixed_mode_fixed_privacy,62.78118989515501,0.0,1.4309257455913662,6.569074254408633,0.58,3,6.911200311588957,135.71522664250642,1,1.4309257455913662,dp_he3/none,packet_protection
,,,20,0.0,,0,0.0,False,,True,True,True,True,True,True,0,0.0,0,True,3,,inf,0.0,SKIP,,fixed_mode_fixed_privacy,,0.0,0.0,8.0,0.0,3,,0.0,0,0.0,none,packet_protection
6.911200311588957,3,3,21,717.4141507200001,,1,0.19690327016058795,False,,True,True,True,True,False,True,0,0.0,0,True,3,E_C_upd:dp_he3;L_E_upd:none,1.0533693839806015,0.9785666666666667,LIIEIIIC,,fixed_mode_fixed_privacy,57.801649851784525,0.0,1.4309257455913662,6.569074254408633,0.58,3,6.911200311588957,127.04019465124819,1,1.4309257455913662,dp_he3/none,packet_protection
6.911200311588957,3,3,22,717.4141507200001,,2,0.19690327016058795,False,,True,True,True,True,False,True,0,0.0,0,True,3,E_C_upd:dp_he3;L_E_upd:none,2.162089858147671,0.9796,LIIEIIIC,,fixed_mode_fixed_privacy,69.65909156825751,0.0,1.4309257455913662,6.569074254408633,0.58,3,6.911200311588957,139.88492232930537,1,1.4309257455913662,dp_he3/none,packet_protection
6.911200311588957,3,3,23,717.4141507200001,,3,0.19690327016058795,False,,True,True,True,True,False,True,0,0.0,0,True,3,E_C_upd:dp_he3;L_E_upd:none,1.5216668391258723,0.9790833333333333,LIIEIIIC,,fixed_mode_fixed_privacy,63.195380424442654,0.0,1.4309257455913662,6.569074254408633,0.58,3,6.911200311588957,129.0849417083911,1,1.4309257455913662,dp_he3/none,packet_protection
6.911200311588957,3,3,24,717.4141507200001,,4,0.19690327016058795,False,,True,True,True,True,False,True,0,0.0,0,True,3,E_C_upd:dp_he3;L_E_upd:none,2.509690730837996,0.97805,LIIEIIIC,,fixed_mode_fixed_privacy,61.46742206099219,0.0,1.4309257455913662,6.569074254408633,0.58,3,6.911200311588957,129.48351492995636,1,1.4309257455913662,dp_he3/none,packet_protection
6.911200311588957,3,3,25,717.4141507200001,,5,0.19690327016058795,False,,True,True,True,True,False,True,0,0.0,0,True,3,E_C_upd:dp_he3;L_E_upd:none,2.141894505673916,0.9796,LIIEIIIC,,fixed_mode_fixed_privacy,58.73515272721559,0.0,1.4309257455913662,6.569074254408633,0.58,3,6.911200311588957,123.51139429579624,1,1.4309257455913662,dp_he3/none,packet_protection
6.911200311588957,3,3,26,717.4141507200001,,6,0.19690327016058795,False,,True,True,True,True,False,True,0,0.0,0,True,3,E_C_upd:dp_he3;L_E_upd:none,2.6156949390605306,0.9796,LIIEIIIC,,fixed_mode_fixed_privacy,51.035004078201176,0.0,1.4309257455913662,6.569074254408633,0.58,3,6.911200311588957,127.53600243454457,1,1.4309257455913662,dp_he3/none,packet_protection
6.911200311588957,3,3,27,717.4141507200001,,7,0.19690327016058795,False,,True,True,True,True,False,True,0,0.0,0,True,3,E_C_upd:dp_he3;L_E_upd:none,1.3581486205054942,0.9790833333333333,LIIEIIIC,,fixed_mode_fixed_privacy,50.605499650156155,0.0,1.4309257455913662,6.569074254408633,0.58,3,6.911200311588957,114.96623869577064,1,1.4309257455913662,dp_he3/none,packet_protection
6.911200311588957,3,3,28,717.4141507200001,,8,0.19690327016058795,False,,True,True,True,True,False,True,0,0.0,0,True,3,E_C_upd:dp_he3;L_E_upd:none,1.0529798758229736,0.9801166666666666,LIIEIIIC,,fixed_mode_fixed_privacy,62.0517061342287,0.0,1.4309257455913662,6.569074254408633,0.58,3,6.911200311588957,129.3868249995941,1,1.4309257455913662,dp_he3/none,packet_protection
6.911200311588957,3,3,29,717.4141507200001,,9,0.19690327016058795,False,,True,True,True,True,False,True,0,0.0,0,True,3,E_C_upd:dp_he3;L_E_upd:none,1.5238328230436504,0.9816666666666666,LIIEIIIC,,fixed_mode_fixed_privacy,65.79831590417402,0.0,1.4309257455913662,6.569074254408633,0.58,3,6.911200311588957,129.68136905289631,1,1.4309257455913662,dp_he3/none,packet_protection
6.911200311588957,3,3,30,717.4141507200001,,0,0.19690327016058795,False,,True,True,True,True,False,True,0,0.0,0,True,3,E_C_upd:dp_he3;L_E_upd:none,1.304595337452328,0.9796,LIIEIIIC,,fixed_mode_fixed_privacy,55.73858709520243,0.0,1.4309257455913662,6.569074254408633,0.58,3,6.911200311588957,136.946100271299,1,1.4309257455913662,dp_he3/none,packet_protection
6.911200311588957,3,3,31,717.4141507200001,,1,0.19690327016058795,False,,True,True,True,True,False,True,0,0.0,0,True,3,E_C_upd:dp_he3;L_E_upd:none,2.2969552434688674,0.9785666666666667,LIIEIIIC,,fixed_mode_fixed_privacy,53.8184766122704,0.0,1.4309257455913662,6.569074254408633,0.58,3,6.911200311588957,118.6973571776764,1,1.4309257455913662,dp_he3/none,packet_protection
,,,32,0.0,,2,0.0,False,,True,True,True,True,True,True,0,0.0,0,True,3,,inf,0.0,SKIP,,fixed_mode_fixed_privacy,,0.0,0.0,8.0,0.0,3,,0.0,0,0.0,none,packet_protection
6.911200311588957,3,3,33,717.4141507200001,,3,0.19690327016058795,False,,True,True,True,True,False,True,0,0.0,0,True,3,E_C_upd:dp_he3;L_E_upd:none,1.0040228730641931,0.9790833333333333,LIIEIIIC,,fixed_mode_fixed_privacy,63.51976369299021,0.0,1.4309257455913662,6.569074254408633,0.58,3,6.911200311588957,133.13824201249727,1,1.4309257455913662,dp_he3/none,packet_protection
6.911200311588957,3,3,34,717.4141507200001,,4,0.19690327016058795,False,,True,True,True,True,False,True,0,0.0,0,True,3,E_C_upd:dp_he3;L_E_upd:none,1.4720682121450308,0.97805,LIIEIIIC,,fixed_mode_fixed_privacy,61.27265473124461,0.0,1.4309257455913662,6.569074254408633,0.58,3,6.911200311588957,140.41914962431449,1,1.4309257455913662,dp_he3/none,packet_protection
6.911200311588957,3,3,35,717.4141507200001,,5,0.19690327016058795,False,,True,True,True,True,False,True,0,0.0,0,True,3,E_C_upd:dp_he3;L_E_upd:none,2.1366723680721345,0.9796,LIIEIIIC,,fixed_mode_fixed_privacy,56.34192408173266,0.0,1.4309257455913662,6.569074254408633,0.58,3,6.911200311588957,133.84179268864023,1,1.4309257455913662,dp_he3/none,packet_protection
6.911200311588957,3,3,36,717.4141507200001,,6,0.19690327016058795,False,,True,True,True,True,False,True,0,0.0,0,True,3,E_C_upd:dp_he3;L_E_upd:none,1.9282823167918586,0.9796,LIIEIIIC,,fixed_mode_fixed_privacy,66.20598831560001,0.0,1.4309257455913662,6.569074254408633,0.58,3,6.911200311588957,136.79406757026533,1,1.4309257455913662,dp_he3/none,packet_protection
6.911200311588957,3,3,37,717.4141507200001,,7,0.19690327016058795,False,,True,True,True,True,False,True,0,0.0,0,True,3,E_C_upd:dp_he3;L_E_upd:none,1.192260315036407,0.9790833333333333,LIIEIIIC,,fixed_mode_fixed_privacy,47.39722482683497,0.0,1.4309257455913662,6.569074254408633,0.58,3,6.911200311588957,117.70483860839437,1,1.4309257455913662,dp_he3/none,packet_protection
6.911200311588957,3,3,38,717.4141507200001,,8,0.19690327016058795,False,,True,True,True,True,False,True,0,0.0,0,True,3,E_C_upd:dp_he3;L_E_upd:none,2.5502852751622296,0.9801166666666666,LIIEIIIC,,fixed_mode_fixed_privacy,51.725539788182196,0.0,1.4309257455913662,6.569074254408633,0.58,3,6.911200311588957,129.5872666472235,1,1.4309257455913662,dp_he3/none,packet_protection
6.911200311588957,3,3,39,717.4141507200001,,9,0.19690327016058795,False,,True,True,True,True,False,True,0,0.0,0,True,3,E_C_upd:dp_he3;L_E_upd:none,1.2461187749535723,0.9816666666666666,LIIEIIIC,,fixed_mode_fixed_privacy,56.25672124307356,0.0,1.4309257455913662,6.569074254408633,0.58,3,6.911200311588957,124.22848261353187,1,1.4309257455913662,dp_he3/none,packet_protection
6.911200311588957,3,3,40,717.4141507200001,,0,0.19690327016058795,False,,True,True,True,True,False,True,0,0.0,0,True,3,E_C_upd:dp_he3;L_E_upd:none,1.718281661052106,0.9796,LIIEIIIC,,fixed_mode_fixed_privacy,52.484927202431294,0.0,1.4309257455913662,6.569074254408633,0.58,3,6.911200311588957,131.89355226987067,1,1.4309257455913662,dp_he3/none,packet_protection
6.911200311588957,3,3,41,717.4141507200001,,1,0.19690327016058795,False,,True,True,True,True,False,True,0,0.0,0,True,3,E_C_upd:dp_he3;L_E_upd:none,1.2035142721899799,0.9785666666666667,LIIEIIIC,,fixed_mode_fixed_privacy,49.02118731968716,0.0,1.4309257455913662,6.569074254408633,0.58,3,6.911200311588957,116.82935966158068,1,1.4309257455913662,dp_he3/none,packet_protection
6.911200311588957,3,3,42,717.4141507200001,,2,0.19690327016058795,False,,True,True,True,True,False,True,0,0.0,0,True,3,E_C_upd:dp_he3;L_E_upd:none,1.0518635048612208,0.9796,LIIEIIIC,,fixed_mode_fixed_privacy,60.32802238868641,0.0,1.4309257455913662,6.569074254408633,0.58,3,6.911200311588957,130.47296290719015,1,1.4309257455913662,dp_he3/none,packet_protection
6.911200311588957,3,3,43,717.4141507200001,,3,0.19690327016058795,False,,True,True,True,True,False,True,0,0.0,0,True,3,E_C_upd:dp_he3;L_E_upd:none,2.157731341345857,0.9790833333333333,LIIEIIIC,,fixed_mode_fixed_privacy,58.09521780392568,0.0,1.4309257455913662,6.569074254408633,0.58,3,6.911200311588957,121.87726465625533,1,1.4309257455913662,dp_he3/none,packet_protection
6.911200311588957,3,3,44,717.4141507200001,,4,0.19690327016058795,False,,True,True,True,True,False,True,0,0.0,0,True,3,E_C_upd:dp_he3;L_E_upd:none,1.8939537747589035,0.97805,LIIEIIIC,,fixed_mode_fixed_privacy,58.88021881553007,0.0,1.4309257455913662,6.569074254408633,0.58,3,6.911200311588957,126.5684622223762,1,1.4309257455913662,dp_he3/none,packet_protection
6.911200311588957,3,3,45,717.4141507200001,,5,0.19690327016058795,False,,True,True,True,True,False,True,0,0.0,0,True,3,E_C_upd:dp_he3;L_E_upd:none,2.1894368395630277,0.9796,LIIEIIIC,,fixed_mode_fixed_privacy,55.67272215372017,0.0,1.4309257455913662,6.569074254408633,0.58,3,6.911200311588957,121.36603231680003,1,1.4309257455913662,dp_he3/none,packet_protection
,,,46,0.0,,6,0.0,False,,True,True,True,True,True,True,0,0.0,0,True,3,,inf,0.0,SKIP,,fixed_mode_fixed_privacy,,0.0,0.0,8.0,0.0,3,,0.0,0,0.0,none,packet_protection
6.911200311588957,3,3,47,717.4141507200001,,7,0.19690327016058795,False,,True,True,True,True,False,True,0,0.0,0,True,3,E_C_upd:dp_he3;L_E_upd:none,1.2106043506675663,0.9790833333333333,LIIEIIIC,,fixed_mode_fixed_privacy,57.188457531107815,0.0,1.4309257455913662,6.569074254408633,0.58,3,6.911200311588957,128.49136132698942,1,1.4309257455913662,dp_he3/none,packet_protection
6.911200311588957,3,3,48,717.4141507200001,,8,0.19690327016058795,False,,True,True,True,True,False,True,0,0.0,0,True,3,E_C_upd:dp_he3;L_E_upd:none,1.8872330715439818,0.9801166666666666,LIIEIIIC,,fixed_mode_fixed_privacy,63.55793759590229,0.0,1.4309257455913662,6.569074254408633,0.58,3,6.911200311588957,129.86616622477058,1,1.4309257455913662,dp_he3/none,packet_protection
6.911200311588957,3,3,49,717.4141507200001,,9,0.19690327016058795,False,,True,True,True,True,False,True,0,0.0,0,True,3,E_C_upd:dp_he3;L_E_upd:none,2.6414699298711724,0.98115,LIIEIIIC,,fixed_mode_fixed_privacy,57.865118098246214,0.0,1.4309257455913662,6.569074254408633,0.58,3,6.911200311588957,140.18822167575715,1,1.4309257455913662,dp_he3/none,packet_protection
6.911200311588957,3,3,50,717.4141507200001,,0,0.19690327016058795,False,,True,True,True,True,False,True,0,0.0,0,True,3,E_C_upd:dp_he3;L_E_upd:none,2.357294402957413,0.9796,LIIEIIIC,,fixed_mode_fixed_privacy,61.26175002881728,0.0,1.4309257455913662,6.569074254408633,0.58,3,6.911200311588957,131.90391020960496,1,1.4309257455913662,dp_he3/none,packet_protection
6.911200311588957,3,3,51,717.4141507200001,,1,0.19690327016058795,False,,True,True,True,True,False,True,0,0.0,0,True,3,E_C_upd:dp_he3;L_E_upd:none,1.5496570969226762,0.9785666666666667,LIIEIIIC,,fixed_mode_fixed_privacy,66.8988799413474,0.0,1.4309257455913662,6.569074254408633,0.58,3,6.911200311588957,138.5658714587222,1,1.4309257455913662,dp_he3/none,packet_protection
,,,52,0.0,,2,0.0,False,,True,True,True,True,True,True,0,0.0,0,True,3,,inf,0.0,SKIP,,fixed_mode_fixed_privacy,,0.0,0.0,8.0,0.0,3,,0.0,0,0.0,none,packet_protection
6.911200311588957,3,3,53,717.4141507200001,,3,0.19690327016058795,False,,True,True,True,True,False,True,0,0.0,0,True,3,E_C_upd:dp_he3;L_E_upd:none,1.770461903305378,0.9790833333333333,LIIEIIIC,,fixed_mode_fixed_privacy,56.00584284324493,0.0,1.4309257455913662,6.569074254408633,0.58,3,6.911200311588957,124.23367118835849,1,1.4309257455913662,dp_he3/none,packet_protection
,,,54,0.0,,4,0.0,False,,True,True,True,True,True,True,0,0.0,0,True,3,,inf,0.0,SKIP,,fixed_mode_fixed_privacy,,0.0,0.0,8.0,0.0,3,,0.0,0,0.0,none,packet_protection
6.911200311588957,3,3,55,717.4141507200001,,5,0.19690327016058795,False,,True,True,True,True,False,True,0,0.0,0,True,3,E_C_upd:dp_he3;L_E_upd:none,2.4836273737631887,0.9796,LIIEIIIC,,fixed_mode_fixed_privacy,66.05106729380155,0.0,1.4309257455913662,6.569074254408633,0.58,3,6.911200311588957,141.71037988860022,1,1.4309257455913662,dp_he3/none,packet_protection
6.911200311588957,3,3,56,717.4141507200001,,6,0.19690327016058795,False,,True,True,True,True,False,True,0,0.0,0,True,3,E_C_upd:dp_he3;L_E_upd:none,1.8118084234022185,0.9796,LIIEIIIC,,fixed_mode_fixed_privacy,55.90315033124651,0.0,1.4309257455913662,6.569074254408633,0.58,3,6.911200311588957,123.2322772916676,1,1.4309257455913662,dp_he3/none,packet_protection
6.911200311588957,3,3,57,717.4141507200001,,7,0.19690327016058795,False,,True,True,True,True,False,True,0,0.0,0,True,3,E_C_upd:dp_he3;L_E_upd:none,2.3077190009814617,0.9790833333333333,LIIEIIIC,,fixed_mode_fixed_privacy,57.31621718219698,0.0,1.4309257455913662,6.569074254408633,0.58,3,6.911200311588957,137.7291645074684,1,1.4309257455913662,dp_he3/none,packet_protection
6.911200311588957,3,3,58,717.4141507200001,,8,0.19690327016058795,False,,True,True,True,True,False,True,0,0.0,0,True,3,E_C_upd:dp_he3;L_E_upd:none,1.8813699941523465,0.9801166666666666,LIIEIIIC,,fixed_mode_fixed_privacy,63.44636111029769,0.0,1.4309257455913662,6.569074254408633,0.58,3,6.911200311588957,132.77324715541346,1,1.4309257455913662,dp_he3/none,packet_protection
6.911200311588957,3,3,59,717.4141507200001,,9,0.19690327016058795,False,,True,True,True,True,False,True,0,0.0,0,True,3,E_C_upd:dp_he3;L_E_upd:none,1.0079643620644898,0.98115,LIIEIIIC,,fixed_mode_fixed_privacy,56.5295834533795,0.0,1.4309257455913662,6.569074254408633,0.58,3,6.911200311588957,122.1906567544517,1,1.4309257455913662,dp_he3/none,packet_protection
,,,60,0.0,,0,0.0,False,,True,True,True,True,True,True,0,0.0,0,True,3,,inf,0.0,SKIP,,fixed_mode_fixed_privacy,,0.0,0.0,8.0,0.0,3,,0.0,0,0.0,none,packet_protection
6.911200311588957,3,3,61,717.4141507200001,,1,0.19690327016058795,False,,True,True,True,True,False,True,0,0.0,0,True,3,E_C_upd:dp_he3;L_E_upd:none,1.663020517394065,0.9785666666666667,LIIEIIIC,,fixed_mode_fixed_privacy,51.44473322163885,0.0,1.4309257455913662,6.569074254408633,0.58,3,6.911200311588957,126.45162964661499,1,1.4309257455913662,dp_he3/none,packet_protection
6.911200311588957,3,3,62,717.4141507200001,,2,0.19690327016058795,False,,True,True,True,True,False,True,0,0.0,0,True,3,E_C_upd:dp_he3;L_E_upd:none,1.2711442061474538,0.9796,LIIEIIIC,,fixed_mode_fixed_privacy,58.013816906404294,0.0,1.4309257455913662,6.569074254408633,0.58,3,6.911200311588957,120.16831956582031,1,1.4309257455913662,dp_he3/none,packet_protection
6.911200311588957,3,3,63,717.4141507200001,,3,0.19690327016058795,False,,True,True,True,True,False,True,0,0.0,0,True,3,E_C_upd:dp_he3;L_E_upd:none,1.4309148880902602,0.9790833333333333,LIIEIIIC,,fixed_mode_fixed_privacy,56.46835077517531,0.0,1.4309257455913662,6.569074254408633,0.58,3,6.911200311588957,123.18365985501592,1,1.4309257455913662,dp_he3/none,packet_protection
6.911200311588957,3,3,64,717.4141507200001,,4,0.19690327016058795,False,,True,True,True,True,False,True,0,0.0,0,True,3,E_C_upd:dp_he3;L_E_upd:none,1.8405891045455842,0.97805,LIIEIIIC,,fixed_mode_fixed_privacy,56.13905407076197,0.0,1.4309257455913662,6.569074254408633,0.58,3,6.911200311588957,134.8956947953889,1,1.4309257455913662,dp_he3/none,packet_protection
,,,65,0.0,,5,0.0,False,,True,True,True,True,True,True,0,0.0,0,True,3,,inf,0.0,SKIP,,fixed_mode_fixed_privacy,,0.0,0.0,8.0,0.0,3,,0.0,0,0.0,none,packet_protection
6.911200311588957,3,3,66,717.4141507200001,,6,0.19690327016058795,False,,True,True,True,True,False,True,0,0.0,0,True,3,E_C_upd:dp_he3;L_E_upd:none,1.8093775561702643,0.9796,LIIEIIIC,,fixed_mode_fixed_privacy,60.15353206990167,0.0,1.4309257455913662,6.569074254408633,0.58,3,6.911200311588957,127.12510160131067,1,1.4309257455913662,dp_he3/none,packet_protection
6.911200311588957,3,3,67,717.4141507200001,,7,0.19690327016058795,False,,True,True,True,True,False,True,0,0.0,0,True,3,E_C_upd:dp_he3;L_E_upd:none,1.7349815617663098,0.9790833333333333,LIIEIIIC,,fixed_mode_fixed_privacy,54.6010482397746,0.0,1.4309257455913662,6.569074254408633,0.58,3,6.911200311588957,134.39193670197452,1,1.4309257455913662,dp_he3/none,packet_protection
6.911200311588957,3,3,68,717.4141507200001,,8,0.19690327016058795,False,,True,True,True,True,False,True,0,0.0,0,True,3,E_C_upd:dp_he3;L_E_upd:none,1.6746949941761489,0.9801166666666666,LIIEIIIC,,fixed_mode_fixed_privacy,53.091703108329874,0.0,1.4309257455913662,6.569074254408633,0.58,3,6.911200311588957,122.8999266070274,1,1.4309257455913662,dp_he3/none,packet_protection
,,,69,0.0,,9,0.0,False,,True,True,True,True,True,True,0,0.0,0,True,3,,inf,0.0,SKIP,,fixed_mode_fixed_privacy,,0.0,0.0,8.0,0.0,3,,0.0,0,0.0,none,packet_protection
6.911200311588957,3,3,70,717.4141507200001,,0,0.19690327016058795,False,,True,True,True,True,False,True,0,0.0,0,True,3,E_C_upd:dp_he3;L_E_upd:none,2.208645096509279,0.9796,LIIEIIIC,,fixed_mode_fixed_privacy,52.59642832986141,0.0,1.4309257455913662,6.569074254408633,0.58,3,6.911200311588957,123.92551341429187,1,1.4309257455913662,dp_he3/none,packet_protection
6.911200311588957,3,3,71,717.4141507200001,,1,0.19690327016058795,False,,True,True,True,True,False,True,0,0.0,0,True,3,E_C_upd:dp_he3;L_E_upd:none,1.826628304645198,0.9785666666666667,LIIEIIIC,,fixed_mode_fixed_privacy,48.78140442727827,0.0,1.4309257455913662,6.569074254408633,0.58,3,6.911200311588957,120.862790553894,1,1.4309257455913662,dp_he3/none,packet_protection
,,,72,0.0,,2,0.0,False,,True,True,True,True,True,True,0,0.0,0,True,3,,inf,0.0,SKIP,,fixed_mode_fixed_privacy,,0.0,0.0,8.0,0.0,3,,0.0,0,0.0,none,packet_protection
6.911200311588957,3,3,73,717.4141507200001,,3,0.19690327016058795,False,,True,True,True,True,False,True,0,0.0,0,True,3,E_C_upd:dp_he3;L_E_upd:none,1.949324494891817,0.9785666666666667,LIIEIIIC,,fixed_mode_fixed_privacy,64.33911059834402,0.0,1.4309257455913662,6.569074254408633,0.58,3,6.911200311588957,141.55196157210764,1,1.4309257455913662,dp_he3/none,packet_protection
6.911200311588957,3,3,74,717.4141507200001,,4,0.19690327016058795,False,,True,True,True,True,False,True,0,0.0,0,True,3,E_C_upd:dp_he3;L_E_upd:none,2.373369464974584,0.9775333333333334,LIIEIIIC,,fixed_mode_fixed_privacy,53.15230160053967,0.0,1.4309257455913662,6.569074254408633,0.58,3,6.911200311588957,131.01687881768737,1,1.4309257455913662,dp_he3/none,packet_protection
6.911200311588957,3,3,75,717.4141507200001,,5,0.19690327016058795,False,,True,True,True,True,False,True,0,0.0,0,True,3,E_C_upd:dp_he3;L_E_upd:none,1.0329957754014922,0.9790833333333333,LIIEIIIC,,fixed_mode_fixed_privacy,58.804946535655425,0.0,1.4309257455913662,6.569074254408633,0.58,3,6.911200311588957,127.98527273338925,1,1.4309257455913662,dp_he3/none,packet_protection
6.911200311588957,3,3,76,717.4141507200001,,6,0.19690327016058795,False,,True,True,True,True,False,True,0,0.0,0,True,3,E_C_upd:dp_he3;L_E_upd:none,1.5225967874451976,0.9796,LIIEIIIC,,fixed_mode_fixed_privacy,62.47930500321154,0.0,1.4309257455913662,6.569074254408633,0.58,3,6.911200311588957,131.05256985814742,1,1.4309257455913662,dp_he3/none,packet_protection
,,,77,0.0,,7,0.0,False,,True,True,True,True,True,True,0,0.0,0,True,3,,inf,0.0,SKIP,,fixed_mode_fixed_privacy,,0.0,0.0,8.0,0.0,3,,0.0,0,0.0,none,packet_protection
6.911200311588957,3,3,78,717.4141507200001,,8,0.19690327016058795,False,,True,True,True,True,False,True,0,0.0,0,True,3,E_C_upd:dp_he3;L_E_upd:none,2.1302373664638856,0.9801166666666666,LIIEIIIC,,fixed_mode_fixed_privacy,55.74004513661505,0.0,1.4309257455913662,6.569074254408633,0.58,3,6.911200311588957,117.44025318203168,1,1.4309257455913662,dp_he3/none,packet_protection
6.911200311588957,3,3,79,717.4141507200001,,9,0.19690327016058795,False,,True,True,True,True,False,True,0,0.0,0,True,3,E_C_upd:dp_he3;L_E_upd:none,1.5075545469820644,0.98115,LIIEIIIC,,fixed_mode_fixed_privacy,54.523443345537046,0.0,1.4309257455913662,6.569074254408633,0.58,3,6.911200311588957,131.803728526796,1,1.4309257455913662,dp_he3/none,packet_protection
6.911200311588957,3,3,80,717.4141507200001,,0,0.19690327016058795,False,,True,True,True,True,False,True,0,0.0,0,True,3,E_C_upd:dp_he3;L_E_upd:none,1.8296725957303435,0.9796,LIIEIIIC,,fixed_mode_fixed_privacy,66.13743073657545,0.0,1.4309257455913662,6.569074254408633,0.58,3,6.911200311588957,133.37705315186557,1,1.4309257455913662,dp_he3/none,packet_protection
6.911200311588957,3,3,81,717.4141507200001,,1,0.19690327016058795,False,,True,True,True,True,False,True,0,0.0,0,True,3,E_C_upd:dp_he3;L_E_upd:none,2.550842491022395,0.9785666666666667,LIIEIIIC,,fixed_mode_fixed_privacy,51.88298695897266,0.0,1.4309257455913662,6.569074254408633,0.58,3,6.911200311588957,133.63917188361415,1,1.4309257455913662,dp_he3/none,packet_protection
6.911200311588957,3,3,82,717.4141507200001,,2,0.19690327016058795,False,,True,True,True,True,False,True,0,0.0,0,True,3,E_C_upd:dp_he3;L_E_upd:none,1.2161122283893053,0.9796,LIIEIIIC,,fixed_mode_fixed_privacy,57.496013416564516,0.0,1.4309257455913662,6.569074254408633,0.58,3,6.911200311588957,131.75245286447282,1,1.4309257455913662,dp_he3/none,packet_protection
6.911200311588957,3,3,83,717.4141507200001,,3,0.19690327016058795,False,,True,True,True,True,False,True,0,0.0,0,True,3,E_C_upd:dp_he3;L_E_upd:none,1.4318254026176642,0.9785666666666667,LIIEIIIC,,fixed_mode_fixed_privacy,50.81488481926516,0.0,1.4309257455913662,6.569074254408633,0.58,3,6.911200311588957,113.7123383659093,1,1.4309257455913662,dp_he3/none,packet_protection
6.911200311588957,3,3,84,717.4141507200001,,4,0.19690327016058795,False,,True,True,True,True,False,True,0,0.0,0,True,3,E_C_upd:dp_he3;L_E_upd:none,2.1478191071057733,0.9775333333333334,LIIEIIIC,,fixed_mode_fixed_privacy,66.89888247163297,0.0,1.4309257455913662,6.569074254408633,0.58,3,6.911200311588957,131.53647521694847,1,1.4309257455913662,dp_he3/none,packet_protection
,,,85,0.0,,5,0.0,False,,True,True,True,True,True,True,0,0.0,0,True,3,,inf,0.0,SKIP,,fixed_mode_fixed_privacy,,0.0,0.0,8.0,0.0,3,,0.0,0,0.0,none,packet_protection
6.911200311588957,3,3,86,717.4141507200001,,6,0.19690327016058795,False,,True,True,True,True,False,True,0,0.0,0,True,3,E_C_upd:dp_he3;L_E_upd:none,1.7996014940214557,0.9796,LIIEIIIC,,fixed_mode_fixed_privacy,66.36114272380857,0.0,1.4309257455913662,6.569074254408633,0.58,3,6.911200311588957,136.76887205285107,1,1.4309257455913662,dp_he3/none,packet_protection
6.911200311588957,3,3,87,717.4141507200001,,7,0.19690327016058795,False,,True,True,True,True,False,True,0,0.0,0,True,3,E_C_upd:dp_he3;L_E_upd:none,2.474420304413817,0.9790833333333333,LIIEIIIC,,fixed_mode_fixed_privacy,56.280691771041326,0.0,1.4309257455913662,6.569074254408633,0.58,3,6.911200311588957,124.32189882968717,1,1.4309257455913662,dp_he3/none,packet_protection
6.911200311588957,3,3,88,717.4141507200001,,8,0.19690327016058795,False,,True,True,True,True,False,True,0,0.0,0,True,3,E_C_upd:dp_he3;L_E_upd:none,2.3858028244505176,0.9801166666666666,LIIEIIIC,,fixed_mode_fixed_privacy,60.84202716262029,0.0,1.4309257455913662,6.569074254408633,0.58,3,6.911200311588957,124.6650998510373,1,1.4309257455913662,dp_he3/none,packet_protection
6.911200311588957,3,3,89,717.4141507200001,,9,0.19690327016058795,False,,True,True,True,True,False,True,0,0.0,0,True,3,E_C_upd:dp_he3;L_E_upd:none,1.3705276667987023,0.98115,LIIEIIIC,,fixed_mode_fixed_privacy,51.00166178771166,0.0,1.4309257455913662,6.569074254408633,0.58,3,6.911200311588957,121.07881004258026,1,1.4309257455913662,dp_he3/none,packet_protection
6.911200311588957,3,3,90,717.4141507200001,,0,0.19690327016058795,False,,True,True,True,True,False,True,0,0.0,0,True,3,E_C_upd:dp_he3;L_E_upd:none,2.4332702580801087,0.9790833333333333,LIIEIIIC,,fixed_mode_fixed_privacy,59.019231542169656,0.0,1.4309257455913662,6.569074254408633,0.58,3,6.911200311588957,136.95909986650628,1,1.4309257455913662,dp_he3/none,packet_protection
6.911200311588957,3,3,91,717.4141507200001,,1,0.19690327016058795,False,,True,True,True,True,False,True,0,0.0,0,True,3,E_C_upd:dp_he3;L_E_upd:none,1.0364106472173031,0.97805,LIIEIIIC,,fixed_mode_fixed_privacy,51.49939763361399,0.0,1.4309257455913662,6.569074254408633,0.58,3,6.911200311588957,118.87564476904012,1,1.4309257455913662,dp_he3/none,packet_protection
6.911200311588957,3,3,92,717.4141507200001,,2,0.19690327016058795,False,,True,True,True,True,False,True,0,0.0,0,True,3,E_C_upd:dp_he3;L_E_upd:none,1.7756584058061933,0.9796,LIIEIIIC,,fixed_mode_fixed_privacy,56.999279529223614,0.0,1.4309257455913662,6.569074254408633,0.58,3,6.911200311588957,123.92809609832078,1,1.4309257455913662,dp_he3/none,packet_protection
6.911200311588957,3,3,93,717.4141507200001,,3,0.19690327016058795,False,,True,True,True,True,False,True,0,0.0,0,True,3,E_C_upd:dp_he3;L_E_upd:none,1.2763035970769345,0.9785666666666667,LIIEIIIC,,fixed_mode_fixed_privacy,52.5206379349506,0.0,1.4309257455913662,6.569074254408633,0.58,3,6.911200311588957,124.17379269580846,1,1.4309257455913662,dp_he3/none,packet_protection
6.911200311588957,3,3,94,717.4141507200001,,4,0.19690327016058795,False,,True,True,True,True,False,True,0,0.0,0,True,3,E_C_upd:dp_he3;L_E_upd:none,1.022644065962914,0.9775333333333334,LIIEIIIC,,fixed_mode_fixed_privacy,62.32747931281783,0.0,1.4309257455913662,6.569074254408633,0.58,3,6.911200311588957,126.59657912357864,1,1.4309257455913662,dp_he3/none,packet_protection
6.911200311588957,3,3,95,717.4141507200001,,5,0.19690327016058795,False,,True,True,True,True,False,True,0,0.0,0,True,3,E_C_upd:dp_he3;L_E_upd:none,2.386951937299487,0.9790833333333333,LIIEIIIC,,fixed_mode_fixed_privacy,55.2890319400812,0.0,1.4309257455913662,6.569074254408633,0.58,3,6.911200311588957,123.46172310576172,1,1.4309257455913662,dp_he3/none,packet_protection
6.911200311588957,3,3,96,717.4141507200001,,6,0.19690327016058795,False,,True,True,True,True,False,True,0,0.0,0,True,3,E_C_upd:dp_he3;L_E_upd:none,1.0407947296407267,0.9790833333333333,LIIEIIIC,,fixed_mode_fixed_privacy,50.523705148804815,0.0,1.4309257455913662,6.569074254408633,0.58,3,6.911200311588957,110.78605240890319,1,1.4309257455913662,dp_he3/none,packet_protection
6.911200311588957,3,3,97,717.4141507200001,,7,0.19690327016058795,False,,True,True,True,True,False,True,0,0.0,0,True,3,E_C_upd:dp_he3;L_E_upd:none,1.2270978966466777,0.97805,LIIEIIIC,,fixed_mode_fixed_privacy,50.501161080338626,0.0,1.4309257455913662,6.569074254408633,0.58,3,6.911200311588957,128.50707384915717,1,1.4309257455913662,dp_he3/none,packet_protection
,,,98,0.0,,8,0.0,False,,True,True,True,True,True,True,0,0.0,0,True,3,,inf,0.0,SKIP,,fixed_mode_fixed_privacy,,0.0,0.0,8.0,0.0,3,,0.0,0,0.0,none,packet_protection
6.911200311588957,3,3,99,717.4141507200001,,9,0.19690327016058795,False,,True,True,True,True,False,True,0,0.0,0,True,3,E_C_upd:dp_he3;L_E_upd:none,1.5665195180963505,0.98115,LIIEIIIC,,fixed_mode_fixed_privacy,53.21120641301182,0.0,1.4309257455913662,6.569074254408633,0.58,3,6.911200311588957,120.4524909176032,1,1.4309257455913662,dp_he3/none,packet_protection
6.911200311588957,3,3,0,717.4141507200001,,0,0.17404132528135463,False,,True,True,True,True,False,True,0,0.0,0,True,3,E_C_upd:dp_he3;L_E_upd:none,2.4526825050714955,0.9796,LIIEIIIC,,fixed_mode_fixed_privacy,58.526715787924324,0.0,1.6049670708727208,6.395032929127279,0.58,4,6.911200311588957,122.00459147567007,1,1.6049670708727208,dp_he3/none,packet_protection
6.911200311588957,3,3,1,717.4141507200001,,1,0.17404132528135463,False,,True,True,True,True,False,True,0,0.0,0,True,3,E_C_upd:dp_he3;L_E_upd:none,2.020729936082863,0.9790833333333333,LIIEIIIC,,fixed_mode_fixed_privacy,51.54439988418768,0.0,1.6049670708727208,6.395032929127279,0.58,4,6.911200311588957,114.59686571890487,1,1.6049670708727208,dp_he3/none,packet_protection
6.911200311588957,3,3,2,717.4141507200001,,2,0.17404132528135463,False,,True,True,True,True,False,True,0,0.0,0,True,3,E_C_upd:dp_he3;L_E_upd:none,1.380488196284812,0.9801166666666666,LIIEIIIC,,fixed_mode_fixed_privacy,65.35447971007282,0.0,1.6049670708727208,6.395032929127279,0.58,4,6.911200311588957,141.2603769300415,1,1.6049670708727208,dp_he3/none,packet_protection
6.911200311588957,3,3,3,717.4141507200001,,3,0.17404132528135463,False,,True,True,True,True,False,True,0,0.0,0,True,3,E_C_upd:dp_he3;L_E_upd:none,1.7431799468753328,0.9796,LIIEIIIC,,fixed_mode_fixed_privacy,46.798465364110186,0.0,1.6049670708727208,6.395032929127279,0.58,4,6.911200311588957,111.6057165562371,1,1.6049670708727208,dp_he3/none,packet_protection
6.911200311588957,3,3,4,717.4141507200001,,4,0.17404132528135463,False,,True,True,True,True,False,True,0,0.0,0,True,3,E_C_upd:dp_he3;L_E_upd:none,1.0840160768825502,0.97805,LIIEIIIC,,fixed_mode_fixed_privacy,46.78467266177038,0.0,1.6049670708727208,6.395032929127279,0.58,4,6.911200311588957,107.41552339223111,1,1.6049670708727208,dp_he3/none,packet_protection
,,,5,0.0,,5,0.0,False,,True,True,True,True,True,True,0,0.0,0,True,3,,inf,0.0,SKIP,,fixed_mode_fixed_privacy,,0.0,0.0,8.0,0.0,4,,0.0,0,0.0,none,packet_protection
6.911200311588957,3,3,6,717.4141507200001,,6,0.17404132528135463,False,,True,True,True,True,False,True,0,0.0,0,True,3,E_C_upd:dp_he3;L_E_upd:none,2.6303355215731377,0.9796,LIIEIIIC,,fixed_mode_fixed_privacy,54.9056315290567,0.0,1.6049670708727208,6.395032929127279,0.58,4,6.911200311588957,116.28107735086694,1,1.6049670708727208,dp_he3/none,packet_protection
6.911200311588957,3,3,7,717.4141507200001,,7,0.17404132528135463,False,,True,True,True,True,False,True,0,0.0,0,True,3,E_C_upd:dp_he3;L_E_upd:none,2.053595733538623,0.9790833333333333,LIIEIIIC,,fixed_mode_fixed_privacy,61.173062987335484,0.0,1.6049670708727208,6.395032929127279,0.58,4,6.911200311588957,127.11179883829156,1,1.6049670708727208,dp_he3/none,packet_protection
,,,8,0.0,,8,0.0,False,,True,True,True,True,True,True,0,0.0,0,True,3,,inf,0.0,SKIP,,fixed_mode_fixed_privacy,,0.0,0.0,8.0,0.0,4,,0.0,0,0.0,none,packet_protection
6.911200311588957,3,3,9,717.4141507200001,,9,0.17404132528135463,False,,True,True,True,True,False,True,0,0.0,0,True,3,E_C_upd:dp_he3;L_E_upd:none,1.3144213466357852,0.9816666666666666,LIIEIIIC,,fixed_mode_fixed_privacy,52.17216081949792,0.0,1.6049670708727208,6.395032929127279,0.58,4,6.911200311588957,115.08629000753795,1,1.6049670708727208,dp_he3/none,packet_protection
6.911200311588957,3,3,10,717.4141507200001,,0,0.17404132528135463,False,,True,True,True,True,False,True,0,0.0,0,True,3,E_C_upd:dp_he3;L_E_upd:none,0.9864894286034035,0.9796,LIIEIIIC,,fixed_mode_fixed_privacy,55.776610175586185,0.0,1.6049670708727208,6.395032929127279,0.58,4,6.911200311588957,115.53005614224918,1,1.6049670708727208,dp_he3/none,packet_protection
6.911200311588957,3,3,11,717.4141507200001,,1,0.17404132528135463,False,,True,True,True,True,False,True,0,0.0,0,True,3,E_C_upd:dp_he3;L_E_upd:none,2.0833708586033586,0.9785666666666667,LIIEIIIC,,fixed_mode_fixed_privacy,64.3012857333571,0.0,1.6049670708727208,6.395032929127279,0.58,4,6.911200311588957,137.05480501968677,1,1.6049670708727208,dp_he3/none,packet_protection
6.911200311588957,3,3,12,717.4141507200001,,2,0.17404132528135463,False,,True,True,True,True,False,True,0,0.0,0,True,3,E_C_upd:dp_he3;L_E_upd:none,2.67780451323768,0.9796,LIIEIIIC,,fixed_mode_fixed_privacy,61.905030127061195,0.0,1.6049670708727208,6.395032929127279,0.58,4,6.911200311588957,134.82404101665958,1,1.6049670708727208,dp_he3/none,packet_protection
6.911200311588957,3,3,13,717.4141507200001,,3,0.17404132528135463,False,,True,True,True,True,False,True,0,0.0,0,True,3,E_C_upd:dp_he3;L_E_upd:none,1.7205665385753408,0.9790833333333333,LIIEIIIC,,fixed_mode_fixed_privacy,47.909934381176285,0.0,1.6049670708727208,6.395032929127279,0.58,4,6.911200311588957,114.25776794564565,1,1.6049670708727208,dp_he3/none,packet_protection
6.911200311588957,3,3,14,717.4141507200001,,4,0.17404132528135463,False,,True,True,True,True,False,True,0,0.0,0,True,3,E_C_upd:dp_he3;L_E_upd:none,1.9087855950561639,0.97805,LIIEIIIC,,fixed_mode_fixed_privacy,62.65429192515246,0.0,1.6049670708727208,6.395032929127279,0.58,4,6.911200311588957,129.37127002255977,1,1.6049670708727208,dp_he3/none,packet_protection
6.911200311588957,3,3,15,717.4141507200001,,5,0.17404132528135463,False,,True,True,True,True,False,True,0,0.0,0,True,3,E_C_upd:dp_he3;L_E_upd:none,1.9130126015396856,0.9796,LIIEIIIC,,fixed_mode_fixed_privacy,60.14813558377398,0.0,1.6049670708727208,6.395032929127279,0.58,4,6.911200311588957,139.93993983181596,1,1.6049670708727208,dp_he3/none,packet_protection
6.911200311588957,3,3,16,717.4141507200001,,6,0.17404132528135463,False,,True,True,True,True,False,True,0,0.0,0,True,3,E_C_upd:dp_he3;L_E_upd:none,1.1628149379732393,0.9796,LIIEIIIC,,fixed_mode_fixed_privacy,56.885473790102026,0.0,1.6049670708727208,6.395032929127279,0.58,4,6.911200311588957,122.58858001857091,1,1.6049670708727208,dp_he3/none,packet_protection
6.911200311588957,3,3,17,717.4141507200001,,7,0.17404132528135463,False,,True,True,True,True,False,True,0,0.0,0,True,3,E_C_upd:dp_he3;L_E_upd:none,2.6565711564792376,0.9790833333333333,LIIEIIIC,,fixed_mode_fixed_privacy,54.18191296655261,0.0,1.6049670708727208,6.395032929127279,0.58,4,6.911200311588957,120.2272350349487,1,1.6049670708727208,dp_he3/none,packet_protection
6.911200311588957,3,3,18,717.4141507200001,,8,0.17404132528135463,False,,True,True,True,True,False,True,0,0.0,0,True,3,E_C_upd:dp_he3;L_E_upd:none,1.5926943326530782,0.9806333333333332,LIIEIIIC,,fixed_mode_fixed_privacy,55.4248150685822,0.0,1.6049670708727208,6.395032929127279,0.58,4,6.911200311588957,130.07091023246966,1,1.6049670708727208,dp_he3/none,packet_protection
6.911200311588957,3,3,19,717.4141507200001,,9,0.17404132528135463,False,,True,True,True,True,False,True,0,0.0,0,True,3,E_C_upd:dp_he3;L_E_upd:none,2.676393350591775,0.9816666666666666,LIIEIIIC,,fixed_mode_fixed_privacy,60.239118955451616,0.0,1.6049670708727208,6.395032929127279,0.58,4,6.911200311588957,124.84092109938975,1,1.6049670708727208,dp_he3/none,packet_protection
,,,20,0.0,,0,0.0,False,,True,True,True,True,True,True,0,0.0,0,True,3,,inf,0.0,SKIP,,fixed_mode_fixed_privacy,,0.0,0.0,8.0,0.0,4,,0.0,0,0.0,none,packet_protection
6.911200311588957,3,3,21,717.4141507200001,,1,0.17404132528135463,False,,True,True,True,True,False,True,0,0.0,0,True,3,E_C_upd:dp_he3;L_E_upd:none,1.0533693839806015,0.9785666666666667,LIIEIIIC,,fixed_mode_fixed_privacy,47.54362419239575,0.0,1.6049670708727208,6.395032929127279,0.58,4,6.911200311588957,116.03400165366222,1,1.6049670708727208,dp_he3/none,packet_protection
6.911200311588957,3,3,22,717.4141507200001,,2,0.17404132528135463,False,,True,True,True,True,False,True,0,0.0,0,True,3,E_C_upd:dp_he3;L_E_upd:none,2.162089858147671,0.9796,LIIEIIIC,,fixed_mode_fixed_privacy,57.18443278358912,0.0,1.6049670708727208,6.395032929127279,0.58,4,6.911200311588957,134.1320285607833,1,1.6049670708727208,dp_he3/none,packet_protection
6.911200311588957,3,3,23,717.4141507200001,,3,0.17404132528135463,False,,True,True,True,True,False,True,0,0.0,0,True,3,E_C_upd:dp_he3;L_E_upd:none,1.5216668391258723,0.9790833333333333,LIIEIIIC,,fixed_mode_fixed_privacy,53.56155386337934,0.0,1.6049670708727208,6.395032929127279,0.58,4,6.911200311588957,124.99406469939882,1,1.6049670708727208,dp_he3/none,packet_protection
6.911200311588957,3,3,24,717.4141507200001,,4,0.17404132528135463,False,,True,True,True,True,False,True,0,0.0,0,True,3,E_C_upd:dp_he3;L_E_upd:none,2.509690730837996,0.97805,LIIEIIIC,,fixed_mode_fixed_privacy,56.34146212937449,0.0,1.6049670708727208,6.395032929127279,0.58,4,6.911200311588957,131.12236884775805,1,1.6049670708727208,dp_he3/none,packet_protection
6.911200311588957,3,3,25,717.4141507200001,,5,0.17404132528135463,False,,True,True,True,True,False,True,0,0.0,0,True,3,E_C_upd:dp_he3;L_E_upd:none,2.141894505673916,0.9796,LIIEIIIC,,fixed_mode_fixed_privacy,50.734237633416846,0.0,1.6049670708727208,6.395032929127279,0.58,4,6.911200311588957,112.4886705320275,1,1.6049670708727208,dp_he3/none,packet_protection
6.911200311588957,3,3,26,717.4141507200001,,6,0.17404132528135463,False,,True,True,True,True,False,True,0,0.0,0,True,3,E_C_upd:dp_he3;L_E_upd:none,2.6156949390605306,0.9796,LIIEIIIC,,fixed_mode_fixed_privacy,52.172772671051845,0.0,1.6049670708727208,6.395032929127279,0.58,4,6.911200311588957,122.57294317771671,1,1.6049670708727208,dp_he3/none,packet_protection
6.911200311588957,3,3,27,717.4141507200001,,7,0.17404132528135463,False,,True,True,True,True,False,True,0,0.0,0,True,3,E_C_upd:dp_he3;L_E_upd:none,1.3581486205054942,0.9790833333333333,LIIEIIIC,,fixed_mode_fixed_privacy,52.664658139438714,0.0,1.6049670708727208,6.395032929127279,0.58,4,6.911200311588957,123.53186180885879,1,1.6049670708727208,dp_he3/none,packet_protection
6.911200311588957,3,3,28,717.4141507200001,,8,0.17404132528135463,False,,True,True,True,True,False,True,0,0.0,0,True,3,E_C_upd:dp_he3;L_E_upd:none,1.0529798758229736,0.9801166666666666,LIIEIIIC,,fixed_mode_fixed_privacy,59.528927687095916,0.0,1.6049670708727208,6.395032929127279,0.58,4,6.911200311588957,124.6783854402603,1,1.6049670708727208,dp_he3/none,packet_protection
6.911200311588957,3,3,29,717.4141507200001,,9,0.17404132528135463,False,,True,True,True,True,False,True,0,0.0,0,True,3,E_C_upd:dp_he3;L_E_upd:none,1.5238328230436504,0.9816666666666666,LIIEIIIC,,fixed_mode_fixed_privacy,61.24251952777674,0.0,1.6049670708727208,6.395032929127279,0.58,4,6.911200311588957,136.01915746081272,1,1.6049670708727208,dp_he3/none,packet_protection
6.911200311588957,3,3,30,717.4141507200001,,0,0.17404132528135463,False,,True,True,True,True,False,True,0,0.0,0,True,3,E_C_upd:dp_he3;L_E_upd:none,1.304595337452328,0.9796,LIIEIIIC,,fixed_mode_fixed_privacy,64.03947722703818,0.0,1.6049670708727208,6.395032929127279,0.58,4,6.911200311588957,126.29222245370639,1,1.6049670708727208,dp_he3/none,packet_protection
6.911200311588957,3,3,31,717.4141507200001,,1,0.17404132528135463,False,,True,True,True,True,False,True,0,0.0,0,True,3,E_C_upd:dp_he3;L_E_upd:none,2.2969552434688674,0.9785666666666667,LIIEIIIC,,fixed_mode_fixed_privacy,48.187315763520544,0.0,1.6049670708727208,6.395032929127279,0.58,4,6.911200311588957,111.03880930210273,1,1.6049670708727208,dp_he3/none,packet_protection
,,,32,0.0,,2,0.0,False,,True,True,True,True,True,True,0,0.0,0,True,3,,inf,0.0,SKIP,,fixed_mode_fixed_privacy,,0.0,0.0,8.0,0.0,4,,0.0,0,0.0,none,packet_protection
6.911200311588957,3,3,33,717.4141507200001,,3,0.17404132528135463,False,,True,True,True,True,False,True,0,0.0,0,True,3,E_C_upd:dp_he3;L_E_upd:none,1.0040228730641931,0.9790833333333333,LIIEIIIC,,fixed_mode_fixed_privacy,57.6116948824931,0.0,1.6049670708727208,6.395032929127279,0.58,4,6.911200311588957,119.52376109810666,1,1.6049670708727208,dp_he3/none,packet_protection
6.911200311588957,3,3,34,717.4141507200001,,4,0.17404132528135463,False,,True,True,True,True,False,True,0,0.0,0,True,3,E_C_upd:dp_he3;L_E_upd:none,1.4720682121450308,0.97805,LIIEIIIC,,fixed_mode_fixed_privacy,51.491184407673614,0.0,1.6049670708727208,6.395032929127279,0.58,4,6.911200311588957,118.67285777296448,1,1.6049670708727208,dp_he3/none,packet_protection
6.911200311588957,3,3,35,717.4141507200001,,5,0.17404132528135463,False,,True,True,True,True,False,True,0,0.0,0,True,3,E_C_upd:dp_he3;L_E_upd:none,2.1366723680721345,0.9796,LIIEIIIC,,fixed_mode_fixed_privacy,54.9211231461201,0.0,1.6049670708727208,6.395032929127279,0.58,4,6.911200311588957,124.53253044863519,1,1.6049670708727208,dp_he3/none,packet_protection
6.911200311588957,3,3,36,717.4141507200001,,6,0.17404132528135463,False,,True,True,True,True,False,True,0,0.0,0,True,3,E_C_upd:dp_he3;L_E_upd:none,1.9282823167918586,0.9796,LIIEIIIC,,fixed_mode_fixed_privacy,57.533423389821735,0.0,1.6049670708727208,6.395032929127279,0.58,4,6.911200311588957,133.99903490606613,1,1.6049670708727208,dp_he3/none,packet_protection
6.911200311588957,3,3,37,717.4141507200001,,7,0.17404132528135463,False,,True,True,True,True,False,True,0,0.0,0,True,3,E_C_upd:dp_he3;L_E_upd:none,1.192260315036407,0.9790833333333333,LIIEIIIC,,fixed_mode_fixed_privacy,56.71610707073097,0.0,1.6049670708727208,6.395032929127279,0.58,4,6.911200311588957,120.67532597765585,1,1.6049670708727208,dp_he3/none,packet_protection
6.911200311588957,3,3,38,717.4141507200001,,8,0.17404132528135463,False,,True,True,True,True,False,True,0,0.0,0,True,3,E_C_upd:dp_he3;L_E_upd:none,2.5502852751622296,0.9801166666666666,LIIEIIIC,,fixed_mode_fixed_privacy,58.74992021274259,0.0,1.6049670708727208,6.395032929127279,0.58,4,6.911200311588957,130.72392263489758,1,1.6049670708727208,dp_he3/none,packet_protection
6.911200311588957,3,3,39,717.4141507200001,,9,0.17404132528135463,False,,True,True,True,True,False,True,0,0.0,0,True,3,E_C_upd:dp_he3;L_E_upd:none,1.2461187749535723,0.9816666666666666,LIIEIIIC,,fixed_mode_fixed_privacy,49.13578950278869,0.0,1.6049670708727208,6.395032929127279,0.58,4,6.911200311588957,127.47865420273268,1,1.6049670708727208,dp_he3/none,packet_protection
6.911200311588957,3,3,40,717.4141507200001,,0,0.17404132528135463,False,,True,True,True,True,False,True,0,0.0,0,True,3,E_C_upd:dp_he3;L_E_upd:none,1.718281661052106,0.9796,LIIEIIIC,,fixed_mode_fixed_privacy,52.25020821621233,0.0,1.6049670708727208,6.395032929127279,0.58,4,6.911200311588957,121.66323542481456,1,1.6049670708727208,dp_he3/none,packet_protection
6.911200311588957,3,3,41,717.4141507200001,,1,0.17404132528135463,False,,True,True,True,True,False,True,0,0.0,0,True,3,E_C_upd:dp_he3;L_E_upd:none,1.2035142721899799,0.9785666666666667,LIIEIIIC,,fixed_mode_fixed_privacy,55.152576131762075,0.0,1.6049670708727208,6.395032929127279,0.58,4,6.911200311588957,120.73147283400503,1,1.6049670708727208,dp_he3/none,packet_protection
6.911200311588957,3,3,42,717.4141507200001,,2,0.17404132528135463,False,,True,True,True,True,False,True,0,0.0,0,True,3,E_C_upd:dp_he3;L_E_upd:none,1.0518635048612208,0.9796,LIIEIIIC,,fixed_mode_fixed_privacy,53.6154637904145,0.0,1.6049670708727208,6.395032929127279,0.58,4,6.911200311588957,112.80330556551534,1,1.6049670708727208,dp_he3/none,packet_protection
6.911200311588957,3,3,43,717.4141507200001,,3,0.17404132528135463,False,,True,True,True,True,False,True,0,0.0,0,True,3,E_C_upd:dp_he3;L_E_upd:none,2.157731341345857,0.9790833333333333,LIIEIIIC,,fixed_mode_fixed_privacy,50.086938909122466,0.0,1.6049670708727208,6.395032929127279,0.58,4,6.911200311588957,122.80474147206196,1,1.6049670708727208,dp_he3/none,packet_protection
6.911200311588957,3,3,44,717.4141507200001,,4,0.17404132528135463,False,,True,True,True,True,False,True,0,0.0,0,True,3,E_C_upd:dp_he3;L_E_upd:none,1.8939537747589035,0.97805,LIIEIIIC,,fixed_mode_fixed_privacy,55.93313846422389,0.0,1.6049670708727208,6.395032929127279,0.58,4,6.911200311588957,133.36168661628986,1,1.6049670708727208,dp_he3/none,packet_protection
6.911200311588957,3,3,45,717.4141507200001,,5,0.17404132528135463,False,,True,True,True,True,False,True,0,0.0,0,True,3,E_C_upd:dp_he3;L_E_upd:none,2.1894368395630277,0.9796,LIIEIIIC,,fixed_mode_fixed_privacy,47.84025519093446,0.0,1.6049670708727208,6.395032929127279,0.58,4,6.911200311588957,116.80604909858306,1,1.6049670708727208,dp_he3/none,packet_protection
,,,46,0.0,,6,0.0,False,,True,True,True,True,True,True,0,0.0,0,True,3,,inf,0.0,SKIP,,fixed_mode_fixed_privacy,,0.0,0.0,8.0,0.0,4,,0.0,0,0.0,none,packet_protection
6.911200311588957,3,3,47,717.4141507200001,,7,0.17404132528135463,False,,True,True,True,True,False,True,0,0.0,0,True,3,E_C_upd:dp_he3;L_E_upd:none,1.2106043506675663,0.9790833333333333,LIIEIIIC,,fixed_mode_fixed_privacy,52.6286415229758,0.0,1.6049670708727208,6.395032929127279,0.58,4,6.911200311588957,130.45416895884475,1,1.6049670708727208,dp_he3/none,packet_protection
6.911200311588957,3,3,48,717.4141507200001,,8,0.17404132528135463,False,,True,True,True,True,False,True,0,0.0,0,True,3,E_C_upd:dp_he3;L_E_upd:none,1.8872330715439818,0.9801166666666666,LIIEIIIC,,fixed_mode_fixed_privacy,52.898819788145204,0.0,1.6049670708727208,6.395032929127279,0.58,4,6.911200311588957,113.72262601423606,1,1.6049670708727208,dp_he3/none,packet_protection
6.911200311588957,3,3,49,717.4141507200001,,9,0.17404132528135463,False,,True,True,True,True,False,True,0,0.0,0,True,3,E_C_upd:dp_he3;L_E_upd:none,2.6414699298711724,0.98115,LIIEIIIC,,fixed_mode_fixed_privacy,53.540271953877365,0.0,1.6049670708727208,6.395032929127279,0.58,4,6.911200311588957,113.81221706543533,1,1.6049670708727208,dp_he3/none,packet_protection
6.911200311588957,3,3,50,717.4141507200001,,0,0.17404132528135463,False,,True,True,True,True,False,True,0,0.0,0,True,3,E_C_upd:dp_he3;L_E_upd:none,2.357294402957413,0.9796,LIIEIIIC,,fixed_mode_fixed_privacy,57.566304972162904,0.0,1.6049670708727208,6.395032929127279,0.58,4,6.911200311588957,120.69395291717814,1,1.6049670708727208,dp_he3/none,packet_protection
6.911200311588957,3,3,51,717.4141507200001,,1,0.17404132528135463,False,,True,True,True,True,False,True,0,0.0,0,True,3,E_C_upd:dp_he3;L_E_upd:none,1.5496570969226762,0.9785666666666667,LIIEIIIC,,fixed_mode_fixed_privacy,60.22012147735808,0.0,1.6049670708727208,6.395032929127279,0.58,4,6.911200311588957,127.87015279906079,1,1.6049670708727208,dp_he3/none,packet_protection
,,,52,0.0,,2,0.0,False,,True,True,True,True,True,True,0,0.0,0,True,3,,inf,0.0,SKIP,,fixed_mode_fixed_privacy,,0.0,0.0,8.0,0.0,4,,0.0,0,0.0,none,packet_protection
6.911200311588957,3,3,53,717.4141507200001,,3,0.17404132528135463,False,,True,True,True,True,False,True,0,0.0,0,True,3,E_C_upd:dp_he3;L_E_upd:none,1.770461903305378,0.9790833333333333,LIIEIIIC,,fixed_mode_fixed_privacy,50.0092098140424,0.0,1.6049670708727208,6.395032929127279,0.58,4,6.911200311588957,125.04435343372309,1,1.6049670708727208,dp_he3/none,packet_protection
,,,54,0.0,,4,0.0,False,,True,True,True,True,True,True,0,0.0,0,True,3,,inf,0.0,SKIP,,fixed_mode_fixed_privacy,,0.0,0.0,8.0,0.0,4,,0.0,0,0.0,none,packet_protection
6.911200311588957,3,3,55,717.4141507200001,,5,0.17404132528135463,False,,True,True,True,True,False,True,0,0.0,0,True,3,E_C_upd:dp_he3;L_E_upd:none,2.4836273737631887,0.9796,LIIEIIIC,,fixed_mode_fixed_privacy,51.55978677235468,0.0,1.6049670708727208,6.395032929127279,0.58,4,6.911200311588957,119.05587340327386,1,1.6049670708727208,dp_he3/none,packet_protection
6.911200311588957,3,3,56,717.4141507200001,,6,0.17404132528135463,False,,True,True,True,True,False,True,0,0.0,0,True,3,E_C_upd:dp_he3;L_E_upd:none,1.8118084234022185,0.9796,LIIEIIIC,,fixed_mode_fixed_privacy,50.69855311552763,0.0,1.6049670708727208,6.395032929127279,0.58,4,6.911200311588957,114.56812092577039,1,1.6049670708727208,dp_he3/none,packet_protection
6.911200311588957,3,3,57,717.4141507200001,,7,0.17404132528135463,False,,True,True,True,True,False,True,0,0.0,0,True,3,E_C_upd:dp_he3;L_E_upd:none,2.3077190009814617,0.9790833333333333,LIIEIIIC,,fixed_mode_fixed_privacy,59.435588856165346,0.0,1.6049670708727208,6.395032929127279,0.58,4,6.911200311588957,137.51584515575234,1,1.6049670708727208,dp_he3/none,packet_protection
6.911200311588957,3,3,58,717.4141507200001,,8,0.17404132528135463,False,,True,True,True,True,False,True,0,0.0,0,True,3,E_C_upd:dp_he3;L_E_upd:none,1.8813699941523465,0.9801166666666666,LIIEIIIC,,fixed_mode_fixed_privacy,55.20832264280935,0.0,1.6049670708727208,6.395032929127279,0.58,4,6.911200311588957,121.350121248129,1,1.6049670708727208,dp_he3/none,packet_protection
6.911200311588957,3,3,59,717.4141507200001,,9,0.17404132528135463,False,,True,True,True,True,False,True,0,0.0,0,True,3,E_C_upd:dp_he3;L_E_upd:none,1.0079643620644898,0.98115,LIIEIIIC,,fixed_mode_fixed_privacy,49.513520377387934,0.0,1.6049670708727208,6.395032929127279,0.58,4,6.911200311588957,126.79453959801172,1,1.6049670708727208,dp_he3/none,packet_protection
,,,60,0.0,,0,0.0,False,,True,True,True,True,True,True,0,0.0,0,True,3,,inf,0.0,SKIP,,fixed_mode_fixed_privacy,,0.0,0.0,8.0,0.0,4,,0.0,0,0.0,none,packet_protection
6.911200311588957,3,3,61,717.4141507200001,,1,0.17404132528135463,False,,True,True,True,True,False,True,0,0.0,0,True,3,E_C_upd:dp_he3;L_E_upd:none,1.663020517394065,0.9785666666666667,LIIEIIIC,,fixed_mode_fixed_privacy,54.835441984834816,0.0,1.6049670708727208,6.395032929127279,0.58,4,6.911200311588957,115.0346209675611,1,1.6049670708727208,dp_he3/none,packet_protection
6.911200311588957,3,3,62,717.4141507200001,,2,0.17404132528135463,False,,True,True,True,True,False,True,0,0.0,0,True,3,E_C_upd:dp_he3;L_E_upd:none,1.2711442061474538,0.9796,LIIEIIIC,,fixed_mode_fixed_privacy,55.156436573721535,0.0,1.6049670708727208,6.395032929127279,0.58,4,6.911200311588957,129.24256928108926,1,1.6049670708727208,dp_he3/none,packet_protection
6.911200311588957,3,3,63,717.4141507200001,,3,0.17404132528135463,False,,True,True,True,True,False,True,0,0.0,0,True,3,E_C_upd:dp_he3;L_E_upd:none,1.4309148880902602,0.9790833333333333,LIIEIIIC,,fixed_mode_fixed_privacy,55.69870086951809,0.0,1.6049670708727208,6.395032929127279,0.58,4,6.911200311588957,118.63064368176194,1,1.6049670708727208,dp_he3/none,packet_protection
6.911200311588957,3,3,64,717.4141507200001,,4,0.17404132528135463,False,,True,True,True,True,False,True,0,0.0,0,True,3,E_C_upd:dp_he3;L_E_upd:none,1.8405891045455842,0.97805,LIIEIIIC,,fixed_mode_fixed_privacy,59.4989538977033,0.0,1.6049670708727208,6.395032929127279,0.58,4,6.911200311588957,130.0320851399838,1,1.6049670708727208,dp_he3/none,packet_protection
,,,65,0.0,,5,0.0,False,,True,True,True,True,True,True,0,0.0,0,True,3,,inf,0.0,SKIP,,fixed_mode_fixed_privacy,,0.0,0.0,8.0,0.0,4,,0.0,0,0.0,none,packet_protection
6.911200311588957,3,3,66,717.4141507200001,,6,0.17404132528135463,False,,True,True,True,True,False,True,0,0.0,0,True,3,E_C_upd:dp_he3;L_E_upd:none,1.8093775561702643,0.9796,LIIEIIIC,,fixed_mode_fixed_privacy,56.7909518031239,0.0,1.6049670708727208,6.395032929127279,0.58,4,6.911200311588957,124.56323415540871,1,1.6049670708727208,dp_he3/none,packet_protection
6.911200311588957,3,3,67,717.4141507200001,,7,0.17404132528135463,False,,True,True,True,True,False,True,0,0.0,0,True,3,E_C_upd:dp_he3;L_E_upd:none,1.7349815617663098,0.9790833333333333,LIIEIIIC,,fixed_mode_fixed_privacy,49.74096842695188,0.0,1.6049670708727208,6.395032929127279,0.58,4,6.911200311588957,112.49001571133094,1,1.6049670708727208,dp_he3/none,packet_protection
6.911200311588957,3,3,68,717.4141507200001,,8,0.17404132528135463,False,,True,True,True,True,False,True,0,0.0,0,True,3,E_C_upd:dp_he3;L_E_upd:none,1.6746949941761489,0.9801166666666666,LIIEIIIC,,fixed_mode_fixed_privacy,58.356798435131914,0.0,1.6049670708727208,6.395032929127279,0.58,4,6.911200311588957,119.04983811862397,1,1.6049670708727208,dp_he3/none,packet_protection
,,,69,0.0,,9,0.0,False,,True,True,True,True,True,True,0,0.0,0,True,3,,inf,0.0,SKIP,,fixed_mode_fixed_privacy,,0.0,0.0,8.0,0.0,4,,0.0,0,0.0,none,packet_protection
6.911200311588957,3,3,70,717.4141507200001,,0,0.17404132528135463,False,,True,True,True,True,False,True,0,0.0,0,True,3,E_C_upd:dp_he3;L_E_upd:none,2.208645096509279,0.9796,LIIEIIIC,,fixed_mode_fixed_privacy,63.3963651764432,0.0,1.6049670708727208,6.395032929127279,0.58,4,6.911200311588957,144.96311905996026,1,1.6049670708727208,dp_he3/none,packet_protection
6.911200311588957,3,3,71,717.4141507200001,,1,0.17404132528135463,False,,True,True,True,True,False,True,0,0.0,0,True,3,E_C_upd:dp_he3;L_E_upd:none,1.826628304645198,0.9785666666666667,LIIEIIIC,,fixed_mode_fixed_privacy,49.915815633108835,0.0,1.6049670708727208,6.395032929127279,0.58,4,6.911200311588957,119.6414554768434,1,1.6049670708727208,dp_he3/none,packet_protection
,,,72,0.0,,2,0.0,False,,True,True,True,True,True,True,0,0.0,0,True,3,,inf,0.0,SKIP,,fixed_mode_fixed_privacy,,0.0,0.0,8.0,0.0,4,,0.0,0,0.0,none,packet_protection
6.911200311588957,3,3,73,717.4141507200001,,3,0.17404132528135463,False,,True,True,True,True,False,True,0,0.0,0,True,3,E_C_upd:dp_he3;L_E_upd:none,1.949324494891817,0.9785666666666667,LIIEIIIC,,fixed_mode_fixed_privacy,46.18477076078952,0.0,1.6049670708727208,6.395032929127279,0.58,4,6.911200311588957,117.26107056622807,1,1.6049670708727208,dp_he3/none,packet_protection
6.911200311588957,3,3,74,717.4141507200001,,4,0.17404132528135463,False,,True,True,True,True,False,True,0,0.0,0,True,3,E_C_upd:dp_he3;L_E_upd:none,2.373369464974584,0.9775333333333334,LIIEIIIC,,fixed_mode_fixed_privacy,52.57077238499848,0.0,1.6049670708727208,6.395032929127279,0.58,4,6.911200311588957,114.33535052222044,1,1.6049670708727208,dp_he3/none,packet_protection
6.911200311588957,3,3,75,717.4141507200001,,5,0.17404132528135463,False,,True,True,True,True,False,True,0,0.0,0,True,3,E_C_upd:dp_he3;L_E_upd:none,1.0329957754014922,0.9790833333333333,LIIEIIIC,,fixed_mode_fixed_privacy,66.06522133374267,0.0,1.6049670708727208,6.395032929127279,0.58,4,6.911200311588957,131.2023170647138,1,1.6049670708727208,dp_he3/none,packet_protection
6.911200311588957,3,3,76,717.4141507200001,,6,0.17404132528135463,False,,True,True,True,True,False,True,0,0.0,0,True,3,E_C_upd:dp_he3;L_E_upd:none,1.5225967874451976,0.9796,LIIEIIIC,,fixed_mode_fixed_privacy,57.17506134967464,0.0,1.6049670708727208,6.395032929127279,0.58,4,6.911200311588957,126.3837302357529,1,1.6049670708727208,dp_he3/none,packet_protection
,,,77,0.0,,7,0.0,False,,True,True,True,True,True,True,0,0.0,0,True,3,,inf,0.0,SKIP,,fixed_mode_fixed_privacy,,0.0,0.0,8.0,0.0,4,,0.0,0,0.0,none,packet_protection
6.911200311588957,3,3,78,717.4141507200001,,8,0.17404132528135463,False,,True,True,True,True,False,True,0,0.0,0,True,3,E_C_upd:dp_he3;L_E_upd:none,2.1302373664638856,0.9801166666666666,LIIEIIIC,,fixed_mode_fixed_privacy,53.637356295130516,0.0,1.6049670708727208,6.395032929127279,0.58,4,6.911200311588957,122.18397016835308,1,1.6049670708727208,dp_he3/none,packet_protection
6.911200311588957,3,3,79,717.4141507200001,,9,0.17404132528135463,False,,True,True,True,True,False,True,0,0.0,0,True,3,E_C_upd:dp_he3;L_E_upd:none,1.5075545469820644,0.98115,LIIEIIIC,,fixed_mode_fixed_privacy,59.06835906538443,0.0,1.6049670708727208,6.395032929127279,0.58,4,6.911200311588957,122.00218955801685,1,1.6049670708727208,dp_he3/none,packet_protection
6.911200311588957,3,3,80,717.4141507200001,,0,0.17404132528135463,False,,True,True,True,True,False,True,0,0.0,0,True,3,E_C_upd:dp_he3;L_E_upd:none,1.8296725957303435,0.9796,LIIEIIIC,,fixed_mode_fixed_privacy,59.31427264578476,0.0,1.6049670708727208,6.395032929127279,0.58,4,6.911200311588957,121.39415965378136,1,1.6049670708727208,dp_he3/none,packet_protection
6.911200311588957,3,3,81,717.4141507200001,,1,0.17404132528135463,False,,True,True,True,True,False,True,0,0.0,0,True,3,E_C_upd:dp_he3;L_E_upd:none,2.550842491022395,0.9785666666666667,LIIEIIIC,,fixed_mode_fixed_privacy,48.16266928201383,0.0,1.6049670708727208,6.395032929127279,0.58,4,6.911200311588957,117.31498775141876,1,1.6049670708727208,dp_he3/none,packet_protection
6.911200311588957,3,3,82,717.4141507200001,,2,0.17404132528135463,False,,True,True,True,True,False,True,0,0.0,0,True,3,E_C_upd:dp_he3;L_E_upd:none,1.2161122283893053,0.9796,LIIEIIIC,,fixed_mode_fixed_privacy,60.35233738576883,0.0,1.6049670708727208,6.395032929127279,0.58,4,6.911200311588957,120.85568444884268,1,1.6049670708727208,dp_he3/none,packet_protection
6.911200311588957,3,3,83,717.4141507200001,,3,0.17404132528135463,False,,True,True,True,True,False,True,0,0.0,0,True,3,E_C_upd:dp_he3;L_E_upd:none,1.4318254026176642,0.9785666666666667,LIIEIIIC,,fixed_mode_fixed_privacy,57.57144950910639,0.0,1.6049670708727208,6.395032929127279,0.58,4,6.911200311588957,131.58240177099145,1,1.6049670708727208,dp_he3/none,packet_protection
6.911200311588957,3,3,84,717.4141507200001,,4,0.17404132528135463,False,,True,True,True,True,False,True,0,0.0,0,True,3,E_C_upd:dp_he3;L_E_upd:none,2.1478191071057733,0.9775333333333334,LIIEIIIC,,fixed_mode_fixed_privacy,62.32909781721669,0.0,1.6049670708727208,6.395032929127279,0.58,4,6.911200311588957,129.7003771335421,1,1.6049670708727208,dp_he3/none,packet_protection
,,,85,0.0,,5,0.0,False,,True,True,True,True,True,True,0,0.0,0,True,3,,inf,0.0,SKIP,,fixed_mode_fixed_privacy,,0.0,0.0,8.0,0.0,4,,0.0,0,0.0,none,packet_protection
6.911200311588957,3,3,86,717.4141507200001,,6,0.17404132528135463,False,,True,True,True,True,False,True,0,0.0,0,True,3,E_C_upd:dp_he3;L_E_upd:none,1.7996014940214557,0.9796,LIIEIIIC,,fixed_mode_fixed_privacy,54.81968643105673,0.0,1.6049670708727208,6.395032929127279,0.58,4,6.911200311588957,123.7411972072614,1,1.6049670708727208,dp_he3/none,packet_protection
6.911200311588957,3,3,87,717.4141507200001,,7,0.17404132528135463,False,,True,True,True,True,False,True,0,0.0,0,True,3,E_C_upd:dp_he3;L_E_upd:none,2.474420304413817,0.9790833333333333,LIIEIIIC,,fixed_mode_fixed_privacy,58.9724380089358,0.0,1.6049670708727208,6.395032929127279,0.58,4,6.911200311588957,121.75636132603971,1,1.6049670708727208,dp_he3/none,packet_protection
6.911200311588957,3,3,88,717.4141507200001,,8,0.17404132528135463,False,,True,True,True,True,False,True,0,0.0,0,True,3,E_C_upd:dp_he3;L_E_upd:none,2.3858028244505176,0.9801166666666666,LIIEIIIC,,fixed_mode_fixed_privacy,55.57192310729246,0.0,1.6049670708727208,6.395032929127279,0.58,4,6.911200311588957,121.68222223119629,1,1.6049670708727208,dp_he3/none,packet_protection
6.911200311588957,3,3,89,717.4141507200001,,9,0.17404132528135463,False,,True,True,True,True,False,True,0,0.0,0,True,3,E_C_upd:dp_he3;L_E_upd:none,1.3705276667987023,0.98115,LIIEIIIC,,fixed_mode_fixed_privacy,64.75737609525777,0.0,1.6049670708727208,6.395032929127279,0.58,4,6.911200311588957,142.18902705746908,1,1.6049670708727208,dp_he3/none,packet_protection
6.911200311588957,3,3,90,717.4141507200001,,0,0.17404132528135463,False,,True,True,True,True,False,True,0,0.0,0,True,3,E_C_upd:dp_he3;L_E_upd:none,2.4332702580801087,0.9790833333333333,LIIEIIIC,,fixed_mode_fixed_privacy,65.91737752071955,0.0,1.6049670708727208,6.395032929127279,0.58,4,6.911200311588957,142.44444366412355,1,1.6049670708727208,dp_he3/none,packet_protection
6.911200311588957,3,3,91,717.4141507200001,,1,0.17404132528135463,False,,True,True,True,True,False,True,0,0.0,0,True,3,E_C_upd:dp_he3;L_E_upd:none,1.0364106472173031,0.97805,LIIEIIIC,,fixed_mode_fixed_privacy,49.5312810020335,0.0,1.6049670708727208,6.395032929127279,0.58,4,6.911200311588957,111.92539263975966,1,1.6049670708727208,dp_he3/none,packet_protection
6.911200311588957,3,3,92,717.4141507200001,,2,0.17404132528135463,False,,True,True,True,True,False,True,0,0.0,0,True,3,E_C_upd:dp_he3;L_E_upd:none,1.7756584058061933,0.9796,LIIEIIIC,,fixed_mode_fixed_privacy,57.07651842543888,0.0,1.6049670708727208,6.395032929127279,0.58,4,6.911200311588957,134.26420826648862,1,1.6049670708727208,dp_he3/none,packet_protection
6.911200311588957,3,3,93,717.4141507200001,,3,0.17404132528135463,False,,True,True,True,True,False,True,0,0.0,0,True,3,E_C_upd:dp_he3;L_E_upd:none,1.2763035970769345,0.9785666666666667,LIIEIIIC,,fixed_mode_fixed_privacy,58.8686432760492,0.0,1.6049670708727208,6.395032929127279,0.58,4,6.911200311588957,137.59968196813298,1,1.6049670708727208,dp_he3/none,packet_protection
6.911200311588957,3,3,94,717.4141507200001,,4,0.17404132528135463,False,,True,True,True,True,False,True,0,0.0,0,True,3,E_C_upd:dp_he3;L_E_upd:none,1.022644065962914,0.9775333333333334,LIIEIIIC,,fixed_mode_fixed_privacy,56.56159185101387,0.0,1.6049670708727208,6.395032929127279,0.58,4,6.911200311588957,124.89744081006361,1,1.6049670708727208,dp_he3/none,packet_protection
6.911200311588957,3,3,95,717.4141507200001,,5,0.17404132528135463,False,,True,True,True,True,False,True,0,0.0,0,True,3,E_C_upd:dp_he3;L_E_upd:none,2.386951937299487,0.9790833333333333,LIIEIIIC,,fixed_mode_fixed_privacy,52.86982386407641,0.0,1.6049670708727208,6.395032929127279,0.58,4,6.911200311588957,131.75550110271345,1,1.6049670708727208,dp_he3/none,packet_protection
6.911200311588957,3,3,96,717.4141507200001,,6,0.17404132528135463,False,,True,True,True,True,False,True,0,0.0,0,True,3,E_C_upd:dp_he3;L_E_upd:none,1.0407947296407267,0.9790833333333333,LIIEIIIC,,fixed_mode_fixed_privacy,61.33242877842648,0.0,1.6049670708727208,6.395032929127279,0.58,4,6.911200311588957,134.0348420970652,1,1.6049670708727208,dp_he3/none,packet_protection
6.911200311588957,3,3,97,717.4141507200001,,7,0.17404132528135463,False,,True,True,True,True,False,True,0,0.0,0,True,3,E_C_upd:dp_he3;L_E_upd:none,1.2270978966466777,0.97805,LIIEIIIC,,fixed_mode_fixed_privacy,50.95193025673939,0.0,1.6049670708727208,6.395032929127279,0.58,4,6.911200311588957,111.07730977444331,1,1.6049670708727208,dp_he3/none,packet_protection
,,,98,0.0,,8,0.0,False,,True,True,True,True,True,True,0,0.0,0,True,3,,inf,0.0,SKIP,,fixed_mode_fixed_privacy,,0.0,0.0,8.0,0.0,4,,0.0,0,0.0,none,packet_protection
6.911200311588957,3,3,99,717.4141507200001,,9,0.17404132528135463,False,,True,True,True,True,False,True,0,0.0,0,True,3,E_C_upd:dp_he3;L_E_upd:none,1.5665195180963505,0.98115,LIIEIIIC,,fixed_mode_fixed_privacy,61.92950608557529,0.0,1.6049670708727208,6.395032929127279,0.58,4,6.911200311588957,122.85256060924483,1,1.6049670708727208,dp_he3/none,packet_protection
6.911200311588957,3,3,0,717.4141507200001,,0,0.159503292912768,False,,True,True,True,True,False,True,0,0.0,0,True,3,E_C_upd:dp_he3;L_E_upd:none,2.4526825050714955,0.9796,LIIEIIIC,,fixed_mode_fixed_privacy,59.20265704649528,0.0,1.7644703637854888,6.235529636214511,0.58,5,6.911200311588957,130.09088872071501,1,1.7644703637854888,dp_he3/none,packet_protection
6.911200311588957,3,3,1,717.4141507200001,,1,0.159503292912768,False,,True,True,True,True,False,True,0,0.0,0,True,3,E_C_upd:dp_he3;L_E_upd:none,2.020729936082863,0.9790833333333333,LIIEIIIC,,fixed_mode_fixed_privacy,61.37634390428807,0.0,1.7644703637854888,6.235529636214511,0.58,5,6.911200311588957,129.62666456093072,1,1.7644703637854888,dp_he3/none,packet_protection
6.911200311588957,3,3,2,717.4141507200001,,2,0.159503292912768,False,,True,True,True,True,False,True,0,0.0,0,True,3,E_C_upd:dp_he3;L_E_upd:none,1.380488196284812,0.9801166666666666,LIIEIIIC,,fixed_mode_fixed_privacy,60.67481783924386,0.0,1.7644703637854888,6.235529636214511,0.58,5,6.911200311588957,138.06938151933397,1,1.7644703637854888,dp_he3/none,packet_protection
6.911200311588957,3,3,3,717.4141507200001,,3,0.159503292912768,False,,True,True,True,True,False,True,0,0.0,0,True,3,E_C_upd:dp_he3;L_E_upd:none,1.7431799468753328,0.9796,LIIEIIIC,,fixed_mode_fixed_privacy,54.64502405420602,0.0,1.7644703637854888,6.235529636214511,0.58,5,6.911200311588957,115.11213563795944,1,1.7644703637854888,dp_he3/none,packet_protection
6.911200311588957,3,3,4,717.4141507200001,,4,0.159503292912768,False,,True,True,True,True,False,True,0,0.0,0,True,3,E_C_upd:dp_he3;L_E_upd:none,1.0840160768825502,0.97805,LIIEIIIC,,fixed_mode_fixed_privacy,53.38357680030391,0.0,1.7644703637854888,6.235529636214511,0.58,5,6.911200311588957,119.65008167856627,1,1.7644703637854888,dp_he3/none,packet_protection
,,,5,0.0,,5,0.0,False,,True,True,True,True,True,True,0,0.0,0,True,3,,inf,0.0,SKIP,,fixed_mode_fixed_privacy,,0.0,0.0,8.0,0.0,5,,0.0,0,0.0,none,packet_protection
6.911200311588957,3,3,6,717.4141507200001,,6,0.159503292912768,False,,True,True,True,True,False,True,0,0.0,0,True,3,E_C_upd:dp_he3;L_E_upd:none,2.6303355215731377,0.9796,LIIEIIIC,,fixed_mode_fixed_privacy,54.98535540770309,0.0,1.7644703637854888,6.235529636214511,0.58,5,6.911200311588957,122.85647688807228,1,1.7644703637854888,dp_he3/none,packet_protection
6.911200311588957,3,3,7,717.4141507200001,,7,0.159503292912768,False,,True,True,True,True,False,True,0,0.0,0,True,3,E_C_upd:dp_he3;L_E_upd:none,2.053595733538623,0.9790833333333333,LIIEIIIC,,fixed_mode_fixed_privacy,56.890222988670935,0.0,1.7644703637854888,6.235529636214511,0.58,5,6.911200311588957,135.1804564463154,1,1.7644703637854888,dp_he3/none,packet_protection
,,,8,0.0,,8,0.0,False,,True,True,True,True,True,True,0,0.0,0,True,3,,inf,0.0,SKIP,,fixed_mode_fixed_privacy,,0.0,0.0,8.0,0.0,5,,0.0,0,0.0,none,packet_protection
6.911200311588957,3,3,9,717.4141507200001,,9,0.159503292912768,False,,True,True,True,True,False,True,0,0.0,0,True,3,E_C_upd:dp_he3;L_E_upd:none,1.3144213466357852,0.9816666666666666,LIIEIIIC,,fixed_mode_fixed_privacy,61.53739389578052,0.0,1.7644703637854888,6.235529636214511,0.58,5,6.911200311588957,132.5690445475465,1,1.7644703637854888,dp_he3/none,packet_protection
6.911200311588957,3,3,10,717.4141507200001,,0,0.159503292912768,False,,True,True,True,True,False,True,0,0.0,0,True,3,E_C_upd:dp_he3;L_E_upd:none,0.9864894286034035,0.9796,LIIEIIIC,,fixed_mode_fixed_privacy,58.75493888678339,0.0,1.7644703637854888,6.235529636214511,0.58,5,6.911200311588957,121.69755779407313,1,1.7644703637854888,dp_he3/none,packet_protection
6.911200311588957,3,3,11,717.4141507200001,,1,0.159503292912768,False,,True,True,True,True,False,True,0,0.0,0,True,3,E_C_upd:dp_he3;L_E_upd:none,2.0833708586033586,0.9785666666666667,LIIEIIIC,,fixed_mode_fixed_privacy,49.605632384677406,0.0,1.7644703637854888,6.235529636214511,0.58,5,6.911200311588957,115.47179070552424,1,1.7644703637854888,dp_he3/none,packet_protection
6.911200311588957,3,3,12,717.4141507200001,,2,0.159503292912768,False,,True,True,True,True,False,True,0,0.0,0,True,3,E_C_upd:dp_he3;L_E_upd:none,2.67780451323768,0.9796,LIIEIIIC,,fixed_mode_fixed_privacy,59.88248248196271,0.0,1.7644703637854888,6.235529636214511,0.58,5,6.911200311588957,132.99805478195066,1,1.7644703637854888,dp_he3/none,packet_protection
6.911200311588957,3,3,13,717.4141507200001,,3,0.159503292912768,False,,True,True,True,True,False,True,0,0.0,0,True,3,E_C_upd:dp_he3;L_E_upd:none,1.7205665385753408,0.9790833333333333,LIIEIIIC,,fixed_mode_fixed_privacy,55.068895813927114,0.0,1.7644703637854888,6.235529636214511,0.58,5,6.911200311588957,117.36442346798275,1,1.7644703637854888,dp_he3/none,packet_protection
6.911200311588957,3,3,14,717.4141507200001,,4,0.159503292912768,False,,True,True,True,True,False,True,0,0.0,0,True,3,E_C_upd:dp_he3;L_E_upd:none,1.9087855950561639,0.97805,LIIEIIIC,,fixed_mode_fixed_privacy,56.120865081639515,0.0,1.7644703637854888,6.235529636214511,0.58,5,6.911200311588957,121.44952333749106,1,1.7644703637854888,dp_he3/none,packet_protection
6.911200311588957,3,3,15,717.4141507200001,,5,0.159503292912768,False,,True,True,True,True,False,True,0,0.0,0,True,3,E_C_upd:dp_he3;L_E_upd:none,1.9130126015396856,0.9796,LIIEIIIC,,fixed_mode_fixed_privacy,47.94787415709235,0.0,1.7644703637854888,6.235529636214511,0.58,5,6.911200311588957,124.4899319423813,1,1.7644703637854888,dp_he3/none,packet_protection
6.911200311588957,3,3,16,717.4141507200001,,6,0.159503292912768,False,,True,True,True,True,False,True,0,0.0,0,True,3,E_C_upd:dp_he3;L_E_upd:none,1.1628149379732393,0.9796,LIIEIIIC,,fixed_mode_fixed_privacy,53.238384429145,0.0,1.7644703637854888,6.235529636214511,0.58,5,6.911200311588957,130.3744069805544,1,1.7644703637854888,dp_he3/none,packet_protection
6.911200311588957,3,3,17,717.4141507200001,,7,0.159503292912768,False,,True,True,True,True,False,True,0,0.0,0,True,3,E_C_upd:dp_he3;L_E_upd:none,2.6565711564792376,0.9790833333333333,LIIEIIIC,,fixed_mode_fixed_privacy,49.45133320080874,0.0,1.7644703637854888,6.235529636214511,0.58,5,6.911200311588957,119.24665128604846,1,1.7644703637854888,dp_he3/none,packet_protection
6.911200311588957,3,3,18,717.4141507200001,,8,0.159503292912768,False,,True,True,True,True,False,True,0,0.0,0,True,3,E_C_upd:dp_he3;L_E_upd:none,1.5926943326530782,0.9806333333333332,LIIEIIIC,,fixed_mode_fixed_privacy,63.72100981430306,0.0,1.7644703637854888,6.235529636214511,0.58,5,6.911200311588957,131.44670474908622,1,1.7644703637854888,dp_he3/none,packet_protection
6.911200311588957,3,3,19,717.4141507200001,,9,0.159503292912768,False,,True,True,True,True,False,True,0,0.0,0,True,3,E_C_upd:dp_he3;L_E_upd:none,2.676393350591775,0.9816666666666666,LIIEIIIC,,fixed_mode_fixed_privacy,46.6204708834734,0.0,1.7644703637854888,6.235529636214511,0.58,5,6.911200311588957,121.2558209999333,1,1.7644703637854888,dp_he3/none,packet_protection
,,,20,0.0,,0,0.0,False,,True,True,True,True,True,True,0,0.0,0,True,3,,inf,0.0,SKIP,,fixed_mode_fixed_privacy,,0.0,0.0,8.0,0.0,5,,0.0,0,0.0,none,packet_protection
6.911200311588957,3,3,21,717.4141507200001,,1,0.159503292912768,False,,True,True,True,True,False,True,0,0.0,0,True,3,E_C_upd:dp_he3;L_E_upd:none,1.0533693839806015,0.9785666666666667,LIIEIIIC,,fixed_mode_fixed_privacy,60.356346405956664,0.0,1.7644703637854888,6.235529636214511,0.58,5,6.911200311588957,123.75550173251759,1,1.7644703637854888,dp_he3/none,packet_protection
6.911200311588957,3,3,22,717.4141507200001,,2,0.159503292912768,False,,True,True,True,True,False,True,0,0.0,0,True,3,E_C_upd:dp_he3;L_E_upd:none,2.162089858147671,0.9796,LIIEIIIC,,fixed_mode_fixed_privacy,64.68068653676904,0.0,1.7644703637854888,6.235529636214511,0.58,5,6.911200311588957,137.7383838583876,1,1.7644703637854888,dp_he3/none,packet_protection
6.911200311588957,3,3,23,717.4141507200001,,3,0.159503292912768,False,,True,True,True,True,False,True,0,0.0,0,True,3,E_C_upd:dp_he3;L_E_upd:none,1.5216668391258723,0.9790833333333333,LIIEIIIC,,fixed_mode_fixed_privacy,53.06174188552141,0.0,1.7644703637854888,6.235529636214511,0.58,5,6.911200311588957,113.30628581020949,1,1.7644703637854888,dp_he3/none,packet_protection
6.911200311588957,3,3,24,717.4141507200001,,4,0.159503292912768,False,,True,True,True,True,False,True,0,0.0,0,True,3,E_C_upd:dp_he3;L_E_upd:none,2.509690730837996,0.97805,LIIEIIIC,,fixed_mode_fixed_privacy,52.75935460572293,0.0,1.7644703637854888,6.235529636214511,0.58,5,6.911200311588957,126.62966109584426,1,1.7644703637854888,dp_he3/none,packet_protection
6.911200311588957,3,3,25,717.4141507200001,,5,0.159503292912768,False,,True,True,True,True,False,True,0,0.0,0,True,3,E_C_upd:dp_he3;L_E_upd:none,2.141894505673916,0.9796,LIIEIIIC,,fixed_mode_fixed_privacy,54.05037175950969,0.0,1.7644703637854888,6.235529636214511,0.58,5,6.911200311588957,122.65412911653246,1,1.7644703637854888,dp_he3/none,packet_protection
6.911200311588957,3,3,26,717.4141507200001,,6,0.159503292912768,False,,True,True,True,True,False,True,0,0.0,0,True,3,E_C_upd:dp_he3;L_E_upd:none,2.6156949390605306,0.9796,LIIEIIIC,,fixed_mode_fixed_privacy,71.37584308378635,0.0,1.7644703637854888,6.235529636214511,0.58,5,6.911200311588957,137.40086021232057,1,1.7644703637854888,dp_he3/none,packet_protection
6.911200311588957,3,3,27,717.4141507200001,,7,0.159503292912768,False,,True,True,True,True,False,True,0,0.0,0,True,3,E_C_upd:dp_he3;L_E_upd:none,1.3581486205054942,0.9790833333333333,LIIEIIIC,,fixed_mode_fixed_privacy,56.696444366665304,0.0,1.7644703637854888,6.235529636214511,0.58,5,6.911200311588957,128.74418092923239,1,1.7644703637854888,dp_he3/none,packet_protection
6.911200311588957,3,3,28,717.4141507200001,,8,0.159503292912768,False,,True,True,True,True,False,True,0,0.0,0,True,3,E_C_upd:dp_he3;L_E_upd:none,1.0529798758229736,0.9801166666666666,LIIEIIIC,,fixed_mode_fixed_privacy,55.139557074633295,0.0,1.7644703637854888,6.235529636214511,0.58,5,6.911200311588957,127.76609099432687,1,1.7644703637854888,dp_he3/none,packet_protection
6.911200311588957,3,3,29,717.4141507200001,,9,0.159503292912768,False,,True,True,True,True,False,True,0,0.0,0,True,3,E_C_upd:dp_he3;L_E_upd:none,1.5238328230436504,0.9816666666666666,LIIEIIIC,,fixed_mode_fixed_privacy,50.13037500898461,0.0,1.7644703637854888,6.235529636214511,0.58,5,6.911200311588957,114.83141095106288,1,1.7644703637854888,dp_he3/none,packet_protection
6.911200311588957,3,3,30,717.4141507200001,,0,0.159503292912768,False,,True,True,True,True,False,True,0,0.0,0,True,3,E_C_upd:dp_he3;L_E_upd:none,1.304595337452328,0.9796,LIIEIIIC,,fixed_mode_fixed_privacy,61.77981809510217,0.0,1.7644703637854888,6.235529636214511,0.58,5,6.911200311588957,132.47349735803175,1,1.7644703637854888,dp_he3/none,packet_protection
6.911200311588957,3,3,31,717.4141507200001,,1,0.159503292912768,False,,True,True,True,True,False,True,0,0.0,0,True,3,E_C_upd:dp_he3;L_E_upd:none,2.2969552434688674,0.9785666666666667,LIIEIIIC,,fixed_mode_fixed_privacy,51.08760000282601,0.0,1.7644703637854888,6.235529636214511,0.58,5,6.911200311588957,123.48373307929228,1,1.7644703637854888,dp_he3/none,packet_protection
,,,32,0.0,,2,0.0,False,,True,True,True,True,True,True,0,0.0,0,True,3,,inf,0.0,SKIP,,fixed_mode_fixed_privacy,,0.0,0.0,8.0,0.0,5,,0.0,0,0.0,none,packet_protection
6.911200311588957,3,3,33,717.4141507200001,,3,0.159503292912768,False,,True,True,True,True,False,True,0,0.0,0,True,3,E_C_upd:dp_he3;L_E_upd:none,1.0040228730641931,0.9790833333333333,LIIEIIIC,,fixed_mode_fixed_privacy,54.52505174729737,0.0,1.7644703637854888,6.235529636214511,0.58,5,6.911200311588957,121.2759417360792,1,1.7644703637854888,dp_he3/none,packet_protection
6.911200311588957,3,3,34,717.4141507200001,,4,0.159503292912768,False,,True,True,True,True,False,True,0,0.0,0,True,3,E_C_upd:dp_he3;L_E_upd:none,1.4720682121450308,0.97805,LIIEIIIC,,fixed_mode_fixed_privacy,54.47874868149784,0.0,1.7644703637854888,6.235529636214511,0.58,5,6.911200311588957,117.27444524017024,1,1.7644703637854888,dp_he3/none,packet_protection
6.911200311588957,3,3,35,717.4141507200001,,5,0.159503292912768,False,,True,True,True,True,False,True,0,0.0,0,True,3,E_C_upd:dp_he3;L_E_upd:none,2.1366723680721345,0.9796,LIIEIIIC,,fixed_mode_fixed_privacy,60.95748276345053,0.0,1.7644703637854888,6.235529636214511,0.58,5,6.911200311588957,141.47760716363666,1,1.7644703637854888,dp_he3/none,packet_protection
6.911200311588957,3,3,36,717.4141507200001,,6,0.159503292912768,False,,True,True,True,True,False,True,0,0.0,0,True,3,E_C_upd:dp_he3;L_E_upd:none,1.9282823167918586,0.9796,LIIEIIIC,,fixed_mode_fixed_privacy,56.58689017185793,0.0,1.7644703637854888,6.235529636214511,0.58,5,6.911200311588957,116.41314348181939,1,1.7644703637854888,dp_he3/none,packet_protection
6.911200311588957,3,3,37,717.4141507200001,,7,0.159503292912768,False,,True,True,True,True,False,True,0,0.0,0,True,3,E_C_upd:dp_he3;L_E_upd:none,1.192260315036407,0.9790833333333333,LIIEIIIC,,fixed_mode_fixed_privacy,48.62237762439423,0.0,1.7644703637854888,6.235529636214511,0.58,5,6.911200311588957,118.79622226961415,1,1.7644703637854888,dp_he3/none,packet_protection
6.911200311588957,3,3,38,717.4141507200001,,8,0.159503292912768,False,,True,True,True,True,False,True,0,0.0,0,True,3,E_C_upd:dp_he3;L_E_upd:none,2.5502852751622296,0.9801166666666666,LIIEIIIC,,fixed_mode_fixed_privacy,50.00950042334903,0.0,1.7644703637854888,6.235529636214511,0.58,5,6.911200311588957,125.41033456030334,1,1.7644703637854888,dp_he3/none,packet_protection
6.911200311588957,3,3,39,717.4141507200001,,9,0.159503292912768,False,,True,True,True,True,False,True,0,0.0,0,True,3,E_C_upd:dp_he3;L_E_upd:none,1.2461187749535723,0.9816666666666666,LIIEIIIC,,fixed_mode_fixed_privacy,51.570461393090106,0.0,1.7644703637854888,6.235529636214511,0.58,5,6.911200311588957,123.26191522769706,1,1.7644703637854888,dp_he3/none,packet_protection
6.911200311588957,3,3,40,717.4141507200001,,0,0.159503292912768,False,,True,True,True,True,False,True,0,0.0,0,True,3,E_C_upd:dp_he3;L_E_upd:none,1.718281661052106,0.9796,LIIEIIIC,,fixed_mode_fixed_privacy,63.76899419551489,0.0,1.7644703637854888,6.235529636214511,0.58,5,6.911200311588957,128.06591053148344,1,1.7644703637854888,dp_he3/none,packet_protection
6.911200311588957,3,3,41,717.4141507200001,,1,0.159503292912768,False,,True,True,True,True,False,True,0,0.0,0,True,3,E_C_upd:dp_he3;L_E_upd:none,1.2035142721899799,0.9785666666666667,LIIEIIIC,,fixed_mode_fixed_privacy,51.25418220121485,0.0,1.7644703637854888,6.235529636214511,0.58,5,6.911200311588957,123.80629730210211,1,1.7644703637854888,dp_he3/none,packet_protection
6.911200311588957,3,3,42,717.4141507200001,,2,0.159503292912768,False,,True,True,True,True,False,True,0,0.0,0,True,3,E_C_upd:dp_he3;L_E_upd:none,1.0518635048612208,0.9796,LIIEIIIC,,fixed_mode_fixed_privacy,67.0069808191,0.0,1.7644703637854888,6.235529636214511,0.58,5,6.911200311588957,136.1031109219125,1,1.7644703637854888,dp_he3/none,packet_protection
6.911200311588957,3,3,43,717.4141507200001,,3,0.159503292912768,False,,True,True,True,True,False,True,0,0.0,0,True,3,E_C_upd:dp_he3;L_E_upd:none,2.157731341345857,0.9790833333333333,LIIEIIIC,,fixed_mode_fixed_privacy,60.19770106654846,0.0,1.7644703637854888,6.235529636214511,0.58,5,6.911200311588957,129.57920010706755,1,1.7644703637854888,dp_he3/none,packet_protection
6.911200311588957,3,3,44,717.4141507200001,,4,0.159503292912768,False,,True,True,True,True,False,True,0,0.0,0,True,3,E_C_upd:dp_he3;L_E_upd:none,1.8939537747589035,0.97805,LIIEIIIC,,fixed_mode_fixed_privacy,48.640392047887076,0.0,1.7644703637854888,6.235529636214511,0.58,5,6.911200311588957,113.64113882068824,1,1.7644703637854888,dp_he3/none,packet_protection
6.911200311588957,3,3,45,717.4141507200001,,5,0.159503292912768,False,,True,True,True,True,False,True,0,0.0,0,True,3,E_C_upd:dp_he3;L_E_upd:none,2.1894368395630277,0.9796,LIIEIIIC,,fixed_mode_fixed_privacy,62.44073947770153,0.0,1.7644703637854888,6.235529636214511,0.58,5,6.911200311588957,126.7850680386508,1,1.7644703637854888,dp_he3/none,packet_protection
,,,46,0.0,,6,0.0,False,,True,True,True,True,True,True,0,0.0,0,True,3,,inf,0.0,SKIP,,fixed_mode_fixed_privacy,,0.0,0.0,8.0,0.0,5,,0.0,0,0.0,none,packet_protection
6.911200311588957,3,3,47,717.4141507200001,,7,0.159503292912768,False,,True,True,True,True,False,True,0,0.0,0,True,3,E_C_upd:dp_he3;L_E_upd:none,1.2106043506675663,0.9790833333333333,LIIEIIIC,,fixed_mode_fixed_privacy,55.66638228705959,0.0,1.7644703637854888,6.235529636214511,0.58,5,6.911200311588957,117.55323830245933,1,1.7644703637854888,dp_he3/none,packet_protection
6.911200311588957,3,3,48,717.4141507200001,,8,0.159503292912768,False,,True,True,True,True,False,True,0,0.0,0,True,3,E_C_upd:dp_he3;L_E_upd:none,1.8872330715439818,0.9801166666666666,LIIEIIIC,,fixed_mode_fixed_privacy,58.063548946810016,0.0,1.7644703637854888,6.235529636214511,0.58,5,6.911200311588957,132.35894194464308,1,1.7644703637854888,dp_he3/none,packet_protection
6.911200311588957,3,3,49,717.4141507200001,,9,0.159503292912768,False,,True,True,True,True,False,True,0,0.0,0,True,3,E_C_upd:dp_he3;L_E_upd:none,2.6414699298711724,0.98115,LIIEIIIC,,fixed_mode_fixed_privacy,57.187701817308735,0.0,1.7644703637854888,6.235529636214511,0.58,5,6.911200311588957,126.15029693008123,1,1.7644703637854888,dp_he3/none,packet_protection
6.911200311588957,3,3,50,717.4141507200001,,0,0.159503292912768,False,,True,True,True,True,False,True,0,0.0,0,True,3,E_C_upd:dp_he3;L_E_upd:none,2.357294402957413,0.9796,LIIEIIIC,,fixed_mode_fixed_privacy,56.33670162042005,0.0,1.7644703637854888,6.235529636214511,0.58,5,6.911200311588957,120.59219676683117,1,1.7644703637854888,dp_he3/none,packet_protection
6.911200311588957,3,3,51,717.4141507200001,,1,0.159503292912768,False,,True,True,True,True,False,True,0,0.0,0,True,3,E_C_upd:dp_he3;L_E_upd:none,1.5496570969226762,0.9785666666666667,LIIEIIIC,,fixed_mode_fixed_privacy,54.20607792174667,0.0,1.7644703637854888,6.235529636214511,0.58,5,6.911200311588957,124.7169250292732,1,1.7644703637854888,dp_he3/none,packet_protection
,,,52,0.0,,2,0.0,False,,True,True,True,True,True,True,0,0.0,0,True,3,,inf,0.0,SKIP,,fixed_mode_fixed_privacy,,0.0,0.0,8.0,0.0,5,,0.0,0,0.0,none,packet_protection
6.911200311588957,3,3,53,717.4141507200001,,3,0.159503292912768,False,,True,True,True,True,False,True,0,0.0,0,True,3,E_C_upd:dp_he3;L_E_upd:none,1.770461903305378,0.9790833333333333,LIIEIIIC,,fixed_mode_fixed_privacy,52.744478251114195,0.0,1.7644703637854888,6.235529636214511,0.58,5,6.911200311588957,129.49352808164534,1,1.7644703637854888,dp_he3/none,packet_protection
,,,54,0.0,,4,0.0,False,,True,True,True,True,True,True,0,0.0,0,True,3,,inf,0.0,SKIP,,fixed_mode_fixed_privacy,,0.0,0.0,8.0,0.0,5,,0.0,0,0.0,none,packet_protection
6.911200311588957,3,3,55,717.4141507200001,,5,0.159503292912768,False,,True,True,True,True,False,True,0,0.0,0,True,3,E_C_upd:dp_he3;L_E_upd:none,2.4836273737631887,0.9796,LIIEIIIC,,fixed_mode_fixed_privacy,51.80817291725326,0.0,1.7644703637854888,6.235529636214511,0.58,5,6.911200311588957,118.68850600821929,1,1.7644703637854888,dp_he3/none,packet_protection
6.911200311588957,3,3,56,717.4141507200001,,6,0.159503292912768,False,,True,True,True,True,False,True,0,0.0,0,True,3,E_C_upd:dp_he3;L_E_upd:none,1.8118084234022185,0.9796,LIIEIIIC,,fixed_mode_fixed_privacy,54.94784996356411,0.0,1.7644703637854888,6.235529636214511,0.58,5,6.911200311588957,126.32172553252661,1,1.7644703637854888,dp_he3/none,packet_protection
6.911200311588957,3,3,57,717.4141507200001,,7,0.159503292912768,False,,True,True,True,True,False,True,0,0.0,0,True,3,E_C_upd:dp_he3;L_E_upd:none,2.3077190009814617,0.9790833333333333,LIIEIIIC,,fixed_mode_fixed_privacy,49.047050593408585,0.0,1.7644703637854888,6.235529636214511,0.58,5,6.911200311588957,117.47925821375537,1,1.7644703637854888,dp_he3/none,packet_protection
6.911200311588957,3,3,58,717.4141507200001,,8,0.159503292912768,False,,True,True,True,True,False,True,0,0.0,0,True,3,E_C_upd:dp_he3;L_E_upd:none,1.8813699941523465,0.9801166666666666,LIIEIIIC,,fixed_mode_fixed_privacy,52.02585197447753,0.0,1.7644703637854888,6.235529636214511,0.58,5,6.911200311588957,116.41420717514987,1,1.7644703637854888,dp_he3/none,packet_protection
6.911200311588957,3,3,59,717.4141507200001,,9,0.159503292912768,False,,True,True,True,True,False,True,0,0.0,0,True,3,E_C_upd:dp_he3;L_E_upd:none,1.0079643620644898,0.98115,LIIEIIIC,,fixed_mode_fixed_privacy,56.54911394960969,0.0,1.7644703637854888,6.235529636214511,0.58,5,6.911200311588957,120.82372237121461,1,1.7644703637854888,dp_he3/none,packet_protection
,,,60,0.0,,0,0.0,False,,True,True,True,True,True,True,0,0.0,0,True,3,,inf,0.0,SKIP,,fixed_mode_fixed_privacy,,0.0,0.0,8.0,0.0,5,,0.0,0,0.0,none,packet_protection
6.911200311588957,3,3,61,717.4141507200001,,1,0.159503292912768,False,,True,True,True,True,False,True,0,0.0,0,True,3,E_C_upd:dp_he3;L_E_upd:none,1.663020517394065,0.9785666666666667,LIIEIIIC,,fixed_mode_fixed_privacy,55.761845038064735,0.0,1.7644703637854888,6.235529636214511,0.58,5,6.911200311588957,119.36088047522527,1,1.7644703637854888,dp_he3/none,packet_protection
6.911200311588957,3,3,62,717.4141507200001,,2,0.159503292912768,False,,True,True,True,True,False,True,0,0.0,0,True,3,E_C_upd:dp_he3;L_E_upd:none,1.2711442061474538,0.9796,LIIEIIIC,,fixed_mode_fixed_privacy,55.4933053763372,0.0,1.7644703637854888,6.235529636214511,0.58,5,6.911200311588957,123.31745926346127,1,1.7644703637854888,dp_he3/none,packet_protection
6.911200311588957,3,3,63,717.4141507200001,,3,0.159503292912768,False,,True,True,True,True,False,True,0,0.0,0,True,3,E_C_upd:dp_he3;L_E_upd:none,1.4309148880902602,0.9790833333333333,LIIEIIIC,,fixed_mode_fixed_privacy,63.89708343203017,0.0,1.7644703637854888,6.235529636214511,0.58,5,6.911200311588957,142.22070843296905,1,1.7644703637854888,dp_he3/none,packet_protection
6.911200311588957,3,3,64,717.4141507200001,,4,0.159503292912768,False,,True,True,True,True,False,True,0,0.0,0,True,3,E_C_upd:dp_he3;L_E_upd:none,1.8405891045455842,0.97805,LIIEIIIC,,fixed_mode_fixed_privacy,56.229262010050256,0.0,1.7644703637854888,6.235529636214511,0.58,5,6.911200311588957,134.7776996149307,1,1.7644703637854888,dp_he3/none,packet_protection
,,,65,0.0,,5,0.0,False,,True,True,True,True,True,True,0,0.0,0,True,3,,inf,0.0,SKIP,,fixed_mode_fixed_privacy,,0.0,0.0,8.0,0.0,5,,0.0,0,0.0,none,packet_protection
6.911200311588957,3,3,66,717.4141507200001,,6,0.159503292912768,False,,True,True,True,True,False,True,0,0.0,0,True,3,E_C_upd:dp_he3;L_E_upd:none,1.8093775561702643,0.9796,LIIEIIIC,,fixed_mode_fixed_privacy,55.1286538743915,0.0,1.7644703637854888,6.235529636214511,0.58,5,6.911200311588957,121.82583462922909,1,1.7644703637854888,dp_he3/none,packet_protection
6.911200311588957,3,3,67,717.4141507200001,,7,0.159503292912768,False,,True,True,True,True,False,True,0,0.0,0,True,3,E_C_upd:dp_he3;L_E_upd:none,1.7349815617663098,0.9790833333333333,LIIEIIIC,,fixed_mode_fixed_privacy,50.775235779560674,0.0,1.7644703637854888,6.235529636214511,0.58,5,6.911200311588957,126.04306520351335,1,1.7644703637854888,dp_he3/none,packet_protection
6.911200311588957,3,3,68,717.4141507200001,,8,0.159503292912768,False,,True,True,True,True,False,True,0,0.0,0,True,3,E_C_upd:dp_he3;L_E_upd:none,1.6746949941761489,0.9801166666666666,LIIEIIIC,,fixed_mode_fixed_privacy,56.54515837987734,0.0,1.7644703637854888,6.235529636214511,0.58,5,6.911200311588957,118.79048613154222,1,1.7644703637854888,dp_he3/none,packet_protection
,,,69,0.0,,9,0.0,False,,True,True,True,True,True,True,0,0.0,0,True,3,,inf,0.0,SKIP,,fixed_mode_fixed_privacy,,0.0,0.0,8.0,0.0,5,,0.0,0,0.0,none,packet_protection
6.911200311588957,3,3,70,717.4141507200001,,0,0.159503292912768,False,,True,True,True,True,False,True,0,0.0,0,True,3,E_C_upd:dp_he3;L_E_upd:none,2.208645096509279,0.9796,LIIEIIIC,,fixed_mode_fixed_privacy,61.04038866467691,0.0,1.7644703637854888,6.235529636214511,0.58,5,6.911200311588957,128.73903227496695,1,1.7644703637854888,dp_he3/none,packet_protection
6.911200311588957,3,3,71,717.4141507200001,,1,0.159503292912768,False,,True,True,True,True,False,True,0,0.0,0,True,3,E_C_upd:dp_he3;L_E_upd:none,1.826628304645198,0.9785666666666667,LIIEIIIC,,fixed_mode_fixed_privacy,61.966270468676136,0.0,1.7644703637854888,6.235529636214511,0.58,5,6.911200311588957,124.11691390422934,1,1.7644703637854888,dp_he3/none,packet_protection
,,,72,0.0,,2,0.0,False,,True,True,True,True,True,True,0,0.0,0,True,3,,inf,0.0,SKIP,,fixed_mode_fixed_privacy,,0.0,0.0,8.0,0.0,5,,0.0,0,0.0,none,packet_protection
6.911200311588957,3,3,73,717.4141507200001,,3,0.159503292912768,False,,True,True,True,True,False,True,0,0.0,0,True,3,E_C_upd:dp_he3;L_E_upd:none,1.949324494891817,0.9785666666666667,LIIEIIIC,,fixed_mode_fixed_privacy,54.28544644310158,0.0,1.7644703637854888,6.235529636214511,0.58,5,6.911200311588957,118.30947450853195,1,1.7644703637854888,dp_he3/none,packet_protection
6.911200311588957,3,3,74,717.4141507200001,,4,0.159503292912768,False,,True,True,True,True,False,True,0,0.0,0,True,3,E_C_upd:dp_he3;L_E_upd:none,2.373369464974584,0.9775333333333334,LIIEIIIC,,fixed_mode_fixed_privacy,58.553793489982,0.0,1.7644703637854888,6.235529636214511,0.58,5,6.911200311588957,126.40853043876264,1,1.7644703637854888,dp_he3/none,packet_protection
6.911200311588957,3,3,75,717.4141507200001,,5,0.159503292912768,False,,True,True,True,True,False,True,0,0.0,0,True,3,E_C_upd:dp_he3;L_E_upd:none,1.0329957754014922,0.9790833333333333,LIIEIIIC,,fixed_mode_fixed_privacy,52.27897646323691,0.0,1.7644703637854888,6.235529636214511,0.58,5,6.911200311588957,132.64439481391778,1,1.7644703637854888,dp_he3/none,packet_protection
6.911200311588957,3,3,76,717.4141507200001,,6,0.159503292912768,False,,True,True,True,True,False,True,0,0.0,0,True,3,E_C_upd:dp_he3;L_E_upd:none,1.5225967874451976,0.9796,LIIEIIIC,,fixed_mode_fixed_privacy,55.93088841576371,0.0,1.7644703637854888,6.235529636214511,0.58,5,6.911200311588957,124.95980629234231,1,1.7644703637854888,dp_he3/none,packet_protection
,,,77,0.0,,7,0.0,False,,True,True,True,True,True,True,0,0.0,0,True,3,,inf,0.0,SKIP,,fixed_mode_fixed_privacy,,0.0,0.0,8.0,0.0,5,,0.0,0,0.0,none,packet_protection
6.911200311588957,3,3,78,717.4141507200001,,8,0.159503292912768,False,,True,True,True,True,False,True,0,0.0,0,True,3,E_C_upd:dp_he3;L_E_upd:none,2.1302373664638856,0.9801166666666666,LIIEIIIC,,fixed_mode_fixed_privacy,53.41594898510918,0.0,1.7644703637854888,6.235529636214511,0.58,5,6.911200311588957,114.4607094363478,1,1.7644703637854888,dp_he3/none,packet_protection
6.911200311588957,3,3,79,717.4141507200001,,9,0.159503292912768,False,,True,True,True,True,False,True,0,0.0,0,True,3,E_C_upd:dp_he3;L_E_upd:none,1.5075545469820644,0.98115,LIIEIIIC,,fixed_mode_fixed_privacy,55.23491974195336,0.0,1.7644703637854888,6.235529636214511,0.58,5,6.911200311588957,123.45330096638615,1,1.7644703637854888,dp_he3/none,packet_protection
6.911200311588957,3,3,80,717.4141507200001,,0,0.159503292912768,False,,True,True,True,True,False,True,0,0.0,0,True,3,E_C_upd:dp_he3;L_E_upd:none,1.8296725957303435,0.9796,LIIEIIIC,,fixed_mode_fixed_privacy,61.25875720754524,0.0,1.7644703637854888,6.235529636214511,0.58,5,6.911200311588957,134.54678320372452,1,1.7644703637854888,dp_he3/none,packet_protection
6.911200311588957,3,3,81,717.4141507200001,,1,0.159503292912768,False,,True,True,True,True,False,True,0,0.0,0,True,3,E_C_upd:dp_he3;L_E_upd:none,2.550842491022395,0.9785666666666667,LIIEIIIC,,fixed_mode_fixed_privacy,59.033613641157714,0.0,1.7644703637854888,6.235529636214511,0.58,5,6.911200311588957,139.23292977383153,1,1.7644703637854888,dp_he3/none,packet_protection
6.911200311588957,3,3,82,717.4141507200001,,2,0.159503292912768,False,,True,True,True,True,False,True,0,0.0,0,True,3,E_C_upd:dp_he3;L_E_upd:none,1.2161122283893053,0.9796,LIIEIIIC,,fixed_mode_fixed_privacy,59.30857196336019,0.0,1.7644703637854888,6.235529636214511,0.58,5,6.911200311588957,135.24245449018392,1,1.7644703637854888,dp_he3/none,packet_protection
6.911200311588957,3,3,83,717.4141507200001,,3,0.159503292912768,False,,True,True,True,True,False,True,0,0.0,0,True,3,E_C_upd:dp_he3;L_E_upd:none,1.4318254026176642,0.9785666666666667,LIIEIIIC,,fixed_mode_fixed_privacy,50.98986325490861,0.0,1.7644703637854888,6.235529636214511,0.58,5,6.911200311588957,113.52594070313572,1,1.7644703637854888,dp_he3/none,packet_protection
6.911200311588957,3,3,84,717.4141507200001,,4,0.159503292912768,False,,True,True,True,True,False,True,0,0.0,0,True,3,E_C_upd:dp_he3;L_E_upd:none,2.1478191071057733,0.9775333333333334,LIIEIIIC,,fixed_mode_fixed_privacy,53.000381870341855,0.0,1.7644703637854888,6.235529636214511,0.58,5,6.911200311588957,122.11468611571537,1,1.7644703637854888,dp_he3/none,packet_protection
,,,85,0.0,,5,0.0,False,,True,True,True,True,True,True,0,0.0,0,True,3,,inf,0.0,SKIP,,fixed_mode_fixed_privacy,,0.0,0.0,8.0,0.0,5,,0.0,0,0.0,none,packet_protection
6.911200311588957,3,3,86,717.4141507200001,,6,0.159503292912768,False,,True,True,True,True,False,True,0,0.0,0,True,3,E_C_upd:dp_he3;L_E_upd:none,1.7996014940214557,0.9796,LIIEIIIC,,fixed_mode_fixed_privacy,63.815175156605605,0.0,1.7644703637854888,6.235529636214511,0.58,5,6.911200311588957,132.372839914754,1,1.7644703637854888,dp_he3/none,packet_protection
6.911200311588957,3,3,87,717.4141507200001,,7,0.159503292912768,False,,True,True,True,True,False,True,0,0.0,0,True,3,E_C_upd:dp_he3;L_E_upd:none,2.474420304413817,0.9790833333333333,LIIEIIIC,,fixed_mode_fixed_privacy,59.38603067285399,0.0,1.7644703637854888,6.235529636214511,0.58,5,6.911200311588957,124.86401868708742,1,1.7644703637854888,dp_he3/none,packet_protection
6.911200311588957,3,3,88,717.4141507200001,,8,0.159503292912768,False,,True,True,True,True,False,True,0,0.0,0,True,3,E_C_upd:dp_he3;L_E_upd:none,2.3858028244505176,0.9801166666666666,LIIEIIIC,,fixed_mode_fixed_privacy,56.62484771595467,0.0,1.7644703637854888,6.235529636214511,0.58,5,6.911200311588957,125.38033500763251,1,1.7644703637854888,dp_he3/none,packet_protection
6.911200311588957,3,3,89,717.4141507200001,,9,0.159503292912768,False,,True,True,True,True,False,True,0,0.0,0,True,3,E_C_upd:dp_he3;L_E_upd:none,1.3705276667987023,0.98115,LIIEIIIC,,fixed_mode_fixed_privacy,52.73729313489091,0.0,1.7644703637854888,6.235529636214511,0.58,5,6.911200311588957,124.53729703489137,1,1.7644703637854888,dp_he3/none,packet_protection
6.911200311588957,3,3,90,717.4141507200001,,0,0.159503292912768,False,,True,True,True,True,False,True,0,0.0,0,True,3,E_C_upd:dp_he3;L_E_upd:none,2.4332702580801087,0.9790833333333333,LIIEIIIC,,fixed_mode_fixed_privacy,57.54489891375045,0.0,1.7644703637854888,6.235529636214511,0.58,5,6.911200311588957,133.54188192856913,1,1.7644703637854888,dp_he3/none,packet_protection
6.911200311588957,3,3,91,717.4141507200001,,1,0.159503292912768,False,,True,True,True,True,False,True,0,0.0,0,True,3,E_C_upd:dp_he3;L_E_upd:none,1.0364106472173031,0.97805,LIIEIIIC,,fixed_mode_fixed_privacy,54.36183681732489,0.0,1.7644703637854888,6.235529636214511,0.58,5,6.911200311588957,130.02435840490077,1,1.7644703637854888,dp_he3/none,packet_protection
6.911200311588957,3,3,92,717.4141507200001,,2,0.159503292912768,False,,True,True,True,True,False,True,0,0.0,0,True,3,E_C_upd:dp_he3;L_E_upd:none,1.7756584058061933,0.9796,LIIEIIIC,,fixed_mode_fixed_privacy,64.53894241752779,0.0,1.7644703637854888,6.235529636214511,0.58,5,6.911200311588957,137.78183387281487,1,1.7644703637854888,dp_he3/none,packet_protection
6.911200311588957,3,3,93,717.4141507200001,,3,0.159503292912768,False,,True,True,True,True,False,True,0,0.0,0,True,3,E_C_upd:dp_he3;L_E_upd:none,1.2763035970769345,0.9785666666666667,LIIEIIIC,,fixed_mode_fixed_privacy,55.55499046388013,0.0,1.7644703637854888,6.235529636214511,0.58,5,6.911200311588957,125.88921752785829,1,1.7644703637854888,dp_he3/none,packet_protection
6.911200311588957,3,3,94,717.4141507200001,,4,0.159503292912768,False,,True,True,True,True,False,True,0,0.0,0,True,3,E_C_upd:dp_he3;L_E_upd:none,1.022644065962914,0.9775333333333334,LIIEIIIC,,fixed_mode_fixed_privacy,51.15257097657735,0.0,1.7644703637854888,6.235529636214511,0.58,5,6.911200311588957,128.69943002153883,1,1.7644703637854888,dp_he3/none,packet_protection
6.911200311588957,3,3,95,717.4141507200001,,5,0.159503292912768,False,,True,True,True,True,False,True,0,0.0,0,True,3,E_C_upd:dp_he3;L_E_upd:none,2.386951937299487,0.9790833333333333,LIIEIIIC,,fixed_mode_fixed_privacy,62.31308486263195,0.0,1.7644703637854888,6.235529636214511,0.58,5,6.911200311588957,127.95231679458287,1,1.7644703637854888,dp_he3/none,packet_protection
6.911200311588957,3,3,96,717.4141507200001,,6,0.159503292912768,False,,True,True,True,True,False,True,0,0.0,0,True,3,E_C_upd:dp_he3;L_E_upd:none,1.0407947296407267,0.9790833333333333,LIIEIIIC,,fixed_mode_fixed_privacy,60.23725341614087,0.0,1.7644703637854888,6.235529636214511,0.58,5,6.911200311588957,120.9935190696498,1,1.7644703637854888,dp_he3/none,packet_protection
6.911200311588957,3,3,97,717.4141507200001,,7,0.159503292912768,False,,True,True,True,True,False,True,0,0.0,0,True,3,E_C_upd:dp_he3;L_E_upd:none,1.2270978966466777,0.97805,LIIEIIIC,,fixed_mode_fixed_privacy,57.409198642377376,0.0,1.7644703637854888,6.235529636214511,0.58,5,6.911200311588957,119.63538970912195,1,1.7644703637854888,dp_he3/none,packet_protection
,,,98,0.0,,8,0.0,False,,True,True,True,True,True,True,0,0.0,0,True,3,,inf,0.0,SKIP,,fixed_mode_fixed_privacy,,0.0,0.0,8.0,0.0,5,,0.0,0,0.0,none,packet_protection
6.911200311588957,3,3,99,717.4141507200001,,9,0.159503292912768,False,,True,True,True,True,False,True,0,0.0,0,True,3,E_C_upd:dp_he3;L_E_upd:none,1.5665195180963505,0.98115,LIIEIIIC,,fixed_mode_fixed_privacy,56.50365837876069,0.0,1.7644703637854888,6.235529636214511,0.58,5,6.911200311588957,133.36002269655341,1,1.7644703637854888,dp_he3/none,packet_protection
6.911200311588957,3,3,0,717.4141507200001,,0,0.1470017028792483,False,,True,True,True,True,False,True,0,0.0,0,True,3,E_C_upd:dp_he3;L_E_upd:none,2.4526825050714955,0.9796,LIIEIIIC,,fixed_mode_fixed_privacy,51.82018192846008,0.0,1.9114720666647371,6.088527933335262,0.58,6,6.911200311588957,115.48933131012394,1,1.9114720666647371,dp_he3/none,packet_protection
6.911200311588957,3,3,1,717.4141507200001,,1,0.1470017028792483,False,,True,True,True,True,False,True,0,0.0,0,True,3,E_C_upd:dp_he3;L_E_upd:none,2.020729936082863,0.9790833333333333,LIIEIIIC,,fixed_mode_fixed_privacy,54.82000313541575,0.0,1.9114720666647371,6.088527933335262,0.58,6,6.911200311588957,123.3212453045316,1,1.9114720666647371,dp_he3/none,packet_protection
6.911200311588957,3,3,2,717.4141507200001,,2,0.1470017028792483,False,,True,True,True,True,False,True,0,0.0,0,True,3,E_C_upd:dp_he3;L_E_upd:none,1.380488196284812,0.9801166666666666,LIIEIIIC,,fixed_mode_fixed_privacy,60.23418326403602,0.0,1.9114720666647371,6.088527933335262,0.58,6,6.911200311588957,128.66883313916404,1,1.9114720666647371,dp_he3/none,packet_protection
6.911200311588957,3,3,3,717.4141507200001,,3,0.1470017028792483,False,,True,True,True,True,False,True,0,0.0,0,True,3,E_C_upd:dp_he3;L_E_upd:none,1.7431799468753328,0.9796,LIIEIIIC,,fixed_mode_fixed_privacy,49.293074529268,0.0,1.9114720666647371,6.088527933335262,0.58,6,6.911200311588957,112.29942690443082,1,1.9114720666647371,dp_he3/none,packet_protection
6.911200311588957,3,3,4,717.4141507200001,,4,0.1470017028792483,False,,True,True,True,True,False,True,0,0.0,0,True,3,E_C_upd:dp_he3;L_E_upd:none,1.0840160768825502,0.97805,LIIEIIIC,,fixed_mode_fixed_privacy,54.55152868300821,0.0,1.9114720666647371,6.088527933335262,0.58,6,6.911200311588957,124.93534650591253,1,1.9114720666647371,dp_he3/none,packet_protection
,,,5,0.0,,5,0.0,False,,True,True,True,True,True,True,0,0.0,0,True,3,,inf,0.0,SKIP,,fixed_mode_fixed_privacy,,0.0,0.0,8.0,0.0,6,,0.0,0,0.0,none,packet_protection
6.911200311588957,3,3,6,717.4141507200001,,6,0.1470017028792483,False,,True,True,True,True,False,True,0,0.0,0,True,3,E_C_upd:dp_he3;L_E_upd:none,2.6303355215731377,0.9796,LIIEIIIC,,fixed_mode_fixed_privacy,57.26832297295743,0.0,1.9114720666647371,6.088527933335262,0.58,6,6.911200311588957,120.0274248135896,1,1.9114720666647371,dp_he3/none,packet_protection
6.911200311588957,3,3,7,717.4141507200001,,7,0.1470017028792483,False,,True,True,True,True,False,True,0,0.0,0,True,3,E_C_upd:dp_he3;L_E_upd:none,2.053595733538623,0.9790833333333333,LIIEIIIC,,fixed_mode_fixed_privacy,55.59513160252557,0.0,1.9114720666647371,6.088527933335262,0.58,6,6.911200311588957,132.08919342709666,1,1.9114720666647371,dp_he3/none,packet_protection
,,,8,0.0,,8,0.0,False,,True,True,True,True,True,True,0,0.0,0,True,3,,inf,0.0,SKIP,,fixed_mode_fixed_privacy,,0.0,0.0,8.0,0.0,6,,0.0,0,0.0,none,packet_protection
6.911200311588957,3,3,9,717.4141507200001,,9,0.1470017028792483,False,,True,True,True,True,False,True,0,0.0,0,True,3,E_C_upd:dp_he3;L_E_upd:none,1.3144213466357852,0.9816666666666666,LIIEIIIC,,fixed_mode_fixed_privacy,48.76336243687429,0.0,1.9114720666647371,6.088527933335262,0.58,6,6.911200311588957,118.66642087098545,1,1.9114720666647371,dp_he3/none,packet_protection
6.911200311588957,3,3,10,717.4141507200001,,0,0.1470017028792483,False,,True,True,True,True,False,True,0,0.0,0,True,3,E_C_upd:dp_he3;L_E_upd:none,0.9864894286034035,0.9796,LIIEIIIC,,fixed_mode_fixed_privacy,51.91284825601886,0.0,1.9114720666647371,6.088527933335262,0.58,6,6.911200311588957,122.75936948800238,1,1.9114720666647371,dp_he3/none,packet_protection
6.911200311588957,3,3,11,717.4141507200001,,1,0.1470017028792483,False,,True,True,True,True,False,True,0,0.0,0,True,3,E_C_upd:dp_he3;L_E_upd:none,2.0833708586033586,0.9785666666666667,LIIEIIIC,,fixed_mode_fixed_privacy,57.04242221173415,0.0,1.9114720666647371,6.088527933335262,0.58,6,6.911200311588957,126.08694857269485,1,1.9114720666647371,dp_he3/none,packet_protection
6.911200311588957,3,3,12,717.4141507200001,,2,0.1470017028792483,False,,True,True,True,True,False,True,0,0.0,0,True,3,E_C_upd:dp_he3;L_E_upd:none,2.67780451323768,0.9796,LIIEIIIC,,fixed_mode_fixed_privacy,71.16622365133546,0.0,1.9114720666647371,6.088527933335262,0.58,6,6.911200311588957,134.13971066990865,1,1.9114720666647371,dp_he3/none,packet_protection
6.911200311588957,3,3,13,717.4141507200001,,3,0.1470017028792483,False,,True,True,True,True,False,True,0,0.0,0,True,3,E_C_upd:dp_he3;L_E_upd:none,1.7205665385753408,0.9790833333333333,LIIEIIIC,,fixed_mode_fixed_privacy,56.55137488176041,0.0,1.9114720666647371,6.088527933335262,0.58,6,6.911200311588957,125.18184531999357,1,1.9114720666647371,dp_he3/none,packet_protection
6.911200311588957,3,3,14,717.4141507200001,,4,0.1470017028792483,False,,True,True,True,True,False,True,0,0.0,0,True,3,E_C_upd:dp_he3;L_E_upd:none,1.9087855950561639,0.97805,LIIEIIIC,,fixed_mode_fixed_privacy,56.87471895041947,0.0,1.9114720666647371,6.088527933335262,0.58,6,6.911200311588957,135.58716681769423,1,1.9114720666647371,dp_he3/none,packet_protection
6.911200311588957,3,3,15,717.4141507200001,,5,0.1470017028792483,False,,True,True,True,True,False,True,0,0.0,0,True,3,E_C_upd:dp_he3;L_E_upd:none,1.9130126015396856,0.9796,LIIEIIIC,,fixed_mode_fixed_privacy,57.51939426029726,0.0,1.9114720666647371,6.088527933335262,0.58,6,6.911200311588957,118.49473612524305,1,1.9114720666647371,dp_he3/none,packet_protection
6.911200311588957,3,3,16,717.4141507200001,,6,0.1470017028792483,False,,True,True,True,True,False,True,0,0.0,0,True,3,E_C_upd:dp_he3;L_E_upd:none,1.1628149379732393,0.9796,LIIEIIIC,,fixed_mode_fixed_privacy,56.18353449018352,0.0,1.9114720666647371,6.088527933335262,0.58,6,6.911200311588957,124.2208175401536,1,1.9114720666647371,dp_he3/none,packet_protection
6.911200311588957,3,3,17,717.4141507200001,,7,0.1470017028792483,False,,True,True,True,True,False,True,0,0.0,0,True,3,E_C_upd:dp_he3;L_E_upd:none,2.6565711564792376,0.9790833333333333,LIIEIIIC,,fixed_mode_fixed_privacy,46.217272123918974,0.0,1.9114720666647371,6.088527933335262,0.58,6,6.911200311588957,108.23599068107701,1,1.9114720666647371,dp_he3/none,packet_protection
6.911200311588957,3,3,18,717.4141507200001,,8,0.1470017028792483,False,,True,True,True,True,False,True,0,0.0,0,True,3,E_C_upd:dp_he3;L_E_upd:none,1.5926943326530782,0.9806333333333332,LIIEIIIC,,fixed_mode_fixed_privacy,52.666356336866976,0.0,1.9114720666647371,6.088527933335262,0.58,6,6.911200311588957,121.11261392942264,1,1.9114720666647371,dp_he3/none,packet_protection
6.911200311588957,3,3,19,717.4141507200001,,9,0.1470017028792483,False,,True,True,True,True,False,True,0,0.0,0,True,3,E_C_upd:dp_he3;L_E_upd:none,2.676393350591775,0.9816666666666666,LIIEIIIC,,fixed_mode_fixed_privacy,51.78845829671002,0.0,1.9114720666647371,6.088527933335262,0.58,6,6.911200311588957,116.67766314414841,1,1.9114720666647371,dp_he3/none,packet_protection
,,,20,0.0,,0,0.0,False,,True,True,True,True,True,True,0,0.0,0,True,3,,inf,0.0,SKIP,,fixed_mode_fixed_privacy,,0.0,0.0,8.0,0.0,6,,0.0,0,0.0,none,packet_protection
6.911200311588957,3,3,21,717.4141507200001,,1,0.1470017028792483,False,,True,True,True,True,False,True,0,0.0,0,True,3,E_C_upd:dp_he3;L_E_upd:none,1.0533693839806015,0.9785666666666667,LIIEIIIC,,fixed_mode_fixed_privacy,61.37105577164656,0.0,1.9114720666647371,6.088527933335262,0.58,6,6.911200311588957,137.06366519041302,1,1.9114720666647371,dp_he3/none,packet_protection
6.911200311588957,3,3,22,717.4141507200001,,2,0.1470017028792483,False,,True,True,True,True,False,True,0,0.0,0,True,3,E_C_upd:dp_he3;L_E_upd:none,2.162089858147671,0.9796,LIIEIIIC,,fixed_mode_fixed_privacy,67.48043254892514,0.0,1.9114720666647371,6.088527933335262,0.58,6,6.911200311588957,131.56432263347187,1,1.9114720666647371,dp_he3/none,packet_protection
6.911200311588957,3,3,23,717.4141507200001,,3,0.1470017028792483,False,,True,True,True,True,False,True,0,0.0,0,True,3,E_C_upd:dp_he3;L_E_upd:none,1.5216668391258723,0.9790833333333333,LIIEIIIC,,fixed_mode_fixed_privacy,55.66232328722858,0.0,1.9114720666647371,6.088527933335262,0.58,6,6.911200311588957,117.72805728378054,1,1.9114720666647371,dp_he3/none,packet_protection
6.911200311588957,3,3,24,717.4141507200001,,4,0.1470017028792483,False,,True,True,True,True,False,True,0,0.0,0,True,3,E_C_upd:dp_he3;L_E_upd:none,2.509690730837996,0.97805,LIIEIIIC,,fixed_mode_fixed_privacy,50.54871989982884,0.0,1.9114720666647371,6.088527933335262,0.58,6,6.911200311588957,109.90816342653957,1,1.9114720666647371,dp_he3/none,packet_protection
6.911200311588957,3,3,25,717.4141507200001,,5,0.1470017028792483,False,,True,True,True,True,False,True,0,0.0,0,True,3,E_C_upd:dp_he3;L_E_upd:none,2.141894505673916,0.9796,LIIEIIIC,,fixed_mode_fixed_privacy,57.72679480527276,0.0,1.9114720666647371,6.088527933335262,0.58,6,6.911200311588957,122.50057367331236,1,1.9114720666647371,dp_he3/none,packet_protection
6.911200311588957,3,3,26,717.4141507200001,,6,0.1470017028792483,False,,True,True,True,True,False,True,0,0.0,0,True,3,E_C_upd:dp_he3;L_E_upd:none,2.6156949390605306,0.9796,LIIEIIIC,,fixed_mode_fixed_privacy,57.4757529550082,0.0,1.9114720666647371,6.088527933335262,0.58,6,6.911200311588957,127.23155633668355,1,1.9114720666647371,dp_he3/none,packet_protection
6.911200311588957,3,3,27,717.4141507200001,,7,0.1470017028792483,False,,True,True,True,True,False,True,0,0.0,0,True,3,E_C_upd:dp_he3;L_E_upd:none,1.3581486205054942,0.9790833333333333,LIIEIIIC,,fixed_mode_fixed_privacy,52.191810718184456,0.0,1.9114720666647371,6.088527933335262,0.58,6,6.911200311588957,123.83466756408052,1,1.9114720666647371,dp_he3/none,packet_protection
6.911200311588957,3,3,28,717.4141507200001,,8,0.1470017028792483,False,,True,True,True,True,False,True,0,0.0,0,True,3,E_C_upd:dp_he3;L_E_upd:none,1.0529798758229736,0.9801166666666666,LIIEIIIC,,fixed_mode_fixed_privacy,65.98664427965686,0.0,1.9114720666647371,6.088527933335262,0.58,6,6.911200311588957,133.1457241579521,1,1.9114720666647371,dp_he3/none,packet_protection
6.911200311588957,3,3,29,717.4141507200001,,9,0.1470017028792483,False,,True,True,True,True,False,True,0,0.0,0,True,3,E_C_upd:dp_he3;L_E_upd:none,1.5238328230436504,0.9816666666666666,LIIEIIIC,,fixed_mode_fixed_privacy,46.57561510175798,0.0,1.9114720666647371,6.088527933335262,0.58,6,6.911200311588957,119.77055594779365,1,1.9114720666647371,dp_he3/none,packet_protection
6.911200311588957,3,3,30,717.4141507200001,,0,0.1470017028792483,False,,True,True,True,True,False,True,0,0.0,0,True,3,E_C_upd:dp_he3;L_E_upd:none,1.304595337452328,0.9796,LIIEIIIC,,fixed_mode_fixed_privacy,53.71108645052999,0.0,1.9114720666647371,6.088527933335262,0.58,6,6.911200311588957,112.92292438568079,1,1.9114720666647371,dp_he3/none,packet_protection
6.911200311588957,3,3,31,717.4141507200001,,1,0.1470017028792483,False,,True,True,True,True,False,True,0,0.0,0,True,3,E_C_upd:dp_he3;L_E_upd:none,2.2969552434688674,0.9785666666666667,LIIEIIIC,,fixed_mode_fixed_privacy,59.572014567664766,0.0,1.9114720666647371,6.088527933335262,0.58,6,6.911200311588957,123.60156741127285,1,1.9114720666647371,dp_he3/none,packet_protection
,,,32,0.0,,2,0.0,False,,True,True,True,True,True,True,0,0.0,0,True,3,,inf,0.0,SKIP,,fixed_mode_fixed_privacy,,0.0,0.0,8.0,0.0,6,,0.0,0,0.0,none,packet_protection
6.911200311588957,3,3,33,717.4141507200001,,3,0.1470017028792483,False,,True,True,True,True,False,True,0,0.0,0,True,3,E_C_upd:dp_he3;L_E_upd:none,1.0040228730641931,0.9790833333333333,LIIEIIIC,,fixed_mode_fixed_privacy,52.22747067720684,0.0,1.9114720666647371,6.088527933335262,0.58,6,6.911200311588957,120.646902791903,1,1.9114720666647371,dp_he3/none,packet_protection
6.911200311588957,3,3,34,717.4141507200001,,4,0.1470017028792483,False,,True,True,True,True,False,True,0,0.0,0,True,3,E_C_upd:dp_he3;L_E_upd:none,1.4720682121450308,0.97805,LIIEIIIC,,fixed_mode_fixed_privacy,55.02169019840478,0.0,1.9114720666647371,6.088527933335262,0.58,6,6.911200311588957,124.48898681873325,1,1.9114720666647371,dp_he3/none,packet_protection
6.911200311588957,3,3,35,717.4141507200001,,5,0.1470017028792483,False,,True,True,True,True,False,True,0,0.0,0,True,3,E_C_upd:dp_he3;L_E_upd:none,2.1366723680721345,0.9796,LIIEIIIC,,fixed_mode_fixed_privacy,61.14192322141292,0.0,1.9114720666647371,6.088527933335262,0.58,6,6.911200311588957,134.27327116745778,1,1.9114720666647371,dp_he3/none,packet_protection
6.911200311588957,3,3,36,717.4141507200001,,6,0.1470017028792483,False,,True,True,True,True,False,True,0,0.0,0,True,3,E_C_upd:dp_he3;L_E_upd:none,1.9282823167918586,0.9796,LIIEIIIC,,fixed_mode_fixed_privacy,53.10869765384108,0.0,1.9114720666647371,6.088527933335262,0.58,6,6.911200311588957,112.99820681935317,1,1.9114720666647371,dp_he3/none,packet_protection
6.911200311588957,3,3,37,717.4141507200001,,7,0.1470017028792483,False,,True,True,True,True,False,True,0,0.0,0,True,3,E_C_upd:dp_he3;L_E_upd:none,1.192260315036407,0.9790833333333333,LIIEIIIC,,fixed_mode_fixed_privacy,57.43964091980493,0.0,1.9114720666647371,6.088527933335262,0.58,6,6.911200311588957,127.08695965863578,1,1.9114720666647371,dp_he3/none,packet_protection
6.911200311588957,3,3,38,717.4141507200001,,8,0.1470017028792483,False,,True,True,True,True,False,True,0,0.0,0,True,3,E_C_upd:dp_he3;L_E_upd:none,2.5502852751622296,0.9801166666666666,LIIEIIIC,,fixed_mode_fixed_privacy,51.4689480928278,0.0,1.9114720666647371,6.088527933335262,0.58,6,6.911200311588957,116.745186549658,1,1.9114720666647371,dp_he3/none,packet_protection
6.911200311588957,3,3,39,717.4141507200001,,9,0.1470017028792483,False,,True,True,True,True,False,True,0,0.0,0,True,3,E_C_upd:dp_he3;L_E_upd:none,1.2461187749535723,0.9816666666666666,LIIEIIIC,,fixed_mode_fixed_privacy,66.84676585040121,0.0,1.9114720666647371,6.088527933335262,0.58,6,6.911200311588957,131.4165020326734,1,1.9114720666647371,dp_he3/none,packet_protection
6.911200311588957,3,3,40,717.4141507200001,,0,0.1470017028792483,False,,True,True,True,True,False,True,0,0.0,0,True,3,E_C_upd:dp_he3;L_E_upd:none,1.718281661052106,0.9796,LIIEIIIC,,fixed_mode_fixed_privacy,52.67939237302869,0.0,1.9114720666647371,6.088527933335262,0.58,6,6.911200311588957,116.66419794604472,1,1.9114720666647371,dp_he3/none,packet_protection
6.911200311588957,3,3,41,717.4141507200001,,1,0.1470017028792483,False,,True,True,True,True,False,True,0,0.0,0,True,3,E_C_upd:dp_he3;L_E_upd:none,1.2035142721899799,0.9785666666666667,LIIEIIIC,,fixed_mode_fixed_privacy,57.25665292218465,0.0,1.9114720666647371,6.088527933335262,0.58,6,6.911200311588957,136.47795502585151,1,1.9114720666647371,dp_he3/none,packet_protection
6.911200311588957,3,3,42,717.4141507200001,,2,0.1470017028792483,False,,True,True,True,True,False,True,0,0.0,0,True,3,E_C_upd:dp_he3;L_E_upd:none,1.0518635048612208,0.9796,LIIEIIIC,,fixed_mode_fixed_privacy,57.996397194066255,0.0,1.9114720666647371,6.088527933335262,0.58,6,6.911200311588957,138.48411070949672,1,1.9114720666647371,dp_he3/none,packet_protection
6.911200311588957,3,3,43,717.4141507200001,,3,0.1470017028792483,False,,True,True,True,True,False,True,0,0.0,0,True,3,E_C_upd:dp_he3;L_E_upd:none,2.157731341345857,0.9790833333333333,LIIEIIIC,,fixed_mode_fixed_privacy,58.27161931500706,0.0,1.9114720666647371,6.088527933335262,0.58,6,6.911200311588957,123.39565011205404,1,1.9114720666647371,dp_he3/none,packet_protection
6.911200311588957,3,3,44,717.4141507200001,,4,0.1470017028792483,False,,True,True,True,True,False,True,0,0.0,0,True,3,E_C_upd:dp_he3;L_E_upd:none,1.8939537747589035,0.97805,LIIEIIIC,,fixed_mode_fixed_privacy,60.51266014173091,0.0,1.9114720666647371,6.088527933335262,0.58,6,6.911200311588957,130.67928000641515,1,1.9114720666647371,dp_he3/none,packet_protection
6.911200311588957,3,3,45,717.4141507200001,,5,0.1470017028792483,False,,True,True,True,True,False,True,0,0.0,0,True,3,E_C_upd:dp_he3;L_E_upd:none,2.1894368395630277,0.9796,LIIEIIIC,,fixed_mode_fixed_privacy,63.333817468988094,0.0,1.9114720666647371,6.088527933335262,0.58,6,6.911200311588957,137.10294867217922,1,1.9114720666647371,dp_he3/none,packet_protection
,,,46,0.0,,6,0.0,False,,True,True,True,True,True,True,0,0.0,0,True,3,,inf,0.0,SKIP,,fixed_mode_fixed_privacy,,0.0,0.0,8.0,0.0,6,,0.0,0,0.0,none,packet_protection
6.911200311588957,3,3,47,717.4141507200001,,7,0.1470017028792483,False,,True,True,True,True,False,True,0,0.0,0,True,3,E_C_upd:dp_he3;L_E_upd:none,1.2106043506675663,0.9790833333333333,LIIEIIIC,,fixed_mode_fixed_privacy,59.43720894120878,0.0,1.9114720666647371,6.088527933335262,0.58,6,6.911200311588957,127.62358413052068,1,1.9114720666647371,dp_he3/none,packet_protection
6.911200311588957,3,3,48,717.4141507200001,,8,0.1470017028792483,False,,True,True,True,True,False,True,0,0.0,0,True,3,E_C_upd:dp_he3;L_E_upd:none,1.8872330715439818,0.9801166666666666,LIIEIIIC,,fixed_mode_fixed_privacy,49.16627383605713,0.0,1.9114720666647371,6.088527933335262,0.58,6,6.911200311588957,120.69355042358629,1,1.9114720666647371,dp_he3/none,packet_protection
6.911200311588957,3,3,49,717.4141507200001,,9,0.1470017028792483,False,,True,True,True,True,False,True,0,0.0,0,True,3,E_C_upd:dp_he3;L_E_upd:none,2.6414699298711724,0.98115,LIIEIIIC,,fixed_mode_fixed_privacy,64.18879491187255,0.0,1.9114720666647371,6.088527933335262,0.58,6,6.911200311588957,143.5222299708755,1,1.9114720666647371,dp_he3/none,packet_protection
6.911200311588957,3,3,50,717.4141507200001,,0,0.1470017028792483,False,,True,True,True,True,False,True,0,0.0,0,True,3,E_C_upd:dp_he3;L_E_upd:none,2.357294402957413,0.9796,LIIEIIIC,,fixed_mode_fixed_privacy,60.76276543860396,0.0,1.9114720666647371,6.088527933335262,0.58,6,6.911200311588957,133.25177208207475,1,1.9114720666647371,dp_he3/none,packet_protection
6.911200311588957,3,3,51,717.4141507200001,,1,0.1470017028792483,False,,True,True,True,True,False,True,0,0.0,0,True,3,E_C_upd:dp_he3;L_E_upd:none,1.5496570969226762,0.9785666666666667,LIIEIIIC,,fixed_mode_fixed_privacy,56.35876628080594,0.0,1.9114720666647371,6.088527933335262,0.58,6,6.911200311588957,121.47365743046848,1,1.9114720666647371,dp_he3/none,packet_protection
,,,52,0.0,,2,0.0,False,,True,True,True,True,True,True,0,0.0,0,True,3,,inf,0.0,SKIP,,fixed_mode_fixed_privacy,,0.0,0.0,8.0,0.0,6,,0.0,0,0.0,none,packet_protection
6.911200311588957,3,3,53,717.4141507200001,,3,0.1470017028792483,False,,True,True,True,True,False,True,0,0.0,0,True,3,E_C_upd:dp_he3;L_E_upd:none,1.770461903305378,0.9790833333333333,LIIEIIIC,,fixed_mode_fixed_privacy,59.28852663064742,0.0,1.9114720666647371,6.088527933335262,0.58,6,6.911200311588957,130.31576947418378,1,1.9114720666647371,dp_he3/none,packet_protection
,,,54,0.0,,4,0.0,False,,True,True,True,True,True,True,0,0.0,0,True,3,,inf,0.0,SKIP,,fixed_mode_fixed_privacy,,0.0,0.0,8.0,0.0,6,,0.0,0,0.0,none,packet_protection
6.911200311588957,3,3,55,717.4141507200001,,5,0.1470017028792483,False,,True,True,True,True,False,True,0,0.0,0,True,3,E_C_upd:dp_he3;L_E_upd:none,2.4836273737631887,0.9796,LIIEIIIC,,fixed_mode_fixed_privacy,53.98761057269437,0.0,1.9114720666647371,6.088527933335262,0.58,6,6.911200311588957,117.85234671399695,1,1.9114720666647371,dp_he3/none,packet_protection
6.911200311588957,3,3,56,717.4141507200001,,6,0.1470017028792483,False,,True,True,True,True,False,True,0,0.0,0,True,3,E_C_upd:dp_he3;L_E_upd:none,1.8118084234022185,0.9796,LIIEIIIC,,fixed_mode_fixed_privacy,55.643375949610615,0.0,1.9114720666647371,6.088527933335262,0.58,6,6.911200311588957,119.56505445657375,1,1.9114720666647371,dp_he3/none,packet_protection
6.911200311588957,3,3,57,717.4141507200001,,7,0.1470017028792483,False,,True,True,True,True,False,True,0,0.0,0,True,3,E_C_upd:dp_he3;L_E_upd:none,2.3077190009814617,0.9790833333333333,LIIEIIIC,,fixed_mode_fixed_privacy,52.08002535304804,0.0,1.9114720666647371,6.088527933335262,0.58,6,6.911200311588957,118.58787537438995,1,1.9114720666647371,dp_he3/none,packet_protection
6.911200311588957,3,3,58,717.4141507200001,,8,0.1470017028792483,False,,True,True,True,True,False,True,0,0.0,0,True,3,E_C_upd:dp_he3;L_E_upd:none,1.8813699941523465,0.9801166666666666,LIIEIIIC,,fixed_mode_fixed_privacy,61.28445757346449,0.0,1.9114720666647371,6.088527933335262,0.58,6,6.911200311588957,130.62094518537194,1,1.9114720666647371,dp_he3/none,packet_protection
6.911200311588957,3,3,59,717.4141507200001,,9,0.1470017028792483,False,,True,True,True,True,False,True,0,0.0,0,True,3,E_C_upd:dp_he3;L_E_upd:none,1.0079643620644898,0.98115,LIIEIIIC,,fixed_mode_fixed_privacy,56.66355367218091,0.0,1.9114720666647371,6.088527933335262,0.58,6,6.911200311588957,123.29249576704284,1,1.9114720666647371,dp_he3/none,packet_protection
,,,60,0.0,,0,0.0,False,,True,True,True,True,True,True,0,0.0,0,True,3,,inf,0.0,SKIP,,fixed_mode_fixed_privacy,,0.0,0.0,8.0,0.0,6,,0.0,0,0.0,none,packet_protection
6.911200311588957,3,3,61,717.4141507200001,,1,0.1470017028792483,False,,True,True,True,True,False,True,0,0.0,0,True,3,E_C_upd:dp_he3;L_E_upd:none,1.663020517394065,0.9785666666666667,LIIEIIIC,,fixed_mode_fixed_privacy,63.10653958303644,0.0,1.9114720666647371,6.088527933335262,0.58,6,6.911200311588957,129.93785587649165,1,1.9114720666647371,dp_he3/none,packet_protection
6.911200311588957,3,3,62,717.4141507200001,,2,0.1470017028792483,False,,True,True,True,True,False,True,0,0.0,0,True,3,E_C_upd:dp_he3;L_E_upd:none,1.2711442061474538,0.9796,LIIEIIIC,,fixed_mode_fixed_privacy,63.601382627040586,0.0,1.9114720666647371,6.088527933335262,0.58,6,6.911200311588957,135.94111644703023,1,1.9114720666647371,dp_he3/none,packet_protection
6.911200311588957,3,3,63,717.4141507200001,,3,0.1470017028792483,False,,True,True,True,True,False,True,0,0.0,0,True,3,E_C_upd:dp_he3;L_E_upd:none,1.4309148880902602,0.9790833333333333,LIIEIIIC,,fixed_mode_fixed_privacy,49.871892952618026,0.0,1.9114720666647371,6.088527933335262,0.58,6,6.911200311588957,126.17934960901769,1,1.9114720666647371,dp_he3/none,packet_protection
6.911200311588957,3,3,64,717.4141507200001,,4,0.1470017028792483,False,,True,True,True,True,False,True,0,0.0,0,True,3,E_C_upd:dp_he3;L_E_upd:none,1.8405891045455842,0.97805,LIIEIIIC,,fixed_mode_fixed_privacy,56.61040488169502,0.0,1.9114720666647371,6.088527933335262,0.58,6,6.911200311588957,129.0400110116394,1,1.9114720666647371,dp_he3/none,packet_protection
,,,65,0.0,,5,0.0,False,,True,True,True,True,True,True,0,0.0,0,True,3,,inf,0.0,SKIP,,fixed_mode_fixed_privacy,,0.0,0.0,8.0,0.0,6,,0.0,0,0.0,none,packet_protection
6.911200311588957,3,3,66,717.4141507200001,,6,0.1470017028792483,False,,True,True,True,True,False,True,0,0.0,0,True,3,E_C_upd:dp_he3;L_E_upd:none,1.8093775561702643,0.9796,LIIEIIIC,,fixed_mode_fixed_privacy,51.17324374560275,0.0,1.9114720666647371,6.088527933335262,0.58,6,6.911200311588957,112.36200823001496,1,1.9114720666647371,dp_he3/none,packet_protection
6.911200311588957,3,3,67,717.4141507200001,,7,0.1470017028792483,False,,True,True,True,True,False,True,0,0.0,0,True,3,E_C_upd:dp_he3;L_E_upd:none,1.7349815617663098,0.9790833333333333,LIIEIIIC,,fixed_mode_fixed_privacy,46.676463438231146,0.0,1.9114720666647371,6.088527933335262,0.58,6,6.911200311588957,122.41805609453623,1,1.9114720666647371,dp_he3/none,packet_protection
6.911200311588957,3,3,68,717.4141507200001,,8,0.1470017028792483,False,,True,True,True,True,False,True,0,0.0,0,True,3,E_C_upd:dp_he3;L_E_upd:none,1.6746949941761489,0.9801166666666666,LIIEIIIC,,fixed_mode_fixed_privacy,50.89054601441501,0.0,1.9114720666647371,6.088527933335262,0.58,6,6.911200311588957,118.71981023873509,1,1.9114720666647371,dp_he3/none,packet_protection
,,,69,0.0,,9,0.0,False,,True,True,True,True,True,True,0,0.0,0,True,3,,inf,0.0,SKIP,,fixed_mode_fixed_privacy,,0.0,0.0,8.0,0.0,6,,0.0,0,0.0,none,packet_protection
6.911200311588957,3,3,70,717.4141507200001,,0,0.1470017028792483,False,,True,True,True,True,False,True,0,0.0,0,True,3,E_C_upd:dp_he3;L_E_upd:none,2.208645096509279,0.9796,LIIEIIIC,,fixed_mode_fixed_privacy,52.85031194564674,0.0,1.9114720666647371,6.088527933335262,0.58,6,6.911200311588957,131.20719298898075,1,1.9114720666647371,dp_he3/none,packet_protection
6.911200311588957,3,3,71,717.4141507200001,,1,0.1470017028792483,False,,True,True,True,True,False,True,0,0.0,0,True,3,E_C_upd:dp_he3;L_E_upd:none,1.826628304645198,0.9785666666666667,LIIEIIIC,,fixed_mode_fixed_privacy,57.1317029315744,0.0,1.9114720666647371,6.088527933335262,0.58,6,6.911200311588957,129.5960311903432,1,1.9114720666647371,dp_he3/none,packet_protection
,,,72,0.0,,2,0.0,False,,True,True,True,True,True,True,0,0.0,0,True,3,,inf,0.0,SKIP,,fixed_mode_fixed_privacy,,0.0,0.0,8.0,0.0,6,,0.0,0,0.0,none,packet_protection
6.911200311588957,3,3,73,717.4141507200001,,3,0.1470017028792483,False,,True,True,True,True,False,True,0,0.0,0,True,3,E_C_upd:dp_he3;L_E_upd:none,1.949324494891817,0.9785666666666667,LIIEIIIC,,fixed_mode_fixed_privacy,57.12881375525767,0.0,1.9114720666647371,6.088527933335262,0.58,6,6.911200311588957,131.0321251490635,1,1.9114720666647371,dp_he3/none,packet_protection
6.911200311588957,3,3,74,717.4141507200001,,4,0.1470017028792483,False,,True,True,True,True,False,True,0,0.0,0,True,3,E_C_upd:dp_he3;L_E_upd:none,2.373369464974584,0.9775333333333334,LIIEIIIC,,fixed_mode_fixed_privacy,46.554219343973074,0.0,1.9114720666647371,6.088527933335262,0.58,6,6.911200311588957,110.08176786309097,1,1.9114720666647371,dp_he3/none,packet_protection
6.911200311588957,3,3,75,717.4141507200001,,5,0.1470017028792483,False,,True,True,True,True,False,True,0,0.0,0,True,3,E_C_upd:dp_he3;L_E_upd:none,1.0329957754014922,0.9790833333333333,LIIEIIIC,,fixed_mode_fixed_privacy,52.12107688105052,0.0,1.9114720666647371,6.088527933335262,0.58,6,6.911200311588957,119.1648219189006,1,1.9114720666647371,dp_he3/none,packet_protection
6.911200311588957,3,3,76,717.4141507200001,,6,0.1470017028792483,False,,True,True,True,True,False,True,0,0.0,0,True,3,E_C_upd:dp_he3;L_E_upd:none,1.5225967874451976,0.9796,LIIEIIIC,,fixed_mode_fixed_privacy,56.6704539762711,0.0,1.9114720666647371,6.088527933335262,0.58,6,6.911200311588957,128.62653867525012,1,1.9114720666647371,dp_he3/none,packet_protection
,,,77,0.0,,7,0.0,False,,True,True,True,True,True,True,0,0.0,0,True,3,,inf,0.0,SKIP,,fixed_mode_fixed_privacy,,0.0,0.0,8.0,0.0,6,,0.0,0,0.0,none,packet_protection
6.911200311588957,3,3,78,717.4141507200001,,8,0.1470017028792483,False,,True,True,True,True,False,True,0,0.0,0,True,3,E_C_upd:dp_he3;L_E_upd:none,2.1302373664638856,0.9801166666666666,LIIEIIIC,,fixed_mode_fixed_privacy,50.15359967464532,0.0,1.9114720666647371,6.088527933335262,0.58,6,6.911200311588957,115.60048434238283,1,1.9114720666647371,dp_he3/none,packet_protection
6.911200311588957,3,3,79,717.4141507200001,,9,0.1470017028792483,False,,True,True,True,True,False,True,0,0.0,0,True,3,E_C_upd:dp_he3;L_E_upd:none,1.5075545469820644,0.98115,LIIEIIIC,,fixed_mode_fixed_privacy,57.49586429946798,0.0,1.9114720666647371,6.088527933335262,0.58,6,6.911200311588957,133.24584289102046,1,1.9114720666647371,dp_he3/none,packet_protection
6.911200311588957,3,3,80,717.4141507200001,,0,0.1470017028792483,False,,True,True,True,True,False,True,0,0.0,0,True,3,E_C_upd:dp_he3;L_E_upd:none,1.8296725957303435,0.9796,LIIEIIIC,,fixed_mode_fixed_privacy,54.8170712261147,0.0,1.9114720666647371,6.088527933335262,0.58,6,6.911200311588957,130.5589353857289,1,1.9114720666647371,dp_he3/none,packet_protection
6.911200311588957,3,3,81,717.4141507200001,,1,0.1470017028792483,False,,True,True,True,True,False,True,0,0.0,0,True,3,E_C_upd:dp_he3;L_E_upd:none,2.550842491022395,0.9785666666666667,LIIEIIIC,,fixed_mode_fixed_privacy,56.071818098391724,0.0,1.9114720666647371,6.088527933335262,0.58,6,6.911200311588957,126.31881637171834,1,1.9114720666647371,dp_he3/none,packet_protection
6.911200311588957,3,3,82,717.4141507200001,,2,0.1470017028792483,False,,True,True,True,True,False,True,0,0.0,0,True,3,E_C_upd:dp_he3;L_E_upd:none,1.2161122283893053,0.9796,LIIEIIIC,,fixed_mode_fixed_privacy,59.952719327543285,0.0,1.9114720666647371,6.088527933335262,0.58,6,6.911200311588957,136.3354821586761,1,1.9114720666647371,dp_he3/none,packet_protection
6.911200311588957,3,3,83,717.4141507200001,,3,0.1470017028792483,False,,True,True,True,True,False,True,0,0.0,0,True,3,E_C_upd:dp_he3;L_E_upd:none,1.4318254026176642,0.9785666666666667,LIIEIIIC,,fixed_mode_fixed_privacy,58.94573372600097,0.0,1.9114720666647371,6.088527933335262,0.58,6,6.911200311588957,125.51170201439092,1,1.9114720666647371,dp_he3/none,packet_protection
6.911200311588957,3,3,84,717.4141507200001,,4,0.1470017028792483,False,,True,True,True,True,False,True,0,0.0,0,True,3,E_C_upd:dp_he3;L_E_upd:none,2.1478191071057733,0.9775333333333334,LIIEIIIC,,fixed_mode_fixed_privacy,46.9304343560447,0.0,1.9114720666647371,6.088527933335262,0.58,6,6.911200311588957,107.4087859376042,1,1.9114720666647371,dp_he3/none,packet_protection
,,,85,0.0,,5,0.0,False,,True,True,True,True,True,True,0,0.0,0,True,3,,inf,0.0,SKIP,,fixed_mode_fixed_privacy,,0.0,0.0,8.0,0.0,6,,0.0,0,0.0,none,packet_protection
6.911200311588957,3,3,86,717.4141507200001,,6,0.1470017028792483,False,,True,True,True,True,False,True,0,0.0,0,True,3,E_C_upd:dp_he3;L_E_upd:none,1.7996014940214557,0.9796,LIIEIIIC,,fixed_mode_fixed_privacy,60.76818688403976,0.0,1.9114720666647371,6.088527933335262,0.58,6,6.911200311588957,136.54566580393725,1,1.9114720666647371,dp_he3/none,packet_protection
6.911200311588957,3,3,87,717.4141507200001,,7,0.1470017028792483,False,,True,True,True,True,False,True,0,0.0,0,True,3,E_C_upd:dp_he3;L_E_upd:none,2.474420304413817,0.9790833333333333,LIIEIIIC,,fixed_mode_fixed_privacy,57.88764344329528,0.0,1.9114720666647371,6.088527933335262,0.58,6,6.911200311588957,125.31400876660874,1,1.9114720666647371,dp_he3/none,packet_protection
6.911200311588957,3,3,88,717.4141507200001,,8,0.1470017028792483,False,,True,True,True,True,False,True,0,0.0,0,True,3,E_C_upd:dp_he3;L_E_upd:none,2.3858028244505176,0.9801166666666666,LIIEIIIC,,fixed_mode_fixed_privacy,60.815733925719655,0.0,1.9114720666647371,6.088527933335262,0.58,6,6.911200311588957,123.91888884692783,1,1.9114720666647371,dp_he3/none,packet_protection
6.911200311588957,3,3,89,717.4141507200001,,9,0.1470017028792483,False,,True,True,True,True,False,True,0,0.0,0,True,3,E_C_upd:dp_he3;L_E_upd:none,1.3705276667987023,0.98115,LIIEIIIC,,fixed_mode_fixed_privacy,53.58491850557403,0.0,1.9114720666647371,6.088527933335262,0.58,6,6.911200311588957,121.07137044689942,1,1.9114720666647371,dp_he3/none,packet_protection
6.911200311588957,3,3,90,717.4141507200001,,0,0.1470017028792483,False,,True,True,True,True,False,True,0,0.0,0,True,3,E_C_upd:dp_he3;L_E_upd:none,2.4332702580801087,0.9790833333333333,LIIEIIIC,,fixed_mode_fixed_privacy,62.350127147608454,0.0,1.9114720666647371,6.088527933335262,0.58,6,6.911200311588957,126.53943127312385,1,1.9114720666647371,dp_he3/none,packet_protection
6.911200311588957,3,3,91,717.4141507200001,,1,0.1470017028792483,False,,True,True,True,True,False,True,0,0.0,0,True,3,E_C_upd:dp_he3;L_E_upd:none,1.0364106472173031,0.97805,LIIEIIIC,,fixed_mode_fixed_privacy,63.96056001501779,0.0,1.9114720666647371,6.088527933335262,0.58,6,6.911200311588957,141.03583156728223,1,1.9114720666647371,dp_he3/none,packet_protection
6.911200311588957,3,3,92,717.4141507200001,,2,0.1470017028792483,False,,True,True,True,True,False,True,0,0.0,0,True,3,E_C_upd:dp_he3;L_E_upd:none,1.7756584058061933,0.9796,LIIEIIIC,,fixed_mode_fixed_privacy,54.545724933184296,0.0,1.9114720666647371,6.088527933335262,0.58,6,6.911200311588957,118.50747214040257,1,1.9114720666647371,dp_he3/none,packet_protection
6.911200311588957,3,3,93,717.4141507200001,,3,0.1470017028792483,False,,True,True,True,True,False,True,0,0.0,0,True,3,E_C_upd:dp_he3;L_E_upd:none,1.2763035970769345,0.9785666666666667,LIIEIIIC,,fixed_mode_fixed_privacy,61.48480051977393,0.0,1.9114720666647371,6.088527933335262,0.58,6,6.911200311588957,124.78635630890447,1,1.9114720666647371,dp_he3/none,packet_protection
6.911200311588957,3,3,94,717.4141507200001,,4,0.1470017028792483,False,,True,True,True,True,False,True,0,0.0,0,True,3,E_C_upd:dp_he3;L_E_upd:none,1.022644065962914,0.9775333333333334,LIIEIIIC,,fixed_mode_fixed_privacy,55.627728266591106,0.0,1.9114720666647371,6.088527933335262,0.58,6,6.911200311588957,132.50624973127262,1,1.9114720666647371,dp_he3/none,packet_protection
6.911200311588957,3,3,95,717.4141507200001,,5,0.1470017028792483,False,,True,True,True,True,False,True,0,0.0,0,True,3,E_C_upd:dp_he3;L_E_upd:none,2.386951937299487,0.9790833333333333,LIIEIIIC,,fixed_mode_fixed_privacy,57.18090237629009,0.0,1.9114720666647371,6.088527933335262,0.58,6,6.911200311588957,123.91959654018828,1,1.9114720666647371,dp_he3/none,packet_protection
6.911200311588957,3,3,96,717.4141507200001,,6,0.1470017028792483,False,,True,True,True,True,False,True,0,0.0,0,True,3,E_C_upd:dp_he3;L_E_upd:none,1.0407947296407267,0.9790833333333333,LIIEIIIC,,fixed_mode_fixed_privacy,52.18599048963841,0.0,1.9114720666647371,6.088527933335262,0.58,6,6.911200311588957,124.13189664547762,1,1.9114720666647371,dp_he3/none,packet_protection
6.911200311588957,3,3,97,717.4141507200001,,7,0.1470017028792483,False,,True,True,True,True,False,True,0,0.0,0,True,3,E_C_upd:dp_he3;L_E_upd:none,1.2270978966466777,0.97805,LIIEIIIC,,fixed_mode_fixed_privacy,56.81917259783606,0.0,1.9114720666647371,6.088527933335262,0.58,6,6.911200311588957,131.99342984980623,1,1.9114720666647371,dp_he3/none,packet_protection
,,,98,0.0,,8,0.0,False,,True,True,True,True,True,True,0,0.0,0,True,3,,inf,0.0,SKIP,,fixed_mode_fixed_privacy,,0.0,0.0,8.0,0.0,6,,0.0,0,0.0,none,packet_protection
6.911200311588957,3,3,99,717.4141507200001,,9,0.1470017028792483,False,,True,True,True,True,False,True,0,0.0,0,True,3,E_C_upd:dp_he3;L_E_upd:none,1.5665195180963505,0.98115,LIIEIIIC,,fixed_mode_fixed_privacy,50.561175837269886,0.0,1.9114720666647371,6.088527933335262,0.58,6,6.911200311588957,117.76404032146972,1,1.9114720666647371,dp_he3/none,packet_protection
6.911200311588957,3,3,0,717.4141507200001,,0,0.1366087072532327,False,,True,True,True,True,False,True,0,0.0,0,True,3,E_C_upd:dp_he3;L_E_upd:none,2.4526825050714955,0.9796,LIIEIIIC,,fixed_mode_fixed_privacy,63.42996789694626,0.0,2.04808077391797,5.95191922608203,0.58,7,6.911200311588957,137.18550852098036,1,2.04808077391797,dp_he3/none,packet_protection
6.911200311588957,3,3,1,717.4141507200001,,1,0.1366087072532327,False,,True,True,True,True,False,True,0,0.0,0,True,3,E_C_upd:dp_he3;L_E_upd:none,2.020729936082863,0.9790833333333333,LIIEIIIC,,fixed_mode_fixed_privacy,56.75383758152667,0.0,2.04808077391797,5.95191922608203,0.58,7,6.911200311588957,126.7618073692231,1,2.04808077391797,dp_he3/none,packet_protection
6.911200311588957,3,3,2,717.4141507200001,,2,0.1366087072532327,False,,True,True,True,True,False,True,0,0.0,0,True,3,E_C_upd:dp_he3;L_E_upd:none,1.380488196284812,0.9801166666666666,LIIEIIIC,,fixed_mode_fixed_privacy,61.968043208950604,0.0,2.04808077391797,5.95191922608203,0.58,7,6.911200311588957,138.1868840860531,1,2.04808077391797,dp_he3/none,packet_protection
6.911200311588957,3,3,3,717.4141507200001,,3,0.1366087072532327,False,,True,True,True,True,False,True,0,0.0,0,True,3,E_C_upd:dp_he3;L_E_upd:none,1.7431799468753328,0.9796,LIIEIIIC,,fixed_mode_fixed_privacy,58.35859639961707,0.0,2.04808077391797,5.95191922608203,0.58,7,6.911200311588957,123.19651361051012,1,2.04808077391797,dp_he3/none,packet_protection
6.911200311588957,3,3,4,717.4141507200001,,4,0.1366087072532327,False,,True,True,True,True,False,True,0,0.0,0,True,3,E_C_upd:dp_he3;L_E_upd:none,1.0840160768825502,0.97805,LIIEIIIC,,fixed_mode_fixed_privacy,55.13641198734938,0.0,2.04808077391797,5.95191922608203,0.58,7,6.911200311588957,130.53742286523152,1,2.04808077391797,dp_he3/none,packet_protection
,,,5,0.0,,5,0.0,False,,True,True,True,True,True,True,0,0.0,0,True,3,,inf,0.0,SKIP,,fixed_mode_fixed_privacy,,0.0,0.0,8.0,0.0,7,,0.0,0,0.0,none,packet_protection
6.911200311588957,3,3,6,717.4141507200001,,6,0.1366087072532327,False,,True,True,True,True,False,True,0,0.0,0,True,3,E_C_upd:dp_he3;L_E_upd:none,2.6303355215731377,0.9796,LIIEIIIC,,fixed_mode_fixed_privacy,60.22041623485177,0.0,2.04808077391797,5.95191922608203,0.58,7,6.911200311588957,132.9656475965144,1,2.04808077391797,dp_he3/none,packet_protection
6.911200311588957,3,3,7,717.4141507200001,,7,0.1366087072532327,False,,True,True,True,True,False,True,0,0.0,0,True,3,E_C_upd:dp_he3;L_E_upd:none,2.053595733538623,0.9790833333333333,LIIEIIIC,,fixed_mode_fixed_privacy,49.441070114406635,0.0,2.04808077391797,5.95191922608203,0.58,7,6.911200311588957,113.71137505496773,1,2.04808077391797,dp_he3/none,packet_protection
,,,8,0.0,,8,0.0,False,,True,True,True,True,True,True,0,0.0,0,True,3,,inf,0.0,SKIP,,fixed_mode_fixed_privacy,,0.0,0.0,8.0,0.0,7,,0.0,0,0.0,none,packet_protection
6.911200311588957,3,3,9,717.4141507200001,,9,0.1366087072532327,False,,True,True,True,True,False,True,0,0.0,0,True,3,E_C_upd:dp_he3;L_E_upd:none,1.3144213466357852,0.9816666666666666,LIIEIIIC,,fixed_mode_fixed_privacy,58.48376834817559,0.0,2.04808077391797,5.95191922608203,0.58,7,6.911200311588957,124.73719799246632,1,2.04808077391797,dp_he3/none,packet_protection
6.911200311588957,3,3,10,717.4141507200001,,0,0.1366087072532327,False,,True,True,True,True,False,True,0,0.0,0,True,3,E_C_upd:dp_he3;L_E_upd:none,0.9864894286034035,0.9796,LIIEIIIC,,fixed_mode_fixed_privacy,67.02496126348187,0.0,2.04808077391797,5.95191922608203,0.58,7,6.911200311588957,146.81654550799797,1,2.04808077391797,dp_he3/none,packet_protection
6.911200311588957,3,3,11,717.4141507200001,,1,0.1366087072532327,False,,True,True,True,True,False,True,0,0.0,0,True,3,E_C_upd:dp_he3;L_E_upd:none,2.0833708586033586,0.9785666666666667,LIIEIIIC,,fixed_mode_fixed_privacy,67.87177342576024,0.0,2.04808077391797,5.95191922608203,0.58,7,6.911200311588957,149.81049270836135,1,2.04808077391797,dp_he3/none,packet_protection
6.911200311588957,3,3,12,717.4141507200001,,2,0.1366087072532327,False,,True,True,True,True,False,True,0,0.0,0,True,3,E_C_upd:dp_he3;L_E_upd:none,2.67780451323768,0.9796,LIIEIIIC,,fixed_mode_fixed_privacy,56.09330906619938,0.0,2.04808077391797,5.95191922608203,0.58,7,6.911200311588957,133.19491080621125,1,2.04808077391797,dp_he3/none,packet_protection
6.911200311588957,3,3,13,717.4141507200001,,3,0.1366087072532327,False,,True,True,True,True,False,True,0,0.0,0,True,3,E_C_upd:dp_he3;L_E_upd:none,1.7205665385753408,0.9790833333333333,LIIEIIIC,,fixed_mode_fixed_privacy,49.565662772114365,0.0,2.04808077391797,5.95191922608203,0.58,7,6.911200311588957,123.14587279936264,1,2.04808077391797,dp_he3/none,packet_protection
6.911200311588957,3,3,14,717.4141507200001,,4,0.1366087072532327,False,,True,True,True,True,False,True,0,0.0,0,True,3,E_C_upd:dp_he3;L_E_upd:none,1.9087855950561639,0.97805,LIIEIIIC,,fixed_mode_fixed_privacy,58.08849855791593,0.0,2.04808077391797,5.95191922608203,0.58,7,6.911200311588957,129.1281818045857,1,2.04808077391797,dp_he3/none,packet_protection
6.911200311588957,3,3,15,717.4141507200001,,5,0.1366087072532327,False,,True,True,True,True,False,True,0,0.0,0,True,3,E_C_upd:dp_he3;L_E_upd:none,1.9130126015396856,0.9796,LIIEIIIC,,fixed_mode_fixed_privacy,60.01367823273769,0.0,2.04808077391797,5.95191922608203,0.58,7,6.911200311588957,125.42316815621183,1,2.04808077391797,dp_he3/none,packet_protection
6.911200311588957,3,3,16,717.4141507200001,,6,0.1366087072532327,False,,True,True,True,True,False,True,0,0.0,0,True,3,E_C_upd:dp_he3;L_E_upd:none,1.1628149379732393,0.9796,LIIEIIIC,,fixed_mode_fixed_privacy,63.464425760202246,0.0,2.04808077391797,5.95191922608203,0.58,7,6.911200311588957,126.43589939409168,1,2.04808077391797,dp_he3/none,packet_protection
6.911200311588957,3,3,17,717.4141507200001,,7,0.1366087072532327,False,,True,True,True,True,False,True,0,0.0,0,True,3,E_C_upd:dp_he3;L_E_upd:none,2.6565711564792376,0.9790833333333333,LIIEIIIC,,fixed_mode_fixed_privacy,53.25565185642751,0.0,2.04808077391797,5.95191922608203,0.58,7,6.911200311588957,114.44646647035187,1,2.04808077391797,dp_he3/none,packet_protection
6.911200311588957,3,3,18,717.4141507200001,,8,0.1366087072532327,False,,True,True,True,True,False,True,0,0.0,0,True,3,E_C_upd:dp_he3;L_E_upd:none,1.5926943326530782,0.9806333333333332,LIIEIIIC,,fixed_mode_fixed_privacy,60.63860806764373,0.0,2.04808077391797,5.95191922608203,0.58,7,6.911200311588957,139.46169349317768,1,2.04808077391797,dp_he3/none,packet_protection
6.911200311588957,3,3,19,717.4141507200001,,9,0.1366087072532327,False,,True,True,True,True,False,True,0,0.0,0,True,3,E_C_upd:dp_he3;L_E_upd:none,2.676393350591775,0.9816666666666666,LIIEIIIC,,fixed_mode_fixed_privacy,50.31150173236806,0.0,2.04808077391797,5.95191922608203,0.58,7,6.911200311588957,112.03910564842559,1,2.04808077391797,dp_he3/none,packet_protection
,,,20,0.0,,0,0.0,False,,True,True,True,True,True,True,0,0.0,0,True,3,,inf,0.0,SKIP,,fixed_mode_fixed_privacy,,0.0,0.0,8.0,0.0,7,,0.0,0,0.0,none,packet_protection
6.911200311588957,3,3,21,717.4141507200001,,1,0.1366087072532327,False,,True,True,True,True,False,True,0,0.0,0,True,3,E_C_upd:dp_he3;L_E_upd:none,1.0533693839806015,0.9785666666666667,LIIEIIIC,,fixed_mode_fixed_privacy,47.749253072878794,0.0,2.04808077391797,5.95191922608203,0.58,7,6.911200311588957,110.24339920383578,1,2.04808077391797,dp_he3/none,packet_protection
6.911200311588957,3,3,22,717.4141507200001,,2,0.1366087072532327,False,,True,True,True,True,False,True,0,0.0,0,True,3,E_C_upd:dp_he3;L_E_upd:none,2.162089858147671,0.9796,LIIEIIIC,,fixed_mode_fixed_privacy,65.59128022052676,0.0,2.04808077391797,5.95191922608203,0.58,7,6.911200311588957,140.88201746177128,1,2.04808077391797,dp_he3/none,packet_protection
6.911200311588957,3,3,23,717.4141507200001,,3,0.1366087072532327,False,,True,True,True,True,False,True,0,0.0,0,True,3,E_C_upd:dp_he3;L_E_upd:none,1.5216668391258723,0.9790833333333333,LIIEIIIC,,fixed_mode_fixed_privacy,52.26026659885511,0.0,2.04808077391797,5.95191922608203,0.58,7,6.911200311588957,123.01476068964669,1,2.04808077391797,dp_he3/none,packet_protection
6.911200311588957,3,3,24,717.4141507200001,,4,0.1366087072532327,False,,True,True,True,True,False,True,0,0.0,0,True,3,E_C_upd:dp_he3;L_E_upd:none,2.509690730837996,0.97805,LIIEIIIC,,fixed_mode_fixed_privacy,48.468312600363745,0.0,2.04808077391797,5.95191922608203,0.58,7,6.911200311588957,110.94269345109088,1,2.04808077391797,dp_he3/none,packet_protection
6.911200311588957,3,3,25,717.4141507200001,,5,0.1366087072532327,False,,True,True,True,True,False,True,0,0.0,0,True,3,E_C_upd:dp_he3;L_E_upd:none,2.141894505673916,0.9796,LIIEIIIC,,fixed_mode_fixed_privacy,59.66211006989996,0.0,2.04808077391797,5.95191922608203,0.58,7,6.911200311588957,128.28962311688,1,2.04808077391797,dp_he3/none,packet_protection
6.911200311588957,3,3,26,717.4141507200001,,6,0.1366087072532327,False,,True,True,True,True,False,True,0,0.0,0,True,3,E_C_upd:dp_he3;L_E_upd:none,2.6156949390605306,0.9796,LIIEIIIC,,fixed_mode_fixed_privacy,58.99642680024977,0.0,2.04808077391797,5.95191922608203,0.58,7,6.911200311588957,132.50508763877727,1,2.04808077391797,dp_he3/none,packet_protection
6.911200311588957,3,3,27,717.4141507200001,,7,0.1366087072532327,False,,True,True,True,True,False,True,0,0.0,0,True,3,E_C_upd:dp_he3;L_E_upd:none,1.3581486205054942,0.9790833333333333,LIIEIIIC,,fixed_mode_fixed_privacy,59.75973058338651,0.0,2.04808077391797,5.95191922608203,0.58,7,6.911200311588957,139.40725561018724,1,2.04808077391797,dp_he3/none,packet_protection
6.911200311588957,3,3,28,717.4141507200001,,8,0.1366087072532327,False,,True,True,True,True,False,True,0,0.0,0,True,3,E_C_upd:dp_he3;L_E_upd:none,1.0529798758229736,0.9801166666666666,LIIEIIIC,,fixed_mode_fixed_privacy,56.01464329090453,0.0,2.04808077391797,5.95191922608203,0.58,7,6.911200311588957,128.68757389429362,1,2.04808077391797,dp_he3/none,packet_protection
6.911200311588957,3,3,29,717.4141507200001,,9,0.1366087072532327,False,,True,True,True,True,False,True,0,0.0,0,True,3,E_C_upd:dp_he3;L_E_upd:none,1.5238328230436504,0.9816666666666666,LIIEIIIC,,fixed_mode_fixed_privacy,53.899288818891236,0.0,2.04808077391797,5.95191922608203,0.58,7,6.911200311588957,135.70866210063963,1,2.04808077391797,dp_he3/none,packet_protection
6.911200311588957,3,3,30,717.4141507200001,,0,0.1366087072532327,False,,True,True,True,True,False,True,0,0.0,0,True,3,E_C_upd:dp_he3;L_E_upd:none,1.304595337452328,0.9796,LIIEIIIC,,fixed_mode_fixed_privacy,63.019487619685904,0.0,2.04808077391797,5.95191922608203,0.58,7,6.911200311588957,132.70049569882497,1,2.04808077391797,dp_he3/none,packet_protection
6.911200311588957,3,3,31,717.4141507200001,,1,0.1366087072532327,False,,True,True,True,True,False,True,0,0.0,0,True,3,E_C_upd:dp_he3;L_E_upd:none,2.2969552434688674,0.9785666666666667,LIIEIIIC,,fixed_mode_fixed_privacy,64.57595396600288,0.0,2.04808077391797,5.95191922608203,0.58,7,6.911200311588957,128.85138490237742,1,2.04808077391797,dp_he3/none,packet_protection
,,,32,0.0,,2,0.0,False,,True,True,True,True,True,True,0,0.0,0,True,3,,inf,0.0,SKIP,,fixed_mode_fixed_privacy,,0.0,0.0,8.0,0.0,7,,0.0,0,0.0,none,packet_protection
6.911200311588957,3,3,33,717.4141507200001,,3,0.1366087072532327,False,,True,True,True,True,False,True,0,0.0,0,True,3,E_C_upd:dp_he3;L_E_upd:none,1.0040228730641931,0.9790833333333333,LIIEIIIC,,fixed_mode_fixed_privacy,58.21580211602941,0.0,2.04808077391797,5.95191922608203,0.58,7,6.911200311588957,122.86683016034156,1,2.04808077391797,dp_he3/none,packet_protection
6.911200311588957,3,3,34,717.4141507200001,,4,0.1366087072532327,False,,True,True,True,True,False,True,0,0.0,0,True,3,E_C_upd:dp_he3;L_E_upd:none,1.4720682121450308,0.97805,LIIEIIIC,,fixed_mode_fixed_privacy,52.823888926771495,0.0,2.04808077391797,5.95191922608203,0.58,7,6.911200311588957,117.07879328836434,1,2.04808077391797,dp_he3/none,packet_protection
6.911200311588957,3,3,35,717.4141507200001,,5,0.1366087072532327,False,,True,True,True,True,False,True,0,0.0,0,True,3,E_C_upd:dp_he3;L_E_upd:none,2.1366723680721345,0.9796,LIIEIIIC,,fixed_mode_fixed_privacy,59.758457322404375,0.0,2.04808077391797,5.95191922608203,0.58,7,6.911200311588957,133.66604799204032,1,2.04808077391797,dp_he3/none,packet_protection
6.911200311588957,3,3,36,717.4141507200001,,6,0.1366087072532327,False,,True,True,True,True,False,True,0,0.0,0,True,3,E_C_upd:dp_he3;L_E_upd:none,1.9282823167918586,0.9796,LIIEIIIC,,fixed_mode_fixed_privacy,58.20522816183525,0.0,2.04808077391797,5.95191922608203,0.58,7,6.911200311588957,139.03008146085074,1,2.04808077391797,dp_he3/none,packet_protection
6.911200311588957,3,3,37,717.4141507200001,,7,0.1366087072532327,False,,True,True,True,True,False,True,0,0.0,0,True,3,E_C_upd:dp_he3;L_E_upd:none,1.192260315036407,0.9790833333333333,LIIEIIIC,,fixed_mode_fixed_privacy,57.72812576768088,0.0,2.04808077391797,5.95191922608203,0.58,7,6.911200311588957,133.60701693855955,1,2.04808077391797,dp_he3/none,packet_protection
6.911200311588957,3,3,38,717.4141507200001,,8,0.1366087072532327,False,,True,True,True,True,False,True,0,0.0,0,True,3,E_C_upd:dp_he3;L_E_upd:none,2.5502852751622296,0.9801166666666666,LIIEIIIC,,fixed_mode_fixed_privacy,58.33089504552721,0.0,2.04808077391797,5.95191922608203,0.58,7,6.911200311588957,126.5160300867979,1,2.04808077391797,dp_he3/none,packet_protection
6.911200311588957,3,3,39,717.4141507200001,,9,0.1366087072532327,False,,True,True,True,True,False,True,0,0.0,0,True,3,E_C_upd:dp_he3;L_E_upd:none,1.2461187749535723,0.9816666666666666,LIIEIIIC,,fixed_mode_fixed_privacy,58.20895168464069,0.0,2.04808077391797,5.95191922608203,0.58,7,6.911200311588957,124.86286169479976,1,2.04808077391797,dp_he3/none,packet_protection
6.911200311588957,3,3,40,717.4141507200001,,0,0.1366087072532327,False,,True,True,True,True,False,True,0,0.0,0,True,3,E_C_upd:dp_he3;L_E_upd:none,1.718281661052106,0.9796,LIIEIIIC,,fixed_mode_fixed_privacy,57.53868800677813,0.0,2.04808077391797,5.95191922608203,0.58,7,6.911200311588957,125.13186848329474,1,2.04808077391797,dp_he3/none,packet_protection
6.911200311588957,3,3,41,717.4141507200001,,1,0.1366087072532327,False,,True,True,True,True,False,True,0,0.0,0,True,3,E_C_upd:dp_he3;L_E_upd:none,1.2035142721899799,0.9785666666666667,LIIEIIIC,,fixed_mode_fixed_privacy,53.01736142963534,0.0,2.04808077391797,5.95191922608203,0.58,7,6.911200311588957,128.78111075246852,1,2.04808077391797,dp_he3/none,packet_protection
6.911200311588957,3,3,42,717.4141507200001,,2,0.1366087072532327,False,,True,True,True,True,False,True,0,0.0,0,True,3,E_C_upd:dp_he3;L_E_upd:none,1.0518635048612208,0.9796,LIIEIIIC,,fixed_mode_fixed_privacy,67.84582788120034,0.0,2.04808077391797,5.95191922608203,0.58,7,6.911200311588957,143.84934667974136,1,2.04808077391797,dp_he3/none,packet_protection
6.911200311588957,3,3,43,717.4141507200001,,3,0.1366087072532327,False,,True,True,True,True,False,True,0,0.0,0,True,3,E_C_upd:dp_he3;L_E_upd:none,2.157731341345857,0.9790833333333333,LIIEIIIC,,fixed_mode_fixed_privacy,57.39369144319309,0.0,2.04808077391797,5.95191922608203,0.58,7,6.911200311588957,122.93118026379412,1,2.04808077391797,dp_he3/none,packet_protection
6.911200311588957,3,3,44,717.4141507200001,,4,0.1366087072532327,False,,True,True,True,True,False,True,0,0.0,0,True,3,E_C_upd:dp_he3;L_E_upd:none,1.8939537747589035,0.97805,LIIEIIIC,,fixed_mode_fixed_privacy,56.89650838433386,0.0,2.04808077391797,5.95191922608203,0.58,7,6.911200311588957,141.78535760426857,1,2.04808077391797,dp_he3/none,packet_protection
6.911200311588957,3,3,45,717.4141507200001,,5,0.1366087072532327,False,,True,True,True,True,False,True,0,0.0,0,True,3,E_C_upd:dp_he3;L_E_upd:none,2.1894368395630277,0.9796,LIIEIIIC,,fixed_mode_fixed_privacy,66.9763544391896,0.0,2.04808077391797,5.95191922608203,0.58,7,6.911200311588957,145.00228816611872,1,2.04808077391797,dp_he3/none,packet_protection
,,,46,0.0,,6,0.0,False,,True,True,True,True,True,True,0,0.0,0,True,3,,inf,0.0,SKIP,,fixed_mode_fixed_privacy,,0.0,0.0,8.0,0.0,7,,0.0,0,0.0,none,packet_protection
6.911200311588957,3,3,47,717.4141507200001,,7,0.1366087072532327,False,,True,True,True,True,False,True,0,0.0,0,True,3,E_C_upd:dp_he3;L_E_upd:none,1.2106043506675663,0.9790833333333333,LIIEIIIC,,fixed_mode_fixed_privacy,54.249602768519935,0.0,2.04808077391797,5.95191922608203,0.58,7,6.911200311588957,119.50294890065867,1,2.04808077391797,dp_he3/none,packet_protection
6.911200311588957,3,3,48,717.4141507200001,,8,0.1366087072532327,False,,True,True,True,True,False,True,0,0.0,0,True,3,E_C_upd:dp_he3;L_E_upd:none,1.8872330715439818,0.9801166666666666,LIIEIIIC,,fixed_mode_fixed_privacy,56.53623262027616,0.0,2.04808077391797,5.95191922608203,0.58,7,6.911200311588957,132.59588482661982,1,2.04808077391797,dp_he3/none,packet_protection
6.911200311588957,3,3,49,717.4141507200001,,9,0.1366087072532327,False,,True,True,True,True,False,True,0,0.0,0,True,3,E_C_upd:dp_he3;L_E_upd:none,2.6414699298711724,0.98115,LIIEIIIC,,fixed_mode_fixed_privacy,65.60053747080103,0.0,2.04808077391797,5.95191922608203,0.58,7,6.911200311588957,148.6214045589971,1,2.04808077391797,dp_he3/none,packet_protection
6.911200311588957,3,3,50,717.4141507200001,,0,0.1366087072532327,False,,True,True,True,True,False,True,0,0.0,0,True,3,E_C_upd:dp_he3;L_E_upd:none,2.357294402957413,0.9796,LIIEIIIC,,fixed_mode_fixed_privacy,58.18531902211635,0.0,2.04808077391797,5.95191922608203,0.58,7,6.911200311588957,129.16934940344183,1,2.04808077391797,dp_he3/none,packet_protection
6.911200311588957,3,3,51,717.4141507200001,,1,0.1366087072532327,False,,True,True,True,True,False,True,0,0.0,0,True,3,E_C_upd:dp_he3;L_E_upd:none,1.5496570969226762,0.9785666666666667,LIIEIIIC,,fixed_mode_fixed_privacy,46.18385373195811,0.0,2.04808077391797,5.95191922608203,0.58,7,6.911200311588957,117.52349424867305,1,2.04808077391797,dp_he3/none,packet_protection
,,,52,0.0,,2,0.0,False,,True,True,True,True,True,True,0,0.0,0,True,3,,inf,0.0,SKIP,,fixed_mode_fixed_privacy,,0.0,0.0,8.0,0.0,7,,0.0,0,0.0,none,packet_protection
6.911200311588957,3,3,53,717.4141507200001,,3,0.1366087072532327,False,,True,True,True,True,False,True,0,0.0,0,True,3,E_C_upd:dp_he3;L_E_upd:none,1.770461903305378,0.9790833333333333,LIIEIIIC,,fixed_mode_fixed_privacy,55.289702810801934,0.0,2.04808077391797,5.95191922608203,0.58,7,6.911200311588957,119.84523575633358,1,2.04808077391797,dp_he3/none,packet_protection
,,,54,0.0,,4,0.0,False,,True,True,True,True,True,True,0,0.0,0,True,3,,inf,0.0,SKIP,,fixed_mode_fixed_privacy,,0.0,0.0,8.0,0.0,7,,0.0,0,0.0,none,packet_protection
6.911200311588957,3,3,55,717.4141507200001,,5,0.1366087072532327,False,,True,True,True,True,False,True,0,0.0,0,True,3,E_C_upd:dp_he3;L_E_upd:none,2.4836273737631887,0.9796,LIIEIIIC,,fixed_mode_fixed_privacy,57.25843974019552,0.0,2.04808077391797,5.95191922608203,0.58,7,6.911200311588957,136.16155203627164,1,2.04808077391797,dp_he3/none,packet_protection
6.911200311588957,3,3,56,717.4141507200001,,6,0.1366087072532327,False,,True,True,True,True,False,True,0,0.0,0,True,3,E_C_upd:dp_he3;L_E_upd:none,1.8118084234022185,0.9796,LIIEIIIC,,fixed_mode_fixed_privacy,69.82708207931691,0.0,2.04808077391797,5.95191922608203,0.58,7,6.911200311588957,138.02152648766406,1,2.04808077391797,dp_he3/none,packet_protection
6.911200311588957,3,3,57,717.4141507200001,,7,0.1366087072532327,False,,True,True,True,True,False,True,0,0.0,0,True,3,E_C_upd:dp_he3;L_E_upd:none,2.3077190009814617,0.9790833333333333,LIIEIIIC,,fixed_mode_fixed_privacy,54.894299781429496,0.0,2.04808077391797,5.95191922608203,0.58,7,6.911200311588957,120.1414141540489,1,2.04808077391797,dp_he3/none,packet_protection
6.911200311588957,3,3,58,717.4141507200001,,8,0.1366087072532327,False,,True,True,True,True,False,True,0,0.0,0,True,3,E_C_upd:dp_he3;L_E_upd:none,1.8813699941523465,0.9801166666666666,LIIEIIIC,,fixed_mode_fixed_privacy,56.185556089767175,0.0,2.04808077391797,5.95191922608203,0.58,7,6.911200311588957,122.11643841848002,1,2.04808077391797,dp_he3/none,packet_protection
6.911200311588957,3,3,59,717.4141507200001,,9,0.1366087072532327,False,,True,True,True,True,False,True,0,0.0,0,True,3,E_C_upd:dp_he3;L_E_upd:none,1.0079643620644898,0.98115,LIIEIIIC,,fixed_mode_fixed_privacy,59.69625457519669,0.0,2.04808077391797,5.95191922608203,0.58,7,6.911200311588957,133.11623442126495,1,2.04808077391797,dp_he3/none,packet_protection
,,,60,0.0,,0,0.0,False,,True,True,True,True,True,True,0,0.0,0,True,3,,inf,0.0,SKIP,,fixed_mode_fixed_privacy,,0.0,0.0,8.0,0.0,7,,0.0,0,0.0,none,packet_protection
6.911200311588957,3,3,61,717.4141507200001,,1,0.1366087072532327,False,,True,True,True,True,False,True,0,0.0,0,True,3,E_C_upd:dp_he3;L_E_upd:none,1.663020517394065,0.9785666666666667,LIIEIIIC,,fixed_mode_fixed_privacy,55.12867749990701,0.0,2.04808077391797,5.95191922608203,0.58,7,6.911200311588957,122.58628599541922,1,2.04808077391797,dp_he3/none,packet_protection
6.911200311588957,3,3,62,717.4141507200001,,2,0.1366087072532327,False,,True,True,True,True,False,True,0,0.0,0,True,3,E_C_upd:dp_he3;L_E_upd:none,1.2711442061474538,0.9796,LIIEIIIC,,fixed_mode_fixed_privacy,61.88668209019577,0.0,2.04808077391797,5.95191922608203,0.58,7,6.911200311588957,125.16155129216594,1,2.04808077391797,dp_he3/none,packet_protection
6.911200311588957,3,3,63,717.4141507200001,,3,0.1366087072532327,False,,True,True,True,True,False,True,0,0.0,0,True,3,E_C_upd:dp_he3;L_E_upd:none,1.4309148880902602,0.9790833333333333,LIIEIIIC,,fixed_mode_fixed_privacy,53.512113110973246,0.0,2.04808077391797,5.95191922608203,0.58,7,6.911200311588957,119.60544478037744,1,2.04808077391797,dp_he3/none,packet_protection
6.911200311588957,3,3,64,717.4141507200001,,4,0.1366087072532327,False,,True,True,True,True,False,True,0,0.0,0,True,3,E_C_upd:dp_he3;L_E_upd:none,1.8405891045455842,0.97805,LIIEIIIC,,fixed_mode_fixed_privacy,47.35399467102151,0.0,2.04808077391797,5.95191922608203,0.58,7,6.911200311588957,126.37309555909319,1,2.04808077391797,dp_he3/none,packet_protection
,,,65,0.0,,5,0.0,False,,True,True,True,True,True,True,0,0.0,0,True,3,,inf,0.0,SKIP,,fixed_mode_fixed_privacy,,0.0,0.0,8.0,0.0,7,,0.0,0,0.0,none,packet_protection
6.911200311588957,3,3,66,717.4141507200001,,6,0.1366087072532327,False,,True,True,True,True,False,True,0,0.0,0,True,3,E_C_upd:dp_he3;L_E_upd:none,1.8093775561702643,0.9796,LIIEIIIC,,fixed_mode_fixed_privacy,58.545859767924185,0.0,2.04808077391797,5.95191922608203,0.58,7,6.911200311588957,123.16641162763094,1,2.04808077391797,dp_he3/none,packet_protection
6.911200311588957,3,3,67,717.4141507200001,,7,0.1366087072532327,False,,True,True,True,True,False,True,0,0.0,0,True,3,E_C_upd:dp_he3;L_E_upd:none,1.7349815617663098,0.9790833333333333,LIIEIIIC,,fixed_mode_fixed_privacy,51.333559509803926,0.0,2.04808077391797,5.95191922608203,0.58,7,6.911200311588957,113.90027053312976,1,2.04808077391797,dp_he3/none,packet_protection
6.911200311588957,3,3,68,717.4141507200001,,8,0.1366087072532327,False,,True,True,True,True,False,True,0,0.0,0,True,3,E_C_upd:dp_he3;L_E_upd:none,1.6746949941761489,0.9801166666666666,LIIEIIIC,,fixed_mode_fixed_privacy,57.28233912218613,0.0,2.04808077391797,5.95191922608203,0.58,7,6.911200311588957,137.31334017741486,1,2.04808077391797,dp_he3/none,packet_protection
,,,69,0.0,,9,0.0,False,,True,True,True,True,True,True,0,0.0,0,True,3,,inf,0.0,SKIP,,fixed_mode_fixed_privacy,,0.0,0.0,8.0,0.0,7,,0.0,0,0.0,none,packet_protection
6.911200311588957,3,3,70,717.4141507200001,,0,0.1366087072532327,False,,True,True,True,True,False,True,0,0.0,0,True,3,E_C_upd:dp_he3;L_E_upd:none,2.208645096509279,0.9796,LIIEIIIC,,fixed_mode_fixed_privacy,60.706335157715486,0.0,2.04808077391797,5.95191922608203,0.58,7,6.911200311588957,134.48779420163015,1,2.04808077391797,dp_he3/none,packet_protection
6.911200311588957,3,3,71,717.4141507200001,,1,0.1366087072532327,False,,True,True,True,True,False,True,0,0.0,0,True,3,E_C_upd:dp_he3;L_E_upd:none,1.826628304645198,0.9785666666666667,LIIEIIIC,,fixed_mode_fixed_privacy,54.821329715076075,0.0,2.04808077391797,5.95191922608203,0.58,7,6.911200311588957,121.02521656218823,1,2.04808077391797,dp_he3/none,packet_protection
,,,72,0.0,,2,0.0,False,,True,True,True,True,True,True,0,0.0,0,True,3,,inf,0.0,SKIP,,fixed_mode_fixed_privacy,,0.0,0.0,8.0,0.0,7,,0.0,0,0.0,none,packet_protection
6.911200311588957,3,3,73,717.4141507200001,,3,0.1366087072532327,False,,True,True,True,True,False,True,0,0.0,0,True,3,E_C_upd:dp_he3;L_E_upd:none,1.949324494891817,0.9785666666666667,LIIEIIIC,,fixed_mode_fixed_privacy,58.63993394084724,0.0,2.04808077391797,5.95191922608203,0.58,7,6.911200311588957,127.35089939648742,1,2.04808077391797,dp_he3/none,packet_protection
6.911200311588957,3,3,74,717.4141507200001,,4,0.1366087072532327,False,,True,True,True,True,False,True,0,0.0,0,True,3,E_C_upd:dp_he3;L_E_upd:none,2.373369464974584,0.9775333333333334,LIIEIIIC,,fixed_mode_fixed_privacy,53.42754407965874,0.0,2.04808077391797,5.95191922608203,0.58,7,6.911200311588957,127.81278564262237,1,2.04808077391797,dp_he3/none,packet_protection
6.911200311588957,3,3,75,717.4141507200001,,5,0.1366087072532327,False,,True,True,True,True,False,True,0,0.0,0,True,3,E_C_upd:dp_he3;L_E_upd:none,1.0329957754014922,0.9790833333333333,LIIEIIIC,,fixed_mode_fixed_privacy,50.266484732260245,0.0,2.04808077391797,5.95191922608203,0.58,7,6.911200311588957,113.84336028168562,1,2.04808077391797,dp_he3/none,packet_protection
6.911200311588957,3,3,76,717.4141507200001,,6,0.1366087072532327,False,,True,True,True,True,False,True,0,0.0,0,True,3,E_C_upd:dp_he3;L_E_upd:none,1.5225967874451976,0.9796,LIIEIIIC,,fixed_mode_fixed_privacy,66.03978536987411,0.0,2.04808077391797,5.95191922608203,0.58,7,6.911200311588957,148.3825006084426,1,2.04808077391797,dp_he3/none,packet_protection
,,,77,0.0,,7,0.0,False,,True,True,True,True,True,True,0,0.0,0,True,3,,inf,0.0,SKIP,,fixed_mode_fixed_privacy,,0.0,0.0,8.0,0.0,7,,0.0,0,0.0,none,packet_protection
6.911200311588957,3,3,78,717.4141507200001,,8,0.1366087072532327,False,,True,True,True,True,False,True,0,0.0,0,True,3,E_C_upd:dp_he3;L_E_upd:none,2.1302373664638856,0.9801166666666666,LIIEIIIC,,fixed_mode_fixed_privacy,51.78036406319633,0.0,2.04808077391797,5.95191922608203,0.58,7,6.911200311588957,115.8219605748203,1,2.04808077391797,dp_he3/none,packet_protection
6.911200311588957,3,3,79,717.4141507200001,,9,0.1366087072532327,False,,True,True,True,True,False,True,0,0.0,0,True,3,E_C_upd:dp_he3;L_E_upd:none,1.5075545469820644,0.98115,LIIEIIIC,,fixed_mode_fixed_privacy,52.056847968807354,0.0,2.04808077391797,5.95191922608203,0.58,7,6.911200311588957,116.83029948439872,1,2.04808077391797,dp_he3/none,packet_protection
6.911200311588957,3,3,80,717.4141507200001,,0,0.1366087072532327,False,,True,True,True,True,False,True,0,0.0,0,True,3,E_C_upd:dp_he3;L_E_upd:none,1.8296725957303435,0.9796,LIIEIIIC,,fixed_mode_fixed_privacy,61.31924303890067,0.0,2.04808077391797,5.95191922608203,0.58,7,6.911200311588957,128.8288533074038,1,2.04808077391797,dp_he3/none,packet_protection
6.911200311588957,3,3,81,717.4141507200001,,1,0.1366087072532327,False,,True,True,True,True,False,True,0,0.0,0,True,3,E_C_upd:dp_he3;L_E_upd:none,2.550842491022395,0.9785666666666667,LIIEIIIC,,fixed_mode_fixed_privacy,58.279573853480876,0.0,2.04808077391797,5.95191922608203,0.58,7,6.911200311588957,129.16990205016293,1,2.04808077391797,dp_he3/none,packet_protection
6.911200311588957,3,3,82,717.4141507200001,,2,0.1366087072532327,False,,True,True,True,True,False,True,0,0.0,0,True,3,E_C_upd:dp_he3;L_E_upd:none,1.2161122283893053,0.9796,LIIEIIIC,,fixed_mode_fixed_privacy,59.89584690598547,0.0,2.04808077391797,5.95191922608203,0.58,7,6.911200311588957,138.48282175244015,1,2.04808077391797,dp_he3/none,packet_protection
6.911200311588957,3,3,83,717.4141507200001,,3,0.1366087072532327,False,,True,True,True,True,False,True,0,0.0,0,True,3,E_C_upd:dp_he3;L_E_upd:none,1.4318254026176642,0.9785666666666667,LIIEIIIC,,fixed_mode_fixed_privacy,64.33062189715328,0.0,2.04808077391797,5.95191922608203,0.58,7,6.911200311588957,147.7786787583506,1,2.04808077391797,dp_he3/none,packet_protection
6.911200311588957,3,3,84,717.4141507200001,,4,0.1366087072532327,False,,True,True,True,True,False,True,0,0.0,0,True,3,E_C_upd:dp_he3;L_E_upd:none,2.1478191071057733,0.9775333333333334,LIIEIIIC,,fixed_mode_fixed_privacy,48.75782947588332,0.0,2.04808077391797,5.95191922608203,0.58,7,6.911200311588957,113.1245080894353,1,2.04808077391797,dp_he3/none,packet_protection
,,,85,0.0,,5,0.0,False,,True,True,True,True,True,True,0,0.0,0,True,3,,inf,0.0,SKIP,,fixed_mode_fixed_privacy,,0.0,0.0,8.0,0.0,7,,0.0,0,0.0,none,packet_protection
6.911200311588957,3,3,86,717.4141507200001,,6,0.1366087072532327,False,,True,True,True,True,False,True,0,0.0,0,True,3,E_C_upd:dp_he3;L_E_upd:none,1.7996014940214557,0.9796,LIIEIIIC,,fixed_mode_fixed_privacy,63.09245337417443,0.0,2.04808077391797,5.95191922608203,0.58,7,6.911200311588957,131.65903891216388,1,2.04808077391797,dp_he3/none,packet_protection
6.911200311588957,3,3,87,717.4141507200001,,7,0.1366087072532327,False,,True,True,True,True,False,True,0,0.0,0,True,3,E_C_upd:dp_he3;L_E_upd:none,2.474420304413817,0.9790833333333333,LIIEIIIC,,fixed_mode_fixed_privacy,52.219274252203135,0.0,2.04808077391797,5.95191922608203,0.58,7,6.911200311588957,119.55257370380941,1,2.04808077391797,dp_he3/none,packet_protection
6.911200311588957,3,3,88,717.4141507200001,,8,0.1366087072532327,False,,True,True,True,True,False,True,0,0.0,0,True,3,E_C_upd:dp_he3;L_E_upd:none,2.3858028244505176,0.9801166666666666,LIIEIIIC,,fixed_mode_fixed_privacy,61.61117028874955,0.0,2.04808077391797,5.95191922608203,0.58,7,6.911200311588957,124.85675160010263,1,2.04808077391797,dp_he3/none,packet_protection
6.911200311588957,3,3,89,717.4141507200001,,9,0.1366087072532327,False,,True,True,True,True,False,True,0,0.0,0,True,3,E_C_upd:dp_he3;L_E_upd:none,1.3705276667987023,0.98115,LIIEIIIC,,fixed_mode_fixed_privacy,62.54547490013926,0.0,2.04808077391797,5.95191922608203,0.58,7,6.911200311588957,132.48480646464986,1,2.04808077391797,dp_he3/none,packet_protection
6.911200311588957,3,3,90,717.4141507200001,,0,0.1366087072532327,False,,True,True,True,True,False,True,0,0.0,0,True,3,E_C_upd:dp_he3;L_E_upd:none,2.4332702580801087,0.9790833333333333,LIIEIIIC,,fixed_mode_fixed_privacy,70.17038518572869,0.0,2.04808077391797,5.95191922608203,0.58,7,6.911200311588957,142.5032439079278,1,2.04808077391797,dp_he3/none,packet_protection
6.911200311588957,3,3,91,717.4141507200001,,1,0.1366087072532327,False,,True,True,True,True,False,True,0,0.0,0,True,3,E_C_upd:dp_he3;L_E_upd:none,1.0364106472173031,0.97805,LIIEIIIC,,fixed_mode_fixed_privacy,50.69651420048276,0.0,2.04808077391797,5.95191922608203,0.58,7,6.911200311588957,112.59823972167706,1,2.04808077391797,dp_he3/none,packet_protection
6.911200311588957,3,3,92,717.4141507200001,,2,0.1366087072532327,False,,True,True,True,True,False,True,0,0.0,0,True,3,E_C_upd:dp_he3;L_E_upd:none,1.7756584058061933,0.9796,LIIEIIIC,,fixed_mode_fixed_privacy,72.73503447204749,0.0,2.04808077391797,5.95191922608203,0.58,7,6.911200311588957,144.83349229196153,1,2.04808077391797,dp_he3/none,packet_protection
6.911200311588957,3,3,93,717.4141507200001,,3,0.1366087072532327,False,,True,True,True,True,False,True,0,0.0,0,True,3,E_C_upd:dp_he3;L_E_upd:none,1.2763035970769345,0.9785666666666667,LIIEIIIC,,fixed_mode_fixed_privacy,60.06002487566809,0.0,2.04808077391797,5.95191922608203,0.58,7,6.911200311588957,139.93029799933586,1,2.04808077391797,dp_he3/none,packet_protection
6.911200311588957,3,3,94,717.4141507200001,,4,0.1366087072532327,False,,True,True,True,True,False,True,0,0.0,0,True,3,E_C_upd:dp_he3;L_E_upd:none,1.022644065962914,0.9775333333333334,LIIEIIIC,,fixed_mode_fixed_privacy,49.932099356442734,0.0,2.04808077391797,5.95191922608203,0.58,7,6.911200311588957,113.39371265777618,1,2.04808077391797,dp_he3/none,packet_protection
6.911200311588957,3,3,95,717.4141507200001,,5,0.1366087072532327,False,,True,True,True,True,False,True,0,0.0,0,True,3,E_C_upd:dp_he3;L_E_upd:none,2.386951937299487,0.9790833333333333,LIIEIIIC,,fixed_mode_fixed_privacy,54.303771536469355,0.0,2.04808077391797,5.95191922608203,0.58,7,6.911200311588957,129.42468663621068,1,2.04808077391797,dp_he3/none,packet_protection
6.911200311588957,3,3,96,717.4141507200001,,6,0.1366087072532327,False,,True,True,True,True,False,True,0,0.0,0,True,3,E_C_upd:dp_he3;L_E_upd:none,1.0407947296407267,0.9790833333333333,LIIEIIIC,,fixed_mode_fixed_privacy,67.29579800760652,0.0,2.04808077391797,5.95191922608203,0.58,7,6.911200311588957,135.48035717739765,1,2.04808077391797,dp_he3/none,packet_protection
6.911200311588957,3,3,97,717.4141507200001,,7,0.1366087072532327,False,,True,True,True,True,False,True,0,0.0,0,True,3,E_C_upd:dp_he3;L_E_upd:none,1.2270978966466777,0.97805,LIIEIIIC,,fixed_mode_fixed_privacy,58.70785281803016,0.0,2.04808077391797,5.95191922608203,0.58,7,6.911200311588957,141.27463899896821,1,2.04808077391797,dp_he3/none,packet_protection
,,,98,0.0,,8,0.0,False,,True,True,True,True,True,True,0,0.0,0,True,3,,inf,0.0,SKIP,,fixed_mode_fixed_privacy,,0.0,0.0,8.0,0.0,7,,0.0,0,0.0,none,packet_protection
6.911200311588957,3,3,99,717.4141507200001,,9,0.1366087072532327,False,,True,True,True,True,False,True,0,0.0,0,True,3,E_C_upd:dp_he3;L_E_upd:none,1.5665195180963505,0.98115,LIIEIIIC,,fixed_mode_fixed_privacy,52.763605861951255,0.0,2.04808077391797,5.95191922608203,0.58,7,6.911200311588957,115.4952782651347,1,2.04808077391797,dp_he3/none,packet_protection
6.911200311588957,3,3,0,717.4141507200001,,0,0.12909106763744882,False,,True,True,True,True,False,True,0,0.0,0,True,3,E_C_upd:dp_he3;L_E_upd:none,2.4526825050714955,0.9796,LIIEIIIC,,fixed_mode_fixed_privacy,73.33305965346514,0.0,2.1771718415554187,5.822828158444581,0.58,8,6.911200311588957,144.01544641718223,1,2.1771718415554187,dp_he3/none,packet_protection
6.911200311588957,3,3,1,717.4141507200001,,1,0.12909106763744882,False,,True,True,True,True,False,True,0,0.0,0,True,3,E_C_upd:dp_he3;L_E_upd:none,2.020729936082863,0.9790833333333333,LIIEIIIC,,fixed_mode_fixed_privacy,57.43582643357019,0.0,2.1771718415554187,5.822828158444581,0.58,8,6.911200311588957,129.90114418780985,1,2.1771718415554187,dp_he3/none,packet_protection
6.911200311588957,3,3,2,717.4141507200001,,2,0.12909106763744882,False,,True,True,True,True,False,True,0,0.0,0,True,3,E_C_upd:dp_he3;L_E_upd:none,1.380488196284812,0.9801166666666666,LIIEIIIC,,fixed_mode_fixed_privacy,60.50003155964038,0.0,2.1771718415554187,5.822828158444581,0.58,8,6.911200311588957,127.58716209029882,1,2.1771718415554187,dp_he3/none,packet_protection
6.911200311588957,3,3,3,717.4141507200001,,3,0.12909106763744882,False,,True,True,True,True,False,True,0,0.0,0,True,3,E_C_upd:dp_he3;L_E_upd:none,1.7431799468753328,0.9796,LIIEIIIC,,fixed_mode_fixed_privacy,64.55542472522703,0.0,2.1771718415554187,5.822828158444581,0.58,8,6.911200311588957,132.15791106396574,1,2.1771718415554187,dp_he3/none,packet_protection
6.911200311588957,3,3,4,717.4141507200001,,4,0.12909106763744882,False,,True,True,True,True,False,True,0,0.0,0,True,3,E_C_upd:dp_he3;L_E_upd:none,1.0840160768825502,0.97805,LIIEIIIC,,fixed_mode_fixed_privacy,62.38243694917854,0.0,2.1771718415554187,5.822828158444581,0.58,8,6.911200311588957,131.45267207509346,1,2.1771718415554187,dp_he3/none,packet_protection
,,,5,0.0,,5,0.0,False,,True,True,True,True,True,True,0,0.0,0,True,3,,inf,0.0,SKIP,,fixed_mode_fixed_privacy,,0.0,0.0,8.0,0.0,8,,0.0,0,0.0,none,packet_protection
6.911200311588957,3,3,6,717.4141507200001,,6,0.12909106763744882,False,,True,True,True,True,False,True,0,0.0,0,True,3,E_C_upd:dp_he3;L_E_upd:none,2.6303355215731377,0.9796,LIIEIIIC,,fixed_mode_fixed_privacy,58.7157812439006,0.0,2.1771718415554187,5.822828158444581,0.58,8,6.911200311588957,135.8889941675532,1,2.1771718415554187,dp_he3/none,packet_protection
6.911200311588957,3,3,7,717.4141507200001,,7,0.12909106763744882,False,,True,True,True,True,False,True,0,0.0,0,True,3,E_C_upd:dp_he3;L_E_upd:none,2.053595733538623,0.9790833333333333,LIIEIIIC,,fixed_mode_fixed_privacy,51.47998682333487,0.0,2.1771718415554187,5.822828158444581,0.58,8,6.911200311588957,117.76967299404271,1,2.1771718415554187,dp_he3/none,packet_protection
,,,8,0.0,,8,0.0,False,,True,True,True,True,True,True,0,0.0,0,True,3,,inf,0.0,SKIP,,fixed_mode_fixed_privacy,,0.0,0.0,8.0,0.0,8,,0.0,0,0.0,none,packet_protection
6.911200311588957,3,3,9,717.4141507200001,,9,0.12909106763744882,False,,True,True,True,True,False,True,0,0.0,0,True,3,E_C_upd:dp_he3;L_E_upd:none,1.3144213466357852,0.9816666666666666,LIIEIIIC,,fixed_mode_fixed_privacy,58.31565044967418,0.0,2.1771718415554187,5.822828158444581,0.58,8,6.911200311588957,125.10921067614925,1,2.1771718415554187,dp_he3/none,packet_protection
6.911200311588957,3,3,10,717.4141507200001,,0,0.12909106763744882,False,,True,True,True,True,False,True,0,0.0,0,True,3,E_C_upd:dp_he3;L_E_upd:none,0.9864894286034035,0.9796,LIIEIIIC,,fixed_mode_fixed_privacy,66.53125315621135,0.0,2.1771718415554187,5.822828158444581,0.58,8,6.911200311588957,143.355306156893,1,2.1771718415554187,dp_he3/none,packet_protection
6.911200311588957,3,3,11,717.4141507200001,,1,0.12909106763744882,False,,True,True,True,True,False,True,0,0.0,0,True,3,E_C_upd:dp_he3;L_E_upd:none,2.0833708586033586,0.9785666666666667,LIIEIIIC,,fixed_mode_fixed_privacy,64.84577689508016,0.0,2.1771718415554187,5.822828158444581,0.58,8,6.911200311588957,138.2200475457097,1,2.1771718415554187,dp_he3/none,packet_protection
6.911200311588957,3,3,12,717.4141507200001,,2,0.12909106763744882,False,,True,True,True,True,False,True,0,0.0,0,True,3,E_C_upd:dp_he3;L_E_upd:none,2.67780451323768,0.9796,LIIEIIIC,,fixed_mode_fixed_privacy,63.21992587341981,0.0,2.1771718415554187,5.822828158444581,0.58,8,6.911200311588957,129.1119649084405,1,2.1771718415554187,dp_he3/none,packet_protection
6.911200311588957,3,3,13,717.4141507200001,,3,0.12909106763744882,False,,True,True,True,True,False,True,0,0.0,0,True,3,E_C_upd:dp_he3;L_E_upd:none,1.7205665385753408,0.9790833333333333,LIIEIIIC,,fixed_mode_fixed_privacy,62.151114510229604,0.0,2.1771718415554187,5.822828158444581,0.58,8,6.911200311588957,144.99032993824395,1,2.1771718415554187,dp_he3/none,packet_protection
6.911200311588957,3,3,14,717.4141507200001,,4,0.12909106763744882,False,,True,True,True,True,False,True,0,0.0,0,True,3,E_C_upd:dp_he3;L_E_upd:none,1.9087855950561639,0.97805,LIIEIIIC,,fixed_mode_fixed_privacy,54.479788467335204,0.0,2.1771718415554187,5.822828158444581,0.58,8,6.911200311588957,124.4573254012992,1,2.1771718415554187,dp_he3/none,packet_protection
6.911200311588957,3,3,15,717.4141507200001,,5,0.12909106763744882,False,,True,True,True,True,False,True,0,0.0,0,True,3,E_C_upd:dp_he3;L_E_upd:none,1.9130126015396856,0.9796,LIIEIIIC,,fixed_mode_fixed_privacy,57.984788249356335,0.0,2.1771718415554187,5.822828158444581,0.58,8,6.911200311588957,143.78949627461776,1,2.1771718415554187,dp_he3/none,packet_protection
6.911200311588957,3,3,16,717.4141507200001,,6,0.12909106763744882,False,,True,True,True,True,False,True,0,0.0,0,True,3,E_C_upd:dp_he3;L_E_upd:none,1.1628149379732393,0.9796,LIIEIIIC,,fixed_mode_fixed_privacy,67.72272523380026,0.0,2.1771718415554187,5.822828158444581,0.58,8,6.911200311588957,130.6396534434477,1,2.1771718415554187,dp_he3/none,packet_protection
6.911200311588957,3,3,17,717.4141507200001,,7,0.12909106763744882,False,,True,True,True,True,False,True,0,0.0,0,True,3,E_C_upd:dp_he3;L_E_upd:none,2.6565711564792376,0.9790833333333333,LIIEIIIC,,fixed_mode_fixed_privacy,61.563374570831634,0.0,2.1771718415554187,5.822828158444581,0.58,8,6.911200311588957,127.61397757973255,1,2.1771718415554187,dp_he3/none,packet_protection
6.911200311588957,3,3,18,717.4141507200001,,8,0.12909106763744882,False,,True,True,True,True,False,True,0,0.0,0,True,3,E_C_upd:dp_he3;L_E_upd:none,1.5926943326530782,0.9806333333333332,LIIEIIIC,,fixed_mode_fixed_privacy,61.80918934171264,0.0,2.1771718415554187,5.822828158444581,0.58,8,6.911200311588957,133.41563002436408,1,2.1771718415554187,dp_he3/none,packet_protection
6.911200311588957,3,3,19,717.4141507200001,,9,0.12909106763744882,False,,True,True,True,True,False,True,0,0.0,0,True,3,E_C_upd:dp_he3;L_E_upd:none,2.676393350591775,0.9816666666666666,LIIEIIIC,,fixed_mode_fixed_privacy,59.83217763304165,0.0,2.1771718415554187,5.822828158444581,0.58,8,6.911200311588957,129.69495198031677,1,2.1771718415554187,dp_he3/none,packet_protection
,,,20,0.0,,0,0.0,False,,True,True,True,True,True,True,0,0.0,0,True,3,,inf,0.0,SKIP,,fixed_mode_fixed_privacy,,0.0,0.0,8.0,0.0,8,,0.0,0,0.0,none,packet_protection
6.911200311588957,3,3,21,717.4141507200001,,1,0.12909106763744882,False,,True,True,True,True,False,True,0,0.0,0,True,3,E_C_upd:dp_he3;L_E_upd:none,1.0533693839806015,0.9785666666666667,LIIEIIIC,,fixed_mode_fixed_privacy,61.75181676351102,0.0,2.1771718415554187,5.822828158444581,0.58,8,6.911200311588957,127.1040890273725,1,2.1771718415554187,dp_he3/none,packet_protection
6.911200311588957,3,3,22,717.4141507200001,,2,0.12909106763744882,False,,True,True,True,True,False,True,0,0.0,0,True,3,E_C_upd:dp_he3;L_E_upd:none,2.162089858147671,0.9796,LIIEIIIC,,fixed_mode_fixed_privacy,66.38950028336244,0.0,2.1771718415554187,5.822828158444581,0.58,8,6.911200311588957,139.96384095871943,1,2.1771718415554187,dp_he3/none,packet_protection
6.911200311588957,3,3,23,717.4141507200001,,3,0.12909106763744882,False,,True,True,True,True,False,True,0,0.0,0,True,3,E_C_upd:dp_he3;L_E_upd:none,1.5216668391258723,0.9790833333333333,LIIEIIIC,,fixed_mode_fixed_privacy,64.04579296299002,0.0,2.1771718415554187,5.822828158444581,0.58,8,6.911200311588957,139.1916139987151,1,2.1771718415554187,dp_he3/none,packet_protection
6.911200311588957,3,3,24,717.4141507200001,,4,0.12909106763744882,False,,True,True,True,True,False,True,0,0.0,0,True,3,E_C_upd:dp_he3;L_E_upd:none,2.509690730837996,0.97805,LIIEIIIC,,fixed_mode_fixed_privacy,57.06247431521088,0.0,2.1771718415554187,5.822828158444581,0.58,8,6.911200311588957,126.86018654146373,1,2.1771718415554187,dp_he3/none,packet_protection
6.911200311588957,3,3,25,717.4141507200001,,5,0.12909106763744882,False,,True,True,True,True,False,True,0,0.0,0,True,3,E_C_upd:dp_he3;L_E_upd:none,2.141894505673916,0.9796,LIIEIIIC,,fixed_mode_fixed_privacy,63.39423351711896,0.0,2.1771718415554187,5.822828158444581,0.58,8,6.911200311588957,128.7683224274798,1,2.1771718415554187,dp_he3/none,packet_protection
6.911200311588957,3,3,26,717.4141507200001,,6,0.12909106763744882,False,,True,True,True,True,False,True,0,0.0,0,True,3,E_C_upd:dp_he3;L_E_upd:none,2.6156949390605306,0.9796,LIIEIIIC,,fixed_mode_fixed_privacy,63.65701979934867,0.0,2.1771718415554187,5.822828158444581,0.58,8,6.911200311588957,132.3606211554916,1,2.1771718415554187,dp_he3/none,packet_protection
6.911200311588957,3,3,27,717.4141507200001,,7,0.12909106763744882,False,,True,True,True,True,False,True,0,0.0,0,True,3,E_C_upd:dp_he3;L_E_upd:none,1.3581486205054942,0.9790833333333333,LIIEIIIC,,fixed_mode_fixed_privacy,62.728820734955136,0.0,2.1771718415554187,5.822828158444581,0.58,8,6.911200311588957,128.37321428466157,1,2.1771718415554187,dp_he3/none,packet_protection
6.911200311588957,3,3,28,717.4141507200001,,8,0.12909106763744882,False,,True,True,True,True,False,True,0,0.0,0,True,3,E_C_upd:dp_he3;L_E_upd:none,1.0529798758229736,0.9801166666666666,LIIEIIIC,,fixed_mode_fixed_privacy,59.092454045353875,0.0,2.1771718415554187,5.822828158444581,0.58,8,6.911200311588957,129.63240943863946,1,2.1771718415554187,dp_he3/none,packet_protection
6.911200311588957,3,3,29,717.4141507200001,,9,0.12909106763744882,False,,True,True,True,True,False,True,0,0.0,0,True,3,E_C_upd:dp_he3;L_E_upd:none,1.5238328230436504,0.9816666666666666,LIIEIIIC,,fixed_mode_fixed_privacy,63.09577614977501,0.0,2.1771718415554187,5.822828158444581,0.58,8,6.911200311588957,128.41647287426483,1,2.1771718415554187,dp_he3/none,packet_protection
6.911200311588957,3,3,30,717.4141507200001,,0,0.12909106763744882,False,,True,True,True,True,False,True,0,0.0,0,True,3,E_C_upd:dp_he3;L_E_upd:none,1.304595337452328,0.9796,LIIEIIIC,,fixed_mode_fixed_privacy,59.47108655317729,0.0,2.1771718415554187,5.822828158444581,0.58,8,6.911200311588957,143.9534807184306,1,2.1771718415554187,dp_he3/none,packet_protection
6.911200311588957,3,3,31,717.4141507200001,,1,0.12909106763744882,False,,True,True,True,True,False,True,0,0.0,0,True,3,E_C_upd:dp_he3;L_E_upd:none,2.2969552434688674,0.9785666666666667,LIIEIIIC,,fixed_mode_fixed_privacy,57.734098401960615,0.0,2.1771718415554187,5.822828158444581,0.58,8,6.911200311588957,136.43145027718387,1,2.1771718415554187,dp_he3/none,packet_protection
,,,32,0.0,,2,0.0,False,,True,True,True,True,True,True,0,0.0,0,True,3,,inf,0.0,SKIP,,fixed_mode_fixed_privacy,,0.0,0.0,8.0,0.0,8,,0.0,0,0.0,none,packet_protection
6.911200311588957,3,3,33,717.4141507200001,,3,0.12909106763744882,False,,True,True,True,True,False,True,0,0.0,0,True,3,E_C_upd:dp_he3;L_E_upd:none,1.0040228730641931,0.9790833333333333,LIIEIIIC,,fixed_mode_fixed_privacy,58.937913289847245,0.0,2.1771718415554187,5.822828158444581,0.58,8,6.911200311588957,127.99192036515907,1,2.1771718415554187,dp_he3/none,packet_protection
6.911200311588957,3,3,34,717.4141507200001,,4,0.12909106763744882,False,,True,True,True,True,False,True,0,0.0,0,True,3,E_C_upd:dp_he3;L_E_upd:none,1.4720682121450308,0.97805,LIIEIIIC,,fixed_mode_fixed_privacy,65.36195542700109,0.0,2.1771718415554187,5.822828158444581,0.58,8,6.911200311588957,136.77895227514972,1,2.1771718415554187,dp_he3/none,packet_protection
6.911200311588957,3,3,35,717.4141507200001,,5,0.12909106763744882,False,,True,True,True,True,False,True,0,0.0,0,True,3,E_C_upd:dp_he3;L_E_upd:none,2.1366723680721345,0.9796,LIIEIIIC,,fixed_mode_fixed_privacy,56.17228197888999,0.0,2.1771718415554187,5.822828158444581,0.58,8,6.911200311588957,130.07616232585184,1,2.1771718415554187,dp_he3/none,packet_protection
6.911200311588957,3,3,36,717.4141507200001,,6,0.12909106763744882,False,,True,True,True,True,False,True,0,0.0,0,True,3,E_C_upd:dp_he3;L_E_upd:none,1.9282823167918586,0.9796,LIIEIIIC,,fixed_mode_fixed_privacy,66.51691600614866,0.0,2.1771718415554187,5.822828158444581,0.58,8,6.911200311588957,146.9422891740989,1,2.1771718415554187,dp_he3/none,packet_protection
6.911200311588957,3,3,37,717.4141507200001,,7,0.12909106763744882,False,,True,True,True,True,False,True,0,0.0,0,True,3,E_C_upd:dp_he3;L_E_upd:none,1.192260315036407,0.9790833333333333,LIIEIIIC,,fixed_mode_fixed_privacy,58.47466792930493,0.0,2.1771718415554187,5.822828158444581,0.58,8,6.911200311588957,123.53130973786973,1,2.1771718415554187,dp_he3/none,packet_protection
6.911200311588957,3,3,38,717.4141507200001,,8,0.12909106763744882,False,,True,True,True,True,False,True,0,0.0,0,True,3,E_C_upd:dp_he3;L_E_upd:none,2.5502852751622296,0.9801166666666666,LIIEIIIC,,fixed_mode_fixed_privacy,67.99360630693153,0.0,2.1771718415554187,5.822828158444581,0.58,8,6.911200311588957,145.33450338220814,1,2.1771718415554187,dp_he3/none,packet_protection
6.911200311588957,3,3,39,717.4141507200001,,9,0.12909106763744882,False,,True,True,True,True,False,True,0,0.0,0,True,3,E_C_upd:dp_he3;L_E_upd:none,1.2461187749535723,0.9816666666666666,LIIEIIIC,,fixed_mode_fixed_privacy,54.073283088359474,0.0,2.1771718415554187,5.822828158444581,0.58,8,6.911200311588957,129.47302904610115,1,2.1771718415554187,dp_he3/none,packet_protection
6.911200311588957,3,3,40,717.4141507200001,,0,0.12909106763744882,False,,True,True,True,True,False,True,0,0.0,0,True,3,E_C_upd:dp_he3;L_E_upd:none,1.718281661052106,0.9796,LIIEIIIC,,fixed_mode_fixed_privacy,70.53581043164985,0.0,2.1771718415554187,5.822828158444581,0.58,8,6.911200311588957,155.65686207895016,1,2.1771718415554187,dp_he3/none,packet_protection
6.911200311588957,3,3,41,717.4141507200001,,1,0.12909106763744882,False,,True,True,True,True,False,True,0,0.0,0,True,3,E_C_upd:dp_he3;L_E_upd:none,1.2035142721899799,0.9785666666666667,LIIEIIIC,,fixed_mode_fixed_privacy,62.29504884171081,0.0,2.1771718415554187,5.822828158444581,0.58,8,6.911200311588957,139.84652908753262,1,2.1771718415554187,dp_he3/none,packet_protection
6.911200311588957,3,3,42,717.4141507200001,,2,0.12909106763744882,False,,True,True,True,True,False,True,0,0.0,0,True,3,E_C_upd:dp_he3;L_E_upd:none,1.0518635048612208,0.9796,LIIEIIIC,,fixed_mode_fixed_privacy,66.98543230283468,0.0,2.1771718415554187,5.822828158444581,0.58,8,6.911200311588957,139.47287593299467,1,2.1771718415554187,dp_he3/none,packet_protection
6.911200311588957,3,3,43,717.4141507200001,,3,0.12909106763744882,False,,True,True,True,True,False,True,0,0.0,0,True,3,E_C_upd:dp_he3;L_E_upd:none,2.157731341345857,0.9790833333333333,LIIEIIIC,,fixed_mode_fixed_privacy,56.93439946858203,0.0,2.1771718415554187,5.822828158444581,0.58,8,6.911200311588957,125.13258456955421,1,2.1771718415554187,dp_he3/none,packet_protection
6.911200311588957,3,3,44,717.4141507200001,,4,0.12909106763744882,False,,True,True,True,True,False,True,0,0.0,0,True,3,E_C_upd:dp_he3;L_E_upd:none,1.8939537747589035,0.97805,LIIEIIIC,,fixed_mode_fixed_privacy,70.03613863783679,0.0,2.1771718415554187,5.822828158444581,0.58,8,6.911200311588957,145.1660195383377,1,2.1771718415554187,dp_he3/none,packet_protection
6.911200311588957,3,3,45,717.4141507200001,,5,0.12909106763744882,False,,True,True,True,True,False,True,0,0.0,0,True,3,E_C_upd:dp_he3;L_E_upd:none,2.1894368395630277,0.9796,LIIEIIIC,,fixed_mode_fixed_privacy,55.77552698800885,0.0,2.1771718415554187,5.822828158444581,0.58,8,6.911200311588957,133.0122609928351,1,2.1771718415554187,dp_he3/none,packet_protection
,,,46,0.0,,6,0.0,False,,True,True,True,True,True,True,0,0.0,0,True,3,,inf,0.0,SKIP,,fixed_mode_fixed_privacy,,0.0,0.0,8.0,0.0,8,,0.0,0,0.0,none,packet_protection
6.911200311588957,3,3,47,717.4141507200001,,7,0.12909106763744882,False,,True,True,True,True,False,True,0,0.0,0,True,3,E_C_upd:dp_he3;L_E_upd:none,1.2106043506675663,0.9790833333333333,LIIEIIIC,,fixed_mode_fixed_privacy,56.60928408859378,0.0,2.1771718415554187,5.822828158444581,0.58,8,6.911200311588957,134.53330284659904,1,2.1771718415554187,dp_he3/none,packet_protection
6.911200311588957,3,3,48,717.4141507200001,,8,0.12909106763744882,False,,True,True,True,True,False,True,0,0.0,0,True,3,E_C_upd:dp_he3;L_E_upd:none,1.8872330715439818,0.9801166666666666,LIIEIIIC,,fixed_mode_fixed_privacy,57.42461114843398,0.0,2.1771718415554187,5.822828158444581,0.58,8,6.911200311588957,123.00789660151986,1,2.1771718415554187,dp_he3/none,packet_protection
6.911200311588957,3,3,49,717.4141507200001,,9,0.12909106763744882,False,,True,True,True,True,False,True,0,0.0,0,True,3,E_C_upd:dp_he3;L_E_upd:none,2.6414699298711724,0.98115,LIIEIIIC,,fixed_mode_fixed_privacy,52.5963169708442,0.0,2.1771718415554187,5.822828158444581,0.58,8,6.911200311588957,130.82451165743788,1,2.1771718415554187,dp_he3/none,packet_protection
6.911200311588957,3,3,50,717.4141507200001,,0,0.12909106763744882,False,,True,True,True,True,False,True,0,0.0,0,True,3,E_C_upd:dp_he3;L_E_upd:none,2.357294402957413,0.9796,LIIEIIIC,,fixed_mode_fixed_privacy,63.941440800638624,0.0,2.1771718415554187,5.822828158444581,0.58,8,6.911200311588957,127.98214208137748,1,2.1771718415554187,dp_he3/none,packet_protection
6.911200311588957,3,3,51,717.4141507200001,,1,0.12909106763744882,False,,True,True,True,True,False,True,0,0.0,0,True,3,E_C_upd:dp_he3;L_E_upd:none,1.5496570969226762,0.9785666666666667,LIIEIIIC,,fixed_mode_fixed_privacy,59.159496260100724,0.0,2.1771718415554187,5.822828158444581,0.58,8,6.911200311588957,131.39887155659014,1,2.1771718415554187,dp_he3/none,packet_protection
,,,52,0.0,,2,0.0,False,,True,True,True,True,True,True,0,0.0,0,True,3,,inf,0.0,SKIP,,fixed_mode_fixed_privacy,,0.0,0.0,8.0,0.0,8,,0.0,0,0.0,none,packet_protection
6.911200311588957,3,3,53,717.4141507200001,,3,0.12909106763744882,False,,True,True,True,True,False,True,0,0.0,0,True,3,E_C_upd:dp_he3;L_E_upd:none,1.770461903305378,0.9790833333333333,LIIEIIIC,,fixed_mode_fixed_privacy,59.53559589125308,0.0,2.1771718415554187,5.822828158444581,0.58,8,6.911200311588957,138.338441200299,1,2.1771718415554187,dp_he3/none,packet_protection
,,,54,0.0,,4,0.0,False,,True,True,True,True,True,True,0,0.0,0,True,3,,inf,0.0,SKIP,,fixed_mode_fixed_privacy,,0.0,0.0,8.0,0.0,8,,0.0,0,0.0,none,packet_protection
6.911200311588957,3,3,55,717.4141507200001,,5,0.12909106763744882,False,,True,True,True,True,False,True,0,0.0,0,True,3,E_C_upd:dp_he3;L_E_upd:none,2.4836273737631887,0.9796,LIIEIIIC,,fixed_mode_fixed_privacy,62.22313464511133,0.0,2.1771718415554187,5.822828158444581,0.58,8,6.911200311588957,134.7569252528561,1,2.1771718415554187,dp_he3/none,packet_protection
6.911200311588957,3,3,56,717.4141507200001,,6,0.12909106763744882,False,,True,True,True,True,False,True,0,0.0,0,True,3,E_C_upd:dp_he3;L_E_upd:none,1.8118084234022185,0.9796,LIIEIIIC,,fixed_mode_fixed_privacy,67.2935618160453,0.0,2.1771718415554187,5.822828158444581,0.58,8,6.911200311588957,139.52662503383306,1,2.1771718415554187,dp_he3/none,packet_protection
6.911200311588957,3,3,57,717.4141507200001,,7,0.12909106763744882,False,,True,True,True,True,False,True,0,0.0,0,True,3,E_C_upd:dp_he3;L_E_upd:none,2.3077190009814617,0.9790833333333333,LIIEIIIC,,fixed_mode_fixed_privacy,60.99833899008554,0.0,2.1771718415554187,5.822828158444581,0.58,8,6.911200311588957,134.9494666775658,1,2.1771718415554187,dp_he3/none,packet_protection
6.911200311588957,3,3,58,717.4141507200001,,8,0.12909106763744882,False,,True,True,True,True,False,True,0,0.0,0,True,3,E_C_upd:dp_he3;L_E_upd:none,1.8813699941523465,0.9801166666666666,LIIEIIIC,,fixed_mode_fixed_privacy,60.73575271720712,0.0,2.1771718415554187,5.822828158444581,0.58,8,6.911200311588957,132.5081661596431,1,2.1771718415554187,dp_he3/none,packet_protection
6.911200311588957,3,3,59,717.4141507200001,,9,0.12909106763744882,False,,True,True,True,True,False,True,0,0.0,0,True,3,E_C_upd:dp_he3;L_E_upd:none,1.0079643620644898,0.98115,LIIEIIIC,,fixed_mode_fixed_privacy,63.152538856431605,0.0,2.1771718415554187,5.822828158444581,0.58,8,6.911200311588957,127.1122299762747,1,2.1771718415554187,dp_he3/none,packet_protection
,,,60,0.0,,0,0.0,False,,True,True,True,True,True,True,0,0.0,0,True,3,,inf,0.0,SKIP,,fixed_mode_fixed_privacy,,0.0,0.0,8.0,0.0,8,,0.0,0,0.0,none,packet_protection
6.911200311588957,3,3,61,717.4141507200001,,1,0.12909106763744882,False,,True,True,True,True,False,True,0,0.0,0,True,3,E_C_upd:dp_he3;L_E_upd:none,1.663020517394065,0.9785666666666667,LIIEIIIC,,fixed_mode_fixed_privacy,63.43998788765247,0.0,2.1771718415554187,5.822828158444581,0.58,8,6.911200311588957,137.03421001027175,1,2.1771718415554187,dp_he3/none,packet_protection
6.911200311588957,3,3,62,717.4141507200001,,2,0.12909106763744882,False,,True,True,True,True,False,True,0,0.0,0,True,3,E_C_upd:dp_he3;L_E_upd:none,1.2711442061474538,0.9796,LIIEIIIC,,fixed_mode_fixed_privacy,63.69623409801934,0.0,2.1771718415554187,5.822828158444581,0.58,8,6.911200311588957,138.13034802332342,1,2.1771718415554187,dp_he3/none,packet_protection
6.911200311588957,3,3,63,717.4141507200001,,3,0.12909106763744882,False,,True,True,True,True,False,True,0,0.0,0,True,3,E_C_upd:dp_he3;L_E_upd:none,1.4309148880902602,0.9790833333333333,LIIEIIIC,,fixed_mode_fixed_privacy,59.46354864273951,0.0,2.1771718415554187,5.822828158444581,0.58,8,6.911200311588957,142.65299123936555,1,2.1771718415554187,dp_he3/none,packet_protection
6.911200311588957,3,3,64,717.4141507200001,,4,0.12909106763744882,False,,True,True,True,True,False,True,0,0.0,0,True,3,E_C_upd:dp_he3;L_E_upd:none,1.8405891045455842,0.97805,LIIEIIIC,,fixed_mode_fixed_privacy,63.135670744783354,0.0,2.1771718415554187,5.822828158444581,0.58,8,6.911200311588957,147.16205359339298,1,2.1771718415554187,dp_he3/none,packet_protection
,,,65,0.0,,5,0.0,False,,True,True,True,True,True,True,0,0.0,0,True,3,,inf,0.0,SKIP,,fixed_mode_fixed_privacy,,0.0,0.0,8.0,0.0,8,,0.0,0,0.0,none,packet_protection
6.911200311588957,3,3,66,717.4141507200001,,6,0.12909106763744882,False,,True,True,True,True,False,True,0,0.0,0,True,3,E_C_upd:dp_he3;L_E_upd:none,1.8093775561702643,0.9796,LIIEIIIC,,fixed_mode_fixed_privacy,71.20616385903858,0.0,2.1771718415554187,5.822828158444581,0.58,8,6.911200311588957,139.81240576968338,1,2.1771718415554187,dp_he3/none,packet_protection
6.911200311588957,3,3,67,717.4141507200001,,7,0.12909106763744882,False,,True,True,True,True,False,True,0,0.0,0,True,3,E_C_upd:dp_he3;L_E_upd:none,1.7349815617663098,0.9790833333333333,LIIEIIIC,,fixed_mode_fixed_privacy,55.91736433897851,0.0,2.1771718415554187,5.822828158444581,0.58,8,6.911200311588957,130.24300412434673,1,2.1771718415554187,dp_he3/none,packet_protection
6.911200311588957,3,3,68,717.4141507200001,,8,0.12909106763744882,False,,True,True,True,True,False,True,0,0.0,0,True,3,E_C_upd:dp_he3;L_E_upd:none,1.6746949941761489,0.9801166666666666,LIIEIIIC,,fixed_mode_fixed_privacy,57.31141396596079,0.0,2.1771718415554187,5.822828158444581,0.58,8,6.911200311588957,129.32259532621447,1,2.1771718415554187,dp_he3/none,packet_protection
,,,69,0.0,,9,0.0,False,,True,True,True,True,True,True,0,0.0,0,True,3,,inf,0.0,SKIP,,fixed_mode_fixed_privacy,,0.0,0.0,8.0,0.0,8,,0.0,0,0.0,none,packet_protection
6.911200311588957,3,3,70,717.4141507200001,,0,0.12909106763744882,False,,True,True,True,True,False,True,0,0.0,0,True,3,E_C_upd:dp_he3;L_E_upd:none,2.208645096509279,0.9796,LIIEIIIC,,fixed_mode_fixed_privacy,60.24799472567712,0.0,2.1771718415554187,5.822828158444581,0.58,8,6.911200311588957,132.3098680851741,1,2.1771718415554187,dp_he3/none,packet_protection
6.911200311588957,3,3,71,717.4141507200001,,1,0.12909106763744882,False,,True,True,True,True,False,True,0,0.0,0,True,3,E_C_upd:dp_he3;L_E_upd:none,1.826628304645198,0.9785666666666667,LIIEIIIC,,fixed_mode_fixed_privacy,61.58937955200507,0.0,2.1771718415554187,5.822828158444581,0.58,8,6.911200311588957,139.50294842060126,1,2.1771718415554187,dp_he3/none,packet_protection
,,,72,0.0,,2,0.0,False,,True,True,True,True,True,True,0,0.0,0,True,3,,inf,0.0,SKIP,,fixed_mode_fixed_privacy,,0.0,0.0,8.0,0.0,8,,0.0,0,0.0,none,packet_protection
6.911200311588957,3,3,73,717.4141507200001,,3,0.12909106763744882,False,,True,True,True,True,False,True,0,0.0,0,True,3,E_C_upd:dp_he3;L_E_upd:none,1.949324494891817,0.9785666666666667,LIIEIIIC,,fixed_mode_fixed_privacy,65.91172348589333,0.0,2.1771718415554187,5.822828158444581,0.58,8,6.911200311588957,135.49649451655756,1,2.1771718415554187,dp_he3/none,packet_protection
6.911200311588957,3,3,74,717.4141507200001,,4,0.12909106763744882,False,,True,True,True,True,False,True,0,0.0,0,True,3,E_C_upd:dp_he3;L_E_upd:none,2.373369464974584,0.9775333333333334,LIIEIIIC,,fixed_mode_fixed_privacy,57.734639101076255,0.0,2.1771718415554187,5.822828158444581,0.58,8,6.911200311588957,137.32227831481336,1,2.1771718415554187,dp_he3/none,packet_protection
6.911200311588957,3,3,75,717.4141507200001,,5,0.12909106763744882,False,,True,True,True,True,False,True,0,0.0,0,True,3,E_C_upd:dp_he3;L_E_upd:none,1.0329957754014922,0.9790833333333333,LIIEIIIC,,fixed_mode_fixed_privacy,56.10012507532333,0.0,2.1771718415554187,5.822828158444581,0.58,8,6.911200311588957,125.80644254861058,1,2.1771718415554187,dp_he3/none,packet_protection
6.911200311588957,3,3,76,717.4141507200001,,6,0.12909106763744882,False,,True,True,True,True,False,True,0,0.0,0,True,3,E_C_upd:dp_he3;L_E_upd:none,1.5225967874451976,0.9796,LIIEIIIC,,fixed_mode_fixed_privacy,63.29334334257137,0.0,2.1771718415554187,5.822828158444581,0.58,8,6.911200311588957,129.4371895751826,1,2.1771718415554187,dp_he3/none,packet_protection
,,,77,0.0,,7,0.0,False,,True,True,True,True,True,True,0,0.0,0,True,3,,inf,0.0,SKIP,,fixed_mode_fixed_privacy,,0.0,0.0,8.0,0.0,8,,0.0,0,0.0,none,packet_protection
6.911200311588957,3,3,78,717.4141507200001,,8,0.12909106763744882,False,,True,True,True,True,False,True,0,0.0,0,True,3,E_C_upd:dp_he3;L_E_upd:none,2.1302373664638856,0.9801166666666666,LIIEIIIC,,fixed_mode_fixed_privacy,57.51554829055256,0.0,2.1771718415554187,5.822828158444581,0.58,8,6.911200311588957,131.47997856106994,1,2.1771718415554187,dp_he3/none,packet_protection
6.911200311588957,3,3,79,717.4141507200001,,9,0.12909106763744882,False,,True,True,True,True,False,True,0,0.0,0,True,3,E_C_upd:dp_he3;L_E_upd:none,1.5075545469820644,0.98115,LIIEIIIC,,fixed_mode_fixed_privacy,60.056706817812284,0.0,2.1771718415554187,5.822828158444581,0.58,8,6.911200311588957,135.12252801232358,1,2.1771718415554187,dp_he3/none,packet_protection
6.911200311588957,3,3,80,717.4141507200001,,0,0.12909106763744882,False,,True,True,True,True,False,True,0,0.0,0,True,3,E_C_upd:dp_he3;L_E_upd:none,1.8296725957303435,0.9796,LIIEIIIC,,fixed_mode_fixed_privacy,69.12763082850437,0.0,2.1771718415554187,5.822828158444581,0.58,8,6.911200311588957,138.79750145184912,1,2.1771718415554187,dp_he3/none,packet_protection
6.911200311588957,3,3,81,717.4141507200001,,1,0.12909106763744882,False,,True,True,True,True,False,True,0,0.0,0,True,3,E_C_upd:dp_he3;L_E_upd:none,2.550842491022395,0.9785666666666667,LIIEIIIC,,fixed_mode_fixed_privacy,64.23813664196753,0.0,2.1771718415554187,5.822828158444581,0.58,8,6.911200311588957,133.51154190842587,1,2.1771718415554187,dp_he3/none,packet_protection
6.911200311588957,3,3,82,717.4141507200001,,2,0.12909106763744882,False,,True,True,True,True,False,True,0,0.0,0,True,3,E_C_upd:dp_he3;L_E_upd:none,1.2161122283893053,0.9796,LIIEIIIC,,fixed_mode_fixed_privacy,57.45994327515566,0.0,2.1771718415554187,5.822828158444581,0.58,8,6.911200311588957,124.25997547500035,1,2.1771718415554187,dp_he3/none,packet_protection
6.911200311588957,3,3,83,717.4141507200001,,3,0.12909106763744882,False,,True,True,True,True,False,True,0,0.0,0,True,3,E_C_upd:dp_he3;L_E_upd:none,1.4318254026176642,0.9785666666666667,LIIEIIIC,,fixed_mode_fixed_privacy,65.48175152725646,0.0,2.1771718415554187,5.822828158444581,0.58,8,6.911200311588957,135.2532049436304,1,2.1771718415554187,dp_he3/none,packet_protection
6.911200311588957,3,3,84,717.4141507200001,,4,0.12909106763744882,False,,True,True,True,True,False,True,0,0.0,0,True,3,E_C_upd:dp_he3;L_E_upd:none,2.1478191071057733,0.9775333333333334,LIIEIIIC,,fixed_mode_fixed_privacy,63.880495307079,0.0,2.1771718415554187,5.822828158444581,0.58,8,6.911200311588957,138.00661712656105,1,2.1771718415554187,dp_he3/none,packet_protection
,,,85,0.0,,5,0.0,False,,True,True,True,True,True,True,0,0.0,0,True,3,,inf,0.0,SKIP,,fixed_mode_fixed_privacy,,0.0,0.0,8.0,0.0,8,,0.0,0,0.0,none,packet_protection
6.911200311588957,3,3,86,717.4141507200001,,6,0.12909106763744882,False,,True,True,True,True,False,True,0,0.0,0,True,3,E_C_upd:dp_he3;L_E_upd:none,1.7996014940214557,0.9796,LIIEIIIC,,fixed_mode_fixed_privacy,57.8429911745835,0.0,2.1771718415554187,5.822828158444581,0.58,8,6.911200311588957,142.69862612287488,1,2.1771718415554187,dp_he3/none,packet_protection
6.911200311588957,3,3,87,717.4141507200001,,7,0.12909106763744882,False,,True,True,True,True,False,True,0,0.0,0,True,3,E_C_upd:dp_he3;L_E_upd:none,2.474420304413817,0.9790833333333333,LIIEIIIC,,fixed_mode_fixed_privacy,59.57094354229359,0.0,2.1771718415554187,5.822828158444581,0.58,8,6.911200311588957,127.75879713784214,1,2.1771718415554187,dp_he3/none,packet_protection
6.911200311588957,3,3,88,717.4141507200001,,8,0.12909106763744882,False,,True,True,True,True,False,True,0,0.0,0,True,3,E_C_upd:dp_he3;L_E_upd:none,2.3858028244505176,0.9801166666666666,LIIEIIIC,,fixed_mode_fixed_privacy,58.67131482313832,0.0,2.1771718415554187,5.822828158444581,0.58,8,6.911200311588957,136.48588048721638,1,2.1771718415554187,dp_he3/none,packet_protection
6.911200311588957,3,3,89,717.4141507200001,,9,0.12909106763744882,False,,True,True,True,True,False,True,0,0.0,0,True,3,E_C_upd:dp_he3;L_E_upd:none,1.3705276667987023,0.98115,LIIEIIIC,,fixed_mode_fixed_privacy,53.50255390915625,0.0,2.1771718415554187,5.822828158444581,0.58,8,6.911200311588957,123.83126335616912,1,2.1771718415554187,dp_he3/none,packet_protection
6.911200311588957,3,3,90,717.4141507200001,,0,0.12909106763744882,False,,True,True,True,True,False,True,0,0.0,0,True,3,E_C_upd:dp_he3;L_E_upd:none,2.4332702580801087,0.9790833333333333,LIIEIIIC,,fixed_mode_fixed_privacy,67.68337401496723,0.0,2.1771718415554187,5.822828158444581,0.58,8,6.911200311588957,148.33138874552907,1,2.1771718415554187,dp_he3/none,packet_protection
6.911200311588957,3,3,91,717.4141507200001,,1,0.12909106763744882,False,,True,True,True,True,False,True,0,0.0,0,True,3,E_C_upd:dp_he3;L_E_upd:none,1.0364106472173031,0.97805,LIIEIIIC,,fixed_mode_fixed_privacy,53.93872728576187,0.0,2.1771718415554187,5.822828158444581,0.58,8,6.911200311588957,120.00159788955979,1,2.1771718415554187,dp_he3/none,packet_protection
6.911200311588957,3,3,92,717.4141507200001,,2,0.12909106763744882,False,,True,True,True,True,False,True,0,0.0,0,True,3,E_C_upd:dp_he3;L_E_upd:none,1.7756584058061933,0.9796,LIIEIIIC,,fixed_mode_fixed_privacy,65.20441002522435,0.0,2.1771718415554187,5.822828158444581,0.58,8,6.911200311588957,134.12134190463127,1,2.1771718415554187,dp_he3/none,packet_protection
6.911200311588957,3,3,93,717.4141507200001,,3,0.12909106763744882,False,,True,True,True,True,False,True,0,0.0,0,True,3,E_C_upd:dp_he3;L_E_upd:none,1.2763035970769345,0.9785666666666667,LIIEIIIC,,fixed_mode_fixed_privacy,58.69120549232407,0.0,2.1771718415554187,5.822828158444581,0.58,8,6.911200311588957,137.28873722316678,1,2.1771718415554187,dp_he3/none,packet_protection
6.911200311588957,3,3,94,717.4141507200001,,4,0.12909106763744882,False,,True,True,True,True,False,True,0,0.0,0,True,3,E_C_upd:dp_he3;L_E_upd:none,1.022644065962914,0.9775333333333334,LIIEIIIC,,fixed_mode_fixed_privacy,66.33636099165032,0.0,2.1771718415554187,5.822828158444581,0.58,8,6.911200311588957,137.7832792639815,1,2.1771718415554187,dp_he3/none,packet_protection
6.911200311588957,3,3,95,717.4141507200001,,5,0.12909106763744882,False,,True,True,True,True,False,True,0,0.0,0,True,3,E_C_upd:dp_he3;L_E_upd:none,2.386951937299487,0.9790833333333333,LIIEIIIC,,fixed_mode_fixed_privacy,54.01289644060762,0.0,2.1771718415554187,5.822828158444581,0.58,8,6.911200311588957,128.68033749244776,1,2.1771718415554187,dp_he3/none,packet_protection
6.911200311588957,3,3,96,717.4141507200001,,6,0.12909106763744882,False,,True,True,True,True,False,True,0,0.0,0,True,3,E_C_upd:dp_he3;L_E_upd:none,1.0407947296407267,0.9790833333333333,LIIEIIIC,,fixed_mode_fixed_privacy,66.83534220726122,0.0,2.1771718415554187,5.822828158444581,0.58,8,6.911200311588957,151.03800082424283,1,2.1771718415554187,dp_he3/none,packet_protection
6.911200311588957,3,3,97,717.4141507200001,,7,0.12909106763744882,False,,True,True,True,True,False,True,0,0.0,0,True,3,E_C_upd:dp_he3;L_E_upd:none,1.2270978966466777,0.97805,LIIEIIIC,,fixed_mode_fixed_privacy,57.43901702798162,0.0,2.1771718415554187,5.822828158444581,0.58,8,6.911200311588957,130.4359672145074,1,2.1771718415554187,dp_he3/none,packet_protection
,,,98,0.0,,8,0.0,False,,True,True,True,True,True,True,0,0.0,0,True,3,,inf,0.0,SKIP,,fixed_mode_fixed_privacy,,0.0,0.0,8.0,0.0,8,,0.0,0,0.0,none,packet_protection
6.911200311588957,3,3,99,717.4141507200001,,9,0.12909106763744882,False,,True,True,True,True,False,True,0,0.0,0,True,3,E_C_upd:dp_he3;L_E_upd:none,1.5665195180963505,0.98115,LIIEIIIC,,fixed_mode_fixed_privacy,60.364719770164335,0.0,2.1771718415554187,5.822828158444581,0.58,8,6.911200311588957,125.29565191215656,1,2.1771718415554187,dp_he3/none,packet_protection
6.911200311588957,3,3,0,717.4141507200001,,0,0.12559892643599113,False,,True,True,True,True,False,True,0,0.0,0,True,3,E_C_upd:dp_he3;L_E_upd:none,2.4526825050714955,0.9796,LIIEIIIC,,fixed_mode_fixed_privacy,63.690976449569455,0.0,2.30277076799141,5.69722923200859,0.58,9,6.911200311588957,139.7571230107338,1,2.30277076799141,dp_he3/none,packet_protection
6.911200311588957,3,3,1,717.4141507200001,,1,0.12559892643599113,False,,True,True,True,True,False,True,0,0.0,0,True,3,E_C_upd:dp_he3;L_E_upd:none,2.020729936082863,0.9790833333333333,LIIEIIIC,,fixed_mode_fixed_privacy,55.521915158736164,0.0,2.30277076799141,5.69722923200859,0.58,9,6.911200311588957,125.65601563316862,1,2.30277076799141,dp_he3/none,packet_protection
6.911200311588957,3,3,2,717.4141507200001,,2,0.12559892643599113,False,,True,True,True,True,False,True,0,0.0,0,True,3,E_C_upd:dp_he3;L_E_upd:none,1.380488196284812,0.9801166666666666,LIIEIIIC,,fixed_mode_fixed_privacy,76.96198973714718,0.0,2.30277076799141,5.69722923200859,0.58,9,6.911200311588957,160.07694412932776,1,2.30277076799141,dp_he3/none,packet_protection
6.911200311588957,3,3,3,717.4141507200001,,3,0.12559892643599113,False,,True,True,True,True,False,True,0,0.0,0,True,3,E_C_upd:dp_he3;L_E_upd:none,1.7431799468753328,0.9796,LIIEIIIC,,fixed_mode_fixed_privacy,65.21053135886807,0.0,2.30277076799141,5.69722923200859,0.58,9,6.911200311588957,153.51284092536451,1,2.30277076799141,dp_he3/none,packet_protection
6.911200311588957,3,3,4,717.4141507200001,,4,0.12559892643599113,False,,True,True,True,True,False,True,0,0.0,0,True,3,E_C_upd:dp_he3;L_E_upd:none,1.0840160768825502,0.97805,LIIEIIIC,,fixed_mode_fixed_privacy,61.63958746227478,0.0,2.30277076799141,5.69722923200859,0.58,9,6.911200311588957,140.8250990481245,1,2.30277076799141,dp_he3/none,packet_protection
,,,5,0.0,,5,0.0,False,,True,True,True,True,True,True,0,0.0,0,True,3,,inf,0.0,SKIP,,fixed_mode_fixed_privacy,,0.0,0.0,8.0,0.0,9,,0.0,0,0.0,none,packet_protection
6.911200311588957,3,3,6,717.4141507200001,,6,0.12559892643599113,False,,True,True,True,True,False,True,0,0.0,0,True,3,E_C_upd:dp_he3;L_E_upd:none,2.6303355215731377,0.9796,LIIEIIIC,,fixed_mode_fixed_privacy,70.46568631289307,0.0,2.30277076799141,5.69722923200859,0.58,9,6.911200311588957,154.32106791842105,1,2.30277076799141,dp_he3/none,packet_protection
6.911200311588957,3,3,7,717.4141507200001,,7,0.12559892643599113,False,,True,True,True,True,False,True,0,0.0,0,True,3,E_C_upd:dp_he3;L_E_upd:none,2.053595733538623,0.9790833333333333,LIIEIIIC,,fixed_mode_fixed_privacy,64.56620853062627,0.0,2.30277076799141,5.69722923200859,0.58,9,6.911200311588957,139.35007190459598,1,2.30277076799141,dp_he3/none,packet_protection
,,,8,0.0,,8,0.0,False,,True,True,True,True,True,True,0,0.0,0,True,3,,inf,0.0,SKIP,,fixed_mode_fixed_privacy,,0.0,0.0,8.0,0.0,9,,0.0,0,0.0,none,packet_protection
6.911200311588957,3,3,9,717.4141507200001,,9,0.12559892643599113,False,,True,True,True,True,False,True,0,0.0,0,True,3,E_C_upd:dp_he3;L_E_upd:none,1.3144213466357852,0.9816666666666666,LIIEIIIC,,fixed_mode_fixed_privacy,60.0807123749174,0.0,2.30277076799141,5.69722923200859,0.58,9,6.911200311588957,144.58819529688455,1,2.30277076799141,dp_he3/none,packet_protection
6.911200311588957,3,3,10,717.4141507200001,,0,0.12559892643599113,False,,True,True,True,True,False,True,0,0.0,0,True,3,E_C_upd:dp_he3;L_E_upd:none,0.9864894286034035,0.9796,LIIEIIIC,,fixed_mode_fixed_privacy,78.33713697889779,0.0,2.30277076799141,5.69722923200859,0.58,9,6.911200311588957,164.1167900199846,1,2.30277076799141,dp_he3/none,packet_protection
6.911200311588957,3,3,11,717.4141507200001,,1,0.12559892643599113,False,,True,True,True,True,False,True,0,0.0,0,True,3,E_C_upd:dp_he3;L_E_upd:none,2.0833708586033586,0.9785666666666667,LIIEIIIC,,fixed_mode_fixed_privacy,51.78068394805334,0.0,2.30277076799141,5.69722923200859,0.58,9,6.911200311588957,120.96680694292218,1,2.30277076799141,dp_he3/none,packet_protection
6.911200311588957,3,3,12,717.4141507200001,,2,0.12559892643599113,False,,True,True,True,True,False,True,0,0.0,0,True,3,E_C_upd:dp_he3;L_E_upd:none,2.67780451323768,0.9796,LIIEIIIC,,fixed_mode_fixed_privacy,67.88057377596604,0.0,2.30277076799141,5.69722923200859,0.58,9,6.911200311588957,159.62967375604765,1,2.30277076799141,dp_he3/none,packet_protection
6.911200311588957,3,3,13,717.4141507200001,,3,0.12559892643599113,False,,True,True,True,True,False,True,0,0.0,0,True,3,E_C_upd:dp_he3;L_E_upd:none,1.7205665385753408,0.9790833333333333,LIIEIIIC,,fixed_mode_fixed_privacy,63.437530136467636,0.0,2.30277076799141,5.69722923200859,0.58,9,6.911200311588957,135.38020223814803,1,2.30277076799141,dp_he3/none,packet_protection
6.911200311588957,3,3,14,717.4141507200001,,4,0.12559892643599113,False,,True,True,True,True,False,True,0,0.0,0,True,3,E_C_upd:dp_he3;L_E_upd:none,1.9087855950561639,0.97805,LIIEIIIC,,fixed_mode_fixed_privacy,58.11676269933884,0.0,2.30277076799141,5.69722923200859,0.58,9,6.911200311588957,145.9552904410926,1,2.30277076799141,dp_he3/none,packet_protection
6.911200311588957,3,3,15,717.4141507200001,,5,0.12559892643599113,False,,True,True,True,True,False,True,0,0.0,0,True,3,E_C_upd:dp_he3;L_E_upd:none,1.9130126015396856,0.9796,LIIEIIIC,,fixed_mode_fixed_privacy,65.35740927396462,0.0,2.30277076799141,5.69722923200859,0.58,9,6.911200311588957,135.4619622938833,1,2.30277076799141,dp_he3/none,packet_protection
6.911200311588957,3,3,16,717.4141507200001,,6,0.12559892643599113,False,,True,True,True,True,False,True,0,0.0,0,True,3,E_C_upd:dp_he3;L_E_upd:none,1.1628149379732393,0.9796,LIIEIIIC,,fixed_mode_fixed_privacy,63.593447453555655,0.0,2.30277076799141,5.69722923200859,0.58,9,6.911200311588957,142.96198549557278,1,2.30277076799141,dp_he3/none,packet_protection
6.911200311588957,3,3,17,717.4141507200001,,7,0.12559892643599113,False,,True,True,True,True,False,True,0,0.0,0,True,3,E_C_upd:dp_he3;L_E_upd:none,2.6565711564792376,0.9790833333333333,LIIEIIIC,,fixed_mode_fixed_privacy,69.6793999067571,0.0,2.30277076799141,5.69722923200859,0.58,9,6.911200311588957,146.04758075180115,1,2.30277076799141,dp_he3/none,packet_protection
6.911200311588957,3,3,18,717.4141507200001,,8,0.12559892643599113,False,,True,True,True,True,False,True,0,0.0,0,True,3,E_C_upd:dp_he3;L_E_upd:none,1.5926943326530782,0.9806333333333332,LIIEIIIC,,fixed_mode_fixed_privacy,59.0165865684668,0.0,2.30277076799141,5.69722923200859,0.58,9,6.911200311588957,130.40555237221457,1,2.30277076799141,dp_he3/none,packet_protection
6.911200311588957,3,3,19,717.4141507200001,,9,0.12559892643599113,False,,True,True,True,True,False,True,0,0.0,0,True,3,E_C_upd:dp_he3;L_E_upd:none,2.676393350591775,0.9816666666666666,LIIEIIIC,,fixed_mode_fixed_privacy,67.27981564964566,0.0,2.30277076799141,5.69722923200859,0.58,9,6.911200311588957,152.1267826906198,1,2.30277076799141,dp_he3/none,packet_protection
,,,20,0.0,,0,0.0,False,,True,True,True,True,True,True,0,0.0,0,True,3,,inf,0.0,SKIP,,fixed_mode_fixed_privacy,,0.0,0.0,8.0,0.0,9,,0.0,0,0.0,none,packet_protection
6.911200311588957,3,3,21,717.4141507200001,,1,0.12559892643599113,False,,True,True,True,True,False,True,0,0.0,0,True,3,E_C_upd:dp_he3;L_E_upd:none,1.0533693839806015,0.9785666666666667,LIIEIIIC,,fixed_mode_fixed_privacy,72.42357046704223,0.0,2.30277076799141,5.69722923200859,0.58,9,6.911200311588957,144.68682571165394,1,2.30277076799141,dp_he3/none,packet_protection
6.911200311588957,3,3,22,717.4141507200001,,2,0.12559892643599113,False,,True,True,True,True,False,True,0,0.0,0,True,3,E_C_upd:dp_he3;L_E_upd:none,2.162089858147671,0.9796,LIIEIIIC,,fixed_mode_fixed_privacy,77.63468432030741,0.0,2.30277076799141,5.69722923200859,0.58,9,6.911200311588957,158.73450020578818,1,2.30277076799141,dp_he3/none,packet_protection
6.911200311588957,3,3,23,717.4141507200001,,3,0.12559892643599113,False,,True,True,True,True,False,True,0,0.0,0,True,3,E_C_upd:dp_he3;L_E_upd:none,1.5216668391258723,0.9790833333333333,LIIEIIIC,,fixed_mode_fixed_privacy,65.39256388586065,0.0,2.30277076799141,5.69722923200859,0.58,9,6.911200311588957,133.90313152906802,1,2.30277076799141,dp_he3/none,packet_protection
6.911200311588957,3,3,24,717.4141507200001,,4,0.12559892643599113,False,,True,True,True,True,False,True,0,0.0,0,True,3,E_C_upd:dp_he3;L_E_upd:none,2.509690730837996,0.97805,LIIEIIIC,,fixed_mode_fixed_privacy,59.29493371484135,0.0,2.30277076799141,5.69722923200859,0.58,9,6.911200311588957,141.82607158288343,1,2.30277076799141,dp_he3/none,packet_protection
6.911200311588957,3,3,25,717.4141507200001,,5,0.12559892643599113,False,,True,True,True,True,False,True,0,0.0,0,True,3,E_C_upd:dp_he3;L_E_upd:none,2.141894505673916,0.9796,LIIEIIIC,,fixed_mode_fixed_privacy,67.84949886542914,0.0,2.30277076799141,5.69722923200859,0.58,9,6.911200311588957,152.83587844396732,1,2.30277076799141,dp_he3/none,packet_protection
6.911200311588957,3,3,26,717.4141507200001,,6,0.12559892643599113,False,,True,True,True,True,False,True,0,0.0,0,True,3,E_C_upd:dp_he3;L_E_upd:none,2.6156949390605306,0.9796,LIIEIIIC,,fixed_mode_fixed_privacy,64.09355134100787,0.0,2.30277076799141,5.69722923200859,0.58,9,6.911200311588957,144.81284181001982,1,2.30277076799141,dp_he3/none,packet_protection
6.911200311588957,3,3,27,717.4141507200001,,7,0.12559892643599113,False,,True,True,True,True,False,True,0,0.0,0,True,3,E_C_upd:dp_he3;L_E_upd:none,1.3581486205054942,0.9790833333333333,LIIEIIIC,,fixed_mode_fixed_privacy,67.7214268763215,0.0,2.30277076799141,5.69722923200859,0.58,9,6.911200311588957,149.38086649435928,1,2.30277076799141,dp_he3/none,packet_protection
6.911200311588957,3,3,28,717.4141507200001,,8,0.12559892643599113,False,,True,True,True,True,False,True,0,0.0,0,True,3,E_C_upd:dp_he3;L_E_upd:none,1.0529798758229736,0.9801166666666666,LIIEIIIC,,fixed_mode_fixed_privacy,67.06407081972586,0.0,2.30277076799141,5.69722923200859,0.58,9,6.911200311588957,145.2701001404509,1,2.30277076799141,dp_he3/none,packet_protection
6.911200311588957,3,3,29,717.4141507200001,,9,0.12559892643599113,False,,True,True,True,True,False,True,0,0.0,0,True,3,E_C_upd:dp_he3;L_E_upd:none,1.5238328230436504,0.9816666666666666,LIIEIIIC,,fixed_mode_fixed_privacy,66.70136760594045,0.0,2.30277076799141,5.69722923200859,0.58,9,6.911200311588957,139.32139830385472,1,2.30277076799141,dp_he3/none,packet_protection
6.911200311588957,3,3,30,717.4141507200001,,0,0.12559892643599113,False,,True,True,True,True,False,True,0,0.0,0,True,3,E_C_upd:dp_he3;L_E_upd:none,1.304595337452328,0.9796,LIIEIIIC,,fixed_mode_fixed_privacy,69.73653678447349,0.0,2.30277076799141,5.69722923200859,0.58,9,6.911200311588957,140.71025318862328,1,2.30277076799141,dp_he3/none,packet_protection
6.911200311588957,3,3,31,717.4141507200001,,1,0.12559892643599113,False,,True,True,True,True,False,True,0,0.0,0,True,3,E_C_upd:dp_he3;L_E_upd:none,2.2969552434688674,0.9785666666666667,LIIEIIIC,,fixed_mode_fixed_privacy,57.162172065167965,0.0,2.30277076799141,5.69722923200859,0.58,9,6.911200311588957,128.48255127419284,1,2.30277076799141,dp_he3/none,packet_protection
,,,32,0.0,,2,0.0,False,,True,True,True,True,True,True,0,0.0,0,True,3,,inf,0.0,SKIP,,fixed_mode_fixed_privacy,,0.0,0.0,8.0,0.0,9,,0.0,0,0.0,none,packet_protection
6.911200311588957,3,3,33,717.4141507200001,,3,0.12559892643599113,False,,True,True,True,True,False,True,0,0.0,0,True,3,E_C_upd:dp_he3;L_E_upd:none,1.0040228730641931,0.9790833333333333,LIIEIIIC,,fixed_mode_fixed_privacy,63.620984501492345,0.0,2.30277076799141,5.69722923200859,0.58,9,6.911200311588957,132.74801181035338,1,2.30277076799141,dp_he3/none,packet_protection
6.911200311588957,3,3,34,717.4141507200001,,4,0.12559892643599113,False,,True,True,True,True,False,True,0,0.0,0,True,3,E_C_upd:dp_he3;L_E_upd:none,1.4720682121450308,0.97805,LIIEIIIC,,fixed_mode_fixed_privacy,56.83369565241609,0.0,2.30277076799141,5.69722923200859,0.58,9,6.911200311588957,144.63777288274105,1,2.30277076799141,dp_he3/none,packet_protection
6.911200311588957,3,3,35,717.4141507200001,,5,0.12559892643599113,False,,True,True,True,True,False,True,0,0.0,0,True,3,E_C_upd:dp_he3;L_E_upd:none,2.1366723680721345,0.9796,LIIEIIIC,,fixed_mode_fixed_privacy,71.75870797651778,0.0,2.30277076799141,5.69722923200859,0.58,9,6.911200311588957,145.7151250368221,1,2.30277076799141,dp_he3/none,packet_protection
6.911200311588957,3,3,36,717.4141507200001,,6,0.12559892643599113,False,,True,True,True,True,False,True,0,0.0,0,True,3,E_C_upd:dp_he3;L_E_upd:none,1.9282823167918586,0.9796,LIIEIIIC,,fixed_mode_fixed_privacy,65.82663490124679,0.0,2.30277076799141,5.69722923200859,0.58,9,6.911200311588957,145.33927954309945,1,2.30277076799141,dp_he3/none,packet_protection
6.911200311588957,3,3,37,717.4141507200001,,7,0.12559892643599113,False,,True,True,True,True,False,True,0,0.0,0,True,3,E_C_upd:dp_he3;L_E_upd:none,1.192260315036407,0.9790833333333333,LIIEIIIC,,fixed_mode_fixed_privacy,66.18642822163208,0.0,2.30277076799141,5.69722923200859,0.58,9,6.911200311588957,143.54216630136605,1,2.30277076799141,dp_he3/none,packet_protection
6.911200311588957,3,3,38,717.4141507200001,,8,0.12559892643599113,False,,True,True,True,True,False,True,0,0.0,0,True,3,E_C_upd:dp_he3;L_E_upd:none,2.5502852751622296,0.9801166666666666,LIIEIIIC,,fixed_mode_fixed_privacy,64.2688654613965,0.0,2.30277076799141,5.69722923200859,0.58,9,6.911200311588957,134.0150076410615,1,2.30277076799141,dp_he3/none,packet_protection
6.911200311588957,3,3,39,717.4141507200001,,9,0.12559892643599113,False,,True,True,True,True,False,True,0,0.0,0,True,3,E_C_upd:dp_he3;L_E_upd:none,1.2461187749535723,0.9816666666666666,LIIEIIIC,,fixed_mode_fixed_privacy,60.171065473389675,0.0,2.30277076799141,5.69722923200859,0.58,9,6.911200311588957,135.913530313927,1,2.30277076799141,dp_he3/none,packet_protection
6.911200311588957,3,3,40,717.4141507200001,,0,0.12559892643599113,False,,True,True,True,True,False,True,0,0.0,0,True,3,E_C_upd:dp_he3;L_E_upd:none,1.718281661052106,0.9796,LIIEIIIC,,fixed_mode_fixed_privacy,75.37678010986858,0.0,2.30277076799141,5.69722923200859,0.58,9,6.911200311588957,148.32913954405126,1,2.30277076799141,dp_he3/none,packet_protection
6.911200311588957,3,3,41,717.4141507200001,,1,0.12559892643599113,False,,True,True,True,True,False,True,0,0.0,0,True,3,E_C_upd:dp_he3;L_E_upd:none,1.2035142721899799,0.9785666666666667,LIIEIIIC,,fixed_mode_fixed_privacy,59.470254937938236,0.0,2.30277076799141,5.69722923200859,0.58,9,6.911200311588957,130.6437582783586,1,2.30277076799141,dp_he3/none,packet_protection
6.911200311588957,3,3,42,717.4141507200001,,2,0.12559892643599113,False,,True,True,True,True,False,True,0,0.0,0,True,3,E_C_upd:dp_he3;L_E_upd:none,1.0518635048612208,0.9796,LIIEIIIC,,fixed_mode_fixed_privacy,78.48964633518352,0.0,2.30277076799141,5.69722923200859,0.58,9,6.911200311588957,147.40844680224365,1,2.30277076799141,dp_he3/none,packet_protection
6.911200311588957,3,3,43,717.4141507200001,,3,0.12559892643599113,False,,True,True,True,True,False,True,0,0.0,0,True,3,E_C_upd:dp_he3;L_E_upd:none,2.157731341345857,0.9790833333333333,LIIEIIIC,,fixed_mode_fixed_privacy,67.75281052461884,0.0,2.30277076799141,5.69722923200859,0.58,9,6.911200311588957,152.40640577284796,1,2.30277076799141,dp_he3/none,packet_protection
6.911200311588957,3,3,44,717.4141507200001,,4,0.12559892643599113,False,,True,True,True,True,False,True,0,0.0,0,True,3,E_C_upd:dp_he3;L_E_upd:none,1.8939537747589035,0.97805,LIIEIIIC,,fixed_mode_fixed_privacy,60.049189534771685,0.0,2.30277076799141,5.69722923200859,0.58,9,6.911200311588957,132.22788384429498,1,2.30277076799141,dp_he3/none,packet_protection
6.911200311588957,3,3,45,717.4141507200001,,5,0.12559892643599113,False,,True,True,True,True,False,True,0,0.0,0,True,3,E_C_upd:dp_he3;L_E_upd:none,2.1894368395630277,0.9796,LIIEIIIC,,fixed_mode_fixed_privacy,68.0211794243574,0.0,2.30277076799141,5.69722923200859,0.58,9,6.911200311588957,145.05503875100987,1,2.30277076799141,dp_he3/none,packet_protection
,,,46,0.0,,6,0.0,False,,True,True,True,True,True,True,0,0.0,0,True,3,,inf,0.0,SKIP,,fixed_mode_fixed_privacy,,0.0,0.0,8.0,0.0,9,,0.0,0,0.0,none,packet_protection
6.911200311588957,3,3,47,717.4141507200001,,7,0.12559892643599113,False,,True,True,True,True,False,True,0,0.0,0,True,3,E_C_upd:dp_he3;L_E_upd:none,1.2106043506675663,0.9790833333333333,LIIEIIIC,,fixed_mode_fixed_privacy,58.86027051955712,0.0,2.30277076799141,5.69722923200859,0.58,9,6.911200311588957,130.24666163457502,1,2.30277076799141,dp_he3/none,packet_protection
6.911200311588957,3,3,48,717.4141507200001,,8,0.12559892643599113,False,,True,True,True,True,False,True,0,0.0,0,True,3,E_C_upd:dp_he3;L_E_upd:none,1.8872330715439818,0.9801166666666666,LIIEIIIC,,fixed_mode_fixed_privacy,62.91146678995624,0.0,2.30277076799141,5.69722923200859,0.58,9,6.911200311588957,140.08438757463173,1,2.30277076799141,dp_he3/none,packet_protection
6.911200311588957,3,3,49,717.4141507200001,,9,0.12559892643599113,False,,True,True,True,True,False,True,0,0.0,0,True,3,E_C_upd:dp_he3;L_E_upd:none,2.6414699298711724,0.98115,LIIEIIIC,,fixed_mode_fixed_privacy,68.11870025257952,0.0,2.30277076799141,5.69722923200859,0.58,9,6.911200311588957,144.02445996151275,1,2.30277076799141,dp_he3/none,packet_protection
6.911200311588957,3,3,50,717.4141507200001,,0,0.12559892643599113,False,,True,True,True,True,False,True,0,0.0,0,True,3,E_C_upd:dp_he3;L_E_upd:none,2.357294402957413,0.9796,LIIEIIIC,,fixed_mode_fixed_privacy,62.3456269674277,0.0,2.30277076799141,5.69722923200859,0.58,9,6.911200311588957,133.89582690489326,1,2.30277076799141,dp_he3/none,packet_protection
6.911200311588957,3,3,51,717.4141507200001,,1,0.12559892643599113,False,,True,True,True,True,False,True,0,0.0,0,True,3,E_C_upd:dp_he3;L_E_upd:none,1.5496570969226762,0.9785666666666667,LIIEIIIC,,fixed_mode_fixed_privacy,58.28183113878363,0.0,2.30277076799141,5.69722923200859,0.58,9,6.911200311588957,140.6217164440538,1,2.30277076799141,dp_he3/none,packet_protection
,,,52,0.0,,2,0.0,False,,True,True,True,True,True,True,0,0.0,0,True,3,,inf,0.0,SKIP,,fixed_mode_fixed_privacy,,0.0,0.0,8.0,0.0,9,,0.0,0,0.0,none,packet_protection
6.911200311588957,3,3,53,717.4141507200001,,3,0.12559892643599113,False,,True,True,True,True,False,True,0,0.0,0,True,3,E_C_upd:dp_he3;L_E_upd:none,1.770461903305378,0.9790833333333333,LIIEIIIC,,fixed_mode_fixed_privacy,73.50499005967399,0.0,2.30277076799141,5.69722923200859,0.58,9,6.911200311588957,159.57903281072734,1,2.30277076799141,dp_he3/none,packet_protection
,,,54,0.0,,4,0.0,False,,True,True,True,True,True,True,0,0.0,0,True,3,,inf,0.0,SKIP,,fixed_mode_fixed_privacy,,0.0,0.0,8.0,0.0,9,,0.0,0,0.0,none,packet_protection
6.911200311588957,3,3,55,717.4141507200001,,5,0.12559892643599113,False,,True,True,True,True,False,True,0,0.0,0,True,3,E_C_upd:dp_he3;L_E_upd:none,2.4836273737631887,0.9796,LIIEIIIC,,fixed_mode_fixed_privacy,66.38716620844153,0.0,2.30277076799141,5.69722923200859,0.58,9,6.911200311588957,138.22955843448605,1,2.30277076799141,dp_he3/none,packet_protection
6.911200311588957,3,3,56,717.4141507200001,,6,0.12559892643599113,False,,True,True,True,True,False,True,0,0.0,0,True,3,E_C_upd:dp_he3;L_E_upd:none,1.8118084234022185,0.9796,LIIEIIIC,,fixed_mode_fixed_privacy,70.89145170175908,0.0,2.30277076799141,5.69722923200859,0.58,9,6.911200311588957,144.29964476931386,1,2.30277076799141,dp_he3/none,packet_protection
6.911200311588957,3,3,57,717.4141507200001,,7,0.12559892643599113,False,,True,True,True,True,False,True,0,0.0,0,True,3,E_C_upd:dp_he3;L_E_upd:none,2.3077190009814617,0.9790833333333333,LIIEIIIC,,fixed_mode_fixed_privacy,65.97256889714384,0.0,2.30277076799141,5.69722923200859,0.58,9,6.911200311588957,149.24891605439356,1,2.30277076799141,dp_he3/none,packet_protection
6.911200311588957,3,3,58,717.4141507200001,,8,0.12559892643599113,False,,True,True,True,True,False,True,0,0.0,0,True,3,E_C_upd:dp_he3;L_E_upd:none,1.8813699941523465,0.9801166666666666,LIIEIIIC,,fixed_mode_fixed_privacy,69.24420789018187,0.0,2.30277076799141,5.69722923200859,0.58,9,6.911200311588957,148.68409363438295,1,2.30277076799141,dp_he3/none,packet_protection
6.911200311588957,3,3,59,717.4141507200001,,9,0.12559892643599113,False,,True,True,True,True,False,True,0,0.0,0,True,3,E_C_upd:dp_he3;L_E_upd:none,1.0079643620644898,0.98115,LIIEIIIC,,fixed_mode_fixed_privacy,66.48064781793236,0.0,2.30277076799141,5.69722923200859,0.58,9,6.911200311588957,146.09189785604605,1,2.30277076799141,dp_he3/none,packet_protection
,,,60,0.0,,0,0.0,False,,True,True,True,True,True,True,0,0.0,0,True,3,,inf,0.0,SKIP,,fixed_mode_fixed_privacy,,0.0,0.0,8.0,0.0,9,,0.0,0,0.0,none,packet_protection
6.911200311588957,3,3,61,717.4141507200001,,1,0.12559892643599113,False,,True,True,True,True,False,True,0,0.0,0,True,3,E_C_upd:dp_he3;L_E_upd:none,1.663020517394065,0.9785666666666667,LIIEIIIC,,fixed_mode_fixed_privacy,55.52436837990047,0.0,2.30277076799141,5.69722923200859,0.58,9,6.911200311588957,122.97656300776545,1,2.30277076799141,dp_he3/none,packet_protection
6.911200311588957,3,3,62,717.4141507200001,,2,0.12559892643599113,False,,True,True,True,True,False,True,0,0.0,0,True,3,E_C_upd:dp_he3;L_E_upd:none,1.2711442061474538,0.9796,LIIEIIIC,,fixed_mode_fixed_privacy,68.14378711768964,0.0,2.30277076799141,5.69722923200859,0.58,9,6.911200311588957,151.58031400959504,1,2.30277076799141,dp_he3/none,packet_protection
6.911200311588957,3,3,63,717.4141507200001,,3,0.12559892643599113,False,,True,True,True,True,False,True,0,0.0,0,True,3,E_C_upd:dp_he3;L_E_upd:none,1.4309148880902602,0.9790833333333333,LIIEIIIC,,fixed_mode_fixed_privacy,58.25107796869182,0.0,2.30277076799141,5.69722923200859,0.58,9,6.911200311588957,134.63490718020773,1,2.30277076799141,dp_he3/none,packet_protection
6.911200311588957,3,3,64,717.4141507200001,,4,0.12559892643599113,False,,True,True,True,True,False,True,0,0.0,0,True,3,E_C_upd:dp_he3;L_E_upd:none,1.8405891045455842,0.97805,LIIEIIIC,,fixed_mode_fixed_privacy,50.82885738157003,0.0,2.30277076799141,5.69722923200859,0.58,9,6.911200311588957,134.76544977916726,1,2.30277076799141,dp_he3/none,packet_protection
,,,65,0.0,,5,0.0,False,,True,True,True,True,True,True,0,0.0,0,True,3,,inf,0.0,SKIP,,fixed_mode_fixed_privacy,,0.0,0.0,8.0,0.0,9,,0.0,0,0.0,none,packet_protection
6.911200311588957,3,3,66,717.4141507200001,,6,0.12559892643599113,False,,True,True,True,True,False,True,0,0.0,0,True,3,E_C_upd:dp_he3;L_E_upd:none,1.8093775561702643,0.9796,LIIEIIIC,,fixed_mode_fixed_privacy,66.05152934715206,0.0,2.30277076799141,5.69722923200859,0.58,9,6.911200311588957,134.6982199165394,1,2.30277076799141,dp_he3/none,packet_protection
6.911200311588957,3,3,67,717.4141507200001,,7,0.12559892643599113,False,,True,True,True,True,False,True,0,0.0,0,True,3,E_C_upd:dp_he3;L_E_upd:none,1.7349815617663098,0.9790833333333333,LIIEIIIC,,fixed_mode_fixed_privacy,67.17014572675853,0.0,2.30277076799141,5.69722923200859,0.58,9,6.911200311588957,153.98743115477996,1,2.30277076799141,dp_he3/none,packet_protection
6.911200311588957,3,3,68,717.4141507200001,,8,0.12559892643599113,False,,True,True,True,True,False,True,0,0.0,0,True,3,E_C_upd:dp_he3;L_E_upd:none,1.6746949941761489,0.9801166666666666,LIIEIIIC,,fixed_mode_fixed_privacy,65.03961854532429,0.0,2.30277076799141,5.69722923200859,0.58,9,6.911200311588957,155.7241064281069,1,2.30277076799141,dp_he3/none,packet_protection
,,,69,0.0,,9,0.0,False,,True,True,True,True,True,True,0,0.0,0,True,3,,inf,0.0,SKIP,,fixed_mode_fixed_privacy,,0.0,0.0,8.0,0.0,9,,0.0,0,0.0,none,packet_protection
6.911200311588957,3,3,70,717.4141507200001,,0,0.12559892643599113,False,,True,True,True,True,False,True,0,0.0,0,True,3,E_C_upd:dp_he3;L_E_upd:none,2.208645096509279,0.9796,LIIEIIIC,,fixed_mode_fixed_privacy,65.43987323004409,0.0,2.30277076799141,5.69722923200859,0.58,9,6.911200311588957,132.23784444779966,1,2.30277076799141,dp_he3/none,packet_protection
6.911200311588957,3,3,71,717.4141507200001,,1,0.12559892643599113,False,,True,True,True,True,False,True,0,0.0,0,True,3,E_C_upd:dp_he3;L_E_upd:none,1.826628304645198,0.9785666666666667,LIIEIIIC,,fixed_mode_fixed_privacy,66.76228114166614,0.0,2.30277076799141,5.69722923200859,0.58,9,6.911200311588957,133.50477978456425,1,2.30277076799141,dp_he3/none,packet_protection
,,,72,0.0,,2,0.0,False,,True,True,True,True,True,True,0,0.0,0,True,3,,inf,0.0,SKIP,,fixed_mode_fixed_privacy,,0.0,0.0,8.0,0.0,9,,0.0,0,0.0,none,packet_protection
6.911200311588957,3,3,73,717.4141507200001,,3,0.12559892643599113,False,,True,True,True,True,False,True,0,0.0,0,True,3,E_C_upd:dp_he3;L_E_upd:none,1.949324494891817,0.9785666666666667,LIIEIIIC,,fixed_mode_fixed_privacy,61.68724526535708,0.0,2.30277076799141,5.69722923200859,0.58,9,6.911200311588957,138.19891578282883,1,2.30277076799141,dp_he3/none,packet_protection
6.911200311588957,3,3,74,717.4141507200001,,4,0.12559892643599113,False,,True,True,True,True,False,True,0,0.0,0,True,3,E_C_upd:dp_he3;L_E_upd:none,2.373369464974584,0.9775333333333334,LIIEIIIC,,fixed_mode_fixed_privacy,58.44135423299301,0.0,2.30277076799141,5.69722923200859,0.58,9,6.911200311588957,128.0665723069402,1,2.30277076799141,dp_he3/none,packet_protection
6.911200311588957,3,3,75,717.4141507200001,,5,0.12559892643599113,False,,True,True,True,True,False,True,0,0.0,0,True,3,E_C_upd:dp_he3;L_E_upd:none,1.0329957754014922,0.9790833333333333,LIIEIIIC,,fixed_mode_fixed_privacy,66.60152800133683,0.0,2.30277076799141,5.69722923200859,0.58,9,6.911200311588957,133.75266781645584,1,2.30277076799141,dp_he3/none,packet_protection
6.911200311588957,3,3,76,717.4141507200001,,6,0.12559892643599113,False,,True,True,True,True,False,True,0,0.0,0,True,3,E_C_upd:dp_he3;L_E_upd:none,1.5225967874451976,0.9796,LIIEIIIC,,fixed_mode_fixed_privacy,54.66517861782001,0.0,2.30277076799141,5.69722923200859,0.58,9,6.911200311588957,122.97966972294105,1,2.30277076799141,dp_he3/none,packet_protection
,,,77,0.0,,7,0.0,False,,True,True,True,True,True,True,0,0.0,0,True,3,,inf,0.0,SKIP,,fixed_mode_fixed_privacy,,0.0,0.0,8.0,0.0,9,,0.0,0,0.0,none,packet_protection
6.911200311588957,3,3,78,717.4141507200001,,8,0.12559892643599113,False,,True,True,True,True,False,True,0,0.0,0,True,3,E_C_upd:dp_he3;L_E_upd:none,2.1302373664638856,0.9801166666666666,LIIEIIIC,,fixed_mode_fixed_privacy,56.08600237105239,0.0,2.30277076799141,5.69722923200859,0.58,9,6.911200311588957,126.80539444115837,1,2.30277076799141,dp_he3/none,packet_protection
6.911200311588957,3,3,79,717.4141507200001,,9,0.12559892643599113,False,,True,True,True,True,False,True,0,0.0,0,True,3,E_C_upd:dp_he3;L_E_upd:none,1.5075545469820644,0.98115,LIIEIIIC,,fixed_mode_fixed_privacy,64.6529160091946,0.0,2.30277076799141,5.69722923200859,0.58,9,6.911200311588957,144.12079925675002,1,2.30277076799141,dp_he3/none,packet_protection
6.911200311588957,3,3,80,717.4141507200001,,0,0.12559892643599113,False,,True,True,True,True,False,True,0,0.0,0,True,3,E_C_upd:dp_he3;L_E_upd:none,1.8296725957303435,0.9796,LIIEIIIC,,fixed_mode_fixed_privacy,69.7288282324919,0.0,2.30277076799141,5.69722923200859,0.58,9,6.911200311588957,140.11297985977575,1,2.30277076799141,dp_he3/none,packet_protection
6.911200311588957,3,3,81,717.4141507200001,,1,0.12559892643599113,False,,True,True,True,True,False,True,0,0.0,0,True,3,E_C_upd:dp_he3;L_E_upd:none,2.550842491022395,0.9785666666666667,LIIEIIIC,,fixed_mode_fixed_privacy,50.41797404135219,0.0,2.30277076799141,5.69722923200859,0.58,9,6.911200311588957,130.5131461040636,1,2.30277076799141,dp_he3/none,packet_protection
6.911200311588957,3,3,82,717.4141507200001,,2,0.12559892643599113,False,,True,True,True,True,False,True,0,0.0,0,True,3,E_C_upd:dp_he3;L_E_upd:none,1.2161122283893053,0.9796,LIIEIIIC,,fixed_mode_fixed_privacy,68.20907181174654,0.0,2.30277076799141,5.69722923200859,0.58,9,6.911200311588957,144.95885575825963,1,2.30277076799141,dp_he3/none,packet_protection
6.911200311588957,3,3,83,717.4141507200001,,3,0.12559892643599113,False,,True,True,True,True,False,True,0,0.0,0,True,3,E_C_upd:dp_he3;L_E_upd:none,1.4318254026176642,0.9785666666666667,LIIEIIIC,,fixed_mode_fixed_privacy,72.52613585236358,0.0,2.30277076799141,5.69722923200859,0.58,9,6.911200311588957,152.8812085932256,1,2.30277076799141,dp_he3/none,packet_protection
6.911200311588957,3,3,84,717.4141507200001,,4,0.12559892643599113,False,,True,True,True,True,False,True,0,0.0,0,True,3,E_C_upd:dp_he3;L_E_upd:none,2.1478191071057733,0.9775333333333334,LIIEIIIC,,fixed_mode_fixed_privacy,63.321478340345756,0.0,2.30277076799141,5.69722923200859,0.58,9,6.911200311588957,137.00069015206702,1,2.30277076799141,dp_he3/none,packet_protection
,,,85,0.0,,5,0.0,False,,True,True,True,True,True,True,0,0.0,0,True,3,,inf,0.0,SKIP,,fixed_mode_fixed_privacy,,0.0,0.0,8.0,0.0,9,,0.0,0,0.0,none,packet_protection
6.911200311588957,3,3,86,717.4141507200001,,6,0.12559892643599113,False,,True,True,True,True,False,True,0,0.0,0,True,3,E_C_upd:dp_he3;L_E_upd:none,1.7996014940214557,0.9796,LIIEIIIC,,fixed_mode_fixed_privacy,67.82528032739629,0.0,2.30277076799141,5.69722923200859,0.58,9,6.911200311588957,146.73154647789372,1,2.30277076799141,dp_he3/none,packet_protection
6.911200311588957,3,3,87,717.4141507200001,,7,0.12559892643599113,False,,True,True,True,True,False,True,0,0.0,0,True,3,E_C_upd:dp_he3;L_E_upd:none,2.474420304413817,0.9790833333333333,LIIEIIIC,,fixed_mode_fixed_privacy,74.93994539137535,0.0,2.30277076799141,5.69722923200859,0.58,9,6.911200311588957,165.37721953121482,1,2.30277076799141,dp_he3/none,packet_protection
6.911200311588957,3,3,88,717.4141507200001,,8,0.12559892643599113,False,,True,True,True,True,False,True,0,0.0,0,True,3,E_C_upd:dp_he3;L_E_upd:none,2.3858028244505176,0.9801166666666666,LIIEIIIC,,fixed_mode_fixed_privacy,60.55684870981894,0.0,2.30277076799141,5.69722923200859,0.58,9,6.911200311588957,148.22455336141198,1,2.30277076799141,dp_he3/none,packet_protection
6.911200311588957,3,3,89,717.4141507200001,,9,0.12559892643599113,False,,True,True,True,True,False,True,0,0.0,0,True,3,E_C_upd:dp_he3;L_E_upd:none,1.3705276667987023,0.98115,LIIEIIIC,,fixed_mode_fixed_privacy,65.11384320065882,0.0,2.30277076799141,5.69722923200859,0.58,9,6.911200311588957,137.55201024149886,1,2.30277076799141,dp_he3/none,packet_protection
6.911200311588957,3,3,90,717.4141507200001,,0,0.12559892643599113,False,,True,True,True,True,False,True,0,0.0,0,True,3,E_C_upd:dp_he3;L_E_upd:none,2.4332702580801087,0.9790833333333333,LIIEIIIC,,fixed_mode_fixed_privacy,63.1137206358393,0.0,2.30277076799141,5.69722923200859,0.58,9,6.911200311588957,148.4137304087862,1,2.30277076799141,dp_he3/none,packet_protection
6.911200311588957,3,3,91,717.4141507200001,,1,0.12559892643599113,False,,True,True,True,True,False,True,0,0.0,0,True,3,E_C_upd:dp_he3;L_E_upd:none,1.0364106472173031,0.97805,LIIEIIIC,,fixed_mode_fixed_privacy,53.16571298384312,0.0,2.30277076799141,5.69722923200859,0.58,9,6.911200311588957,125.88647164798175,1,2.30277076799141,dp_he3/none,packet_protection
6.911200311588957,3,3,92,717.4141507200001,,2,0.12559892643599113,False,,True,True,True,True,False,True,0,0.0,0,True,3,E_C_upd:dp_he3;L_E_upd:none,1.7756584058061933,0.9796,LIIEIIIC,,fixed_mode_fixed_privacy,72.37338223832167,0.0,2.30277076799141,5.69722923200859,0.58,9,6.911200311588957,145.3374668718261,1,2.30277076799141,dp_he3/none,packet_protection
6.911200311588957,3,3,93,717.4141507200001,,3,0.12559892643599113,False,,True,True,True,True,False,True,0,0.0,0,True,3,E_C_upd:dp_he3;L_E_upd:none,1.2763035970769345,0.9785666666666667,LIIEIIIC,,fixed_mode_fixed_privacy,61.97067527661318,0.0,2.30277076799141,5.69722923200859,0.58,9,6.911200311588957,150.50204169850232,1,2.30277076799141,dp_he3/none,packet_protection
6.911200311588957,3,3,94,717.4141507200001,,4,0.12559892643599113,False,,True,True,True,True,False,True,0,0.0,0,True,3,E_C_upd:dp_he3;L_E_upd:none,1.022644065962914,0.9775333333333334,LIIEIIIC,,fixed_mode_fixed_privacy,65.45144243748985,0.0,2.30277076799141,5.69722923200859,0.58,9,6.911200311588957,137.07109493424582,1,2.30277076799141,dp_he3/none,packet_protection
6.911200311588957,3,3,95,717.4141507200001,,5,0.12559892643599113,False,,True,True,True,True,False,True,0,0.0,0,True,3,E_C_upd:dp_he3;L_E_upd:none,2.386951937299487,0.9790833333333333,LIIEIIIC,,fixed_mode_fixed_privacy,59.236879118851434,0.0,2.30277076799141,5.69722923200859,0.58,9,6.911200311588957,129.65796701465467,1,2.30277076799141,dp_he3/none,packet_protection
6.911200311588957,3,3,96,717.4141507200001,,6,0.12559892643599113,False,,True,True,True,True,False,True,0,0.0,0,True,3,E_C_upd:dp_he3;L_E_upd:none,1.0407947296407267,0.9790833333333333,LIIEIIIC,,fixed_mode_fixed_privacy,59.929756991409015,0.0,2.30277076799141,5.69722923200859,0.58,9,6.911200311588957,127.28058531471079,1,2.30277076799141,dp_he3/none,packet_protection
6.911200311588957,3,3,97,717.4141507200001,,7,0.12559892643599113,False,,True,True,True,True,False,True,0,0.0,0,True,3,E_C_upd:dp_he3;L_E_upd:none,1.2270978966466777,0.97805,LIIEIIIC,,fixed_mode_fixed_privacy,58.11284025504158,0.0,2.30277076799141,5.69722923200859,0.58,9,6.911200311588957,145.16892222622067,1,2.30277076799141,dp_he3/none,packet_protection
,,,98,0.0,,8,0.0,False,,True,True,True,True,True,True,0,0.0,0,True,3,,inf,0.0,SKIP,,fixed_mode_fixed_privacy,,0.0,0.0,8.0,0.0,9,,0.0,0,0.0,none,packet_protection
6.911200311588957,3,3,99,717.4141507200001,,9,0.12559892643599113,False,,True,True,True,True,False,True,0,0.0,0,True,3,E_C_upd:dp_he3;L_E_upd:none,1.5665195180963505,0.98115,LIIEIIIC,,fixed_mode_fixed_privacy,59.52767791984324,0.0,2.30277076799141,5.69722923200859,0.58,9,6.911200311588957,130.91791063219074,1,2.30277076799141,dp_he3/none,packet_protection
