accounted_update_noise_multiplier,actual_local_batches,actual_optimizer_steps,client_id,communication_volume,deadline_satisfied,edge_id,epsilon_used,fast_response_client,fast_response_deadline,feasible,feasible_memory,feasible_privacy,feasible_resource,feasible_risk,feasible_time,feature_dp_events,feature_epsilon,global_release_required,has_feasible_candidate,local_training_epochs,mechanisms,memory_capacity,memory_requirement,mode,omega_feature_clip_excess_sq,policy,pre_aggregation_time,projected_feature_epsilon,projected_update_epsilon,remaining_epsilon,risk,round,selected_update_noise_multiplier,time,update_dp_events,update_epsilon,update_mechanism,update_protection_goal
,3,3,0,60.926568,,0,0.0,False,,True,True,True,True,True,True,0,0.0,0,True,3,L_C_emb:none;L_C_grad:none,2.4526825050714955,0.5372,LIC,,full_dynfl,9.018883778602145,0.0,0.0,8.0,0.0,0,,29.25436402306879,0,0.0,none,packet_protection
,3,3,1,60.926568,,1,0.0,False,,True,True,True,True,True,True,0,0.0,0,True,3,L_C_emb:none;L_C_grad:none,2.020729936082863,0.5369166666666667,LIC,,full_dynfl,9.199125961790255,0.0,0.0,8.0,0.0,0,,31.63759489910996,0,0.0,none,packet_protection
,3,3,2,60.926568,,2,0.0,False,,True,True,True,True,True,True,0,0.0,0,True,3,L_C_emb:none;L_C_grad:none,1.380488196284812,0.5374833333333333,LIC,,full_dynfl,10.216497538984589,0.0,0.0,8.0,0.0,0,,34.88869950339516,0,0.0,none,packet_protection
,3,3,3,60.926568,,3,0.0,False,,True,True,True,True,True,True,0,0.0,0,True,3,L_C_emb:none;L_C_grad:none,1.7431799468753328,0.5372,LIC,,full_dynfl,9.644307398838102,0.0,0.0,8.0,0.0,0,,34.0389845890747,0,0.0,none,packet_protection
,3,3,4,60.926568,,4,0.0,False,,True,True,True,True,True,True,0,0.0,0,True,3,L_C_emb:none;L_C_grad:none,1.0840160768825502,0.53635,LIC,,full_dynfl,9.341936129532897,0.0,0.0,8.0,0.0,0,,28.72332765584691,0,0.0,none,packet_protection
,3,3,5,60.926568,,5,0.0,False,,True,True,True,True,True,True,0,0.0,0,True,3,L_E_emb:none;L_E_grad:none,0.782682067956915,0.5688,LIE,,full_dynfl,4.998094836159338,0.0,0.0,8.0,0.0,0,,15.062486720374748,0,0.0,none,packet_protection
,3,3,6,60.926568,,6,0.0,False,,True,True,True,True,True,True,0,0.0,0,True,3,L_C_emb:none;L_C_grad:none,2.6303355215731377,0.5372,LIC,,full_dynfl,8.213075152155714,0.0,0.0,8.0,0.0,0,,25.336202862265054,0,0.0,none,packet_protection
,3,3,7,60.926568,,7,0.0,False,,True,True,True,True,True,True,0,0.0,0,True,3,L_C_emb:none;L_C_grad:none,2.053595733538623,0.5369166666666667,LIC,,full_dynfl,8.072899976248197,0.0,0.0,8.0,0.0,0,,25.282980106808267,0,0.0,none,packet_protection
,3,3,8,60.926568,,8,0.0,False,,True,True,True,True,True,True,0,0.0,0,True,3,L_C_emb:none;L_C_grad:none,0.8725715355944437,0.5377666666666666,LIC,,full_dynfl,9.589358091612262,0.0,0.0,8.0,0.0,0,,29.855064939343094,0,0.0,none,packet_protection
,3,3,9,60.926568,,9,0.0,False,,True,True,True,True,True,True,0,0.0,0,True,3,L_C_emb:none;L_C_grad:none,1.3144213466357852,0.5383333333333333,LIC,,full_dynfl,9.393596990282136,0.0,0.0,8.0,0.0,0,,29.559305497581263,0,0.0,none,packet_protection
,3,3,10,60.926568,,0,0.0,False,,True,True,True,True,True,True,0,0.0,0,True,3,L_C_emb:none;L_C_grad:none,0.9864894286034035,0.5372,LIC,,full_dynfl,9.21439555509871,0.0,0.0,8.0,0.0,0,,29.644216548927588,0,0.0,none,packet_protection
,3,3,11,60.926568,,1,0.0,False,,True,True,True,True,True,True,0,0.0,0,True,3,L_C_emb:none;L_C_grad:none,2.0833708586033586,0.5366333333333334,LIC,,full_dynfl,9.544116902206671,0.0,0.0,8.0,0.0,0,,35.17631049291745,0,0.0,none,packet_protection
,3,3,12,60.926568,,2,0.0,False,,True,True,True,True,True,True,0,0.0,0,True,3,L_C_emb:none;L_C_grad:none,2.67780451323768,0.5372,LIC,,full_dynfl,8.757407093900627,0.0,0.0,8.0,0.0,0,,26.699640323295952,0,0.0,none,packet_protection
,3,3,13,60.926568,,3,0.0,False,,True,True,True,True,True,True,0,0.0,0,True,3,L_C_emb:none;L_C_grad:none,1.7205665385753408,0.5369166666666667,LIC,,full_dynfl,7.88758107394417,0.0,0.0,8.0,0.0,0,,25.33013297894838,0,0.0,none,packet_protection
,3,3,14,60.926568,,4,0.0,False,,True,True,True,True,True,True,0,0.0,0,True,3,L_C_emb:none;L_C_grad:none,1.9087855950561639,0.53635,LIC,,full_dynfl,10.037344133059484,0.0,0.0,8.0,0.0,0,,34.54020166809764,0,0.0,none,packet_protection
,3,3,15,60.926568,,5,0.0,False,,True,True,True,True,True,True,0,0.0,0,True,3,L_C_emb:none;L_C_grad:none,1.9130126015396856,0.5372,LIC,,full_dynfl,9.185807185070082,0.0,0.0,8.0,0.0,0,,33.314888823926054,0,0.0,none,packet_protection
,3,3,16,60.926568,,6,0.0,False,,True,True,True,True,True,True,0,0.0,0,True,3,L_C_emb:none;L_C_grad:none,1.1628149379732393,0.5372,LIC,,full_dynfl,8.521261529133833,0.0,0.0,8.0,0.0,0,,27.08506415800438,0,0.0,none,packet_protection
6.911200311588957,3,3,17,89.453136,,7,0.7047879795216052,False,,True,True,True,True,True,True,0,0.0,0,True,3,L_E_upd:dp,2.6565711564792376,0.9474999999999999,LIIE,,full_dynfl,12.807298553561406,0.0,0.7047879795216052,7.295212020478395,0.24359999999999998,0,6.911200311588957,24.31839941387119,1,0.7047879795216052,dp,packet_protection
,3,3,18,60.926568,,8,0.0,False,,True,True,True,True,True,True,0,0.0,0,True,3,L_C_emb:none;L_C_grad:none,1.5926943326530782,0.5377666666666666,LIC,,full_dynfl,7.81265148659774,0.0,0.0,8.0,0.0,0,,25.183306039174987,0,0.0,none,packet_protection
,3,3,19,60.926568,,9,0.0,False,,True,True,True,True,True,True,0,0.0,0,True,3,L_C_emb:none;L_C_grad:none,2.676393350591775,0.5383333333333333,LIC,,full_dynfl,8.018162105647,0.0,0.0,8.0,0.0,0,,26.26636899802825,0,0.0,none,packet_protection
,3,3,20,60.926568,,0,0.0,False,,True,True,True,True,True,True,0,0.0,0,True,3,L_C_emb:none;L_C_grad:none,0.750197009233797,0.5372,LIC,,full_dynfl,8.68348769869614,0.0,0.0,8.0,0.0,0,,28.417508825613744,0,0.0,none,packet_protection
,3,3,21,60.926568,,1,0.0,False,,True,True,True,True,True,True,0,0.0,0,True,3,L_C_emb:none;L_C_grad:none,1.0533693839806015,0.5366333333333334,LIC,,full_dynfl,8.284430283314821,0.0,0.0,8.0,0.0,0,,30.170473208036142,0,0.0,none,packet_protection
,3,3,22,60.926568,,2,0.0,False,,True,True,True,True,True,True,0,0.0,0,True,3,L_C_emb:none;L_C_grad:none,2.162089858147671,0.5372,LIC,,full_dynfl,7.796194801209186,0.0,0.0,8.0,0.0,0,,25.294996067647045,0,0.0,none,packet_protection
,3,3,23,60.926568,,3,0.0,False,,True,True,True,True,True,True,0,0.0,0,True,3,L_C_emb:none;L_C_grad:none,1.5216668391258723,0.5369166666666667,LIC,,full_dynfl,8.249631679633106,0.0,0.0,8.0,0.0,0,,26.15996053648106,0,0.0,none,packet_protection
,3,3,24,60.926568,,4,0.0,False,,True,True,True,True,True,True,0,0.0,0,True,3,L_C_emb:none;L_C_grad:none,2.509690730837996,0.53635,LIC,,full_dynfl,8.737905764533494,0.0,0.0,8.0,0.0,0,,29.61082808242498,0,0.0,none,packet_protection
,3,3,25,60.926568,,5,0.0,False,,True,True,True,True,True,True,0,0.0,0,True,3,L_C_emb:none;L_C_grad:none,2.141894505673916,0.5372,LIC,,full_dynfl,9.65563807239866,0.0,0.0,8.0,0.0,0,,33.547888911255484,0,0.0,none,packet_protection
,3,3,26,60.926568,,6,0.0,False,,True,True,True,True,True,True,0,0.0,0,True,3,L_C_emb:none;L_C_grad:none,2.6156949390605306,0.5372,LIC,,full_dynfl,9.038970814729812,0.0,0.0,8.0,0.0,0,,28.65135377536958,0,0.0,none,packet_protection
,3,3,27,60.926568,,7,0.0,False,,True,True,True,True,True,True,0,0.0,0,True,3,L_C_emb:none;L_C_grad:none,1.3581486205054942,0.5369166666666667,LIC,,full_dynfl,8.715520706248286,0.0,0.0,8.0,0.0,0,,28.28227170912067,0,0.0,none,packet_protection
,3,3,28,60.926568,,8,0.0,False,,True,True,True,True,True,True,0,0.0,0,True,3,L_C_emb:none;L_C_grad:none,1.0529798758229736,0.5374833333333333,LIC,,full_dynfl,7.768748311628317,0.0,0.0,8.0,0.0,0,,25.75888687663604,0,0.0,none,packet_protection
,3,3,29,60.926568,,9,0.0,False,,True,True,True,True,True,True,0,0.0,0,True,3,L_C_emb:none;L_C_grad:none,1.5238328230436504,0.5383333333333333,LIC,,full_dynfl,9.038753185510512,0.0,0.0,8.0,0.0,0,,28.756185825246575,0,0.0,none,packet_protection
,3,3,30,60.926568,,0,0.0,False,,True,True,True,True,True,True,0,0.0,0,True,3,L_C_emb:none;L_C_grad:none,1.304595337452328,0.5372,LIC,,full_dynfl,7.703502638423737,0.0,0.0,8.0,0.0,0,,25.56894945081516,0,0.0,none,packet_protection
,3,3,31,60.926568,,1,0.0,False,,True,True,True,True,True,True,0,0.0,0,True,3,L_C_emb:none;L_C_grad:none,2.2969552434688674,0.5366333333333334,LIC,,full_dynfl,9.794841044882299,0.0,0.0,8.0,0.0,0,,31.2169293076378,0,0.0,none,packet_protection
,3,3,32,60.926568,,2,0.0,False,,True,True,True,True,True,True,0,0.0,0,True,3,L_C_emb:none;L_C_grad:none,0.759725880596146,0.5372,LIC,,full_dynfl,9.484635572101112,0.0,0.0,8.0,0.0,0,,27.219119421109802,0,0.0,none,packet_protection
,3,3,33,60.926568,,3,0.0,False,,True,True,True,True,True,True,0,0.0,0,True,3,L_C_emb:none;L_C_grad:none,1.0040228730641931,0.5369166666666667,LIC,,full_dynfl,9.393696376119737,0.0,0.0,8.0,0.0,0,,31.228108134472343,0,0.0,none,packet_protection
,3,3,34,60.926568,,4,0.0,False,,True,True,True,True,True,True,0,0.0,0,True,3,L_C_emb:none;L_C_grad:none,1.4720682121450308,0.53635,LIC,,full_dynfl,7.63580759571896,0.0,0.0,8.0,0.0,0,,25.97020738561688,0,0.0,none,packet_protection
,3,3,35,60.926568,,5,0.0,False,,True,True,True,True,True,True,0,0.0,0,True,3,L_C_emb:none;L_C_grad:none,2.1366723680721345,0.5372,LIC,,full_dynfl,8.10695861777388,0.0,0.0,8.0,0.0,0,,29.17688900134049,0,0.0,none,packet_protection
,3,3,36,89.453136,,6,0.0,False,,True,True,True,True,False,True,0,0.0,0,True,3,L_E_upd:none,1.9282823167918586,0.948,LIIE,,full_dynfl,9.047063434365556,0.0,0.0,8.0,0.58,0,,17.011019853300375,0,0.0,none,packet_protection
,3,3,37,60.926568,,7,0.0,False,,True,True,True,True,True,True,0,0.0,0,True,3,L_C_emb:none;L_C_grad:none,1.192260315036407,0.5369166666666667,LIC,,full_dynfl,7.8425261178135806,0.0,0.0,8.0,0.0,0,,26.718448270361897,0,0.0,none,packet_protection
,3,3,38,60.926568,,8,0.0,False,,True,True,True,True,True,True,0,0.0,0,True,3,L_E_emb:none;L_E_grad:none,2.5502852751622296,0.5690999999999999,LIE,,full_dynfl,5.281779400077272,0.0,0.0,8.0,0.0,0,,15.657261366903358,0,0.0,none,packet_protection
,3,3,39,60.926568,,9,0.0,False,,True,True,True,True,True,True,0,0.0,0,True,3,L_C_emb:none;L_C_grad:none,1.2461187749535723,0.5383333333333333,LIC,,full_dynfl,8.216161934070245,0.0,0.0,8.0,0.0,0,,29.21102594303388,0,0.0,none,packet_protection
,3,3,40,60.926568,,0,0.0,False,,True,True,True,True,True,True,0,0.0,0,True,3,L_C_emb:none;L_C_grad:none,1.718281661052106,0.5372,LIC,,full_dynfl,9.28784748491755,0.0,0.0,8.0,0.0,0,,29.087864300879218,0,0.0,none,packet_protection
,3,3,41,60.926568,,1,0.0,False,,True,True,True,True,True,True,0,0.0,0,True,3,L_C_emb:none;L_C_grad:none,1.2035142721899799,0.5366333333333334,LIC,,full_dynfl,8.987315691898715,0.0,0.0,8.0,0.0,0,,27.86732155873521,0,0.0,none,packet_protection
,3,3,42,60.926568,,2,0.0,False,,True,True,True,True,True,True,0,0.0,0,True,3,L_C_emb:none;L_C_grad:none,1.0518635048612208,0.5372,LIC,,full_dynfl,8.417092022518931,0.0,0.0,8.0,0.0,0,,28.069582036083226,0,0.0,none,packet_protection
,3,3,43,60.926568,,3,0.0,False,,True,True,True,True,True,True,0,0.0,0,True,3,L_C_emb:none;L_C_grad:none,2.157731341345857,0.5369166666666667,LIC,,full_dynfl,7.851424550574117,0.0,0.0,8.0,0.0,0,,27.615945989216826,0,0.0,none,packet_protection
,3,3,44,89.453136,,4,0.0,False,,True,True,True,True,False,True,0,0.0,0,True,3,L_E_upd:none,1.8939537747589035,0.9464999999999999,LIIE,,full_dynfl,8.230129999494226,0.0,0.0,8.0,0.58,0,,16.163081539416837,0,0.0,none,packet_protection
,3,3,45,60.926568,,5,0.0,False,,True,True,True,True,True,True,0,0.0,0,True,3,L_C_emb:none;L_C_grad:none,2.1894368395630277,0.5372,LIC,,full_dynfl,8.044846290011119,0.0,0.0,8.0,0.0,0,,27.8630506258711,0,0.0,none,packet_protection
,3,3,46,60.926568,,6,0.0,False,,True,True,True,True,True,True,0,0.0,0,True,3,L_C_emb:none;L_C_grad:none,0.8664658783201349,0.5372,LIC,,full_dynfl,8.049946796000668,0.0,0.0,8.0,0.0,0,,29.730146415914792,0,0.0,none,packet_protection
,3,3,47,60.926568,,7,0.0,False,,True,True,True,True,True,True,0,0.0,0,True,3,L_C_emb:none;L_C_grad:none,1.2106043506675663,0.5369166666666667,LIC,,full_dynfl,9.014922445451315,0.0,0.0,8.0,0.0,0,,33.84235806253872,0,0.0,none,packet_protection
,3,3,48,60.926568,,8,0.0,False,,True,True,True,True,True,True,0,0.0,0,True,3,L_C_emb:none;L_C_grad:none,1.8872330715439818,0.5374833333333333,LIC,,full_dynfl,9.37174544677156,0.0,0.0,8.0,0.0,0,,32.58124708150271,0,0.0,none,packet_protection
,3,3,49,60.926568,,9,0.0,False,,True,True,True,True,True,True,0,0.0,0,True,3,L_C_emb:none;L_C_grad:none,2.6414699298711724,0.53805,LIC,,full_dynfl,7.664850386166266,0.0,0.0,8.0,0.0,0,,26.28655041028318,0,0.0,none,packet_protection
,3,3,50,60.926568,,0,0.0,False,,True,True,True,True,True,True,0,0.0,0,True,3,L_C_emb:none;L_C_grad:none,2.357294402957413,0.5372,LIC,,full_dynfl,7.91926576398014,0.0,0.0,8.0,0.0,0,,27.269033700911127,0,0.0,none,packet_protection
,3,3,51,60.926568,,1,0.0,False,,True,True,True,True,True,True,0,0.0,0,True,3,L_C_emb:none;L_C_grad:none,1.5496570969226762,0.5366333333333334,LIC,,full_dynfl,8.834234971354162,0.0,0.0,8.0,0.0,0,,26.809863065744644,0,0.0,none,packet_protection
,3,3,52,60.926568,,2,0.0,False,,True,True,True,True,True,True,0,0.0,0,True,3,L_C_emb:none;L_C_grad:none,0.9663577124967927,0.5372,LIC,,full_dynfl,8.290219315891775,0.0,0.0,8.0,0.0,0,,25.38608419682471,0,0.0,none,packet_protection
,3,3,53,60.926568,,3,0.0,False,,True,True,True,True,True,True,0,0.0,0,True,3,L_C_emb:none;L_C_grad:none,1.770461903305378,0.5369166666666667,LIC,,full_dynfl,8.671794533161124,0.0,0.0,8.0,0.0,0,,27.71913617055359,0,0.0,none,packet_protection
,3,3,54,60.926568,,4,0.0,False,,True,True,True,True,True,True,0,0.0,0,True,3,L_E_emb:none;L_E_grad:none,0.6943280485130395,0.5679,LIE,,full_dynfl,5.214741860401819,0.0,0.0,8.0,0.0,0,,15.386669432514378,0,0.0,none,packet_protection
,3,3,55,60.926568,,5,0.0,False,,True,True,True,True,True,True,0,0.0,0,True,3,L_C_emb:none;L_C_grad:none,2.4836273737631887,0.5372,LIC,,full_dynfl,9.305789441641677,0.0,0.0,8.0,0.0,0,,26.828761665776014,0,0.0,none,packet_protection
,3,3,56,60.926568,,6,0.0,False,,True,True,True,True,True,True,0,0.0,0,True,3,L_C_emb:none;L_C_grad:none,1.8118084234022185,0.5372,LIC,,full_dynfl,8.90890479317608,0.0,0.0,8.0,0.0,0,,27.76732411284293,0,0.0,none,packet_protection
,3,3,57,60.926568,,7,0.0,False,,True,True,True,True,True,True,0,0.0,0,True,3,L_E_emb:none;L_E_grad:none,2.3077190009814617,0.5685,LIE,,full_dynfl,3.9915563076756766,0.0,0.0,8.0,0.0,0,,12.483280262335843,0,0.0,none,packet_protection
,3,3,58,60.926568,,8,0.0,False,,True,True,True,True,True,True,0,0.0,0,True,3,L_C_emb:none;L_C_grad:none,1.8813699941523465,0.5374833333333333,LIC,,full_dynfl,7.590083545497736,0.0,0.0,8.0,0.0,0,,26.245505678921283,0,0.0,none,packet_protection
,3,3,59,60.926568,,9,0.0,False,,True,True,True,True,True,True,0,0.0,0,True,3,L_C_emb:none;L_C_grad:none,1.0079643620644898,0.53805,LIC,,full_dynfl,10.356443518742859,0.0,0.0,8.0,0.0,0,,34.07245910846114,0,0.0,none,packet_protection
,3,3,60,60.926568,,0,0.0,False,,True,True,True,True,True,True,0,0.0,0,True,3,L_C_emb:none;L_C_grad:none,0.915367883433331,0.5372,LIC,,full_dynfl,9.912593608826759,0.0,0.0,8.0,0.0,0,,33.55868702127127,0,0.0,none,packet_protection
6.911200311588957,3,3,61,404.32817471999994,,1,0.7047879795216052,False,,True,True,True,True,True,True,0,0.0,0,True,3,L_E_upd:dp_he3,1.663020517394065,0.947,LIIE,,full_dynfl,72.33692725677227,0.0,0.7047879795216052,7.295212020478395,0.0464,0,6.911200311588957,83.59949730445159,1,0.7047879795216052,dp_he3,packet_protection
,3,3,62,60.926568,,2,0.0,False,,True,True,True,True,True,True,0,0.0,0,True,3,L_C_emb:none;L_C_grad:none,1.2711442061474538,0.5372,LIC,,full_dynfl,9.565954704550583,0.0,0.0,8.0,0.0,0,,31.499897022668804,0,0.0,none,packet_protection
,3,3,63,89.453136,,3,0.0,False,,True,True,True,True,False,True,0,0.0,0,True,3,L_E_upd:none,1.4309148880902602,0.9474999999999999,LIIE,,full_dynfl,10.960841899092854,0.0,0.0,8.0,0.58,0,,21.631652320614837,0,0.0,none,packet_protection
,3,3,64,60.926568,,4,0.0,False,,True,True,True,True,True,True,0,0.0,0,True,3,L_C_emb:none;L_C_grad:none,1.8405891045455842,0.53635,LIC,,full_dynfl,9.055070168204525,0.0,0.0,8.0,0.0,0,,27.260546411941483,0,0.0,none,packet_protection
,3,3,65,60.926568,,5,0.0,False,,True,True,True,True,True,True,0,0.0,0,True,3,L_C_emb:none;L_C_grad:none,0.8367898073613169,0.5372,LIC,,full_dynfl,9.858656269971796,0.0,0.0,8.0,0.0,0,,33.998764563111266,0,0.0,none,packet_protection
,3,3,66,60.926568,,6,0.0,False,,True,True,True,True,True,True,0,0.0,0,True,3,L_C_emb:none;L_C_grad:none,1.8093775561702643,0.5372,LIC,,full_dynfl,8.380127211505197,0.0,0.0,8.0,0.0,0,,27.42853027252026,0,0.0,none,packet_protection
,3,3,67,60.926568,,7,0.0,False,,True,True,True,True,True,True,0,0.0,0,True,3,L_C_emb:none;L_C_grad:none,1.7349815617663098,0.5369166666666667,LIC,,full_dynfl,9.325313611536941,0.0,0.0,8.0,0.0,0,,34.898190596821685,0,0.0,none,packet_protection
,3,3,68,60.926568,,8,0.0,False,,True,True,True,True,True,True,0,0.0,0,True,3,L_C_emb:none;L_C_grad:none,1.6746949941761489,0.5374833333333333,LIC,,full_dynfl,7.959613699263036,0.0,0.0,8.0,0.0,0,,26.00535179541764,0,0.0,none,packet_protection
,3,3,69,60.926568,,9,0.0,False,,True,True,True,True,True,True,0,0.0,0,True,3,L_C_emb:none;L_C_grad:none,0.9742087513577001,0.53805,LIC,,full_dynfl,9.916253405666,0.0,0.0,8.0,0.0,0,,30.987348677479005,0,0.0,none,packet_protection
,3,3,70,60.926568,,0,0.0,False,,True,True,True,True,True,True,0,0.0,0,True,3,L_E_emb:none;L_E_grad:none,2.208645096509279,0.5688,LIE,,full_dynfl,5.130047124435974,0.0,0.0,8.0,0.0,0,,13.222884155313729,0,0.0,none,packet_protection
,3,3,71,60.926568,,1,0.0,False,,True,True,True,True,True,True,0,0.0,0,True,3,L_C_emb:none;L_C_grad:none,1.826628304645198,0.5366333333333334,LIC,,full_dynfl,9.715383907636872,0.0,0.0,8.0,0.0,0,,34.42040042753877,0,0.0,none,packet_protection
,3,3,72,60.926568,,2,0.0,False,,True,True,True,True,True,True,0,0.0,0,True,3,L_C_emb:none;L_C_grad:none,0.699842775864906,0.5372,LIC,,full_dynfl,8.668478407233726,0.0,0.0,8.0,0.0,0,,33.11481599192112,0,0.0,none,packet_protection
,3,3,73,60.926568,,3,0.0,False,,True,True,True,True,True,True,0,0.0,0,True,3,L_C_emb:none;L_C_grad:none,1.949324494891817,0.5366333333333334,LIC,,full_dynfl,9.179523952096792,0.0,0.0,8.0,0.0,0,,26.500585020803058,0,0.0,none,packet_protection
6.911200311588957,3,3,74,89.453136,,4,0.7047879795216052,False,,True,True,True,True,True,True,0,0.0,0,True,3,L_E_upd:dp,2.373369464974584,0.946,LIIE,,full_dynfl,9.041642592922749,0.0,0.7047879795216052,7.295212020478395,0.24359999999999998,0,6.911200311588957,16.98915995269639,1,0.7047879795216052,dp,packet_protection
,3,3,75,404.32817471999994,,5,0.0,False,,True,True,True,True,True,True,0,0.0,0,True,3,L_E_upd:he3,1.0329957754014922,0.9474999999999999,LIIE,,full_dynfl,74.15267395994007,0.0,0.0,8.0,0.0696,0,,87.1294235893414,0,0.0,he3,packet_protection
,3,3,76,60.926568,,6,0.0,False,,True,True,True,True,True,True,0,0.0,0,True,3,L_C_emb:none;L_C_grad:none,1.5225967874451976,0.5372,LIC,,full_dynfl,9.084024488497928,0.0,0.0,8.0,0.0,0,,27.614333094747046,0,0.0,none,packet_protection
,3,3,77,60.926568,,7,0.0,False,,True,True,True,True,True,True,0,0.0,0,True,3,L_C_emb:none;L_C_grad:none,0.7023509254444353,0.5369166666666667,LIC,,full_dynfl,8.371949301948847,0.0,0.0,8.0,0.0,0,,29.079840071767933,0,0.0,none,packet_protection
,3,3,78,60.926568,,8,0.0,False,,True,True,True,True,True,True,0,0.0,0,True,3,L_C_emb:none;L_C_grad:none,2.1302373664638856,0.5374833333333333,LIC,,full_dynfl,8.284433163196379,0.0,0.0,8.0,0.0,0,,29.752206885099458,0,0.0,none,packet_protection
,3,3,79,60.926568,,9,0.0,False,,True,True,True,True,True,True,0,0.0,0,True,3,L_C_emb:none;L_C_grad:none,1.5075545469820644,0.53805,LIC,,full_dynfl,10.140125497922838,0.0,0.0,8.0,0.0,0,,35.16301377140427,0,0.0,none,packet_protection
,3,3,80,89.453136,,0,0.0,False,,True,True,True,True,False,True,0,0.0,0,True,3,L_E_upd:none,1.8296725957303435,0.948,LIIE,,full_dynfl,9.496262707206839,0.0,0.0,8.0,0.58,0,,18.024000498514884,0,0.0,none,packet_protection
,3,3,81,60.926568,,1,0.0,False,,True,True,True,True,True,True,0,0.0,0,True,3,L_C_emb:none;L_C_grad:none,2.550842491022395,0.5366333333333334,LIC,,full_dynfl,8.065086197282513,0.0,0.0,8.0,0.0,0,,26.87780739542177,0,0.0,none,packet_protection
,3,3,82,60.926568,,2,0.0,False,,True,True,True,True,True,True,0,0.0,0,True,3,L_C_emb:none;L_C_grad:none,1.2161122283893053,0.5372,LIC,,full_dynfl,7.622280943473289,0.0,0.0,8.0,0.0,0,,24.977824895288176,0,0.0,none,packet_protection
,3,3,83,60.926568,,3,0.0,False,,True,True,True,True,True,True,0,0.0,0,True,3,L_C_emb:none;L_C_grad:none,1.4318254026176642,0.5366333333333334,LIC,,full_dynfl,9.248413012116918,0.0,0.0,8.0,0.0,0,,31.71561043012234,0,0.0,none,packet_protection
,3,3,84,89.453136,,4,0.0,False,,True,True,True,True,False,True,0,0.0,0,True,3,L_E_upd:none,2.1478191071057733,0.946,LIIE,,full_dynfl,11.937089562134062,0.0,0.0,8.0,0.58,0,,24.091336888560825,0,0.0,none,packet_protection
,3,3,85,60.926568,,5,0.0,False,,True,True,True,True,True,True,0,0.0,0,True,3,L_C_emb:none;L_C_grad:none,0.9260925662709386,0.5369166666666667,LIC,,full_dynfl,9.359340497707393,0.0,0.0,8.0,0.0,0,,26.720659714187455,0,0.0,none,packet_protection
,3,3,86,60.926568,,6,0.0,False,,True,True,True,True,True,True,0,0.0,0,True,3,L_C_emb:none;L_C_grad:none,1.7996014940214557,0.5372,LIC,,full_dynfl,9.30500686458914,0.0,0.0,8.0,0.0,0,,34.562960982706464,0,0.0,none,packet_protection
,3,3,87,60.926568,,7,0.0,False,,True,True,True,True,True,True,0,0.0,0,True,3,L_C_emb:none;L_C_grad:none,2.474420304413817,0.5369166666666667,LIC,,full_dynfl,8.5152759014972,0.0,0.0,8.0,0.0,0,,29.926809803136045,0,0.0,none,packet_protection
,3,3,88,60.926568,,8,0.0,False,,True,True,True,True,True,True,0,0.0,0,True,3,L_C_emb:none;L_C_grad:none,2.3858028244505176,0.5374833333333333,LIC,,full_dynfl,7.866671362172356,0.0,0.0,8.0,0.0,0,,25.672380174883514,0,0.0,none,packet_protection
,3,3,89,60.926568,,9,0.0,False,,True,True,True,True,True,True,0,0.0,0,True,3,L_C_emb:none;L_C_grad:none,1.3705276667987023,0.53805,LIC,,full_dynfl,7.9102346329095825,0.0,0.0,8.0,0.0,0,,25.814337334348096,0,0.0,none,packet_protection
,3,3,90,404.32817471999994,,0,0.0,False,,True,True,True,True,True,True,0,0.0,0,True,3,L_E_upd:he3,2.4332702580801087,0.9474999999999999,LIIE,,full_dynfl,70.00661716505643,0.0,0.0,8.0,0.0696,0,,80.9447596067155,0,0.0,he3,packet_protection
,3,3,91,89.453136,,1,0.0,False,,True,True,True,True,False,True,0,0.0,0,True,3,L_E_upd:none,1.0364106472173031,0.9464999999999999,LIIE,,full_dynfl,11.7517558211848,0.0,0.0,8.0,0.58,0,,21.095059438670432,0,0.0,none,packet_protection
,3,3,92,60.926568,,2,0.0,False,,True,True,True,True,True,True,0,0.0,0,True,3,L_C_emb:none;L_C_grad:none,1.7756584058061933,0.5372,LIC,,full_dynfl,7.991942076606288,0.0,0.0,8.0,0.0,0,,25.998428171573373,0,0.0,none,packet_protection
,3,3,93,60.926568,,3,0.0,False,,True,True,True,True,True,True,0,0.0,0,True,3,L_E_emb:none;L_E_grad:none,1.2763035970769345,0.5682,LIE,,full_dynfl,4.999955689599865,0.0,0.0,8.0,0.0,0,,16.81195646862515,0,0.0,none,packet_protection
6.911200311588957,3,3,94,89.453136,,4,0.7047879795216052,False,,True,True,True,True,True,True,0,0.0,0,True,3,L_E_upd:dp,1.022644065962914,0.946,LIIE,,full_dynfl,9.633955325200303,0.0,0.7047879795216052,7.295212020478395,0.24359999999999998,0,6.911200311588957,21.83675991934569,1,0.7047879795216052,dp,packet_protection
,3,3,95,60.926568,,5,0.0,False,,True,True,True,True,True,True,0,0.0,0,True,3,L_E_emb:none;L_E_grad:none,2.386951937299487,0.5685,LIE,,full_dynfl,4.853993685747594,0.0,0.0,8.0,0.0,0,,13.921632757692345,0,0.0,none,packet_protection
,3,3,96,60.926568,,6,0.0,False,,True,True,True,True,True,True,0,0.0,0,True,3,L_C_emb:none;L_C_grad:none,1.0407947296407267,0.5369166666666667,LIC,,full_dynfl,9.093585099119018,0.0,0.0,8.0,0.0,0,,31.207787326950925,0,0.0,none,packet_protection
6.911200311588957,3,3,97,89.453136,,7,0.7047879795216052,False,,True,True,True,True,True,True,0,0.0,0,True,3,L_E_upd:dp,1.2270978966466777,0.9464999999999999,LIIE,,full_dynfl,9.199649678362535,0.0,0.7047879795216052,7.295212020478395,0.24359999999999998,0,6.911200311588957,17.074849190828,1,0.7047879795216052,dp,packet_protection
,3,3,98,60.926568,,8,0.0,False,,True,True,True,True,True,True,0,0.0,0,True,3,L_C_emb:none;L_C_grad:none,0.8571687012908544,0.5372,LIC,,full_dynfl,8.393329042294365,0.0,0.0,8.0,0.0,0,,29.402135049999284,0,0.0,none,packet_protection
,3,3,99,60.926568,,9,0.0,False,,True,True,True,True,True,True,0,0.0,0,True,3,L_C_emb:none;L_C_grad:none,1.5665195180963505,0.53805,LIC,,full_dynfl,9.153614253600301,0.0,0.0,8.0,0.0,0,,33.10315963961755,0,0.0,none,packet_protection
,3,3,0,60.926568,,0,0.0,False,,True,True,True,True,True,True,0,0.0,0,True,3,L_C_emb:none;L_C_grad:none,2.4526825050714955,0.5372,LIC,,full_dynfl,9.28124837712916,0.0,0.0,8.0,0.0,1,,31.59407694265071,0,0.0,none,packet_protection
,3,3,1,60.926568,,1,0.0,False,,True,True,True,True,True,True,0,0.0,0,True,3,L_C_emb:none;L_C_grad:none,2.020729936082863,0.5369166666666667,LIC,,full_dynfl,7.829648780062557,0.0,0.0,8.0,0.0,1,,26.330458667423812,0,0.0,none,packet_protection
,3,3,2,60.926568,,2,0.0,False,,True,True,True,True,True,True,0,0.0,0,True,3,L_C_emb:none;L_C_grad:none,1.380488196284812,0.5374833333333333,LIC,,full_dynfl,9.040103011031901,0.0,0.0,8.0,0.0,1,,27.74999429136991,0,0.0,none,packet_protection
,3,3,3,60.926568,,3,0.0,False,,True,True,True,True,True,True,0,0.0,0,True,3,L_C_emb:none;L_C_grad:none,1.7431799468753328,0.5372,LIC,,full_dynfl,8.277747830024927,0.0,0.0,8.0,0.0,1,,25.01900925246303,0,0.0,none,packet_protection
,3,3,4,60.926568,,4,0.0,False,,True,True,True,True,True,True,0,0.0,0,True,3,L_C_emb:none;L_C_grad:none,1.0840160768825502,0.53635,LIC,,full_dynfl,7.546954415384542,0.0,0.0,8.0,0.0,1,,26.683752454850392,0,0.0,none,packet_protection
,3,3,5,60.926568,,5,0.0,False,,True,True,True,True,True,True,0,0.0,0,True,3,L_C_emb:none;L_C_grad:none,0.782682067956915,0.5372,LIC,,full_dynfl,9.811262881565845,0.0,0.0,8.0,0.0,1,,33.38671748596509,0,0.0,none,packet_protection
,3,3,6,60.926568,,6,0.0,False,,True,True,True,True,True,True,0,0.0,0,True,3,L_C_emb:none;L_C_grad:none,2.6303355215731377,0.5372,LIC,,full_dynfl,9.399461209708141,0.0,0.0,8.0,0.0,1,,33.747884860180854,0,0.0,none,packet_protection
,3,3,7,60.926568,,7,0.0,False,,True,True,True,True,True,True,0,0.0,0,True,3,L_C_emb:none;L_C_grad:none,2.053595733538623,0.5369166666666667,LIC,,full_dynfl,9.089554690455381,0.0,0.0,8.0,0.0,1,,28.709213047015965,0,0.0,none,packet_protection
,3,3,8,60.926568,,8,0.0,False,,True,True,True,True,True,True,0,0.0,0,True,3,L_C_emb:none;L_C_grad:none,0.8725715355944437,0.5377666666666666,LIC,,full_dynfl,9.529387647946958,0.0,0.0,8.0,0.0,1,,33.93490235775196,0,0.0,none,packet_protection
,3,3,9,60.926568,,9,0.0,False,,True,True,True,True,True,True,0,0.0,0,True,3,L_C_emb:none;L_C_grad:none,1.3144213466357852,0.5383333333333333,LIC,,full_dynfl,7.773450566882183,0.0,0.0,8.0,0.0,1,,27.635994882089147,0,0.0,none,packet_protection
,3,3,10,60.926568,,0,0.0,False,,True,True,True,True,True,True,0,0.0,0,True,3,L_C_emb:none;L_C_grad:none,0.9864894286034035,0.5372,LIC,,full_dynfl,8.913120115682636,0.0,0.0,8.0,0.0,1,,26.4357180865383,0,0.0,none,packet_protection
,3,3,11,60.926568,,1,0.0,False,,True,True,True,True,True,True,0,0.0,0,True,3,L_C_emb:none;L_C_grad:none,2.0833708586033586,0.5366333333333334,LIC,,full_dynfl,7.894587680310005,0.0,0.0,8.0,0.0,1,,27.604883722943697,0,0.0,none,packet_protection
,3,3,12,60.926568,,2,0.0,False,,True,True,True,True,True,True,0,0.0,0,True,3,L_C_emb:none;L_C_grad:none,2.67780451323768,0.5372,LIC,,full_dynfl,8.278341447643868,0.0,0.0,8.0,0.0,1,,28.95871323263937,0,0.0,none,packet_protection
,3,3,13,60.926568,,3,0.0,False,,True,True,True,True,True,True,0,0.0,0,True,3,L_C_emb:none;L_C_grad:none,1.7205665385753408,0.5369166666666667,LIC,,full_dynfl,7.477668111675192,0.0,0.0,8.0,0.0,1,,24.98422169961966,0,0.0,none,packet_protection
,3,3,14,60.926568,,4,0.0,False,,True,True,True,True,True,True,0,0.0,0,True,3,L_C_emb:none;L_C_grad:none,1.9087855950561639,0.53635,LIC,,full_dynfl,7.732565796626938,0.0,0.0,8.0,0.0,1,,24.18409622948086,0,0.0,none,packet_protection
,3,3,15,60.926568,,5,0.0,False,,True,True,True,True,True,True,0,0.0,0,True,3,L_C_emb:none;L_C_grad:none,1.9130126015396856,0.5372,LIC,,full_dynfl,8.534594393359917,0.0,0.0,8.0,0.0,1,,29.314391857475485,0,0.0,none,packet_protection
,3,3,16,60.926568,,6,0.0,False,,True,True,True,True,True,True,0,0.0,0,True,3,L_C_emb:none;L_C_grad:none,1.1628149379732393,0.5372,LIC,,full_dynfl,8.832537619275593,0.0,0.0,8.0,0.0,1,,25.556777000746628,0,0.0,none,packet_protection
,3,3,17,60.926568,,7,0.0,False,,True,True,True,True,True,True,0,0.0,0,True,3,L_C_emb:none;L_C_grad:none,2.6565711564792376,0.5369166666666667,LIC,,full_dynfl,8.09170427781216,0.0,0.7047879795216052,7.295212020478395,0.0,1,,28.953184577773833,0,0.7047879795216052,none,packet_protection
,3,3,18,60.926568,,8,0.0,False,,True,True,True,True,True,True,0,0.0,0,True,3,L_C_emb:none;L_C_grad:none,1.5926943326530782,0.5377666666666666,LIC,,full_dynfl,9.41717626445685,0.0,0.0,8.0,0.0,1,,33.04431060694837,0,0.0,none,packet_protection
,3,3,19,60.926568,,9,0.0,False,,True,True,True,True,True,True,0,0.0,0,True,3,L_C_emb:none;L_C_grad:none,2.676393350591775,0.5383333333333333,LIC,,full_dynfl,8.706222521519848,0.0,0.0,8.0,0.0,1,,27.55529628565597,0,0.0,none,packet_protection
,3,3,20,60.926568,,0,0.0,False,,True,True,True,True,True,True,0,0.0,0,True,3,L_C_emb:none;L_C_grad:none,0.750197009233797,0.5372,LIC,,full_dynfl,9.073089495025446,0.0,0.0,8.0,0.0,1,,34.52281093879617,0,0.0,none,packet_protection
,3,3,21,404.32817471999994,,1,0.0,False,,True,True,True,True,True,True,0,0.0,0,True,3,L_E_upd:he3,1.0533693839806015,0.947,LIIE,,full_dynfl,72.79730431273512,0.0,0.0,8.0,0.0696,1,,87.25650081113334,0,0.0,he3,packet_protection
,3,3,22,60.926568,,2,0.0,False,,True,True,True,True,True,True,0,0.0,0,True,3,L_C_emb:none;L_C_grad:none,2.162089858147671,0.5372,LIC,,full_dynfl,7.297756864137426,0.0,0.0,8.0,0.0,1,,25.742015111147893,0,0.0,none,packet_protection
,3,3,23,60.926568,,3,0.0,False,,True,True,True,True,True,True,0,0.0,0,True,3,L_C_emb:none;L_C_grad:none,1.5216668391258723,0.5369166666666667,LIC,,full_dynfl,7.693338029747716,0.0,0.0,8.0,0.0,1,,24.916108229931652,0,0.0,none,packet_protection
,3,3,24,60.926568,,4,0.0,False,,True,True,True,True,True,True,0,0.0,0,True,3,L_C_emb:none;L_C_grad:none,2.509690730837996,0.53635,LIC,,full_dynfl,9.190326709470458,0.0,0.0,8.0,0.0,1,,27.817329667000575,0,0.0,none,packet_protection
,3,3,25,60.926568,,5,0.0,False,,True,True,True,True,True,True,0,0.0,0,True,3,L_C_emb:none;L_C_grad:none,2.141894505673916,0.5372,LIC,,full_dynfl,8.376002984443803,0.0,0.0,8.0,0.0,1,,27.893641522663067,0,0.0,none,packet_protection
,3,3,26,60.926568,,6,0.0,False,,True,True,True,True,True,True,0,0.0,0,True,3,L_C_emb:none;L_C_grad:none,2.6156949390605306,0.5372,LIC,,full_dynfl,8.034601584066952,0.0,0.0,8.0,0.0,1,,29.950098991375544,0,0.0,none,packet_protection
,3,3,27,60.926568,,7,0.0,False,,True,True,True,True,True,True,0,0.0,0,True,3,L_E_emb:none;L_E_grad:none,1.3581486205054942,0.5685,LIE,,full_dynfl,4.095875822342038,0.0,0.0,8.0,0.0,1,,11.600043450609396,0,0.0,none,packet_protection
,3,3,28,60.926568,,8,0.0,False,,True,True,True,True,True,True,0,0.0,0,True,3,L_C_emb:none;L_C_grad:none,1.0529798758229736,0.5374833333333333,LIC,,full_dynfl,9.301802083425882,0.0,0.0,8.0,0.0,1,,29.182098830488364,0,0.0,none,packet_protection
,3,3,29,60.926568,,9,0.0,False,,True,True,True,True,True,True,0,0.0,0,True,3,L_C_emb:none;L_C_grad:none,1.5238328230436504,0.5383333333333333,LIC,,full_dynfl,8.280397253604974,0.0,0.0,8.0,0.0,1,,26.24386911869837,0,0.0,none,packet_protection
6.8765574853583695,3,3,30,89.453136,,0,0.7083830446759496,False,,True,True,True,True,True,True,0,0.0,0,True,3,L_E_upd:dp,1.304595337452328,0.948,LIIE,,full_dynfl,13.034001951059876,0.0,0.7083830446759496,7.29161695532405,0.24359999999999998,1,6.8765574853583695,22.251829682923066,1,0.7083830446759496,dp,packet_protection
,3,3,31,89.453136,,1,0.0,False,,True,True,True,True,False,True,0,0.0,0,True,3,L_E_upd:none,2.2969552434688674,0.947,LIIE,,full_dynfl,10.411582011527614,0.0,0.0,8.0,0.58,1,,21.764070040266517,0,0.0,none,packet_protection
,3,3,32,60.926568,,2,0.0,False,,True,True,True,True,True,True,0,0.0,0,True,3,L_C_emb:none;L_C_grad:none,0.759725880596146,0.5372,LIC,,full_dynfl,8.758439406783705,0.0,0.0,8.0,0.0,1,,33.54298902010408,0,0.0,none,packet_protection
,3,3,33,60.926568,,3,0.0,False,,True,True,True,True,True,True,0,0.0,0,True,3,L_C_emb:none;L_C_grad:none,1.0040228730641931,0.5369166666666667,LIC,,full_dynfl,8.283844041820295,0.0,0.0,8.0,0.0,1,,28.46402326098517,0,0.0,none,packet_protection
,3,3,34,60.926568,,4,0.0,False,,True,True,True,True,True,True,0,0.0,0,True,3,L_C_emb:none;L_C_grad:none,1.4720682121450308,0.53635,LIC,,full_dynfl,9.442878782862131,0.0,0.0,8.0,0.0,1,,30.416673794390466,0,0.0,none,packet_protection
,3,3,35,60.926568,,5,0.0,False,,True,True,True,True,True,True,0,0.0,0,True,3,L_C_emb:none;L_C_grad:none,2.1366723680721345,0.5372,LIC,,full_dynfl,7.7042106273157,0.0,0.0,8.0,0.0,1,,24.380600421530534,0,0.0,none,packet_protection
,3,3,36,60.926568,,6,0.0,False,,True,True,True,True,True,True,0,0.0,0,True,3,L_C_emb:none;L_C_grad:none,1.9282823167918586,0.5372,LIC,,full_dynfl,8.436105496577396,0.0,0.0,8.0,0.0,1,,29.61713114676533,0,0.0,none,packet_protection
,3,3,37,60.926568,,7,0.0,False,,True,True,True,True,True,True,0,0.0,0,True,3,L_C_emb:none;L_C_grad:none,1.192260315036407,0.5369166666666667,LIC,,full_dynfl,8.479847771325646,0.0,0.0,8.0,0.0,1,,29.6882152258721,0,0.0,none,packet_protection
,3,3,38,60.926568,,8,0.0,False,,True,True,True,True,True,True,0,0.0,0,True,3,L_C_emb:none;L_C_grad:none,2.5502852751622296,0.5374833333333333,LIC,,full_dynfl,7.470159837863902,0.0,0.0,8.0,0.0,1,,26.785680891156503,0,0.0,none,packet_protection
,3,3,39,60.926568,,9,0.0,False,,True,True,True,True,True,True,0,0.0,0,True,3,L_C_emb:none;L_C_grad:none,1.2461187749535723,0.5383333333333333,LIC,,full_dynfl,8.59011660685195,0.0,0.0,8.0,0.0,1,,32.389140959178576,0,0.0,none,packet_protection
,3,3,40,60.926568,,0,0.0,False,,True,True,True,True,True,True,0,0.0,0,True,3,L_C_emb:none;L_C_grad:none,1.718281661052106,0.5372,LIC,,full_dynfl,7.806892399985465,0.0,0.0,8.0,0.0,1,,26.43731116063523,0,0.0,none,packet_protection
,3,3,41,89.453136,,1,0.0,False,,True,True,True,True,False,True,0,0.0,0,True,3,L_E_upd:none,1.2035142721899799,0.947,LIIE,,full_dynfl,10.268093556277314,0.0,0.0,8.0,0.58,1,,18.48842787820073,0,0.0,none,packet_protection
,3,3,42,60.926568,,2,0.0,False,,True,True,True,True,True,True,0,0.0,0,True,3,L_C_emb:none;L_C_grad:none,1.0518635048612208,0.5372,LIC,,full_dynfl,9.011525969182694,0.0,0.0,8.0,0.0,1,,33.207888712917104,0,0.0,none,packet_protection
,3,3,43,60.926568,,3,0.0,False,,True,True,True,True,True,True,0,0.0,0,True,3,L_C_emb:none;L_C_grad:none,2.157731341345857,0.5369166666666667,LIC,,full_dynfl,8.793461713223763,0.0,0.0,8.0,0.0,1,,29.503450151362564,0,0.0,none,packet_protection
,3,3,44,60.926568,,4,0.0,False,,True,True,True,True,True,True,0,0.0,0,True,3,L_E_emb:none;L_E_grad:none,1.8939537747589035,0.5679,LIE,,full_dynfl,4.23417644029048,0.0,0.0,8.0,0.0,1,,12.187005219000405,0,0.0,none,packet_protection
,3,3,45,60.926568,,5,0.0,False,,True,True,True,True,True,True,0,0.0,0,True,3,L_C_emb:none;L_C_grad:none,2.1894368395630277,0.5372,LIC,,full_dynfl,7.4797475160859985,0.0,0.0,8.0,0.0,1,,25.34319231104371,0,0.0,none,packet_protection
,3,3,46,60.926568,,6,0.0,False,,True,True,True,True,True,True,0,0.0,0,True,3,L_C_emb:none;L_C_grad:none,0.8664658783201349,0.5372,LIC,,full_dynfl,8.291479889867993,0.0,0.0,8.0,0.0,1,,27.71578569296702,0,0.0,none,packet_protection
,3,3,47,60.926568,,7,0.0,False,,True,True,True,True,True,True,0,0.0,0,True,3,L_C_emb:none;L_C_grad:none,1.2106043506675663,0.5369166666666667,LIC,,full_dynfl,8.15038080686749,0.0,0.0,8.0,0.0,1,,29.680050526896594,0,0.0,none,packet_protection
,3,3,48,60.926568,,8,0.0,False,,True,True,True,True,True,True,0,0.0,0,True,3,L_C_emb:none;L_C_grad:none,1.8872330715439818,0.5374833333333333,LIC,,full_dynfl,7.701431968630839,0.0,0.0,8.0,0.0,1,,24.99700854745621,0,0.0,none,packet_protection
,3,3,49,60.926568,,9,0.0,False,,True,True,True,True,True,True,0,0.0,0,True,3,L_C_emb:none;L_C_grad:none,2.6414699298711724,0.53805,LIC,,full_dynfl,8.244451547944486,0.0,0.0,8.0,0.0,1,,26.07727064721443,0,0.0,none,packet_protection
,3,3,50,60.926568,,0,0.0,False,,True,True,True,True,True,True,0,0.0,0,True,3,L_C_emb:none;L_C_grad:none,2.357294402957413,0.5372,LIC,,full_dynfl,9.77495241272703,0.0,0.0,8.0,0.0,1,,31.55118668630518,0,0.0,none,packet_protection
,3,3,51,60.926568,,1,0.0,False,,True,True,True,True,True,True,0,0.0,0,True,3,L_C_emb:none;L_C_grad:none,1.5496570969226762,0.5366333333333334,LIC,,full_dynfl,8.631857338260378,0.0,0.0,8.0,0.0,1,,25.088703142027995,0,0.0,none,packet_protection
,3,3,52,60.926568,,2,0.0,False,,True,True,True,True,True,True,0,0.0,0,True,3,L_C_emb:none;L_C_grad:none,0.9663577124967927,0.5372,LIC,,full_dynfl,9.092200743115992,0.0,0.0,8.0,0.0,1,,28.050954329685656,0,0.0,none,packet_protection
,3,3,53,60.926568,,3,0.0,False,,True,True,True,True,True,True,0,0.0,0,True,3,L_C_emb:none;L_C_grad:none,1.770461903305378,0.5369166666666667,LIC,,full_dynfl,9.268921802011025,0.0,0.0,8.0,0.0,1,,29.736173229188175,0,0.0,none,packet_protection
,3,3,54,60.926568,,4,0.0,False,,True,True,True,True,True,True,0,0.0,0,True,3,L_C_emb:none;L_C_grad:none,0.6943280485130395,0.53635,LIC,,full_dynfl,7.3256633945563046,0.0,0.0,8.0,0.0,1,,24.51761249377205,0,0.0,none,packet_protection
,3,3,55,60.926568,,5,0.0,False,,True,True,True,True,True,True,0,0.0,0,True,3,L_C_emb:none;L_C_grad:none,2.4836273737631887,0.5372,LIC,,full_dynfl,8.213715209704201,0.0,0.0,8.0,0.0,1,,25.430539926803288,0,0.0,none,packet_protection
,3,3,56,60.926568,,6,0.0,False,,True,True,True,True,True,True,0,0.0,0,True,3,L_C_emb:none;L_C_grad:none,1.8118084234022185,0.5372,LIC,,full_dynfl,8.02165541311585,0.0,0.0,8.0,0.0,1,,25.974144220037623,0,0.0,none,packet_protection
,3,3,57,60.926568,,7,0.0,False,,True,True,True,True,True,True,0,0.0,0,True,3,L_C_emb:none;L_C_grad:none,2.3077190009814617,0.5369166666666667,LIC,,full_dynfl,9.598980688586927,0.0,0.0,8.0,0.0,1,,34.050211635349996,0,0.0,none,packet_protection
,3,3,58,60.926568,,8,0.0,False,,True,True,True,True,True,True,0,0.0,0,True,3,L_C_emb:none;L_C_grad:none,1.8813699941523465,0.5374833333333333,LIC,,full_dynfl,8.312842322351282,0.0,0.0,8.0,0.0,1,,28.115992900520162,0,0.0,none,packet_protection
,3,3,59,60.926568,,9,0.0,False,,True,True,True,True,True,True,0,0.0,0,True,3,L_C_emb:none;L_C_grad:none,1.0079643620644898,0.53805,LIC,,full_dynfl,10.035350114939558,0.0,0.0,8.0,0.0,1,,33.36488390946094,0,0.0,none,packet_protection
,3,3,60,60.926568,,0,0.0,False,,True,True,True,True,True,True,0,0.0,0,True,3,L_C_emb:none;L_C_grad:none,0.915367883433331,0.5372,LIC,,full_dynfl,8.446879761132244,0.0,0.0,8.0,0.0,1,,25.101267480784355,0,0.0,none,packet_protection
6.911200311588956,3,3,61,89.453136,,1,0.2982372211410542,False,,True,True,True,True,True,True,0,0.0,0,True,3,L_E_upd:dp,1.663020517394065,0.947,LIIE,,full_dynfl,12.310484905991897,0.0,1.0030252006626594,6.996974799337341,0.24359999999999998,1,6.911200311588956,20.417116389698673,1,1.0030252006626594,dp,packet_protection
,3,3,62,60.926568,,2,0.0,False,,True,True,True,True,True,True,0,0.0,0,True,3,L_C_emb:none;L_C_grad:none,1.2711442061474538,0.5372,LIC,,full_dynfl,8.911813993355171,0.0,0.0,8.0,0.0,1,,29.689503059383842,0,0.0,none,packet_protection
,3,3,63,60.926568,,3,0.0,False,,True,True,True,True,True,True,0,0.0,0,True,3,L_C_emb:none;L_C_grad:none,1.4309148880902602,0.5369166666666667,LIC,,full_dynfl,7.003207497892739,0.0,0.0,8.0,0.0,1,,23.68086580703548,0,0.0,none,packet_protection
,3,3,64,60.926568,,4,0.0,False,,True,True,True,True,True,True,0,0.0,0,True,3,L_E_emb:none;L_E_grad:none,1.8405891045455842,0.5679,LIE,,full_dynfl,4.253617218547875,0.0,0.0,8.0,0.0,1,,13.521100297648108,0,0.0,none,packet_protection
,3,3,65,60.926568,,5,0.0,False,,True,True,True,True,True,True,0,0.0,0,True,3,L_C_emb:none;L_C_grad:none,0.8367898073613169,0.5372,LIC,,full_dynfl,9.10308343250435,0.0,0.0,8.0,0.0,1,,34.287157167655884,0,0.0,none,packet_protection
,3,3,66,60.926568,,6,0.0,False,,True,True,True,True,True,True,0,0.0,0,True,3,L_C_emb:none;L_C_grad:none,1.8093775561702643,0.5372,LIC,,full_dynfl,8.518947746851028,0.0,0.0,8.0,0.0,1,,26.543110558294295,0,0.0,none,packet_protection
,3,3,67,60.926568,,7,0.0,False,,True,True,True,True,True,True,0,0.0,0,True,3,L_C_emb:none;L_C_grad:none,1.7349815617663098,0.5369166666666667,LIC,,full_dynfl,9.823838532914799,0.0,0.0,8.0,0.0,1,,34.74386750807172,0,0.0,none,packet_protection
,3,3,68,60.926568,,8,0.0,False,,True,True,True,True,True,True,0,0.0,0,True,3,L_C_emb:none;L_C_grad:none,1.6746949941761489,0.5374833333333333,LIC,,full_dynfl,8.707164237047554,0.0,0.0,8.0,0.0,1,,26.24324593071512,0,0.0,none,packet_protection
,3,3,69,60.926568,,9,0.0,False,,True,True,True,True,True,True,0,0.0,0,True,3,L_C_emb:none;L_C_grad:none,0.9742087513577001,0.53805,LIC,,full_dynfl,7.647530375863813,0.0,0.0,8.0,0.0,1,,24.830753900296756,0,0.0,none,packet_protection
,3,3,70,60.926568,,0,0.0,False,,True,True,True,True,True,True,0,0.0,0,True,3,L_C_emb:none;L_C_grad:none,2.208645096509279,0.5372,LIC,,full_dynfl,8.066502008956636,0.0,0.0,8.0,0.0,1,,24.855871082586333,0,0.0,none,packet_protection
,3,3,71,60.926568,,1,0.0,False,,True,True,True,True,True,True,0,0.0,0,True,3,L_C_emb:none;L_C_grad:none,1.826628304645198,0.5366333333333334,LIC,,full_dynfl,8.176230144046258,0.0,0.0,8.0,0.0,1,,27.323197546684998,0,0.0,none,packet_protection
,3,3,72,60.926568,,2,0.0,False,,True,True,True,True,True,True,0,0.0,0,True,3,L_C_emb:none;L_C_grad:none,0.699842775864906,0.5372,LIC,,full_dynfl,7.991876995974846,0.0,0.0,8.0,0.0,1,,25.839259199293103,0,0.0,none,packet_protection
,3,3,73,60.926568,,3,0.0,False,,True,True,True,True,True,True,0,0.0,0,True,3,L_E_emb:none;L_E_grad:none,1.949324494891817,0.5682,LIE,,full_dynfl,4.490793533734216,0.0,0.0,8.0,0.0,1,,13.454682739985074,0,0.0,none,packet_protection
6.911200311588956,3,3,74,89.453136,,4,0.2982372211410542,False,,True,True,True,True,True,True,0,0.0,0,True,3,L_E_upd:dp,2.373369464974584,0.946,LIIE,,full_dynfl,11.406544074834311,0.0,1.0030252006626594,6.996974799337341,0.24359999999999998,1,6.911200311588956,22.76540030375311,1,1.0030252006626594,dp,packet_protection
,3,3,75,60.926568,,5,0.0,False,,True,True,True,True,True,True,0,0.0,0,True,3,L_C_emb:none;L_C_grad:none,1.0329957754014922,0.5369166666666667,LIC,,full_dynfl,8.628908120094769,0.0,0.0,8.0,0.0,1,,30.82428048514828,0,0.0,none,packet_protection
,3,3,76,60.926568,,6,0.0,False,,True,True,True,True,True,True,0,0.0,0,True,3,L_C_emb:none;L_C_grad:none,1.5225967874451976,0.5372,LIC,,full_dynfl,8.736850887795658,0.0,0.0,8.0,0.0,1,,27.395581721801108,0,0.0,none,packet_protection
,3,3,77,60.926568,,7,0.0,False,,True,True,True,True,True,True,0,0.0,0,True,3,L_C_emb:none;L_C_grad:none,0.7023509254444353,0.5369166666666667,LIC,,full_dynfl,8.326176373355542,0.0,0.0,8.0,0.0,1,,32.25322178488913,0,0.0,none,packet_protection
6.8765574853583695,3,3,78,89.453136,,8,0.7083830446759496,False,,True,True,True,True,True,True,0,0.0,0,True,3,L_E_upd:dp,2.1302373664638856,0.9484999999999999,LIIE,,full_dynfl,8.610952216125284,0.0,0.7083830446759496,7.29161695532405,0.24359999999999998,1,6.8765574853583695,20.287425987549497,1,0.7083830446759496,dp,packet_protection
,3,3,79,60.926568,,9,0.0,False,,True,True,True,True,True,True,0,0.0,0,True,3,L_C_emb:none;L_C_grad:none,1.5075545469820644,0.53805,LIC,,full_dynfl,7.581402918505609,0.0,0.0,8.0,0.0,1,,26.002611299514925,0,0.0,none,packet_protection
,3,3,80,60.926568,,0,0.0,False,,True,True,True,True,True,True,0,0.0,0,True,3,L_C_emb:none;L_C_grad:none,1.8296725957303435,0.5372,LIC,,full_dynfl,8.365495415012301,0.0,0.0,8.0,0.0,1,,26.6281384809716,0,0.0,none,packet_protection
,3,3,81,60.926568,,1,0.0,False,,True,True,True,True,True,True,0,0.0,0,True,3,L_C_emb:none;L_C_grad:none,2.550842491022395,0.5366333333333334,LIC,,full_dynfl,7.103003487808612,0.0,0.0,8.0,0.0,1,,24.203670483829224,0,0.0,none,packet_protection
,3,3,82,60.926568,,2,0.0,False,,True,True,True,True,True,True,0,0.0,0,True,3,L_C_emb:none;L_C_grad:none,1.2161122283893053,0.5372,LIC,,full_dynfl,7.688483844883061,0.0,0.0,8.0,0.0,1,,24.90962367067918,0,0.0,none,packet_protection
6.8765574853583695,3,3,83,89.453136,,3,0.7083830446759496,False,,True,True,True,True,True,True,0,0.0,0,True,3,L_E_upd:dp,1.4318254026176642,0.947,LIIE,,full_dynfl,9.103816034818403,0.0,0.7083830446759496,7.29161695532405,0.24359999999999998,1,6.8765574853583695,19.185142312997744,1,0.7083830446759496,dp,packet_protection
,3,3,84,89.453136,,4,0.0,False,,True,True,True,True,False,True,0,0.0,0,True,3,L_E_upd:none,2.1478191071057733,0.946,LIIE,,full_dynfl,8.1209972125766,0.0,0.0,8.0,0.58,1,,17.114568029087998,0,0.0,none,packet_protection
,3,3,85,60.926568,,5,0.0,False,,True,True,True,True,True,True,0,0.0,0,True,3,L_C_emb:none;L_C_grad:none,0.9260925662709386,0.5369166666666667,LIC,,full_dynfl,8.570184114765782,0.0,0.0,8.0,0.0,1,,32.00583866725088,0,0.0,none,packet_protection
,3,3,86,60.926568,,6,0.0,False,,True,True,True,True,True,True,0,0.0,0,True,3,L_C_emb:none;L_C_grad:none,1.7996014940214557,0.5372,LIC,,full_dynfl,8.065541215906606,0.0,0.0,8.0,0.0,1,,29.15333906360869,0,0.0,none,packet_protection
,3,3,87,60.926568,,7,0.0,False,,True,True,True,True,True,True,0,0.0,0,True,3,L_C_emb:none;L_C_grad:none,2.474420304413817,0.5369166666666667,LIC,,full_dynfl,8.188293530642305,0.0,0.0,8.0,0.0,1,,25.279112616974597,0,0.0,none,packet_protection
,3,3,88,404.32817471999994,,8,0.0,False,,True,True,True,True,True,True,0,0.0,0,True,3,L_E_upd:he3,2.3858028244505176,0.9484999999999999,LIIE,,full_dynfl,73.57483231100403,0.0,0.0,8.0,0.0696,1,,86.22673767556581,0,0.0,he3,packet_protection
,3,3,89,60.926568,,9,0.0,False,,True,True,True,True,True,True,0,0.0,0,True,3,L_C_emb:none;L_C_grad:none,1.3705276667987023,0.53805,LIC,,full_dynfl,7.867310557902503,0.0,0.0,8.0,0.0,1,,28.154730199167172,0,0.0,none,packet_protection
,3,3,90,60.926568,,0,0.0,False,,True,True,True,True,True,True,0,0.0,0,True,3,L_C_emb:none;L_C_grad:none,2.4332702580801087,0.5369166666666667,LIC,,full_dynfl,7.473097540677063,0.0,0.0,8.0,0.0,1,,24.799592762024723,0,0.0,none,packet_protection
,3,3,91,60.926568,,1,0.0,False,,True,True,True,True,True,True,0,0.0,0,True,3,L_E_emb:none;L_E_grad:none,1.0364106472173031,0.5679,LIE,,full_dynfl,4.363783779269785,0.0,0.0,8.0,0.0,1,,11.583228310668346,0,0.0,none,packet_protection
,3,3,92,60.926568,,2,0.0,False,,True,True,True,True,True,True,0,0.0,0,True,3,L_C_emb:none;L_C_grad:none,1.7756584058061933,0.5372,LIC,,full_dynfl,8.893350257536872,0.0,0.0,8.0,0.0,1,,31.981916609320777,0,0.0,none,packet_protection
,3,3,93,60.926568,,3,0.0,False,,True,True,True,True,True,True,0,0.0,0,True,3,L_E_emb:none;L_E_grad:none,1.2763035970769345,0.5682,LIE,,full_dynfl,4.589994437277988,0.0,0.0,8.0,0.0,1,,12.483297692104465,0,0.0,none,packet_protection
6.911200311588956,3,3,94,404.32817471999994,,4,0.2982372211410542,False,,True,True,True,True,True,True,0,0.0,0,True,3,L_E_upd:dp_he3,1.022644065962914,0.946,LIIE,,full_dynfl,70.1526074188354,0.0,1.0030252006626594,6.996974799337341,0.0464,1,6.911200311588956,81.93940646599324,1,1.0030252006626594,dp_he3,packet_protection
,3,3,95,404.32817471999994,,5,0.0,False,,True,True,True,True,True,True,0,0.0,0,True,3,L_E_upd:he3,2.386951937299487,0.9474999999999999,LIIE,,full_dynfl,77.40523906041372,0.0,0.0,8.0,0.0696,1,,88.20538241433042,0,0.0,he3,packet_protection
,3,3,96,60.926568,,6,0.0,False,,True,True,True,True,True,True,0,0.0,0,True,3,L_C_emb:none;L_C_grad:none,1.0407947296407267,0.5369166666666667,LIC,,full_dynfl,7.415406178033685,0.0,0.0,8.0,0.0,1,,24.463132783014213,0,0.0,none,packet_protection
,3,3,97,404.32817471999994,,7,0.0,False,,True,True,True,True,True,True,0,0.0,0,True,3,L_E_upd:he3,1.2270978966466777,0.9464999999999999,LIIE,,full_dynfl,77.07440354909177,0.0,0.7047879795216052,7.295212020478395,0.0696,1,,89.15320145953115,0,0.7047879795216052,he3,packet_protection
,3,3,98,60.926568,,8,0.0,False,,True,True,True,True,True,True,0,0.0,0,True,3,L_C_emb:none;L_C_grad:none,0.8571687012908544,0.5372,LIC,,full_dynfl,8.769665008831707,0.0,0.0,8.0,0.0,1,,25.287489177421385,0,0.0,none,packet_protection
,3,3,99,60.926568,,9,0.0,False,,True,True,True,True,True,True,0,0.0,0,True,3,L_C_emb:none;L_C_grad:none,1.5665195180963505,0.53805,LIC,,full_dynfl,9.73099744978541,0.0,0.0,8.0,0.0,1,,31.50026081235747,0,0.0,none,packet_protection
,3,3,0,60.926568,,0,0.0,False,,True,True,True,True,True,True,0,0.0,0,True,3,L_C_emb:none;L_C_grad:none,2.4526825050714955,0.5372,LIC,,full_dynfl,8.268465432145263,0.0,0.0,8.0,0.0,2,,28.23393157522498,0,0.0,none,packet_protection
,3,3,1,60.926568,,1,0.0,False,,True,True,True,True,True,True,0,0.0,0,True,3,L_C_emb:none;L_C_grad:none,2.020729936082863,0.5369166666666667,LIC,,full_dynfl,7.204291582221914,0.0,0.0,8.0,0.0,2,,24.105713417823,0,0.0,none,packet_protection
,3,3,2,60.926568,,2,0.0,False,,True,True,True,True,True,True,0,0.0,0,True,3,L_C_emb:none;L_C_grad:none,1.380488196284812,0.5374833333333333,LIC,,full_dynfl,7.820530737225284,0.0,0.0,8.0,0.0,2,,25.60268793449144,0,0.0,none,packet_protection
,3,3,3,60.926568,,3,0.0,False,,True,True,True,True,True,True,0,0.0,0,True,3,L_C_emb:none;L_C_grad:none,1.7431799468753328,0.5372,LIC,,full_dynfl,6.900328165663465,0.0,0.0,8.0,0.0,2,,22.1488727034649,0,0.0,none,packet_protection
,3,3,4,60.926568,,4,0.0,False,,True,True,True,True,True,True,0,0.0,0,True,3,L_C_emb:none;L_C_grad:none,1.0840160768825502,0.53635,LIC,,full_dynfl,7.311650549738992,0.0,0.0,8.0,0.0,2,,25.115037157751242,0,0.0,none,packet_protection
,3,3,5,60.926568,,5,0.0,False,,True,True,True,True,True,True,0,0.0,0,True,3,L_C_emb:none;L_C_grad:none,0.782682067956915,0.5372,LIC,,full_dynfl,7.0554946872946624,0.0,0.0,8.0,0.0,2,,22.633934326511593,0,0.0,none,packet_protection
,3,3,6,60.926568,,6,0.0,False,,True,True,True,True,True,True,0,0.0,0,True,3,L_C_emb:none;L_C_grad:none,2.6303355215731377,0.5372,LIC,,full_dynfl,8.286995821403995,0.0,0.0,8.0,0.0,2,,29.148105693541915,0,0.0,none,packet_protection
,3,3,7,60.926568,,7,0.0,False,,True,True,True,True,True,True,0,0.0,0,True,3,L_C_emb:none;L_C_grad:none,2.053595733538623,0.5369166666666667,LIC,,full_dynfl,9.271180674341153,0.0,0.0,8.0,0.0,2,,31.49474167734908,0,0.0,none,packet_protection
,3,3,8,60.926568,,8,0.0,False,,True,True,True,True,True,True,0,0.0,0,True,3,L_C_emb:none;L_C_grad:none,0.8725715355944437,0.5377666666666666,LIC,,full_dynfl,7.638449182738268,0.0,0.0,8.0,0.0,2,,25.66784642634174,0,0.0,none,packet_protection
,3,3,9,60.926568,,9,0.0,False,,True,True,True,True,True,True,0,0.0,0,True,3,L_C_emb:none;L_C_grad:none,1.3144213466357852,0.5383333333333333,LIC,,full_dynfl,7.581048184109964,0.0,0.0,8.0,0.0,2,,23.240398706159652,0,0.0,none,packet_protection
6.841739249048384,3,3,10,89.453136,,0,0.7120514785069132,False,,True,True,True,True,True,True,0,0.0,0,True,3,L_E_upd:dp,0.9864894286034035,0.948,LIIE,,full_dynfl,9.284099079809694,0.0,0.7120514785069132,7.287948521493087,0.24359999999999998,2,6.841739249048384,18.93232971707853,1,0.7120514785069132,dp,packet_protection
,3,3,11,60.926568,,1,0.0,False,,True,True,True,True,True,True,0,0.0,0,True,3,L_C_emb:none;L_C_grad:none,2.0833708586033586,0.5366333333333334,LIC,,full_dynfl,8.168929345291096,0.0,0.0,8.0,0.0,2,,29.78022457714954,0,0.0,none,packet_protection
,3,3,12,60.926568,,2,0.0,False,,True,True,True,True,True,True,0,0.0,0,True,3,L_C_emb:none;L_C_grad:none,2.67780451323768,0.5372,LIC,,full_dynfl,7.5762402632172705,0.0,0.0,8.0,0.0,2,,26.89770829877437,0,0.0,none,packet_protection
,3,3,13,60.926568,,3,0.0,False,,True,True,True,True,True,True,0,0.0,0,True,3,L_C_emb:none;L_C_grad:none,1.7205665385753408,0.5369166666666667,LIC,,full_dynfl,7.184765586138656,0.0,0.0,8.0,0.0,2,,24.106788495831037,0,0.0,none,packet_protection
,3,3,14,60.926568,,4,0.0,False,,True,True,True,True,True,True,0,0.0,0,True,3,L_C_emb:none;L_C_grad:none,1.9087855950561639,0.53635,LIC,,full_dynfl,7.318086796765117,0.0,0.0,8.0,0.0,2,,23.45551785102986,0,0.0,none,packet_protection
,3,3,15,60.926568,,5,0.0,False,,True,True,True,True,True,True,0,0.0,0,True,3,L_C_emb:none;L_C_grad:none,1.9130126015396856,0.5372,LIC,,full_dynfl,8.535921204316782,0.0,0.0,8.0,0.0,2,,32.632714228592405,0,0.0,none,packet_protection
,3,3,16,60.926568,,6,0.0,False,,True,True,True,True,True,True,0,0.0,0,True,3,L_C_emb:none;L_C_grad:none,1.1628149379732393,0.5372,LIC,,full_dynfl,8.39382716409316,0.0,0.0,8.0,0.0,2,,26.944185828510246,0,0.0,none,packet_protection
,3,3,17,60.926568,,7,0.0,False,,True,True,True,True,True,True,0,0.0,0,True,3,L_C_emb:none;L_C_grad:none,2.6565711564792376,0.5369166666666667,LIC,,full_dynfl,8.097532716384297,0.0,0.7047879795216052,7.295212020478395,0.0,2,,31.475813122593724,0,0.7047879795216052,none,packet_protection
,3,3,18,60.926568,,8,0.0,False,,True,True,True,True,True,True,0,0.0,0,True,3,L_E_emb:none;L_E_grad:none,1.5926943326530782,0.5693999999999999,LIE,,full_dynfl,4.0522916437633025,0.0,0.0,8.0,0.0,2,,11.99413988789611,0,0.0,none,packet_protection
,3,3,19,60.926568,,9,0.0,False,,True,True,True,True,True,True,0,0.0,0,True,3,L_C_emb:none;L_C_grad:none,2.676393350591775,0.5383333333333333,LIC,,full_dynfl,9.025449555355197,0.0,0.0,8.0,0.0,2,,29.59261273166561,0,0.0,none,packet_protection
,3,3,20,60.926568,,0,0.0,False,,True,True,True,True,True,True,0,0.0,0,True,3,L_C_emb:none;L_C_grad:none,0.750197009233797,0.5372,LIC,,full_dynfl,7.478646005160609,0.0,0.0,8.0,0.0,2,,24.91021859768668,0,0.0,none,packet_protection
,3,3,21,404.32817471999994,,1,0.0,False,,True,True,True,True,True,True,0,0.0,0,True,3,L_E_upd:he3,1.0533693839806015,0.947,LIIE,,full_dynfl,68.3948933289454,0.0,0.0,8.0,0.0696,2,,78.62781020162362,0,0.0,he3,packet_protection
,3,3,22,60.926568,,2,0.0,False,,True,True,True,True,True,True,0,0.0,0,True,3,L_E_emb:none;L_E_grad:none,2.162089858147671,0.5688,LIE,,full_dynfl,5.094698813905219,0.0,0.0,8.0,0.0,2,,13.925185358765056,0,0.0,none,packet_protection
,3,3,23,60.926568,,3,0.0,False,,True,True,True,True,True,True,0,0.0,0,True,3,L_C_emb:none;L_C_grad:none,1.5216668391258723,0.5369166666666667,LIC,,full_dynfl,7.285807960522342,0.0,0.0,8.0,0.0,2,,24.741794324144117,0,0.0,none,packet_protection
,3,3,24,60.926568,,4,0.0,False,,True,True,True,True,True,True,0,0.0,0,True,3,L_C_emb:none;L_C_grad:none,2.509690730837996,0.53635,LIC,,full_dynfl,7.896716502278432,0.0,0.0,8.0,0.0,2,,24.659685403168098,0,0.0,none,packet_protection
,3,3,25,60.926568,,5,0.0,False,,True,True,True,True,True,True,0,0.0,0,True,3,L_C_emb:none;L_C_grad:none,2.141894505673916,0.5372,LIC,,full_dynfl,8.810867173526681,0.0,0.0,8.0,0.0,2,,26.785740517942333,0,0.0,none,packet_protection
,3,3,26,60.926568,,6,0.0,False,,True,True,True,True,True,True,0,0.0,0,True,3,L_C_emb:none;L_C_grad:none,2.6156949390605306,0.5372,LIC,,full_dynfl,8.728773512995387,0.0,0.0,8.0,0.0,2,,30.066944348072084,0,0.0,none,packet_protection
,3,3,27,60.926568,,7,0.0,False,,True,True,True,True,True,True,0,0.0,0,True,3,L_E_emb:none;L_E_grad:none,1.3581486205054942,0.5685,LIE,,full_dynfl,4.449255959611659,0.0,0.0,8.0,0.0,2,,14.357747900162469,0,0.0,none,packet_protection
,3,3,28,60.926568,,8,0.0,False,,True,True,True,True,True,True,0,0.0,0,True,3,L_C_emb:none;L_C_grad:none,1.0529798758229736,0.5374833333333333,LIC,,full_dynfl,7.444735670358779,0.0,0.0,8.0,0.0,2,,25.597725121656392,0,0.0,none,packet_protection
,3,3,29,60.926568,,9,0.0,False,,True,True,True,True,True,True,0,0.0,0,True,3,L_C_emb:none;L_C_grad:none,1.5238328230436504,0.5383333333333333,LIC,,full_dynfl,7.5622497075670925,0.0,0.0,8.0,0.0,2,,27.725130637158117,0,0.0,none,packet_protection
,3,3,30,60.926568,,0,0.0,False,,True,True,True,True,True,True,0,0.0,0,True,3,L_C_emb:none;L_C_grad:none,1.304595337452328,0.5372,LIC,,full_dynfl,8.01542070596987,0.0,0.7083830446759496,7.29161695532405,0.0,2,,25.425564034883184,0,0.7083830446759496,none,packet_protection
,3,3,31,60.926568,,1,0.0,False,,True,True,True,True,True,True,0,0.0,0,True,3,L_E_emb:none;L_E_grad:none,2.2969552434688674,0.5682,LIE,,full_dynfl,4.257399378352122,0.0,0.0,8.0,0.0,2,,12.289199833244894,0,0.0,none,packet_protection
,3,3,32,60.926568,,2,0.0,False,,True,True,True,True,True,True,0,0.0,0,True,3,L_C_emb:none;L_C_grad:none,0.759725880596146,0.5372,LIC,,full_dynfl,7.459914383475536,0.0,0.0,8.0,0.0,2,,25.709511514214306,0,0.0,none,packet_protection
,3,3,33,60.926568,,3,0.0,False,,True,True,True,True,True,True,0,0.0,0,True,3,L_C_emb:none;L_C_grad:none,1.0040228730641931,0.5369166666666667,LIC,,full_dynfl,6.825422093757029,0.0,0.0,8.0,0.0,2,,22.476231708731703,0,0.0,none,packet_protection
,3,3,34,60.926568,,4,0.0,False,,True,True,True,True,True,True,0,0.0,0,True,3,L_C_emb:none;L_C_grad:none,1.4720682121450308,0.53635,LIC,,full_dynfl,8.645357240309359,0.0,0.0,8.0,0.0,2,,27.85444830349066,0,0.0,none,packet_protection
,3,3,35,60.926568,,5,0.0,False,,True,True,True,True,True,True,0,0.0,0,True,3,L_C_emb:none;L_C_grad:none,2.1366723680721345,0.5372,LIC,,full_dynfl,9.035686004476881,0.0,0.0,8.0,0.0,2,,29.189029285796792,0,0.0,none,packet_protection
,3,3,36,60.926568,,6,0.0,False,,True,True,True,True,True,True,0,0.0,0,True,3,L_C_emb:none;L_C_grad:none,1.9282823167918586,0.5372,LIC,,full_dynfl,8.820602358526758,0.0,0.0,8.0,0.0,2,,27.63119327469682,0,0.0,none,packet_protection
,3,3,37,60.926568,,7,0.0,False,,True,True,True,True,True,True,0,0.0,0,True,3,L_C_emb:none;L_C_grad:none,1.192260315036407,0.5369166666666667,LIC,,full_dynfl,8.069395323174446,0.0,0.0,8.0,0.0,2,,27.49093166046147,0,0.0,none,packet_protection
,3,3,38,60.926568,,8,0.0,False,,True,True,True,True,True,True,0,0.0,0,True,3,L_C_emb:none;L_C_grad:none,2.5502852751622296,0.5374833333333333,LIC,,full_dynfl,8.530657111330871,0.0,0.0,8.0,0.0,2,,28.472294161945044,0,0.0,none,packet_protection
,3,3,39,60.926568,,9,0.0,False,,True,True,True,True,True,True,0,0.0,0,True,3,L_C_emb:none;L_C_grad:none,1.2461187749535723,0.5383333333333333,LIC,,full_dynfl,7.906118904782039,0.0,0.0,8.0,0.0,2,,28.946330853186886,0,0.0,none,packet_protection
,3,3,40,60.926568,,0,0.0,False,,True,True,True,True,True,True,0,0.0,0,True,3,L_C_emb:none;L_C_grad:none,1.718281661052106,0.5372,LIC,,full_dynfl,8.835237313293513,0.0,0.0,8.0,0.0,2,,27.7355590546884,0,0.0,none,packet_protection
,3,3,41,89.453136,,1,0.0,False,,True,True,True,True,False,True,0,0.0,0,True,3,L_E_upd:none,1.2035142721899799,0.947,LIIE,,full_dynfl,9.389824939568166,0.0,0.0,8.0,0.58,2,,18.10585449949437,0,0.0,none,packet_protection
,3,3,42,60.926568,,2,0.0,False,,True,True,True,True,True,True,0,0.0,0,True,3,L_C_emb:none;L_C_grad:none,1.0518635048612208,0.5372,LIC,,full_dynfl,7.8259783724401455,0.0,0.0,8.0,0.0,2,,28.454570544488853,0,0.0,none,packet_protection
,3,3,43,60.926568,,3,0.0,False,,True,True,True,True,True,True,0,0.0,0,True,3,L_C_emb:none;L_C_grad:none,2.157731341345857,0.5369166666666667,LIC,,full_dynfl,7.827095513274251,0.0,0.0,8.0,0.0,2,,27.713866965647206,0,0.0,none,packet_protection
,3,3,44,89.453136,,4,0.0,False,,True,True,True,True,False,True,0,0.0,0,True,3,L_E_upd:none,1.8939537747589035,0.9464999999999999,LIIE,,full_dynfl,11.477125429120282,0.0,0.0,8.0,0.58,2,,21.76400612829731,0,0.0,none,packet_protection
,3,3,45,60.926568,,5,0.0,False,,True,True,True,True,True,True,0,0.0,0,True,3,L_C_emb:none;L_C_grad:none,2.1894368395630277,0.5372,LIC,,full_dynfl,8.162690561513006,0.0,0.0,8.0,0.0,2,,30.788591834555014,0,0.0,none,packet_protection
,3,3,46,60.926568,,6,0.0,False,,True,True,True,True,True,True,0,0.0,0,True,3,L_C_emb:none;L_C_grad:none,0.8664658783201349,0.5372,LIC,,full_dynfl,8.088709263167324,0.0,0.0,8.0,0.0,2,,24.215629601979447,0,0.0,none,packet_protection
,3,3,47,60.926568,,7,0.0,False,,True,True,True,True,True,True,0,0.0,0,True,3,L_C_emb:none;L_C_grad:none,1.2106043506675663,0.5369166666666667,LIC,,full_dynfl,8.004530816432647,0.0,0.0,8.0,0.0,2,,27.294442519076405,0,0.0,none,packet_protection
,3,3,48,60.926568,,8,0.0,False,,True,True,True,True,True,True,0,0.0,0,True,3,L_C_emb:none;L_C_grad:none,1.8872330715439818,0.5374833333333333,LIC,,full_dynfl,8.076399734698533,0.0,0.0,8.0,0.0,2,,30.692129002173406,0,0.0,none,packet_protection
,3,3,49,60.926568,,9,0.0,False,,True,True,True,True,True,True,0,0.0,0,True,3,L_E_emb:none;L_E_grad:none,2.6414699298711724,0.5697,LIE,,full_dynfl,4.140243983292514,0.0,0.0,8.0,0.0,2,,12.688812348596265,0,0.0,none,packet_protection
,3,3,50,60.926568,,0,0.0,False,,True,True,True,True,True,True,0,0.0,0,True,3,L_C_emb:none;L_C_grad:none,2.357294402957413,0.5372,LIC,,full_dynfl,9.14085024531286,0.0,0.0,8.0,0.0,2,,32.54306438069544,0,0.0,none,packet_protection
,3,3,51,60.926568,,1,0.0,False,,True,True,True,True,True,True,0,0.0,0,True,3,L_C_emb:none;L_C_grad:none,1.5496570969226762,0.5366333333333334,LIC,,full_dynfl,7.647760299615508,0.0,0.0,8.0,0.0,2,,26.24216699456231,0,0.0,none,packet_protection
,3,3,52,60.926568,,2,0.0,False,,True,True,True,True,True,True,0,0.0,0,True,3,L_C_emb:none;L_C_grad:none,0.9663577124967927,0.5372,LIC,,full_dynfl,8.30651203085732,0.0,0.0,8.0,0.0,2,,28.17240758786458,0,0.0,none,packet_protection
,3,3,53,60.926568,,3,0.0,False,,True,True,True,True,True,True,0,0.0,0,True,3,L_C_emb:none;L_C_grad:none,1.770461903305378,0.5369166666666667,LIC,,full_dynfl,9.129512093508206,0.0,0.0,8.0,0.0,2,,29.186816480919838,0,0.0,none,packet_protection
,3,3,54,60.926568,,4,0.0,False,,True,True,True,True,True,True,0,0.0,0,True,3,L_C_emb:none;L_C_grad:none,0.6943280485130395,0.53635,LIC,,full_dynfl,7.40521965063468,0.0,0.0,8.0,0.0,2,,23.82683668975416,0,0.0,none,packet_protection
,3,3,55,60.926568,,5,0.0,False,,True,True,True,True,True,True,0,0.0,0,True,3,L_C_emb:none;L_C_grad:none,2.4836273737631887,0.5372,LIC,,full_dynfl,7.684060320875677,0.0,0.0,8.0,0.0,2,,23.831391731148372,0,0.0,none,packet_protection
,3,3,56,60.926568,,6,0.0,False,,True,True,True,True,True,True,0,0.0,0,True,3,L_C_emb:none;L_C_grad:none,1.8118084234022185,0.5372,LIC,,full_dynfl,8.890954517341935,0.0,0.0,8.0,0.0,2,,27.914724428728775,0,0.0,none,packet_protection
,3,3,57,60.926568,,7,0.0,False,,True,True,True,True,True,True,0,0.0,0,True,3,L_C_emb:none;L_C_grad:none,2.3077190009814617,0.5369166666666667,LIC,,full_dynfl,8.692480438509481,0.0,0.0,8.0,0.0,2,,26.5525991390676,0,0.0,none,packet_protection
,3,3,58,60.926568,,8,0.0,False,,True,True,True,True,True,True,0,0.0,0,True,3,L_C_emb:none;L_C_grad:none,1.8813699941523465,0.5374833333333333,LIC,,full_dynfl,8.035213287702222,0.0,0.0,8.0,0.0,2,,25.73200648771487,0,0.0,none,packet_protection
,3,3,59,60.926568,,9,0.0,False,,True,True,True,True,True,True,0,0.0,0,True,3,L_C_emb:none;L_C_grad:none,1.0079643620644898,0.53805,LIC,,full_dynfl,7.737461762965568,0.0,0.0,8.0,0.0,2,,23.39216468254815,0,0.0,none,packet_protection
,3,3,60,60.926568,,0,0.0,False,,True,True,True,True,True,True,0,0.0,0,True,3,L_C_emb:none;L_C_grad:none,0.915367883433331,0.5372,LIC,,full_dynfl,8.196583132191243,0.0,0.0,8.0,0.0,2,,28.861328627110442,0,0.0,none,packet_protection
,3,3,61,60.926568,,1,0.0,False,,True,True,True,True,True,True,0,0.0,0,True,3,L_E_emb:none;L_E_grad:none,1.663020517394065,0.5682,LIE,,full_dynfl,4.4692727144192075,0.0,1.0030252006626594,6.996974799337341,0.0,2,,13.176434997033505,0,1.0030252006626594,none,packet_protection
,3,3,62,60.926568,,2,0.0,False,,True,True,True,True,True,True,0,0.0,0,True,3,L_C_emb:none;L_C_grad:none,1.2711442061474538,0.5372,LIC,,full_dynfl,8.633287281539694,0.0,0.0,8.0,0.0,2,,29.18634979968267,0,0.0,none,packet_protection
,3,3,63,60.926568,,3,0.0,False,,True,True,True,True,True,True,0,0.0,0,True,3,L_C_emb:none;L_C_grad:none,1.4309148880902602,0.5369166666666667,LIC,,full_dynfl,8.332402662073108,0.0,0.0,8.0,0.0,2,,32.52400950905292,0,0.0,none,packet_protection
,3,3,64,89.453136,,4,0.0,False,,True,True,True,True,False,True,0,0.0,0,True,3,L_E_upd:none,1.8405891045455842,0.9464999999999999,LIIE,,full_dynfl,10.0885672285593,0.0,0.0,8.0,0.58,2,,18.011087109749425,0,0.0,none,packet_protection
,3,3,65,60.926568,,5,0.0,False,,True,True,True,True,True,True,0,0.0,0,True,3,L_C_emb:none;L_C_grad:none,0.8367898073613169,0.5372,LIC,,full_dynfl,7.513810037173501,0.0,0.0,8.0,0.0,2,,23.184935711609228,0,0.0,none,packet_protection
,3,3,66,89.453136,,6,0.0,False,,True,True,True,True,False,True,0,0.0,0,True,3,L_E_upd:none,1.8093775561702643,0.948,LIIE,,full_dynfl,9.39054898484307,0.0,0.0,8.0,0.58,2,,17.10316147054267,0,0.0,none,packet_protection
,3,3,67,60.926568,,7,0.0,False,,True,True,True,True,True,True,0,0.0,0,True,3,L_C_emb:none;L_C_grad:none,1.7349815617663098,0.5369166666666667,LIC,,full_dynfl,7.2708602710798065,0.0,0.0,8.0,0.0,2,,24.73449576024261,0,0.0,none,packet_protection
,3,3,68,60.926568,,8,0.0,False,,True,True,True,True,True,True,0,0.0,0,True,3,L_C_emb:none;L_C_grad:none,1.6746949941761489,0.5374833333333333,LIC,,full_dynfl,8.786942002871186,0.0,0.0,8.0,0.0,2,,27.507183559901044,0,0.0,none,packet_protection
,3,3,69,60.926568,,9,0.0,False,,True,True,True,True,True,True,0,0.0,0,True,3,L_C_emb:none;L_C_grad:none,0.9742087513577001,0.53805,LIC,,full_dynfl,8.30379664265395,0.0,0.0,8.0,0.0,2,,30.236335416038973,0,0.0,none,packet_protection
,3,3,70,60.926568,,0,0.0,False,,True,True,True,True,True,True,0,0.0,0,True,3,L_C_emb:none;L_C_grad:none,2.208645096509279,0.5372,LIC,,full_dynfl,8.271888397271596,0.0,0.0,8.0,0.0,2,,25.389336249337944,0,0.0,none,packet_protection
,3,3,71,60.926568,,1,0.0,False,,True,True,True,True,True,True,0,0.0,0,True,3,L_C_emb:none;L_C_grad:none,1.826628304645198,0.5366333333333334,LIC,,full_dynfl,8.239578018596248,0.0,0.0,8.0,0.0,2,,29.40417795978996,0,0.0,none,packet_protection
,3,3,72,60.926568,,2,0.0,False,,True,True,True,True,True,True,0,0.0,0,True,3,L_C_emb:none;L_C_grad:none,0.699842775864906,0.5372,LIC,,full_dynfl,8.217179771732036,0.0,0.0,8.0,0.0,2,,27.352913146356364,0,0.0,none,packet_protection
,3,3,73,60.926568,,3,0.0,False,,True,True,True,True,True,True,0,0.0,0,True,3,L_E_emb:none;L_E_grad:none,1.949324494891817,0.5682,LIE,,full_dynfl,4.805357360866877,0.0,0.0,8.0,0.0,2,,15.388121241388458,0,0.0,none,packet_protection
6.911200311588957,3,3,74,404.32817471999994,,4,0.23099727476811882,False,,True,True,True,True,True,True,0,0.0,0,True,3,L_E_upd:dp_he3,2.373369464974584,0.946,LIIE,,full_dynfl,68.40612415090486,0.0,1.2340224754307783,6.765977524569221,0.0464,2,6.911200311588957,78.53277178624532,1,1.2340224754307783,dp_he3,packet_protection
,3,3,75,60.926568,,5,0.0,False,,True,True,True,True,True,True,0,0.0,0,True,3,L_C_emb:none;L_C_grad:none,1.0329957754014922,0.5369166666666667,LIC,,full_dynfl,7.522273048393194,0.0,0.0,8.0,0.0,2,,25.735031043178807,0,0.0,none,packet_protection
,3,3,76,60.926568,,6,0.0,False,,True,True,True,True,True,True,0,0.0,0,True,3,L_C_emb:none;L_C_grad:none,1.5225967874451976,0.5372,LIC,,full_dynfl,7.489682769244551,0.0,0.0,8.0,0.0,2,,24.765784506176118,0,0.0,none,packet_protection
,3,3,77,60.926568,,7,0.0,False,,True,True,True,True,True,True,0,0.0,0,True,3,L_C_emb:none;L_C_grad:none,0.7023509254444353,0.5369166666666667,LIC,,full_dynfl,8.350863686265916,0.0,0.0,8.0,0.0,2,,31.951409354090977,0,0.0,none,packet_protection
,3,3,78,60.926568,,8,0.0,False,,True,True,True,True,True,True,0,0.0,0,True,3,L_C_emb:none;L_C_grad:none,2.1302373664638856,0.5374833333333333,LIC,,full_dynfl,8.118205062681902,0.0,0.7083830446759496,7.29161695532405,0.0,2,,26.279699655718392,0,0.7083830446759496,none,packet_protection
,3,3,79,60.926568,,9,0.0,False,,True,True,True,True,True,True,0,0.0,0,True,3,L_C_emb:none;L_C_grad:none,1.5075545469820644,0.53805,LIC,,full_dynfl,9.490367055767573,0.0,0.0,8.0,0.0,2,,32.756281237400245,0,0.0,none,packet_protection
,3,3,80,60.926568,,0,0.0,False,,True,True,True,True,True,True,0,0.0,0,True,3,L_C_emb:none;L_C_grad:none,1.8296725957303435,0.5372,LIC,,full_dynfl,7.636199858254082,0.0,0.0,8.0,0.0,2,,23.688772919434598,0,0.0,none,packet_protection
,3,3,81,60.926568,,1,0.0,False,,True,True,True,True,True,True,0,0.0,0,True,3,L_C_emb:none;L_C_grad:none,2.550842491022395,0.5366333333333334,LIC,,full_dynfl,9.444645445696612,0.0,0.0,8.0,0.0,2,,33.30903707840919,0,0.0,none,packet_protection
,3,3,82,60.926568,,2,0.0,False,,True,True,True,True,True,True,0,0.0,0,True,3,L_C_emb:none;L_C_grad:none,1.2161122283893053,0.5372,LIC,,full_dynfl,8.446432470136099,0.0,0.0,8.0,0.0,2,,29.326984761454508,0,0.0,none,packet_protection
,3,3,83,60.926568,,3,0.0,False,,True,True,True,True,True,True,0,0.0,0,True,3,L_E_emb:none;L_E_grad:none,1.4318254026176642,0.5682,LIE,,full_dynfl,4.731782093946731,0.0,0.7083830446759496,7.29161695532405,0.0,2,,13.009510806481835,0,0.7083830446759496,none,packet_protection
,3,3,84,89.453136,,4,0.0,False,,True,True,True,True,False,True,0,0.0,0,True,3,L_E_upd:none,2.1478191071057733,0.946,LIIE,,full_dynfl,8.10960240141987,0.0,0.0,8.0,0.58,2,,15.013531059441249,0,0.0,none,packet_protection
,3,3,85,60.926568,,5,0.0,False,,True,True,True,True,True,True,0,0.0,0,True,3,L_E_emb:none;L_E_grad:none,0.9260925662709386,0.5685,LIE,,full_dynfl,4.861181686933675,0.0,0.0,8.0,0.0,2,,15.437267811737382,0,0.0,none,packet_protection
,3,3,86,60.926568,,6,0.0,False,,True,True,True,True,True,True,0,0.0,0,True,3,L_C_emb:none;L_C_grad:none,1.7996014940214557,0.5372,LIC,,full_dynfl,8.502734968173487,0.0,0.0,8.0,0.0,2,,28.032558630095167,0,0.0,none,packet_protection
,3,3,87,60.926568,,7,0.0,False,,True,True,True,True,True,True,0,0.0,0,True,3,L_C_emb:none;L_C_grad:none,2.474420304413817,0.5369166666666667,LIC,,full_dynfl,8.132153508932266,0.0,0.0,8.0,0.0,2,,26.50943144703187,0,0.0,none,packet_protection
,3,3,88,60.926568,,8,0.0,False,,True,True,True,True,True,True,0,0.0,0,True,3,L_C_emb:none;L_C_grad:none,2.3858028244505176,0.5374833333333333,LIC,,full_dynfl,7.310677759154466,0.0,0.0,8.0,0.0,2,,22.685894191322504,0,0.0,none,packet_protection
,3,3,89,60.926568,,9,0.0,False,,True,True,True,True,True,True,0,0.0,0,True,3,L_C_emb:none;L_C_grad:none,1.3705276667987023,0.53805,LIC,,full_dynfl,8.848516390586008,0.0,0.0,8.0,0.0,2,,31.095986897391505,0,0.0,none,packet_protection
,3,3,90,60.926568,,0,0.0,False,,True,True,True,True,True,True,0,0.0,0,True,3,L_C_emb:none;L_C_grad:none,2.4332702580801087,0.5369166666666667,LIC,,full_dynfl,7.304595745887333,0.0,0.0,8.0,0.0,2,,23.281636819589586,0,0.0,none,packet_protection
,3,3,91,60.926568,,1,0.0,False,,True,True,True,True,True,True,0,0.0,0,True,3,L_E_emb:none;L_E_grad:none,1.0364106472173031,0.5679,LIE,,full_dynfl,3.714056527915715,0.0,0.0,8.0,0.0,2,,10.885437597614743,0,0.0,none,packet_protection
,3,3,92,404.32817471999994,,2,0.0,False,,True,True,True,True,True,True,0,0.0,0,True,3,L_E_upd:he3,1.7756584058061933,0.948,LIIE,,full_dynfl,71.12733093061689,0.0,0.0,8.0,0.0696,2,,81.67835745124572,0,0.0,he3,packet_protection
,3,3,93,60.926568,,3,0.0,False,,True,True,True,True,True,True,0,0.0,0,True,3,L_E_emb:none;L_E_grad:none,1.2763035970769345,0.5682,LIE,,full_dynfl,4.741210219931835,0.0,0.0,8.0,0.0,2,,14.566039470624293,0,0.0,none,packet_protection
,3,3,94,60.926568,,4,0.0,False,,True,True,True,True,True,True,0,0.0,0,True,3,L_E_emb:none;L_E_grad:none,1.022644065962914,0.5676,LIE,,full_dynfl,4.107364603818311,0.0,1.0030252006626594,6.996974799337341,0.0,2,,12.316659106350722,0,1.0030252006626594,none,packet_protection
6.841739249048384,3,3,95,89.453136,,5,0.7120514785069132,False,,True,True,True,True,True,True,0,0.0,0,True,3,L_E_upd:dp,2.386951937299487,0.9474999999999999,LIIE,,full_dynfl,8.024246946587628,0.0,0.7120514785069132,7.287948521493087,0.24359999999999998,2,6.841739249048384,16.427055917367753,1,0.7120514785069132,dp,packet_protection
,3,3,96,89.453136,,6,0.0,False,,True,True,True,True,False,True,0,0.0,0,True,3,L_E_upd:none,1.0407947296407267,0.9474999999999999,LIIE,,full_dynfl,10.703724031851953,0.0,0.0,8.0,0.58,2,,20.7069297170925,0,0.0,none,packet_protection
,3,3,97,60.926568,,7,0.0,False,,True,True,True,True,True,True,0,0.0,0,True,3,L_E_emb:none;L_E_grad:none,1.2270978966466777,0.5679,LIE,,full_dynfl,4.727536658882075,0.0,0.7047879795216052,7.295212020478395,0.0,2,,15.334529134921578,0,0.7047879795216052,none,packet_protection
,3,3,98,60.926568,,8,0.0,False,,True,True,True,True,True,True,0,0.0,0,True,3,L_C_emb:none;L_C_grad:none,0.8571687012908544,0.5372,LIC,,full_dynfl,8.11115080009066,0.0,0.0,8.0,0.0,2,,30.702676440320168,0,0.0,none,packet_protection
,3,3,99,60.926568,,9,0.0,False,,True,True,True,True,True,True,0,0.0,0,True,3,L_C_emb:none;L_C_grad:none,1.5665195180963505,0.53805,LIC,,full_dynfl,8.403003819203068,0.0,0.0,8.0,0.0,2,,26.270130479495602,0,0.0,none,packet_protection
,3,3,0,60.926568,,0,0.0,False,,True,True,True,True,True,True,0,0.0,0,True,3,L_C_emb:none;L_C_grad:none,2.4526825050714955,0.5372,LIC,,full_dynfl,8.105298271123953,0.0,0.0,8.0,0.0,3,,27.338900751223786,0,0.0,none,packet_protection
,3,3,1,60.926568,,1,0.0,False,,True,True,True,True,True,True,0,0.0,0,True,3,L_C_emb:none;L_C_grad:none,2.020729936082863,0.5369166666666667,LIC,,full_dynfl,8.05441604040705,0.0,0.0,8.0,0.0,3,,23.074945894843168,0,0.0,none,packet_protection
,3,3,2,60.926568,,2,0.0,False,,True,True,True,True,True,True,0,0.0,0,True,3,L_C_emb:none;L_C_grad:none,1.380488196284812,0.5374833333333333,LIC,,full_dynfl,7.44649409351549,0.0,0.0,8.0,0.0,3,,27.115718521749134,0,0.0,none,packet_protection
,3,3,3,60.926568,,3,0.0,False,,True,True,True,True,True,True,0,0.0,0,True,3,L_C_emb:none;L_C_grad:none,1.7431799468753328,0.5372,LIC,,full_dynfl,6.7804936738165384,0.0,0.0,8.0,0.0,3,,22.286934253081487,0,0.0,none,packet_protection
,3,3,4,60.926568,,4,0.0,False,,True,True,True,True,True,True,0,0.0,0,True,3,L_C_emb:none;L_C_grad:none,1.0840160768825502,0.53635,LIC,,full_dynfl,7.9575799856323925,0.0,0.0,8.0,0.0,3,,22.849179308205784,0,0.0,none,packet_protection
,3,3,5,60.926568,,5,0.0,False,,True,True,True,True,True,True,0,0.0,0,True,3,L_C_emb:none;L_C_grad:none,0.782682067956915,0.5372,LIC,,full_dynfl,7.710014178011089,0.0,0.0,8.0,0.0,3,,25.54787651789799,0,0.0,none,packet_protection
,3,3,6,60.926568,,6,0.0,False,,True,True,True,True,True,True,0,0.0,0,True,3,L_C_emb:none;L_C_grad:none,2.6303355215731377,0.5372,LIC,,full_dynfl,7.480572935844874,0.0,0.0,8.0,0.0,3,,27.093556524430397,0,0.0,none,packet_protection
,3,3,7,60.926568,,7,0.0,False,,True,True,True,True,True,True,0,0.0,0,True,3,L_C_emb:none;L_C_grad:none,2.053595733538623,0.5369166666666667,LIC,,full_dynfl,7.332525965413639,0.0,0.0,8.0,0.0,3,,25.557904761489574,0,0.0,none,packet_protection
,3,3,8,60.926568,,8,0.0,False,,True,True,True,True,True,True,0,0.0,0,True,3,L_C_emb:none;L_C_grad:none,0.8725715355944437,0.5377666666666666,LIC,,full_dynfl,8.411340467196696,0.0,0.0,8.0,0.0,3,,30.84615498463704,0,0.0,none,packet_protection
,3,3,9,60.926568,,9,0.0,False,,True,True,True,True,True,True,0,0.0,0,True,3,L_C_emb:none;L_C_grad:none,1.3144213466357852,0.5383333333333333,LIC,,full_dynfl,8.039096642737459,0.0,0.0,8.0,0.0,3,,30.00056261562632,0,0.0,none,packet_protection
,3,3,10,60.926568,,0,0.0,False,,True,True,True,True,True,True,0,0.0,0,True,3,L_C_emb:none;L_C_grad:none,0.9864894286034035,0.5372,LIC,,full_dynfl,7.048267635906186,0.0,0.7120514785069132,7.287948521493087,0.0,3,,25.182937805018437,0,0.7120514785069132,none,packet_protection
,3,3,11,60.926568,,1,0.0,False,,True,True,True,True,True,True,0,0.0,0,True,3,L_C_emb:none;L_C_grad:none,2.0833708586033586,0.5366333333333334,LIC,,full_dynfl,8.403936986913296,0.0,0.0,8.0,0.0,3,,29.669978951364904,0,0.0,none,packet_protection
,3,3,12,60.926568,,2,0.0,False,,True,True,True,True,True,True,0,0.0,0,True,3,L_C_emb:none;L_C_grad:none,2.67780451323768,0.5372,LIC,,full_dynfl,7.493821013614882,0.0,0.0,8.0,0.0,3,,24.71593552633854,0,0.0,none,packet_protection
,3,3,13,60.926568,,3,0.0,False,,True,True,True,True,True,True,0,0.0,0,True,3,L_C_emb:none;L_C_grad:none,1.7205665385753408,0.5369166666666667,LIC,,full_dynfl,7.821132180757968,0.0,0.0,8.0,0.0,3,,24.052490783534243,0,0.0,none,packet_protection
,3,3,14,60.926568,,4,0.0,False,,True,True,True,True,True,True,0,0.0,0,True,3,L_C_emb:none;L_C_grad:none,1.9087855950561639,0.53635,LIC,,full_dynfl,7.731103429475587,0.0,0.0,8.0,0.0,3,,25.76328908006012,0,0.0,none,packet_protection
,3,3,15,60.926568,,5,0.0,False,,True,True,True,True,True,True,0,0.0,0,True,3,L_C_emb:none;L_C_grad:none,1.9130126015396856,0.5372,LIC,,full_dynfl,7.7521539668435775,0.0,0.0,8.0,0.0,3,,27.478054988346024,0,0.0,none,packet_protection
,3,3,16,89.453136,,6,0.0,False,,True,True,True,True,False,True,0,0.0,0,True,3,L_E_upd:none,1.1628149379732393,0.948,LIIE,,full_dynfl,10.400305590199446,0.0,0.0,8.0,0.58,3,,17.24193352518067,0,0.0,none,packet_protection
,3,3,17,60.926568,,7,0.0,False,,True,True,True,True,True,True,0,0.0,0,True,3,L_C_emb:none;L_C_grad:none,2.6565711564792376,0.5369166666666667,LIC,,full_dynfl,6.709288676380642,0.0,0.7047879795216052,7.295212020478395,0.0,3,,22.319856625889663,0,0.7047879795216052,none,packet_protection
,3,3,18,60.926568,,8,0.0,False,,True,True,True,True,True,True,0,0.0,0,True,3,L_C_emb:none;L_C_grad:none,1.5926943326530782,0.5377666666666666,LIC,,full_dynfl,7.88723860993426,0.0,0.0,8.0,0.0,3,,30.276085376384508,0,0.0,none,packet_protection
,3,3,19,60.926568,,9,0.0,False,,True,True,True,True,True,True,0,0.0,0,True,3,L_C_emb:none;L_C_grad:none,2.676393350591775,0.5383333333333333,LIC,,full_dynfl,7.614193337785533,0.0,0.0,8.0,0.0,3,,27.249109110004603,0,0.0,none,packet_protection
,3,3,20,60.926568,,0,0.0,False,,True,True,True,True,True,True,0,0.0,0,True,3,L_C_emb:none;L_C_grad:none,0.750197009233797,0.5372,LIC,,full_dynfl,7.8781663570910405,0.0,0.0,8.0,0.0,3,,27.536089570680453,0,0.0,none,packet_protection
,3,3,21,60.926568,,1,0.0,False,,True,True,True,True,True,True,0,0.0,0,True,3,L_C_emb:none;L_C_grad:none,1.0533693839806015,0.5366333333333334,LIC,,full_dynfl,7.073023812099436,0.0,0.0,8.0,0.0,3,,22.328580482724917,0,0.0,none,packet_protection
,3,3,22,60.926568,,2,0.0,False,,True,True,True,True,True,True,0,0.0,0,True,3,L_C_emb:none;L_C_grad:none,2.162089858147671,0.5372,LIC,,full_dynfl,7.335400539944911,0.0,0.0,8.0,0.0,3,,25.62576207575492,0,0.0,none,packet_protection
,3,3,23,60.926568,,3,0.0,False,,True,True,True,True,True,True,0,0.0,0,True,3,L_C_emb:none;L_C_grad:none,1.5216668391258723,0.5369166666666667,LIC,,full_dynfl,7.4368050605729525,0.0,0.0,8.0,0.0,3,,25.51179061727042,0,0.0,none,packet_protection
,3,3,24,60.926568,,4,0.0,False,,True,True,True,True,True,True,0,0.0,0,True,3,L_C_emb:none;L_C_grad:none,2.509690730837996,0.53635,LIC,,full_dynfl,7.277100624621001,0.0,0.0,8.0,0.0,3,,25.341966809150836,0,0.0,none,packet_protection
,3,3,25,60.926568,,5,0.0,False,,True,True,True,True,True,True,0,0.0,0,True,3,L_C_emb:none;L_C_grad:none,2.141894505673916,0.5372,LIC,,full_dynfl,6.770492010808757,0.0,0.0,8.0,0.0,3,,22.338310403771832,0,0.0,none,packet_protection
,3,3,26,60.926568,,6,0.0,False,,True,True,True,True,True,True,0,0.0,0,True,3,L_C_emb:none;L_C_grad:none,2.6156949390605306,0.5372,LIC,,full_dynfl,7.751296230161525,0.0,0.0,8.0,0.0,3,,24.718633110121623,0,0.0,none,packet_protection
,3,3,27,89.453136,,7,0.0,False,,True,True,True,True,False,True,0,0.0,0,True,3,L_E_upd:none,1.3581486205054942,0.9474999999999999,LIIE,,full_dynfl,8.438522337147623,0.0,0.0,8.0,0.58,3,,15.663355752262337,0,0.0,none,packet_protection
,3,3,28,60.926568,,8,0.0,False,,True,True,True,True,True,True,0,0.0,0,True,3,L_C_emb:none;L_C_grad:none,1.0529798758229736,0.5374833333333333,LIC,,full_dynfl,7.498718492011915,0.0,0.0,8.0,0.0,3,,23.156365840348215,0,0.0,none,packet_protection
,3,3,29,60.926568,,9,0.0,False,,True,True,True,True,True,True,0,0.0,0,True,3,L_E_emb:none;L_E_grad:none,1.5238328230436504,0.57,LIE,,full_dynfl,4.880574665604128,0.0,0.0,8.0,0.0,3,,14.467767251694273,0,0.0,none,packet_protection
,3,3,30,404.32817471999994,,0,0.0,False,,True,True,True,True,True,True,0,0.0,0,True,3,L_E_upd:he3,1.304595337452328,0.948,LIIE,,full_dynfl,64.84486859858954,0.0,0.7083830446759496,7.29161695532405,0.0696,3,,75.57114879986574,0,0.7083830446759496,he3,packet_protection
,3,3,31,60.926568,,1,0.0,False,,True,True,True,True,True,True,0,0.0,0,True,3,L_C_emb:none;L_C_grad:none,2.2969552434688674,0.5366333333333334,LIC,,full_dynfl,6.807524766116026,0.0,0.0,8.0,0.0,3,,23.092782150188,0,0.0,none,packet_protection
,3,3,32,60.926568,,2,0.0,False,,True,True,True,True,True,True,0,0.0,0,True,3,L_C_emb:none;L_C_grad:none,0.759725880596146,0.5372,LIC,,full_dynfl,6.771713215881216,0.0,0.0,8.0,0.0,3,,22.53679979400571,0,0.0,none,packet_protection
,3,3,33,60.926568,,3,0.0,False,,True,True,True,True,True,True,0,0.0,0,True,3,L_C_emb:none;L_C_grad:none,1.0040228730641931,0.5369166666666667,LIC,,full_dynfl,7.533906201324218,0.0,0.0,8.0,0.0,3,,25.428151511349075,0,0.0,none,packet_protection
6.8067429108568565,3,3,34,89.453136,,4,0.7157955501488245,False,,True,True,True,True,True,True,0,0.0,0,True,3,L_E_upd:dp,1.4720682121450308,0.9464999999999999,LIIE,,full_dynfl,9.891061310540197,0.0,0.7157955501488245,7.284204449851176,0.24359999999999998,3,6.8067429108568565,19.60429088969167,1,0.7157955501488245,dp,packet_protection
,3,3,35,60.926568,,5,0.0,False,,True,True,True,True,True,True,0,0.0,0,True,3,L_C_emb:none;L_C_grad:none,2.1366723680721345,0.5372,LIC,,full_dynfl,7.21894124322978,0.0,0.0,8.0,0.0,3,,23.658490237149696,0,0.0,none,packet_protection
6.8067429108568565,3,3,36,89.453136,,6,0.7157955501488245,False,,True,True,True,True,True,True,0,0.0,0,True,3,L_E_upd:dp,1.9282823167918586,0.948,LIIE,,full_dynfl,10.001494993818335,0.0,0.7157955501488245,7.284204449851176,0.24359999999999998,3,6.8067429108568565,20.068904390996135,1,0.7157955501488245,dp,packet_protection
,3,3,37,89.453136,,7,0.0,False,,True,True,True,True,False,True,0,0.0,0,True,3,L_E_upd:none,1.192260315036407,0.9474999999999999,LIIE,,full_dynfl,7.633036456924755,0.0,0.0,8.0,0.58,3,,14.603772752439696,0,0.0,none,packet_protection
,3,3,38,60.926568,,8,0.0,False,,True,True,True,True,True,True,0,0.0,0,True,3,L_C_emb:none;L_C_grad:none,2.5502852751622296,0.5374833333333333,LIC,,full_dynfl,7.898688023534945,0.0,0.0,8.0,0.0,3,,28.2809995194424,0,0.0,none,packet_protection
,3,3,39,89.453136,,9,0.0,False,,True,True,True,True,False,True,0,0.0,0,True,3,L_E_upd:none,1.2461187749535723,0.95,LIIE,,full_dynfl,8.923652229790036,0.0,0.0,8.0,0.58,3,,17.113096249592598,0,0.0,none,packet_protection
,3,3,40,60.926568,,0,0.0,False,,True,True,True,True,True,True,0,0.0,0,True,3,L_C_emb:none;L_C_grad:none,1.718281661052106,0.5372,LIC,,full_dynfl,7.798287439552464,0.0,0.0,8.0,0.0,3,,23.831372150072752,0,0.0,none,packet_protection
,3,3,41,60.926568,,1,0.0,False,,True,True,True,True,True,True,0,0.0,0,True,3,L_C_emb:none;L_C_grad:none,1.2035142721899799,0.5366333333333334,LIC,,full_dynfl,7.662248306714602,0.0,0.0,8.0,0.0,3,,25.47615414693246,0,0.0,none,packet_protection
,3,3,42,60.926568,,2,0.0,False,,True,True,True,True,True,True,0,0.0,0,True,3,L_C_emb:none;L_C_grad:none,1.0518635048612208,0.5372,LIC,,full_dynfl,6.914747516619082,0.0,0.0,8.0,0.0,3,,22.168508585407203,0,0.0,none,packet_protection
,3,3,43,60.926568,,3,0.0,False,,True,True,True,True,True,True,0,0.0,0,True,3,L_C_emb:none;L_C_grad:none,2.157731341345857,0.5369166666666667,LIC,,full_dynfl,8.040430835501374,0.0,0.0,8.0,0.0,3,,29.09622931041219,0,0.0,none,packet_protection
,3,3,44,60.926568,,4,0.0,False,,True,True,True,True,True,True,0,0.0,0,True,3,L_C_emb:none;L_C_grad:none,1.8939537747589035,0.53635,LIC,,full_dynfl,7.99892799498284,0.0,0.0,8.0,0.0,3,,28.405773215984038,0,0.0,none,packet_protection
,3,3,45,60.926568,,5,0.0,False,,True,True,True,True,True,True,0,0.0,0,True,3,L_C_emb:none;L_C_grad:none,2.1894368395630277,0.5372,LIC,,full_dynfl,7.7443645325689685,0.0,0.0,8.0,0.0,3,,23.15927685807779,0,0.0,none,packet_protection
,3,3,46,60.926568,,6,0.0,False,,True,True,True,True,True,True,0,0.0,0,True,3,L_C_emb:none;L_C_grad:none,0.8664658783201349,0.5372,LIC,,full_dynfl,7.118787190979952,0.0,0.0,8.0,0.0,3,,21.887275853711373,0,0.0,none,packet_protection
,3,3,47,60.926568,,7,0.0,False,,True,True,True,True,True,True,0,0.0,0,True,3,L_C_emb:none;L_C_grad:none,1.2106043506675663,0.5369166666666667,LIC,,full_dynfl,7.545239993300058,0.0,0.0,8.0,0.0,3,,27.440216927017918,0,0.0,none,packet_protection
,3,3,48,60.926568,,8,0.0,False,,True,True,True,True,True,True,0,0.0,0,True,3,L_C_emb:none;L_C_grad:none,1.8872330715439818,0.5374833333333333,LIC,,full_dynfl,7.9371519245729205,0.0,0.0,8.0,0.0,3,,26.27845532051162,0,0.0,none,packet_protection
,3,3,49,60.926568,,9,0.0,False,,True,True,True,True,True,True,0,0.0,0,True,3,L_C_emb:none;L_C_grad:none,2.6414699298711724,0.53805,LIC,,full_dynfl,6.850891432004745,0.0,0.0,8.0,0.0,3,,21.99852448308261,0,0.0,none,packet_protection
,3,3,50,60.926568,,0,0.0,False,,True,True,True,True,True,True,0,0.0,0,True,3,L_C_emb:none;L_C_grad:none,2.357294402957413,0.5372,LIC,,full_dynfl,7.4052338870933445,0.0,0.0,8.0,0.0,3,,23.42644492234426,0,0.0,none,packet_protection
,3,3,51,89.453136,,1,0.0,False,,True,True,True,True,False,True,0,0.0,0,True,3,L_E_upd:none,1.5496570969226762,0.947,LIIE,,full_dynfl,10.820574654394278,0.0,0.0,8.0,0.58,3,,20.956376298502008,0,0.0,none,packet_protection
,3,3,52,60.926568,,2,0.0,False,,True,True,True,True,True,True,0,0.0,0,True,3,L_E_emb:none;L_E_grad:none,0.9663577124967927,0.5688,LIE,,full_dynfl,4.887946071941563,0.0,0.0,8.0,0.0,3,,13.208017846836544,0,0.0,none,packet_protection
,3,3,53,60.926568,,3,0.0,False,,True,True,True,True,True,True,0,0.0,0,True,3,L_C_emb:none;L_C_grad:none,1.770461903305378,0.5369166666666667,LIC,,full_dynfl,6.994038806637565,0.0,0.0,8.0,0.0,3,,23.583650602909636,0,0.0,none,packet_protection
,3,3,54,60.926568,,4,0.0,False,,True,True,True,True,True,True,0,0.0,0,True,3,L_C_emb:none;L_C_grad:none,0.6943280485130395,0.53635,LIC,,full_dynfl,7.131328454007187,0.0,0.0,8.0,0.0,3,,24.585899496293916,0,0.0,none,packet_protection
,3,3,55,60.926568,,5,0.0,False,,True,True,True,True,True,True,0,0.0,0,True,3,L_C_emb:none;L_C_grad:none,2.4836273737631887,0.5372,LIC,,full_dynfl,7.169919112967972,0.0,0.0,8.0,0.0,3,,23.752620941310553,0,0.0,none,packet_protection
,3,3,56,60.926568,,6,0.0,False,,True,True,True,True,True,True,0,0.0,0,True,3,L_C_emb:none;L_C_grad:none,1.8118084234022185,0.5372,LIC,,full_dynfl,7.631338648522695,0.0,0.0,8.0,0.0,3,,26.965493883045205,0,0.0,none,packet_protection
,3,3,57,60.926568,,7,0.0,False,,True,True,True,True,True,True,0,0.0,0,True,3,L_C_emb:none;L_C_grad:none,2.3077190009814617,0.5369166666666667,LIC,,full_dynfl,7.313948818760999,0.0,0.0,8.0,0.0,3,,24.572593366308013,0,0.0,none,packet_protection
,3,3,58,60.926568,,8,0.0,False,,True,True,True,True,True,True,0,0.0,0,True,3,L_C_emb:none;L_C_grad:none,1.8813699941523465,0.5374833333333333,LIC,,full_dynfl,7.485758995489684,0.0,0.0,8.0,0.0,3,,23.865193080623577,0,0.0,none,packet_protection
,3,3,59,89.453136,,9,0.0,False,,True,True,True,True,False,True,0,0.0,0,True,3,L_E_upd:none,1.0079643620644898,0.9495,LIIE,,full_dynfl,10.203300311270958,0.0,0.0,8.0,0.58,3,,17.208213203520273,0,0.0,none,packet_protection
,3,3,60,60.926568,,0,0.0,False,,True,True,True,True,True,True,0,0.0,0,True,3,L_C_emb:none;L_C_grad:none,0.915367883433331,0.5372,LIC,,full_dynfl,7.435855318170654,0.0,0.0,8.0,0.0,3,,27.045272534512677,0,0.0,none,packet_protection
,3,3,61,60.926568,,1,0.0,False,,True,True,True,True,True,True,0,0.0,0,True,3,L_C_emb:none;L_C_grad:none,1.663020517394065,0.5366333333333334,LIC,,full_dynfl,7.412652794022173,0.0,1.0030252006626594,6.996974799337341,0.0,3,,25.70463212255037,0,1.0030252006626594,none,packet_protection
,3,3,62,60.926568,,2,0.0,False,,True,True,True,True,True,True,0,0.0,0,True,3,L_C_emb:none;L_C_grad:none,1.2711442061474538,0.5372,LIC,,full_dynfl,8.403509631604319,0.0,0.0,8.0,0.0,3,,28.100661486704965,0,0.0,none,packet_protection
,3,3,63,60.926568,,3,0.0,False,,True,True,True,True,True,True,0,0.0,0,True,3,L_C_emb:none;L_C_grad:none,1.4309148880902602,0.5369166666666667,LIC,,full_dynfl,8.015999125168218,0.0,0.0,8.0,0.0,3,,23.173973475059412,0,0.0,none,packet_protection
,3,3,64,89.453136,,4,0.0,False,,True,True,True,True,False,True,0,0.0,0,True,3,L_E_upd:none,1.8405891045455842,0.9464999999999999,LIIE,,full_dynfl,8.307422175093352,0.0,0.0,8.0,0.58,3,,17.44880855945172,0,0.0,none,packet_protection
,3,3,65,60.926568,,5,0.0,False,,True,True,True,True,True,True,0,0.0,0,True,3,L_C_emb:none;L_C_grad:none,0.8367898073613169,0.5372,LIC,,full_dynfl,7.876811284654615,0.0,0.0,8.0,0.0,3,,24.188225425372124,0,0.0,none,packet_protection
,3,3,66,60.926568,,6,0.0,False,,True,True,True,True,True,True,0,0.0,0,True,3,L_C_emb:none;L_C_grad:none,1.8093775561702643,0.5372,LIC,,full_dynfl,7.636195819286994,0.0,0.0,8.0,0.0,3,,26.369392197380137,0,0.0,none,packet_protection
,3,3,67,60.926568,,7,0.0,False,,True,True,True,True,True,True,0,0.0,0,True,3,L_C_emb:none;L_C_grad:none,1.7349815617663098,0.5369166666666667,LIC,,full_dynfl,8.127177079627364,0.0,0.0,8.0,0.0,3,,27.428620335589436,0,0.0,none,packet_protection
,3,3,68,60.926568,,8,0.0,False,,True,True,True,True,True,True,0,0.0,0,True,3,L_C_emb:none;L_C_grad:none,1.6746949941761489,0.5374833333333333,LIC,,full_dynfl,7.901422587837962,0.0,0.0,8.0,0.0,3,,27.691420306956104,0,0.0,none,packet_protection
,3,3,69,60.926568,,9,0.0,False,,True,True,True,True,True,True,0,0.0,0,True,3,L_C_emb:none;L_C_grad:none,0.9742087513577001,0.53805,LIC,,full_dynfl,8.41455252662706,0.0,0.0,8.0,0.0,3,,25.22569134186555,0,0.0,none,packet_protection
,3,3,70,60.926568,,0,0.0,False,,True,True,True,True,True,True,0,0.0,0,True,3,L_C_emb:none;L_C_grad:none,2.208645096509279,0.5372,LIC,,full_dynfl,7.592484931728226,0.0,0.0,8.0,0.0,3,,22.546293438486668,0,0.0,none,packet_protection
,3,3,71,60.926568,,1,0.0,False,,True,True,True,True,True,True,0,0.0,0,True,3,L_C_emb:none;L_C_grad:none,1.826628304645198,0.5366333333333334,LIC,,full_dynfl,7.209049221160667,0.0,0.0,8.0,0.0,3,,22.753316710229083,0,0.0,none,packet_protection
,3,3,72,60.926568,,2,0.0,False,,True,True,True,True,True,True,0,0.0,0,True,3,L_C_emb:none;L_C_grad:none,0.699842775864906,0.5372,LIC,,full_dynfl,6.966524199489006,0.0,0.0,8.0,0.0,3,,24.28242269481478,0,0.0,none,packet_protection
,3,3,73,60.926568,,3,0.0,False,,True,True,True,True,True,True,0,0.0,0,True,3,L_C_emb:none;L_C_grad:none,1.949324494891817,0.5366333333333334,LIC,,full_dynfl,7.516722778851051,0.0,0.0,8.0,0.0,3,,27.66478999948254,0,0.0,none,packet_protection
,3,3,74,89.453136,,4,0.0,False,,True,True,True,True,False,True,0,0.0,0,True,3,L_E_upd:none,2.373369464974584,0.946,LIIE,,full_dynfl,9.574806346431492,0.0,1.2340224754307783,6.765977524569221,0.58,3,,16.450057263371736,0,1.2340224754307783,none,packet_protection
,3,3,75,60.926568,,5,0.0,False,,True,True,True,True,True,True,0,0.0,0,True,3,L_C_emb:none;L_C_grad:none,1.0329957754014922,0.5369166666666667,LIC,,full_dynfl,8.443508469379312,0.0,0.0,8.0,0.0,3,,26.8723382747406,0,0.0,none,packet_protection
,3,3,76,60.926568,,6,0.0,False,,True,True,True,True,True,True,0,0.0,0,True,3,L_C_emb:none;L_C_grad:none,1.5225967874451976,0.5372,LIC,,full_dynfl,7.7699507135250485,0.0,0.0,8.0,0.0,3,,23.624627648736645,0,0.0,none,packet_protection
,3,3,77,60.926568,,7,0.0,False,,True,True,True,True,True,True,0,0.0,0,True,3,L_C_emb:none;L_C_grad:none,0.7023509254444353,0.5369166666666667,LIC,,full_dynfl,7.3238145410546265,0.0,0.0,8.0,0.0,3,,24.074632653230097,0,0.0,none,packet_protection
,3,3,78,60.926568,,8,0.0,False,,True,True,True,True,True,True,0,0.0,0,True,3,L_C_emb:none;L_C_grad:none,2.1302373664638856,0.5374833333333333,LIC,,full_dynfl,8.287753808715498,0.0,0.7083830446759496,7.29161695532405,0.0,3,,28.047474694430072,0,0.7083830446759496,none,packet_protection
,3,3,79,60.926568,,9,0.0,False,,True,True,True,True,True,True,0,0.0,0,True,3,L_C_emb:none;L_C_grad:none,1.5075545469820644,0.53805,LIC,,full_dynfl,7.18587154062675,0.0,0.0,8.0,0.0,3,,24.35573820325434,0,0.0,none,packet_protection
,3,3,80,60.926568,,0,0.0,False,,True,True,True,True,True,True,0,0.0,0,True,3,L_C_emb:none;L_C_grad:none,1.8296725957303435,0.5372,LIC,,full_dynfl,7.689575367047209,0.0,0.0,8.0,0.0,3,,27.935647521835556,0,0.0,none,packet_protection
,3,3,81,60.926568,,1,0.0,False,,True,True,True,True,True,True,0,0.0,0,True,3,L_C_emb:none;L_C_grad:none,2.550842491022395,0.5366333333333334,LIC,,full_dynfl,7.465753902819431,0.0,0.0,8.0,0.0,3,,26.504302963484214,0,0.0,none,packet_protection
,3,3,82,60.926568,,2,0.0,False,,True,True,True,True,True,True,0,0.0,0,True,3,L_C_emb:none;L_C_grad:none,1.2161122283893053,0.5372,LIC,,full_dynfl,7.022691071797167,0.0,0.0,8.0,0.0,3,,24.08401360339299,0,0.0,none,packet_protection
6.841383047603444,3,3,83,89.453136,,3,0.30233372048915186,False,,True,True,True,True,True,True,0,0.0,0,True,3,L_E_upd:dp,1.4318254026176642,0.947,LIIE,,full_dynfl,8.312824546651663,0.0,1.0107167651651014,6.9892832348348986,0.24359999999999998,3,6.841383047603444,15.760681662199751,1,1.0107167651651014,dp,packet_protection
,3,3,84,89.453136,,4,0.0,False,,True,True,True,True,False,True,0,0.0,0,True,3,L_E_upd:none,2.1478191071057733,0.946,LIIE,,full_dynfl,10.957877895050391,0.0,0.0,8.0,0.58,3,,21.02819731275654,0,0.0,none,packet_protection
,3,3,85,60.926568,,5,0.0,False,,True,True,True,True,True,True,0,0.0,0,True,3,L_C_emb:none;L_C_grad:none,0.9260925662709386,0.5369166666666667,LIC,,full_dynfl,7.881370343165327,0.0,0.0,8.0,0.0,3,,27.318767387802723,0,0.0,none,packet_protection
,3,3,86,60.926568,,6,0.0,False,,True,True,True,True,True,True,0,0.0,0,True,3,L_C_emb:none;L_C_grad:none,1.7996014940214557,0.5372,LIC,,full_dynfl,6.524879612609022,0.0,0.0,8.0,0.0,3,,21.495189144565,0,0.0,none,packet_protection
,3,3,87,60.926568,,7,0.0,False,,True,True,True,True,True,True,0,0.0,0,True,3,L_C_emb:none;L_C_grad:none,2.474420304413817,0.5369166666666667,LIC,,full_dynfl,8.497575633478025,0.0,0.0,8.0,0.0,3,,28.18279609547852,0,0.0,none,packet_protection
,3,3,88,60.926568,,8,0.0,False,,True,True,True,True,True,True,0,0.0,0,True,3,L_C_emb:none;L_C_grad:none,2.3858028244505176,0.5374833333333333,LIC,,full_dynfl,8.06752849038703,0.0,0.0,8.0,0.0,3,,24.89430026314516,0,0.0,none,packet_protection
,3,3,89,60.926568,,9,0.0,False,,True,True,True,True,True,True,0,0.0,0,True,3,L_C_emb:none;L_C_grad:none,1.3705276667987023,0.53805,LIC,,full_dynfl,8.489134197565253,0.0,0.0,8.0,0.0,3,,27.399132108608377,0,0.0,none,packet_protection
,3,3,90,60.926568,,0,0.0,False,,True,True,True,True,True,True,0,0.0,0,True,3,L_C_emb:none;L_C_grad:none,2.4332702580801087,0.5369166666666667,LIC,,full_dynfl,7.085088565607002,0.0,0.0,8.0,0.0,3,,24.612130244596322,0,0.0,none,packet_protection
6.8067429108568565,3,3,91,404.32817471999994,,1,0.7157955501488245,False,,True,True,True,True,True,True,0,0.0,0,True,3,L_E_upd:dp_he3,1.0364106472173031,0.9464999999999999,LIIE,,full_dynfl,62.86401984670356,0.0,0.7157955501488245,7.284204449851176,0.0464,3,6.8067429108568565,74.52743331360193,1,0.7157955501488245,dp_he3,packet_protection
,3,3,92,60.926568,,2,0.0,False,,True,True,True,True,True,True,0,0.0,0,True,3,L_C_emb:none;L_C_grad:none,1.7756584058061933,0.5372,LIC,,full_dynfl,6.869735553192074,0.0,0.0,8.0,0.0,3,,23.778448364439196,0,0.0,none,packet_protection
,3,3,93,404.32817471999994,,3,0.0,False,,True,True,True,True,True,True,0,0.0,0,True,3,L_E_upd:he3,1.2763035970769345,0.947,LIIE,,full_dynfl,69.33066678098028,0.0,0.0,8.0,0.0696,3,,80.08384292669896,0,0.0,he3,packet_protection
,3,3,94,60.926568,,4,0.0,False,,True,True,True,True,True,True,0,0.0,0,True,3,L_E_emb:none;L_E_grad:none,1.022644065962914,0.5676,LIE,,full_dynfl,4.563362018167924,0.0,1.0030252006626594,6.996974799337341,0.0,3,,14.471067049131946,0,1.0030252006626594,none,packet_protection
,3,3,95,60.926568,,5,0.0,False,,True,True,True,True,True,True,0,0.0,0,True,3,L_C_emb:none;L_C_grad:none,2.386951937299487,0.5369166666666667,LIC,,full_dynfl,7.523248806809366,0.0,0.7120514785069132,7.287948521493087,0.0,3,,26.743719193071122,0,0.7120514785069132,none,packet_protection
,3,3,96,60.926568,,6,0.0,False,,True,True,True,True,True,True,0,0.0,0,True,3,L_C_emb:none;L_C_grad:none,1.0407947296407267,0.5369166666666667,LIC,,full_dynfl,7.653550767396915,0.0,0.0,8.0,0.0,3,,22.52942651867908,0,0.0,none,packet_protection
,3,3,97,404.32817471999994,,7,0.0,False,,True,True,True,True,True,True,0,0.0,0,True,3,L_E_upd:he3,1.2270978966466777,0.9464999999999999,LIIE,,full_dynfl,61.8883533514174,0.0,0.7047879795216052,7.295212020478395,0.0696,3,,73.5230455892004,0,0.7047879795216052,he3,packet_protection
,3,3,98,60.926568,,8,0.0,False,,True,True,True,True,True,True,0,0.0,0,True,3,L_C_emb:none;L_C_grad:none,0.8571687012908544,0.5372,LIC,,full_dynfl,7.502589653942541,0.0,0.0,8.0,0.0,3,,22.454902346832878,0,0.0,none,packet_protection
,3,3,99,60.926568,,9,0.0,False,,True,True,True,True,True,True,0,0.0,0,True,3,L_C_emb:none;L_C_grad:none,1.5665195180963505,0.53805,LIC,,full_dynfl,7.990090042414058,0.0,0.0,8.0,0.0,3,,29.054456690462757,0,0.0,none,packet_protection
,3,3,0,60.926568,,0,0.0,False,,True,True,True,True,True,True,0,0.0,0,True,3,L_C_emb:none;L_C_grad:none,2.4526825050714955,0.5372,LIC,,full_dynfl,8.711417435357621,0.0,0.0,8.0,0.0,4,,30.80093363953678,0,0.0,none,packet_protection
,3,3,1,60.926568,,1,0.0,False,,True,True,True,True,True,True,0,0.0,0,True,3,L_C_emb:none;L_C_grad:none,2.020729936082863,0.5369166666666667,LIC,,full_dynfl,7.966445481472712,0.0,0.0,8.0,0.0,4,,24.248237503208124,0,0.0,none,packet_protection
,3,3,2,60.926568,,2,0.0,False,,True,True,True,True,True,True,0,0.0,0,True,3,L_C_emb:none;L_C_grad:none,1.380488196284812,0.5374833333333333,LIC,,full_dynfl,6.655956160155236,0.0,0.0,8.0,0.0,4,,22.561732834163944,0,0.0,none,packet_protection
,3,3,3,60.926568,,3,0.0,False,,True,True,True,True,True,True,0,0.0,0,True,3,L_C_emb:none;L_C_grad:none,1.7431799468753328,0.5372,LIC,,full_dynfl,8.124700715666261,0.0,0.0,8.0,0.0,4,,26.106427369331307,0,0.0,none,packet_protection
,3,3,4,60.926568,,4,0.0,False,,True,True,True,True,True,True,0,0.0,0,True,3,L_C_emb:none;L_C_grad:none,1.0840160768825502,0.53635,LIC,,full_dynfl,7.078114246438467,0.0,0.0,8.0,0.0,4,,25.005009825000514,0,0.0,none,packet_protection
,3,3,5,60.926568,,5,0.0,False,,True,True,True,True,True,True,0,0.0,0,True,3,L_C_emb:none;L_C_grad:none,0.782682067956915,0.5372,LIC,,full_dynfl,7.172327381725671,0.0,0.0,8.0,0.0,4,,25.079511700222795,0,0.0,none,packet_protection
,3,3,6,60.926568,,6,0.0,False,,True,True,True,True,True,True,0,0.0,0,True,3,L_C_emb:none;L_C_grad:none,2.6303355215731377,0.5372,LIC,,full_dynfl,8.045282719840262,0.0,0.0,8.0,0.0,4,,30.23329452363159,0,0.0,none,packet_protection
,3,3,7,60.926568,,7,0.0,False,,True,True,True,True,True,True,0,0.0,0,True,3,L_C_emb:none;L_C_grad:none,2.053595733538623,0.5369166666666667,LIC,,full_dynfl,7.336955264679853,0.0,0.0,8.0,0.0,4,,24.692859064668838,0,0.0,none,packet_protection
,3,3,8,60.926568,,8,0.0,False,,True,True,True,True,True,True,0,0.0,0,True,3,L_C_emb:none;L_C_grad:none,0.8725715355944437,0.5377666666666666,LIC,,full_dynfl,7.739553350205367,0.0,0.0,8.0,0.0,4,,24.675903323206494,0,0.0,none,packet_protection
,3,3,9,60.926568,,9,0.0,False,,True,True,True,True,True,True,0,0.0,0,True,3,L_C_emb:none;L_C_grad:none,1.3144213466357852,0.5383333333333333,LIC,,full_dynfl,8.337249404781438,0.0,0.0,8.0,0.0,4,,25.46854503337558,0,0.0,none,packet_protection
,3,3,10,60.926568,,0,0.0,False,,True,True,True,True,True,True,0,0.0,0,True,3,L_C_emb:none;L_C_grad:none,0.9864894286034035,0.5372,LIC,,full_dynfl,8.452089155858616,0.0,0.7120514785069132,7.287948521493087,0.0,4,,30.210792063946997,0,0.7120514785069132,none,packet_protection
,3,3,11,60.926568,,1,0.0,False,,True,True,True,True,True,True,0,0.0,0,True,3,L_C_emb:none;L_C_grad:none,2.0833708586033586,0.5366333333333334,LIC,,full_dynfl,7.415819634854264,0.0,0.0,8.0,0.0,4,,25.953193145196984,0,0.0,none,packet_protection
,3,3,12,60.926568,,2,0.0,False,,True,True,True,True,True,True,0,0.0,0,True,3,L_E_emb:none;L_E_grad:none,2.67780451323768,0.5688,LIE,,full_dynfl,5.042768894823726,0.0,0.0,8.0,0.0,4,,11.553331019499897,0,0.0,none,packet_protection
,3,3,13,60.926568,,3,0.0,False,,True,True,True,True,True,True,0,0.0,0,True,3,L_C_emb:none;L_C_grad:none,1.7205665385753408,0.5369166666666667,LIC,,full_dynfl,8.316297425518297,0.0,0.0,8.0,0.0,4,,24.612294100742872,0,0.0,none,packet_protection
,3,3,14,60.926568,,4,0.0,False,,True,True,True,True,True,True,0,0.0,0,True,3,L_C_emb:none;L_C_grad:none,1.9087855950561639,0.53635,LIC,,full_dynfl,7.507550711402896,0.0,0.0,8.0,0.0,4,,23.90788315736816,0,0.0,none,packet_protection
,3,3,15,60.926568,,5,0.0,False,,True,True,True,True,True,True,0,0.0,0,True,3,L_C_emb:none;L_C_grad:none,1.9130126015396856,0.5372,LIC,,full_dynfl,7.0820248484515815,0.0,0.0,8.0,0.0,4,,23.57628302241315,0,0.0,none,packet_protection
,3,3,16,60.926568,,6,0.0,False,,True,True,True,True,True,True,0,0.0,0,True,3,L_E_emb:none;L_E_grad:none,1.1628149379732393,0.5688,LIE,,full_dynfl,4.576466016967949,0.0,0.0,8.0,0.0,4,,12.264340149303912,0,0.0,none,packet_protection
,3,3,17,60.926568,,7,0.0,False,,True,True,True,True,True,True,0,0.0,0,True,3,L_C_emb:none;L_C_grad:none,2.6565711564792376,0.5369166666666667,LIC,,full_dynfl,7.900702522042029,0.0,0.7047879795216052,7.295212020478395,0.0,4,,22.4392972102392,0,0.7047879795216052,none,packet_protection
,3,3,18,60.926568,,8,0.0,False,,True,True,True,True,True,True,0,0.0,0,True,3,L_C_emb:none;L_C_grad:none,1.5926943326530782,0.5377666666666666,LIC,,full_dynfl,7.217009130689767,0.0,0.0,8.0,0.0,4,,22.880967441854285,0,0.0,none,packet_protection
,3,3,19,60.926568,,9,0.0,False,,True,True,True,True,True,True,0,0.0,0,True,3,L_C_emb:none;L_C_grad:none,2.676393350591775,0.5383333333333333,LIC,,full_dynfl,6.64755755855518,0.0,0.0,8.0,0.0,4,,21.967667606827217,0,0.0,none,packet_protection
,3,3,20,60.926568,,0,0.0,False,,True,True,True,True,True,True,0,0.0,0,True,3,L_C_emb:none;L_C_grad:none,0.750197009233797,0.5372,LIC,,full_dynfl,8.150659231962562,0.0,0.0,8.0,0.0,4,,27.878765894404758,0,0.0,none,packet_protection
,3,3,21,60.926568,,1,0.0,False,,True,True,True,True,True,True,0,0.0,0,True,3,L_C_emb:none;L_C_grad:none,1.0533693839806015,0.5366333333333334,LIC,,full_dynfl,8.036018241799503,0.0,0.0,8.0,0.0,4,,28.85096360526612,0,0.0,none,packet_protection
,3,3,22,60.926568,,2,0.0,False,,True,True,True,True,True,True,0,0.0,0,True,3,L_C_emb:none;L_C_grad:none,2.162089858147671,0.5372,LIC,,full_dynfl,7.498519334924992,0.0,0.0,8.0,0.0,4,,24.283064864748667,0,0.0,none,packet_protection
,3,3,23,60.926568,,3,0.0,False,,True,True,True,True,True,True,0,0.0,0,True,3,L_C_emb:none;L_C_grad:none,1.5216668391258723,0.5369166666666667,LIC,,full_dynfl,8.01970428229536,0.0,0.0,8.0,0.0,4,,24.09677835267614,0,0.0,none,packet_protection
,3,3,24,60.926568,,4,0.0,False,,True,True,True,True,True,True,0,0.0,0,True,3,L_C_emb:none;L_C_grad:none,2.509690730837996,0.53635,LIC,,full_dynfl,7.951260756788987,0.0,0.0,8.0,0.0,4,,27.24650140796682,0,0.0,none,packet_protection
,3,3,25,60.926568,,5,0.0,False,,True,True,True,True,True,True,0,0.0,0,True,3,L_C_emb:none;L_C_grad:none,2.141894505673916,0.5372,LIC,,full_dynfl,7.229581777477043,0.0,0.0,8.0,0.0,4,,23.906051130805835,0,0.0,none,packet_protection
,3,3,26,60.926568,,6,0.0,False,,True,True,True,True,True,True,0,0.0,0,True,3,L_C_emb:none;L_C_grad:none,2.6156949390605306,0.5372,LIC,,full_dynfl,7.801552485016933,0.0,0.0,8.0,0.0,4,,25.32713482908993,0,0.0,none,packet_protection
,3,3,27,89.453136,,7,0.0,False,,True,True,True,True,False,True,0,0.0,0,True,3,L_E_upd:none,1.3581486205054942,0.9474999999999999,LIIE,,full_dynfl,7.713474955116527,0.0,0.0,8.0,0.58,4,,16.349741915356525,0,0.0,none,packet_protection
,3,3,28,60.926568,,8,0.0,False,,True,True,True,True,True,True,0,0.0,0,True,3,L_C_emb:none;L_C_grad:none,1.0529798758229736,0.5374833333333333,LIC,,full_dynfl,6.6248955975514,0.0,0.0,8.0,0.0,4,,22.818256169391717,0,0.0,none,packet_protection
,3,3,29,60.926568,,9,0.0,False,,True,True,True,True,True,True,0,0.0,0,True,3,L_C_emb:none;L_C_grad:none,1.5238328230436504,0.5383333333333333,LIC,,full_dynfl,7.136073679632528,0.0,0.0,8.0,0.0,4,,22.850857094639075,0,0.0,none,packet_protection
,3,3,30,60.926568,,0,0.0,False,,True,True,True,True,True,True,0,0.0,0,True,3,L_C_emb:none;L_C_grad:none,1.304595337452328,0.5372,LIC,,full_dynfl,8.391501103073969,0.0,0.7083830446759496,7.29161695532405,0.0,4,,26.34871236364905,0,0.7083830446759496,none,packet_protection
,3,3,31,60.926568,,1,0.0,False,,True,True,True,True,True,True,0,0.0,0,True,3,L_C_emb:none;L_C_grad:none,2.2969552434688674,0.5366333333333334,LIC,,full_dynfl,7.008123726788569,0.0,0.0,8.0,0.0,4,,23.315517783210133,0,0.0,none,packet_protection
,3,3,32,60.926568,,2,0.0,False,,True,True,True,True,True,True,0,0.0,0,True,3,L_C_emb:none;L_C_grad:none,0.759725880596146,0.5372,LIC,,full_dynfl,7.393697115438852,0.0,0.0,8.0,0.0,4,,22.456866604865915,0,0.0,none,packet_protection
,3,3,33,60.926568,,3,0.0,False,,True,True,True,True,True,True,0,0.0,0,True,3,L_C_emb:none;L_C_grad:none,1.0040228730641931,0.5369166666666667,LIC,,full_dynfl,7.7125668685178095,0.0,0.0,8.0,0.0,4,,22.357826366166567,0,0.0,none,packet_protection
6.806742910856857,3,3,34,89.453136,,4,0.30276975022285013,False,,True,True,True,True,True,True,0,0.0,0,True,3,L_E_upd:dp,1.4720682121450308,0.9464999999999999,LIIE,,full_dynfl,8.936807081405746,0.0,1.0185653003716746,6.981434699628325,0.24359999999999998,4,6.806742910856857,16.343800781834673,1,1.0185653003716746,dp,packet_protection
,3,3,35,60.926568,,5,0.0,False,,True,True,True,True,True,True,0,0.0,0,True,3,L_C_emb:none;L_C_grad:none,2.1366723680721345,0.5372,LIC,,full_dynfl,7.505944787120725,0.0,0.0,8.0,0.0,4,,23.967983680960764,0,0.0,none,packet_protection
,3,3,36,404.32817471999994,,6,0.0,False,,True,True,True,True,True,True,0,0.0,0,True,3,L_E_upd:he3,1.9282823167918586,0.948,LIIE,,full_dynfl,69.2635186863583,0.0,0.7157955501488245,7.284204449851176,0.0696,4,,80.48853142192561,0,0.7157955501488245,he3,packet_protection
,3,3,37,60.926568,,7,0.0,False,,True,True,True,True,True,True,0,0.0,0,True,3,L_E_emb:none;L_E_grad:none,1.192260315036407,0.5685,LIE,,full_dynfl,4.205111987808836,0.0,0.0,8.0,0.0,4,,11.314094241257632,0,0.0,none,packet_protection
,3,3,38,60.926568,,8,0.0,False,,True,True,True,True,True,True,0,0.0,0,True,3,L_C_emb:none;L_C_grad:none,2.5502852751622296,0.5374833333333333,LIC,,full_dynfl,7.689047937437456,0.0,0.0,8.0,0.0,4,,22.919925601055823,0,0.0,none,packet_protection
,3,3,39,89.453136,,9,0.0,False,,True,True,True,True,False,True,0,0.0,0,True,3,L_E_upd:none,1.2461187749535723,0.95,LIIE,,full_dynfl,7.224597741399146,0.0,0.0,8.0,0.58,4,,14.739452336164305,0,0.0,none,packet_protection
,3,3,40,60.926568,,0,0.0,False,,True,True,True,True,True,True,0,0.0,0,True,3,L_C_emb:none;L_C_grad:none,1.718281661052106,0.5372,LIC,,full_dynfl,7.302133920927674,0.0,0.0,8.0,0.0,4,,21.856577198997986,0,0.0,none,packet_protection
,3,3,41,60.926568,,1,0.0,False,,True,True,True,True,True,True,0,0.0,0,True,3,L_C_emb:none;L_C_grad:none,1.2035142721899799,0.5366333333333334,LIC,,full_dynfl,8.809666236521242,0.0,0.0,8.0,0.0,4,,28.015242734591062,0,0.0,none,packet_protection
,3,3,42,60.926568,,2,0.0,False,,True,True,True,True,True,True,0,0.0,0,True,3,L_C_emb:none;L_C_grad:none,1.0518635048612208,0.5372,LIC,,full_dynfl,8.026566949254846,0.0,0.0,8.0,0.0,4,,27.39392423672296,0,0.0,none,packet_protection
,3,3,43,60.926568,,3,0.0,False,,True,True,True,True,True,True,0,0.0,0,True,3,L_C_emb:none;L_C_grad:none,2.157731341345857,0.5369166666666667,LIC,,full_dynfl,7.831857065709439,0.0,0.0,8.0,0.0,4,,26.912940142298773,0,0.0,none,packet_protection
,3,3,44,60.926568,,4,0.0,False,,True,True,True,True,True,True,0,0.0,0,True,3,L_C_emb:none;L_C_grad:none,1.8939537747589035,0.53635,LIC,,full_dynfl,7.459513460929899,0.0,0.0,8.0,0.0,4,,24.765752195947165,0,0.0,none,packet_protection
,3,3,45,60.926568,,5,0.0,False,,True,True,True,True,True,True,0,0.0,0,True,3,L_C_emb:none;L_C_grad:none,2.1894368395630277,0.5372,LIC,,full_dynfl,6.949918358176198,0.0,0.0,8.0,0.0,4,,22.787525665848186,0,0.0,none,packet_protection
,3,3,46,60.926568,,6,0.0,False,,True,True,True,True,True,True,0,0.0,0,True,3,L_C_emb:none;L_C_grad:none,0.8664658783201349,0.5372,LIC,,full_dynfl,7.558127054987986,0.0,0.0,8.0,0.0,4,,23.678157854889065,0,0.0,none,packet_protection
,3,3,47,60.926568,,7,0.0,False,,True,True,True,True,True,True,0,0.0,0,True,3,L_C_emb:none;L_C_grad:none,1.2106043506675663,0.5369166666666667,LIC,,full_dynfl,7.174388065428651,0.0,0.0,8.0,0.0,4,,24.915635411286516,0,0.0,none,packet_protection
,3,3,48,60.926568,,8,0.0,False,,True,True,True,True,True,True,0,0.0,0,True,3,L_C_emb:none;L_C_grad:none,1.8872330715439818,0.5374833333333333,LIC,,full_dynfl,8.513758888090425,0.0,0.0,8.0,0.0,4,,26.773717187063003,0,0.0,none,packet_protection
,3,3,49,60.926568,,9,0.0,False,,True,True,True,True,True,True,0,0.0,0,True,3,L_C_emb:none;L_C_grad:none,2.6414699298711724,0.53805,LIC,,full_dynfl,8.39836698296513,0.0,0.0,8.0,0.0,4,,31.214212850775432,0,0.0,none,packet_protection
,3,3,50,60.926568,,0,0.0,False,,True,True,True,True,True,True,0,0.0,0,True,3,L_C_emb:none;L_C_grad:none,2.357294402957413,0.5372,LIC,,full_dynfl,7.814203519354604,0.0,0.0,8.0,0.0,4,,25.0292486026452,0,0.0,none,packet_protection
,3,3,51,60.926568,,1,0.0,False,,True,True,True,True,True,True,0,0.0,0,True,3,L_E_emb:none;L_E_grad:none,1.5496570969226762,0.5682,LIE,,full_dynfl,4.454001313299781,0.0,0.0,8.0,0.0,4,,13.385069958088728,0,0.0,none,packet_protection
6.771565709422822,3,3,52,89.453136,,2,0.7196158649973157,False,,True,True,True,True,True,True,0,0.0,0,True,3,L_E_upd:dp,0.9663577124967927,0.948,LIIE,,full_dynfl,8.246787247722214,0.0,0.7196158649973157,7.280384135002684,0.24359999999999998,4,6.771565709422822,16.847898411215333,1,0.7196158649973157,dp,packet_protection
,3,3,53,60.926568,,3,0.0,False,,True,True,True,True,True,True,0,0.0,0,True,3,L_C_emb:none;L_C_grad:none,1.770461903305378,0.5369166666666667,LIC,,full_dynfl,8.405508255138523,0.0,0.0,8.0,0.0,4,,28.09987870238821,0,0.0,none,packet_protection
,3,3,54,60.926568,,4,0.0,False,,True,True,True,True,True,True,0,0.0,0,True,3,L_C_emb:none;L_C_grad:none,0.6943280485130395,0.53635,LIC,,full_dynfl,7.926452164629678,0.0,0.0,8.0,0.0,4,,26.401546175384517,0,0.0,none,packet_protection
,3,3,55,89.453136,,5,0.0,False,,True,True,True,True,False,True,0,0.0,0,True,3,L_E_upd:none,2.4836273737631887,0.948,LIIE,,full_dynfl,8.245994489524959,0.0,0.0,8.0,0.58,4,,15.256549025741716,0,0.0,none,packet_protection
,3,3,56,60.926568,,6,0.0,False,,True,True,True,True,True,True,0,0.0,0,True,3,L_C_emb:none;L_C_grad:none,1.8118084234022185,0.5372,LIC,,full_dynfl,6.776323580672731,0.0,0.0,8.0,0.0,4,,21.198165736255152,0,0.0,none,packet_protection
,3,3,57,60.926568,,7,0.0,False,,True,True,True,True,True,True,0,0.0,0,True,3,L_C_emb:none;L_C_grad:none,2.3077190009814617,0.5369166666666667,LIC,,full_dynfl,7.789810458193982,0.0,0.0,8.0,0.0,4,,23.46270459980613,0,0.0,none,packet_protection
,3,3,58,60.926568,,8,0.0,False,,True,True,True,True,True,True,0,0.0,0,True,3,L_C_emb:none;L_C_grad:none,1.8813699941523465,0.5374833333333333,LIC,,full_dynfl,7.158319014501542,0.0,0.0,8.0,0.0,4,,25.205370935269414,0,0.0,none,packet_protection
,3,3,59,60.926568,,9,0.0,False,,True,True,True,True,True,True,0,0.0,0,True,3,L_E_emb:none;L_E_grad:none,1.0079643620644898,0.5697,LIE,,full_dynfl,3.898760398813727,0.0,0.0,8.0,0.0,4,,10.694184121354654,0,0.0,none,packet_protection
,3,3,60,60.926568,,0,0.0,False,,True,True,True,True,True,True,0,0.0,0,True,3,L_C_emb:none;L_C_grad:none,0.915367883433331,0.5372,LIC,,full_dynfl,8.967422060213297,0.0,0.0,8.0,0.0,4,,31.014772576482002,0,0.0,none,packet_protection
,3,3,61,60.926568,,1,0.0,False,,True,True,True,True,True,True,0,0.0,0,True,3,L_E_emb:none;L_E_grad:none,1.663020517394065,0.5682,LIE,,full_dynfl,4.129404157780063,0.0,1.0030252006626594,6.996974799337341,0.0,4,,10.881033592400716,0,1.0030252006626594,none,packet_protection
,3,3,62,60.926568,,2,0.0,False,,True,True,True,True,True,True,0,0.0,0,True,3,L_C_emb:none;L_C_grad:none,1.2711442061474538,0.5372,LIC,,full_dynfl,7.831311829604921,0.0,0.0,8.0,0.0,4,,29.108431128002735,0,0.0,none,packet_protection
,3,3,63,60.926568,,3,0.0,False,,True,True,True,True,True,True,0,0.0,0,True,3,L_C_emb:none;L_C_grad:none,1.4309148880902602,0.5369166666666667,LIC,,full_dynfl,7.486336028389741,0.0,0.0,8.0,0.0,4,,26.972499629317223,0,0.0,none,packet_protection
,3,3,64,60.926568,,4,0.0,False,,True,True,True,True,True,True,0,0.0,0,True,3,L_E_emb:none;L_E_grad:none,1.8405891045455842,0.5679,LIE,,full_dynfl,4.391353727284054,0.0,0.0,8.0,0.0,4,,13.114582354940225,0,0.0,none,packet_protection
,3,3,65,60.926568,,5,0.0,False,,True,True,True,True,True,True,0,0.0,0,True,3,L_C_emb:none;L_C_grad:none,0.8367898073613169,0.5372,LIC,,full_dynfl,6.943538757606521,0.0,0.0,8.0,0.0,4,,22.797375706442068,0,0.0,none,packet_protection
,3,3,66,60.926568,,6,0.0,False,,True,True,True,True,True,True,0,0.0,0,True,3,L_C_emb:none;L_C_grad:none,1.8093775561702643,0.5372,LIC,,full_dynfl,8.284525546516498,0.0,0.0,8.0,0.0,4,,25.015766503959423,0,0.0,none,packet_protection
,3,3,67,60.926568,,7,0.0,False,,True,True,True,True,True,True,0,0.0,0,True,3,L_C_emb:none;L_C_grad:none,1.7349815617663098,0.5369166666666667,LIC,,full_dynfl,7.921526327444483,0.0,0.0,8.0,0.0,4,,28.120779186556355,0,0.0,none,packet_protection
,3,3,68,60.926568,,8,0.0,False,,True,True,True,True,True,True,0,0.0,0,True,3,L_C_emb:none;L_C_grad:none,1.6746949941761489,0.5374833333333333,LIC,,full_dynfl,6.54610533647279,0.0,0.0,8.0,0.0,4,,22.267924675848032,0,0.0,none,packet_protection
,3,3,69,60.926568,,9,0.0,False,,True,True,True,True,True,True,0,0.0,0,True,3,L_C_emb:none;L_C_grad:none,0.9742087513577001,0.53805,LIC,,full_dynfl,7.165952564722253,0.0,0.0,8.0,0.0,4,,25.087687189915727,0,0.0,none,packet_protection
,3,3,70,60.926568,,0,0.0,False,,True,True,True,True,True,True,0,0.0,0,True,3,L_C_emb:none;L_C_grad:none,2.208645096509279,0.5372,LIC,,full_dynfl,7.913818466583838,0.0,0.0,8.0,0.0,4,,29.368815768902827,0,0.0,none,packet_protection
,3,3,71,60.926568,,1,0.0,False,,True,True,True,True,True,True,0,0.0,0,True,3,L_C_emb:none;L_C_grad:none,1.826628304645198,0.5366333333333334,LIC,,full_dynfl,7.717468566333517,0.0,0.0,8.0,0.0,4,,22.323961378814094,0,0.0,none,packet_protection
,3,3,72,60.926568,,2,0.0,False,,True,True,True,True,True,True,0,0.0,0,True,3,L_C_emb:none;L_C_grad:none,0.699842775864906,0.5372,LIC,,full_dynfl,8.236769624545824,0.0,0.0,8.0,0.0,4,,25.516518370538,0,0.0,none,packet_protection
,3,3,73,60.926568,,3,0.0,False,,True,True,True,True,True,True,0,0.0,0,True,3,L_C_emb:none;L_C_grad:none,1.949324494891817,0.5366333333333334,LIC,,full_dynfl,8.22440827924827,0.0,0.0,8.0,0.0,4,,29.213720281496396,0,0.0,none,packet_protection
,3,3,74,89.453136,,4,0.0,False,,True,True,True,True,False,True,0,0.0,0,True,3,L_E_upd:none,2.373369464974584,0.946,LIIE,,full_dynfl,8.1501320966976,0.0,1.2340224754307783,6.765977524569221,0.58,4,,16.256214191524673,0,1.2340224754307783,none,packet_protection
,3,3,75,60.926568,,5,0.0,False,,True,True,True,True,True,True,0,0.0,0,True,3,L_C_emb:none;L_C_grad:none,1.0329957754014922,0.5369166666666667,LIC,,full_dynfl,7.0551290317906545,0.0,0.0,8.0,0.0,4,,24.421263533587723,0,0.0,none,packet_protection
,3,3,76,60.926568,,6,0.0,False,,True,True,True,True,True,True,0,0.0,0,True,3,L_C_emb:none;L_C_grad:none,1.5225967874451976,0.5372,LIC,,full_dynfl,6.901214864273712,0.0,0.0,8.0,0.0,4,,21.705318631470284,0,0.0,none,packet_protection
,3,3,77,60.926568,,7,0.0,False,,True,True,True,True,True,True,0,0.0,0,True,3,L_C_emb:none;L_C_grad:none,0.7023509254444353,0.5369166666666667,LIC,,full_dynfl,6.453211718366053,0.0,0.0,8.0,0.0,4,,21.896408115396788,0,0.0,none,packet_protection
,3,3,78,60.926568,,8,0.0,False,,True,True,True,True,True,True,0,0.0,0,True,3,L_C_emb:none;L_C_grad:none,2.1302373664638856,0.5374833333333333,LIC,,full_dynfl,8.103818187030713,0.0,0.7083830446759496,7.29161695532405,0.0,4,,23.284630954684808,0,0.7083830446759496,none,packet_protection
,3,3,79,60.926568,,9,0.0,False,,True,True,True,True,True,True,0,0.0,0,True,3,L_C_emb:none;L_C_grad:none,1.5075545469820644,0.53805,LIC,,full_dynfl,8.994601948758097,0.0,0.0,8.0,0.0,4,,30.226740443705438,0,0.0,none,packet_protection
,3,3,80,60.926568,,0,0.0,False,,True,True,True,True,True,True,0,0.0,0,True,3,L_C_emb:none;L_C_grad:none,1.8296725957303435,0.5372,LIC,,full_dynfl,8.138687691691851,0.0,0.0,8.0,0.0,4,,27.84560406665608,0,0.0,none,packet_protection
,3,3,81,60.926568,,1,0.0,False,,True,True,True,True,True,True,0,0.0,0,True,3,L_C_emb:none;L_C_grad:none,2.550842491022395,0.5366333333333334,LIC,,full_dynfl,7.334338018272081,0.0,0.0,8.0,0.0,4,,27.459341316924366,0,0.0,none,packet_protection
,3,3,82,60.926568,,2,0.0,False,,True,True,True,True,True,True,0,0.0,0,True,3,L_C_emb:none;L_C_grad:none,1.2161122283893053,0.5372,LIC,,full_dynfl,7.745911607628914,0.0,0.0,8.0,0.0,4,,29.7196235477263,0,0.0,none,packet_protection
,3,3,83,60.926568,,3,0.0,False,,True,True,True,True,True,True,0,0.0,0,True,3,L_E_emb:none;L_E_grad:none,1.4318254026176642,0.5682,LIE,,full_dynfl,4.381606863861014,0.0,1.0107167651651014,6.9892832348348986,0.0,4,,11.79736217793101,0,1.0107167651651014,none,packet_protection
,3,3,84,89.453136,,4,0.0,False,,True,True,True,True,False,True,0,0.0,0,True,3,L_E_upd:none,2.1478191071057733,0.946,LIIE,,full_dynfl,9.848192282579635,0.0,0.0,8.0,0.58,4,,19.504935761284447,0,0.0,none,packet_protection
,3,3,85,60.926568,,5,0.0,False,,True,True,True,True,True,True,0,0.0,0,True,3,L_C_emb:none;L_C_grad:none,0.9260925662709386,0.5369166666666667,LIC,,full_dynfl,7.834905425317715,0.0,0.0,8.0,0.0,4,,29.3825508561527,0,0.0,none,packet_protection
,3,3,86,60.926568,,6,0.0,False,,True,True,True,True,True,True,0,0.0,0,True,3,L_C_emb:none;L_C_grad:none,1.7996014940214557,0.5372,LIC,,full_dynfl,8.390562233151364,0.0,0.0,8.0,0.0,4,,30.144209184278655,0,0.0,none,packet_protection
,3,3,87,60.926568,,7,0.0,False,,True,True,True,True,True,True,0,0.0,0,True,3,L_C_emb:none;L_C_grad:none,2.474420304413817,0.5369166666666667,LIC,,full_dynfl,7.355736631523131,0.0,0.0,8.0,0.0,4,,23.359035967388756,0,0.0,none,packet_protection
,3,3,88,60.926568,,8,0.0,False,,True,True,True,True,True,True,0,0.0,0,True,3,L_C_emb:none;L_C_grad:none,2.3858028244505176,0.5374833333333333,LIC,,full_dynfl,7.666451300847983,0.0,0.0,8.0,0.0,4,,24.868104988961022,0,0.0,none,packet_protection
,3,3,89,60.926568,,9,0.0,False,,True,True,True,True,True,True,0,0.0,0,True,3,L_C_emb:none;L_C_grad:none,1.3705276667987023,0.53805,LIC,,full_dynfl,7.4396770401668455,0.0,0.0,8.0,0.0,4,,22.999686892106578,0,0.0,none,packet_protection
,3,3,90,60.926568,,0,0.0,False,,True,True,True,True,True,True,0,0.0,0,True,3,L_C_emb:none;L_C_grad:none,2.4332702580801087,0.5369166666666667,LIC,,full_dynfl,7.331584796472894,0.0,0.0,8.0,0.0,4,,23.06338561329295,0,0.0,none,packet_protection
6.806742910856857,3,3,91,404.32817471999994,,1,0.30276975022285013,False,,True,True,True,True,True,True,0,0.0,0,True,3,L_E_upd:dp_he3,1.0364106472173031,0.9464999999999999,LIIE,,full_dynfl,69.4026417216212,0.0,1.0185653003716746,6.981434699628325,0.0464,4,6.806742910856857,79.5967548840975,1,1.0185653003716746,dp_he3,packet_protection
,3,3,92,60.926568,,2,0.0,False,,True,True,True,True,True,True,0,0.0,0,True,3,L_C_emb:none;L_C_grad:none,1.7756584058061933,0.5372,LIC,,full_dynfl,7.7048497445678406,0.0,0.0,8.0,0.0,4,,25.609265572587304,0,0.0,none,packet_protection
,3,3,93,404.32817471999994,,3,0.0,False,,True,True,True,True,True,True,0,0.0,0,True,3,L_E_upd:he3,1.2763035970769345,0.947,LIIE,,full_dynfl,63.971570830209345,0.0,0.0,8.0,0.0696,4,,77.50730297902693,0,0.0,he3,packet_protection
,3,3,94,89.453136,,4,0.0,False,,True,True,True,True,False,True,0,0.0,0,True,3,L_E_upd:none,1.022644065962914,0.946,LIIE,,full_dynfl,9.040132817451292,0.0,1.0030252006626594,6.996974799337341,0.58,4,,17.602445800840826,0,1.0030252006626594,none,packet_protection
,3,3,95,60.926568,,5,0.0,False,,True,True,True,True,True,True,0,0.0,0,True,3,L_C_emb:none;L_C_grad:none,2.386951937299487,0.5369166666666667,LIC,,full_dynfl,7.797894903539519,0.0,0.7120514785069132,7.287948521493087,0.0,4,,23.58164204287047,0,0.7120514785069132,none,packet_protection
,3,3,96,60.926568,,6,0.0,False,,True,True,True,True,True,True,0,0.0,0,True,3,L_C_emb:none;L_C_grad:none,1.0407947296407267,0.5369166666666667,LIC,,full_dynfl,7.105005738719241,0.0,0.0,8.0,0.0,4,,24.38185528791567,0,0.0,none,packet_protection
,3,3,97,404.32817471999994,,7,0.0,False,,True,True,True,True,True,True,0,0.0,0,True,3,L_E_upd:he3,1.2270978966466777,0.9464999999999999,LIIE,,full_dynfl,71.90788090784393,0.0,0.7047879795216052,7.295212020478395,0.0696,4,,82.44661964268258,0,0.7047879795216052,he3,packet_protection
,3,3,98,60.926568,,8,0.0,False,,True,True,True,True,True,True,0,0.0,0,True,3,L_C_emb:none;L_C_grad:none,0.8571687012908544,0.5372,LIC,,full_dynfl,7.269532924984314,0.0,0.0,8.0,0.0,4,,23.939952895815885,0,0.0,none,packet_protection
,3,3,99,89.453136,,9,0.0,False,,True,True,True,True,False,True,0,0.0,0,True,3,L_E_upd:none,1.5665195180963505,0.9495,LIIE,,full_dynfl,10.961797987514888,0.0,0.0,8.0,0.58,4,,19.00791277020235,0,0.0,none,packet_protection
,3,3,0,60.926568,,0,0.0,False,,True,True,True,True,True,True,0,0.0,0,True,3,L_C_emb:none;L_C_grad:none,2.4526825050714955,0.5372,LIC,,full_dynfl,7.365746573743534,0.0,0.0,8.0,0.0,5,,23.74422200184609,0,0.0,none,packet_protection
,3,3,1,60.926568,,1,0.0,False,,True,True,True,True,True,True,0,0.0,0,True,3,L_C_emb:none;L_C_grad:none,2.020729936082863,0.5369166666666667,LIC,,full_dynfl,7.332365974318453,0.0,0.0,8.0,0.0,5,,22.905092607388596,0,0.0,none,packet_protection
,3,3,2,60.926568,,2,0.0,False,,True,True,True,True,True,True,0,0.0,0,True,3,L_C_emb:none;L_C_grad:none,1.380488196284812,0.5374833333333333,LIC,,full_dynfl,7.605160949794721,0.0,0.0,8.0,0.0,5,,22.159855417413198,0,0.0,none,packet_protection
,3,3,3,60.926568,,3,0.0,False,,True,True,True,True,True,True,0,0.0,0,True,3,L_C_emb:none;L_C_grad:none,1.7431799468753328,0.5372,LIC,,full_dynfl,7.966414652613196,0.0,0.0,8.0,0.0,5,,28.86329401452413,0,0.0,none,packet_protection
,3,3,4,60.926568,,4,0.0,False,,True,True,True,True,True,True,0,0.0,0,True,3,L_E_emb:none;L_E_grad:none,1.0840160768825502,0.5679,LIE,,full_dynfl,4.021335913727814,0.0,0.0,8.0,0.0,5,,13.118900068268992,0,0.0,none,packet_protection
,3,3,5,60.926568,,5,0.0,False,,True,True,True,True,True,True,0,0.0,0,True,3,L_C_emb:none;L_C_grad:none,0.782682067956915,0.5372,LIC,,full_dynfl,6.972940977404366,0.0,0.0,8.0,0.0,5,,21.671534246628283,0,0.0,none,packet_protection
,3,3,6,60.926568,,6,0.0,False,,True,True,True,True,True,True,0,0.0,0,True,3,L_C_emb:none;L_C_grad:none,2.6303355215731377,0.5372,LIC,,full_dynfl,7.892282526076382,0.0,0.0,8.0,0.0,5,,30.226155296169384,0,0.0,none,packet_protection
,3,3,7,60.926568,,7,0.0,False,,True,True,True,True,True,True,0,0.0,0,True,3,L_E_emb:none;L_E_grad:none,2.053595733538623,0.5685,LIE,,full_dynfl,4.216076696448038,0.0,0.0,8.0,0.0,5,,13.450480607726707,0,0.0,none,packet_protection
,3,3,8,60.926568,,8,0.0,False,,True,True,True,True,True,True,0,0.0,0,True,3,L_C_emb:none;L_C_grad:none,0.8725715355944437,0.5377666666666666,LIC,,full_dynfl,7.510674045740649,0.0,0.0,8.0,0.0,5,,22.473706276282083,0,0.0,none,packet_protection
,3,3,9,60.926568,,9,0.0,False,,True,True,True,True,True,True,0,0.0,0,True,3,L_C_emb:none;L_C_grad:none,1.3144213466357852,0.5383333333333333,LIC,,full_dynfl,8.12490569415991,0.0,0.0,8.0,0.0,5,,25.50187600286137,0,0.0,none,packet_protection
,3,3,10,60.926568,,0,0.0,False,,True,True,True,True,True,True,0,0.0,0,True,3,L_E_emb:none;L_E_grad:none,0.9864894286034035,0.5688,LIE,,full_dynfl,4.779649418967763,0.0,0.7120514785069132,7.287948521493087,0.0,5,,13.108350488124865,0,0.7120514785069132,none,packet_protection
6.736204811283719,3,3,11,89.453136,,1,0.723403622304863,False,,True,True,True,True,True,True,0,0.0,0,True,3,L_E_upd:dp,2.0833708586033586,0.947,LIIE,,full_dynfl,8.909007761850884,0.0,0.723403622304863,7.276596377695137,0.24359999999999998,5,6.736204811283719,15.650898972436165,1,0.723403622304863,dp,packet_protection
,3,3,12,60.926568,,2,0.0,False,,True,True,True,True,True,True,0,0.0,0,True,3,L_C_emb:none;L_C_grad:none,2.67780451323768,0.5372,LIC,,full_dynfl,7.565489296858166,0.0,0.0,8.0,0.0,5,,25.974851992179467,0,0.0,none,packet_protection
,3,3,13,60.926568,,3,0.0,False,,True,True,True,True,True,True,0,0.0,0,True,3,L_C_emb:none;L_C_grad:none,1.7205665385753408,0.5369166666666667,LIC,,full_dynfl,8.489108331638963,0.0,0.0,8.0,0.0,5,,26.795552476936976,0,0.0,none,packet_protection
,3,3,14,60.926568,,4,0.0,False,,True,True,True,True,True,True,0,0.0,0,True,3,L_C_emb:none;L_C_grad:none,1.9087855950561639,0.53635,LIC,,full_dynfl,7.236708687870905,0.0,0.0,8.0,0.0,5,,22.89677687962508,0,0.0,none,packet_protection
,3,3,15,60.926568,,5,0.0,False,,True,True,True,True,True,True,0,0.0,0,True,3,L_C_emb:none;L_C_grad:none,1.9130126015396856,0.5372,LIC,,full_dynfl,7.010987968631497,0.0,0.0,8.0,0.0,5,,21.862665647116184,0,0.0,none,packet_protection
,3,3,16,60.926568,,6,0.0,False,,True,True,True,True,True,True,0,0.0,0,True,3,L_C_emb:none;L_C_grad:none,1.1628149379732393,0.5372,LIC,,full_dynfl,7.664081605158742,0.0,0.0,8.0,0.0,5,,28.515176830824608,0,0.0,none,packet_protection
,3,3,17,404.32817471999994,,7,0.0,False,,True,True,True,True,True,True,0,0.0,0,True,3,L_E_upd:he3,2.6565711564792376,0.9474999999999999,LIIE,,full_dynfl,59.69047752248223,0.0,0.7047879795216052,7.295212020478395,0.0696,5,,71.2597272516514,0,0.7047879795216052,he3,packet_protection
,3,3,18,60.926568,,8,0.0,False,,True,True,True,True,True,True,0,0.0,0,True,3,L_C_emb:none;L_C_grad:none,1.5926943326530782,0.5377666666666666,LIC,,full_dynfl,7.478367423109421,0.0,0.0,8.0,0.0,5,,25.789989927708056,0,0.0,none,packet_protection
,3,3,19,60.926568,,9,0.0,False,,True,True,True,True,True,True,0,0.0,0,True,3,L_C_emb:none;L_C_grad:none,2.676393350591775,0.5383333333333333,LIC,,full_dynfl,8.48026610323348,0.0,0.0,8.0,0.0,5,,26.670336969109186,0,0.0,none,packet_protection
,3,3,20,60.926568,,0,0.0,False,,True,True,True,True,True,True,0,0.0,0,True,3,L_C_emb:none;L_C_grad:none,0.750197009233797,0.5372,LIC,,full_dynfl,7.380979184289198,0.0,0.0,8.0,0.0,5,,27.711111783945626,0,0.0,none,packet_protection
,3,3,21,89.453136,,1,0.0,False,,True,True,True,True,False,True,0,0.0,0,True,3,L_E_upd:none,1.0533693839806015,0.947,LIIE,,full_dynfl,8.866173264633588,0.0,0.0,8.0,0.58,5,,18.789245225538906,0,0.0,none,packet_protection
,3,3,22,60.926568,,2,0.0,False,,True,True,True,True,True,True,0,0.0,0,True,3,L_C_emb:none;L_C_grad:none,2.162089858147671,0.5372,LIC,,full_dynfl,6.704794104827624,0.0,0.0,8.0,0.0,5,,22.60414470969602,0,0.0,none,packet_protection
,3,3,23,60.926568,,3,0.0,False,,True,True,True,True,True,True,0,0.0,0,True,3,L_C_emb:none;L_C_grad:none,1.5216668391258723,0.5369166666666667,LIC,,full_dynfl,7.378949696362172,0.0,0.0,8.0,0.0,5,,26.2163384600234,0,0.0,none,packet_protection
,3,3,24,60.926568,,4,0.0,False,,True,True,True,True,True,True,0,0.0,0,True,3,L_C_emb:none;L_C_grad:none,2.509690730837996,0.53635,LIC,,full_dynfl,7.975827398518183,0.0,0.0,8.0,0.0,5,,29.876949686423316,0,0.0,none,packet_protection
,3,3,25,60.926568,,5,0.0,False,,True,True,True,True,True,True,0,0.0,0,True,3,L_C_emb:none;L_C_grad:none,2.141894505673916,0.5372,LIC,,full_dynfl,7.937673662738203,0.0,0.0,8.0,0.0,5,,28.725001528788045,0,0.0,none,packet_protection
,3,3,26,60.926568,,6,0.0,False,,True,True,True,True,True,True,0,0.0,0,True,3,L_C_emb:none;L_C_grad:none,2.6156949390605306,0.5372,LIC,,full_dynfl,7.904353170596531,0.0,0.0,8.0,0.0,5,,27.241757205755185,0,0.0,none,packet_protection
,3,3,27,60.926568,,7,0.0,False,,True,True,True,True,True,True,0,0.0,0,True,3,L_C_emb:none;L_C_grad:none,1.3581486205054942,0.5369166666666667,LIC,,full_dynfl,7.619251717449116,0.0,0.0,8.0,0.0,5,,22.347251117521704,0,0.0,none,packet_protection
,3,3,28,60.926568,,8,0.0,False,,True,True,True,True,True,True,0,0.0,0,True,3,L_C_emb:none;L_C_grad:none,1.0529798758229736,0.5374833333333333,LIC,,full_dynfl,8.118210264490564,0.0,0.0,8.0,0.0,5,,26.547865273437065,0,0.0,none,packet_protection
,3,3,29,60.926568,,9,0.0,False,,True,True,True,True,True,True,0,0.0,0,True,3,L_C_emb:none;L_C_grad:none,1.5238328230436504,0.5383333333333333,LIC,,full_dynfl,8.35534153014378,0.0,0.0,8.0,0.0,5,,30.657224094889976,0,0.0,none,packet_protection
,3,3,30,60.926568,,0,0.0,False,,True,True,True,True,True,True,0,0.0,0,True,3,L_C_emb:none;L_C_grad:none,1.304595337452328,0.5372,LIC,,full_dynfl,8.732199953098716,0.0,0.7083830446759496,7.29161695532405,0.0,5,,30.199823091597843,0,0.7083830446759496,none,packet_protection
,3,3,31,60.926568,,1,0.0,False,,True,True,True,True,True,True,0,0.0,0,True,3,L_C_emb:none;L_C_grad:none,2.2969552434688674,0.5366333333333334,LIC,,full_dynfl,7.9879161118083974,0.0,0.0,8.0,0.0,5,,23.77772550677119,0,0.0,none,packet_protection
,3,3,32,60.926568,,2,0.0,False,,True,True,True,True,True,True,0,0.0,0,True,3,L_C_emb:none;L_C_grad:none,0.759725880596146,0.5372,LIC,,full_dynfl,7.655043307316356,0.0,0.0,8.0,0.0,5,,28.262273270049704,0,0.0,none,packet_protection
,3,3,33,60.926568,,3,0.0,False,,True,True,True,True,True,True,0,0.0,0,True,3,L_E_emb:none;L_E_grad:none,1.0040228730641931,0.5685,LIE,,full_dynfl,4.197514455560612,0.0,0.0,8.0,0.0,5,,12.087647490542409,0,0.0,none,packet_protection
,3,3,34,60.926568,,4,0.0,False,,True,True,True,True,True,True,0,0.0,0,True,3,L_E_emb:none;L_E_grad:none,1.4720682121450308,0.5679,LIE,,full_dynfl,4.088006259446098,0.0,1.0185653003716746,6.981434699628325,0.0,5,,13.003194980668827,0,1.0185653003716746,none,packet_protection
,3,3,35,60.926568,,5,0.0,False,,True,True,True,True,True,True,0,0.0,0,True,3,L_C_emb:none;L_C_grad:none,2.1366723680721345,0.5372,LIC,,full_dynfl,8.026276257174038,0.0,0.0,8.0,0.0,5,,30.192946774989288,0,0.0,none,packet_protection
,3,3,36,60.926568,,6,0.0,False,,True,True,True,True,True,True,0,0.0,0,True,3,L_C_emb:none;L_C_grad:none,1.9282823167918586,0.5372,LIC,,full_dynfl,6.458611370074103,0.0,0.7157955501488245,7.284204449851176,0.0,5,,20.829332415354344,0,0.7157955501488245,none,packet_protection
,3,3,37,60.926568,,7,0.0,False,,True,True,True,True,True,True,0,0.0,0,True,3,L_C_emb:none;L_C_grad:none,1.192260315036407,0.5369166666666667,LIC,,full_dynfl,7.500916129736638,0.0,0.0,8.0,0.0,5,,26.548025763619663,0,0.0,none,packet_protection
,3,3,38,60.926568,,8,0.0,False,,True,True,True,True,True,True,0,0.0,0,True,3,L_C_emb:none;L_C_grad:none,2.5502852751622296,0.5374833333333333,LIC,,full_dynfl,7.43135104905415,0.0,0.0,8.0,0.0,5,,26.002201780294197,0,0.0,none,packet_protection
6.736204811283719,3,3,39,89.453136,,9,0.723403622304863,False,,True,True,True,True,True,True,0,0.0,0,True,3,L_E_upd:dp,1.2461187749535723,0.95,LIIE,,full_dynfl,9.415931907657145,0.0,0.723403622304863,7.276596377695137,0.24359999999999998,5,6.736204811283719,15.998275312931444,1,0.723403622304863,dp,packet_protection
,3,3,40,60.926568,,0,0.0,False,,True,True,True,True,True,True,0,0.0,0,True,3,L_C_emb:none;L_C_grad:none,1.718281661052106,0.5372,LIC,,full_dynfl,7.343303779652946,0.0,0.0,8.0,0.0,5,,22.663108297247042,0,0.0,none,packet_protection
,3,3,41,60.926568,,1,0.0,False,,True,True,True,True,True,True,0,0.0,0,True,3,L_C_emb:none;L_C_grad:none,1.2035142721899799,0.5366333333333334,LIC,,full_dynfl,6.917454916615255,0.0,0.0,8.0,0.0,5,,21.37724414123509,0,0.0,none,packet_protection
,3,3,42,60.926568,,2,0.0,False,,True,True,True,True,True,True,0,0.0,0,True,3,L_C_emb:none;L_C_grad:none,1.0518635048612208,0.5372,LIC,,full_dynfl,7.42767468758186,0.0,0.0,8.0,0.0,5,,26.679246372497317,0,0.0,none,packet_protection
,3,3,43,60.926568,,3,0.0,False,,True,True,True,True,True,True,0,0.0,0,True,3,L_C_emb:none;L_C_grad:none,2.157731341345857,0.5369166666666667,LIC,,full_dynfl,7.324579687277118,0.0,0.0,8.0,0.0,5,,26.757887236089104,0,0.0,none,packet_protection
,3,3,44,60.926568,,4,0.0,False,,True,True,True,True,True,True,0,0.0,0,True,3,L_C_emb:none;L_C_grad:none,1.8939537747589035,0.53635,LIC,,full_dynfl,7.7517116254532725,0.0,0.0,8.0,0.0,5,,23.415169023448478,0,0.0,none,packet_protection
,3,3,45,60.926568,,5,0.0,False,,True,True,True,True,True,True,0,0.0,0,True,3,L_C_emb:none;L_C_grad:none,2.1894368395630277,0.5372,LIC,,full_dynfl,6.77414096515749,0.0,0.0,8.0,0.0,5,,22.473367252461415,0,0.0,none,packet_protection
,3,3,46,60.926568,,6,0.0,False,,True,True,True,True,True,True,0,0.0,0,True,3,L_E_emb:none;L_E_grad:none,0.8664658783201349,0.5688,LIE,,full_dynfl,4.831248442351653,0.0,0.0,8.0,0.0,5,,12.49126338172784,0,0.0,none,packet_protection
,3,3,47,60.926568,,7,0.0,False,,True,True,True,True,True,True,0,0.0,0,True,3,L_C_emb:none;L_C_grad:none,1.2106043506675663,0.5369166666666667,LIC,,full_dynfl,7.612073719840217,0.0,0.0,8.0,0.0,5,,23.942845698068417,0,0.0,none,packet_protection
,3,3,48,60.926568,,8,0.0,False,,True,True,True,True,True,True,0,0.0,0,True,3,L_C_emb:none;L_C_grad:none,1.8872330715439818,0.5374833333333333,LIC,,full_dynfl,8.013354760570275,0.0,0.0,8.0,0.0,5,,25.725680708364138,0,0.0,none,packet_protection
,3,3,49,60.926568,,9,0.0,False,,True,True,True,True,True,True,0,0.0,0,True,3,L_C_emb:none;L_C_grad:none,2.6414699298711724,0.53805,LIC,,full_dynfl,7.144128174032308,0.0,0.0,8.0,0.0,5,,24.773575549128896,0,0.0,none,packet_protection
,3,3,50,60.926568,,0,0.0,False,,True,True,True,True,True,True,0,0.0,0,True,3,L_C_emb:none;L_C_grad:none,2.357294402957413,0.5372,LIC,,full_dynfl,7.550307111237244,0.0,0.0,8.0,0.0,5,,24.45672815642437,0,0.0,none,packet_protection
,3,3,51,60.926568,,1,0.0,False,,True,True,True,True,True,True,0,0.0,0,True,3,L_C_emb:none;L_C_grad:none,1.5496570969226762,0.5366333333333334,LIC,,full_dynfl,7.18214223543611,0.0,0.0,8.0,0.0,5,,25.084431143581057,0,0.0,none,packet_protection
,3,3,52,60.926568,,2,0.0,False,,True,True,True,True,True,True,0,0.0,0,True,3,L_C_emb:none;L_C_grad:none,0.9663577124967927,0.5372,LIC,,full_dynfl,8.014781367503405,0.0,0.7196158649973157,7.280384135002684,0.0,5,,29.56553817893181,0,0.7196158649973157,none,packet_protection
,3,3,53,60.926568,,3,0.0,False,,True,True,True,True,True,True,0,0.0,0,True,3,L_C_emb:none;L_C_grad:none,1.770461903305378,0.5369166666666667,LIC,,full_dynfl,6.985404935641389,0.0,0.0,8.0,0.0,5,,22.639799834619282,0,0.0,none,packet_protection
,3,3,54,60.926568,,4,0.0,False,,True,True,True,True,True,True,0,0.0,0,True,3,L_C_emb:none;L_C_grad:none,0.6943280485130395,0.53635,LIC,,full_dynfl,8.020630223946917,0.0,0.0,8.0,0.0,5,,28.28015160755164,0,0.0,none,packet_protection
,3,3,55,60.926568,,5,0.0,False,,True,True,True,True,True,True,0,0.0,0,True,3,L_C_emb:none;L_C_grad:none,2.4836273737631887,0.5372,LIC,,full_dynfl,8.162482901222289,0.0,0.0,8.0,0.0,5,,27.498773918550185,0,0.0,none,packet_protection
6.736204811283719,3,3,56,404.32817471999994,,6,0.723403622304863,False,,True,True,True,True,True,True,0,0.0,0,True,3,L_E_upd:dp_he3,1.8118084234022185,0.948,LIIE,,full_dynfl,60.94945109860286,0.0,0.723403622304863,7.276596377695137,0.0464,5,6.736204811283719,72.56222873333219,1,0.723403622304863,dp_he3,packet_protection
,3,3,57,60.926568,,7,0.0,False,,True,True,True,True,True,True,0,0.0,0,True,3,L_C_emb:none;L_C_grad:none,2.3077190009814617,0.5369166666666667,LIC,,full_dynfl,7.389361303759569,0.0,0.0,8.0,0.0,5,,27.437537428477476,0,0.0,none,packet_protection
,3,3,58,60.926568,,8,0.0,False,,True,True,True,True,True,True,0,0.0,0,True,3,L_C_emb:none;L_C_grad:none,1.8813699941523465,0.5374833333333333,LIC,,full_dynfl,8.025766472940175,0.0,0.0,8.0,0.0,5,,27.322076008425732,0,0.0,none,packet_protection
,3,3,59,60.926568,,9,0.0,False,,True,True,True,True,True,True,0,0.0,0,True,3,L_C_emb:none;L_C_grad:none,1.0079643620644898,0.53805,LIC,,full_dynfl,7.941807741543855,0.0,0.0,8.0,0.0,5,,28.309251558019255,0,0.0,none,packet_protection
,3,3,60,60.926568,,0,0.0,False,,True,True,True,True,True,True,0,0.0,0,True,3,L_C_emb:none;L_C_grad:none,0.915367883433331,0.5372,LIC,,full_dynfl,7.271178721754122,0.0,0.0,8.0,0.0,5,,22.909452575986855,0,0.0,none,packet_protection
,3,3,61,60.926568,,1,0.0,False,,True,True,True,True,True,True,0,0.0,0,True,3,L_C_emb:none;L_C_grad:none,1.663020517394065,0.5366333333333334,LIC,,full_dynfl,6.69292107145813,0.0,1.0030252006626594,6.996974799337341,0.0,5,,21.249801650697375,0,1.0030252006626594,none,packet_protection
,3,3,62,60.926568,,2,0.0,False,,True,True,True,True,True,True,0,0.0,0,True,3,L_C_emb:none;L_C_grad:none,1.2711442061474538,0.5372,LIC,,full_dynfl,7.146119134343944,0.0,0.0,8.0,0.0,5,,24.835032172774504,0,0.0,none,packet_protection
,3,3,63,60.926568,,3,0.0,False,,True,True,True,True,True,True,0,0.0,0,True,3,L_C_emb:none;L_C_grad:none,1.4309148880902602,0.5369166666666667,LIC,,full_dynfl,8.600836861305822,0.0,0.0,8.0,0.0,5,,28.03756190085299,0,0.0,none,packet_protection
,3,3,64,60.926568,,4,0.0,False,,True,True,True,True,True,True,0,0.0,0,True,3,L_C_emb:none;L_C_grad:none,1.8405891045455842,0.53635,LIC,,full_dynfl,7.12461841883673,0.0,0.0,8.0,0.0,5,,24.630661435878345,0,0.0,none,packet_protection
,3,3,65,60.926568,,5,0.0,False,,True,True,True,True,True,True,0,0.0,0,True,3,L_C_emb:none;L_C_grad:none,0.8367898073613169,0.5372,LIC,,full_dynfl,7.138075617339488,0.0,0.0,8.0,0.0,5,,21.46040350379873,0,0.0,none,packet_protection
,3,3,66,404.32817471999994,,6,0.0,False,,True,True,True,True,True,True,0,0.0,0,True,3,L_E_upd:he3,1.8093775561702643,0.948,LIIE,,full_dynfl,69.8177155717193,0.0,0.0,8.0,0.0696,5,,80.22359860920163,0,0.0,he3,packet_protection
,3,3,67,60.926568,,7,0.0,False,,True,True,True,True,True,True,0,0.0,0,True,3,L_C_emb:none;L_C_grad:none,1.7349815617663098,0.5369166666666667,LIC,,full_dynfl,8.74191842564045,0.0,0.0,8.0,0.0,5,,28.038376561811653,0,0.0,none,packet_protection
,3,3,68,60.926568,,8,0.0,False,,True,True,True,True,True,True,0,0.0,0,True,3,L_C_emb:none;L_C_grad:none,1.6746949941761489,0.5374833333333333,LIC,,full_dynfl,7.494401420128522,0.0,0.0,8.0,0.0,5,,25.29336686296005,0,0.0,none,packet_protection
,3,3,69,60.926568,,9,0.0,False,,True,True,True,True,True,True,0,0.0,0,True,3,L_C_emb:none;L_C_grad:none,0.9742087513577001,0.53805,LIC,,full_dynfl,7.737250794502805,0.0,0.0,8.0,0.0,5,,23.263919444925477,0,0.0,none,packet_protection
,3,3,70,60.926568,,0,0.0,False,,True,True,True,True,True,True,0,0.0,0,True,3,L_C_emb:none;L_C_grad:none,2.208645096509279,0.5372,LIC,,full_dynfl,8.3496479271541,0.0,0.0,8.0,0.0,5,,27.931300981228866,0,0.0,none,packet_protection
,3,3,71,60.926568,,1,0.0,False,,True,True,True,True,True,True,0,0.0,0,True,3,L_C_emb:none;L_C_grad:none,1.826628304645198,0.5366333333333334,LIC,,full_dynfl,6.991285899543778,0.0,0.0,8.0,0.0,5,,24.016130920302444,0,0.0,none,packet_protection
,3,3,72,60.926568,,2,0.0,False,,True,True,True,True,True,True,0,0.0,0,True,3,L_C_emb:none;L_C_grad:none,0.699842775864906,0.5372,LIC,,full_dynfl,7.390503307600188,0.0,0.0,8.0,0.0,5,,26.433875816228305,0,0.0,none,packet_protection
,3,3,73,60.926568,,3,0.0,False,,True,True,True,True,True,True,0,0.0,0,True,3,L_C_emb:none;L_C_grad:none,1.949324494891817,0.5366333333333334,LIC,,full_dynfl,6.900018774531205,0.0,0.0,8.0,0.0,5,,21.68782299597766,0,0.0,none,packet_protection
6.839579722691559,3,3,74,89.453136,,4,0.20087008508631032,False,,True,True,True,True,True,True,0,0.0,0,True,3,L_E_upd:dp,2.373369464974584,0.946,LIIE,,full_dynfl,10.283036434789457,0.0,1.4348925605170886,6.565107439482912,0.24359999999999998,5,6.839579722691559,18.69782023985251,1,1.4348925605170886,dp,packet_protection
,3,3,75,60.926568,,5,0.0,False,,True,True,True,True,True,True,0,0.0,0,True,3,L_C_emb:none;L_C_grad:none,1.0329957754014922,0.5369166666666667,LIC,,full_dynfl,8.151862002391375,0.0,0.0,8.0,0.0,5,,30.51290533401154,0,0.0,none,packet_protection
,3,3,76,60.926568,,6,0.0,False,,True,True,True,True,True,True,0,0.0,0,True,3,L_C_emb:none;L_C_grad:none,1.5225967874451976,0.5372,LIC,,full_dynfl,6.829747401685365,0.0,0.0,8.0,0.0,5,,22.950054324189814,0,0.0,none,packet_protection
,3,3,77,60.926568,,7,0.0,False,,True,True,True,True,True,True,0,0.0,0,True,3,L_C_emb:none;L_C_grad:none,0.7023509254444353,0.5369166666666667,LIC,,full_dynfl,6.944902983048065,0.0,0.0,8.0,0.0,5,,23.59258395368164,0,0.0,none,packet_protection
,3,3,78,60.926568,,8,0.0,False,,True,True,True,True,True,True,0,0.0,0,True,3,L_C_emb:none;L_C_grad:none,2.1302373664638856,0.5374833333333333,LIC,,full_dynfl,7.1723366940320075,0.0,0.7083830446759496,7.29161695532405,0.0,5,,25.809349923891,0,0.7083830446759496,none,packet_protection
,3,3,79,60.926568,,9,0.0,False,,True,True,True,True,True,True,0,0.0,0,True,3,L_C_emb:none;L_C_grad:none,1.5075545469820644,0.53805,LIC,,full_dynfl,7.892479231277277,0.0,0.0,8.0,0.0,5,,26.306734420358225,0,0.0,none,packet_protection
,3,3,80,60.926568,,0,0.0,False,,True,True,True,True,True,True,0,0.0,0,True,3,L_C_emb:none;L_C_grad:none,1.8296725957303435,0.5372,LIC,,full_dynfl,8.336026164643107,0.0,0.0,8.0,0.0,5,,29.407635880681838,0,0.0,none,packet_protection
,3,3,81,60.926568,,1,0.0,False,,True,True,True,True,True,True,0,0.0,0,True,3,L_C_emb:none;L_C_grad:none,2.550842491022395,0.5366333333333334,LIC,,full_dynfl,7.368881389381089,0.0,0.0,8.0,0.0,5,,25.78237578643124,0,0.0,none,packet_protection
,3,3,82,60.926568,,2,0.0,False,,True,True,True,True,True,True,0,0.0,0,True,3,L_C_emb:none;L_C_grad:none,1.2161122283893053,0.5372,LIC,,full_dynfl,6.9041279323856735,0.0,0.0,8.0,0.0,5,,24.740432484549952,0,0.0,none,packet_protection
,3,3,83,60.926568,,3,0.0,False,,True,True,True,True,True,True,0,0.0,0,True,3,L_C_emb:none;L_C_grad:none,1.4318254026176642,0.5366333333333334,LIC,,full_dynfl,6.7109978033513435,0.0,1.0107167651651014,6.9892832348348986,0.0,5,,21.02993907280325,0,1.0107167651651014,none,packet_protection
,3,3,84,89.453136,,4,0.0,False,,True,True,True,True,False,True,0,0.0,0,True,3,L_E_upd:none,2.1478191071057733,0.946,LIIE,,full_dynfl,9.70937954085683,0.0,0.0,8.0,0.58,5,,16.395363778992834,0,0.0,none,packet_protection
,3,3,85,60.926568,,5,0.0,False,,True,True,True,True,True,True,0,0.0,0,True,3,L_C_emb:none;L_C_grad:none,0.9260925662709386,0.5369166666666667,LIC,,full_dynfl,8.54451776126532,0.0,0.0,8.0,0.0,5,,28.808130982291424,0,0.0,none,packet_protection
,3,3,86,60.926568,,6,0.0,False,,True,True,True,True,True,True,0,0.0,0,True,3,L_C_emb:none;L_C_grad:none,1.7996014940214557,0.5372,LIC,,full_dynfl,6.50074710676452,0.0,0.0,8.0,0.0,5,,21.44044313027122,0,0.0,none,packet_protection
,3,3,87,60.926568,,7,0.0,False,,True,True,True,True,True,True,0,0.0,0,True,3,L_C_emb:none;L_C_grad:none,2.474420304413817,0.5369166666666667,LIC,,full_dynfl,8.332077886352181,0.0,0.0,8.0,0.0,5,,28.96947847878197,0,0.0,none,packet_protection
6.736204811283719,3,3,88,404.32817471999994,,8,0.723403622304863,False,,True,True,True,True,True,True,0,0.0,0,True,3,L_E_upd:dp_he3,2.3858028244505176,0.9484999999999999,LIIE,,full_dynfl,72.86017421446172,0.0,0.723403622304863,7.276596377695137,0.0464,5,6.736204811283719,84.54415844111006,1,0.723403622304863,dp_he3,packet_protection
,3,3,89,60.926568,,9,0.0,False,,True,True,True,True,True,True,0,0.0,0,True,3,L_C_emb:none;L_C_grad:none,1.3705276667987023,0.53805,LIC,,full_dynfl,7.189791851335516,0.0,0.0,8.0,0.0,5,,25.896309369777697,0,0.0,none,packet_protection
,3,3,90,60.926568,,0,0.0,False,,True,True,True,True,True,True,0,0.0,0,True,3,L_C_emb:none;L_C_grad:none,2.4332702580801087,0.5369166666666667,LIC,,full_dynfl,7.173185709849188,0.0,0.0,8.0,0.0,5,,22.217683273287545,0,0.0,none,packet_protection
6.8067429108568565,3,3,91,89.453136,,1,0.23488229969537255,False,,True,True,True,True,True,True,0,0.0,0,True,3,L_E_upd:dp,1.0364106472173031,0.9464999999999999,LIIE,,full_dynfl,9.735986843153738,0.0,1.2534476000670471,6.746552399932953,0.24359999999999998,5,6.8067429108568565,17.234194644631447,1,1.2534476000670471,dp,packet_protection
,3,3,92,60.926568,,2,0.0,False,,True,True,True,True,True,True,0,0.0,0,True,3,L_C_emb:none;L_C_grad:none,1.7756584058061933,0.5372,LIC,,full_dynfl,7.401936107531362,0.0,0.0,8.0,0.0,5,,27.286435582562866,0,0.0,none,packet_protection
6.736204811283719,3,3,93,89.453136,,3,0.723403622304863,False,,True,True,True,True,True,True,0,0.0,0,True,3,L_E_upd:dp,1.2763035970769345,0.947,LIIE,,full_dynfl,10.731115638251284,0.0,0.723403622304863,7.276596377695137,0.24359999999999998,5,6.736204811283719,17.332626503371408,1,0.723403622304863,dp,packet_protection
,3,3,94,60.926568,,4,0.0,False,,True,True,True,True,True,True,0,0.0,0,True,3,L_E_emb:none;L_E_grad:none,1.022644065962914,0.5676,LIE,,full_dynfl,3.8887685079337095,0.0,1.0030252006626594,6.996974799337341,0.0,5,,10.789096506732177,0,1.0030252006626594,none,packet_protection
,3,3,95,60.926568,,5,0.0,False,,True,True,True,True,True,True,0,0.0,0,True,3,L_C_emb:none;L_C_grad:none,2.386951937299487,0.5369166666666667,LIC,,full_dynfl,6.707646509588526,0.0,0.7120514785069132,7.287948521493087,0.0,5,,22.44499518058241,0,0.7120514785069132,none,packet_protection
,3,3,96,60.926568,,6,0.0,False,,True,True,True,True,True,True,0,0.0,0,True,3,L_C_emb:none;L_C_grad:none,1.0407947296407267,0.5369166666666667,LIC,,full_dynfl,7.314443782642612,0.0,0.0,8.0,0.0,5,,26.184775971813238,0,0.0,none,packet_protection
6.770140566671182,3,3,97,89.453136,,7,0.30881539427631366,False,,True,True,True,True,True,True,0,0.0,0,True,3,L_E_upd:dp,1.2270978966466777,0.9464999999999999,LIIE,,full_dynfl,10.27618858908607,0.0,1.0136033737979189,6.986396626202081,0.24359999999999998,5,6.770140566671182,18.37800285784662,1,1.0136033737979189,dp,packet_protection
,3,3,98,60.926568,,8,0.0,False,,True,True,True,True,True,True,0,0.0,0,True,3,L_C_emb:none;L_C_grad:none,0.8571687012908544,0.5372,LIC,,full_dynfl,7.860004538151408,0.0,0.0,8.0,0.0,5,,24.642699663269156,0,0.0,none,packet_protection
,3,3,99,60.926568,,9,0.0,False,,True,True,True,True,True,True,0,0.0,0,True,3,L_C_emb:none;L_C_grad:none,1.5665195180963505,0.53805,LIC,,full_dynfl,6.7387395543171715,0.0,0.0,8.0,0.0,5,,22.272961171491506,0,0.0,none,packet_protection
,3,3,0,60.926568,,0,0.0,False,,True,True,True,True,True,True,0,0.0,0,True,3,L_C_emb:none;L_C_grad:none,2.4526825050714955,0.5372,LIC,,full_dynfl,8.74686163834367,0.0,0.0,8.0,0.0,6,,28.978544726123346,0,0.0,none,packet_protection
,3,3,1,60.926568,,1,0.0,False,,True,True,True,True,True,True,0,0.0,0,True,3,L_C_emb:none;L_C_grad:none,2.020729936082863,0.5369166666666667,LIC,,full_dynfl,6.669325673314463,0.0,0.0,8.0,0.0,6,,21.71168777174224,0,0.0,none,packet_protection
,3,3,2,60.926568,,2,0.0,False,,True,True,True,True,True,True,0,0.0,0,True,3,L_C_emb:none;L_C_grad:none,1.380488196284812,0.5374833333333333,LIC,,full_dynfl,6.68095796949833,0.0,0.0,8.0,0.0,6,,21.276953457943122,0,0.0,none,packet_protection
,3,3,3,60.926568,,3,0.0,False,,True,True,True,True,True,True,0,0.0,0,True,3,L_C_emb:none;L_C_grad:none,1.7431799468753328,0.5372,LIC,,full_dynfl,7.983629359943345,0.0,0.0,8.0,0.0,6,,22.927299973971493,0,0.0,none,packet_protection
,3,3,4,60.926568,,4,0.0,False,,True,True,True,True,True,True,0,0.0,0,True,3,L_E_emb:none;L_E_grad:none,1.0840160768825502,0.5679,LIE,,full_dynfl,4.091841437051257,0.0,0.0,8.0,0.0,6,,11.441157735327996,0,0.0,none,packet_protection
,3,3,5,60.926568,,5,0.0,False,,True,True,True,True,True,True,0,0.0,0,True,3,L_C_emb:none;L_C_grad:none,0.782682067956915,0.5372,LIC,,full_dynfl,7.788106462019402,0.0,0.0,8.0,0.0,6,,24.247176663964236,0,0.0,none,packet_protection
,3,3,6,60.926568,,6,0.0,False,,True,True,True,True,True,True,0,0.0,0,True,3,L_C_emb:none;L_C_grad:none,2.6303355215731377,0.5372,LIC,,full_dynfl,8.102644705949832,0.0,0.0,8.0,0.0,6,,28.56855481023805,0,0.0,none,packet_protection
6.700657308211849,3,3,7,89.453136,,7,0.7272719701934219,False,,True,True,True,True,True,True,0,0.0,0,True,3,L_E_upd:dp,2.053595733538623,0.9474999999999999,LIIE,,full_dynfl,7.749498966688767,0.0,0.7272719701934219,7.272728029806578,0.24359999999999998,6,6.700657308211849,17.78828455830907,1,0.7272719701934219,dp,packet_protection
,3,3,8,60.926568,,8,0.0,False,,True,True,True,True,True,True,0,0.0,0,True,3,L_C_emb:none;L_C_grad:none,0.8725715355944437,0.5377666666666666,LIC,,full_dynfl,8.608122987904602,0.0,0.0,8.0,0.0,6,,30.661657870213787,0,0.0,none,packet_protection
,3,3,9,60.926568,,9,0.0,False,,True,True,True,True,True,True,0,0.0,0,True,3,L_C_emb:none;L_C_grad:none,1.3144213466357852,0.5383333333333333,LIC,,full_dynfl,8.189681887931249,0.0,0.0,8.0,0.0,6,,27.971517735241278,0,0.0,none,packet_protection
,3,3,10,60.926568,,0,0.0,False,,True,True,True,True,True,True,0,0.0,0,True,3,L_E_emb:none;L_E_grad:none,0.9864894286034035,0.5688,LIE,,full_dynfl,4.366614269410475,0.0,0.7120514785069132,7.287948521493087,0.0,6,,11.106485792428568,0,0.7120514785069132,none,packet_protection
6.736204811283719,3,3,11,89.453136,,1,0.30606701119594515,False,,True,True,True,True,True,True,0,0.0,0,True,3,L_E_upd:dp,2.0833708586033586,0.947,LIIE,,full_dynfl,10.844523410795114,0.0,1.0294706335008081,6.970529366499192,0.24359999999999998,6,6.736204811283719,18.129828914788412,1,1.0294706335008081,dp,packet_protection
,3,3,12,60.926568,,2,0.0,False,,True,True,True,True,True,True,0,0.0,0,True,3,L_C_emb:none;L_C_grad:none,2.67780451323768,0.5372,LIC,,full_dynfl,9.342468873304403,0.0,0.0,8.0,0.0,6,,31.11074665574869,0,0.0,none,packet_protection
,3,3,13,60.926568,,3,0.0,False,,True,True,True,True,True,True,0,0.0,0,True,3,L_C_emb:none;L_C_grad:none,1.7205665385753408,0.5369166666666667,LIC,,full_dynfl,7.486223836586747,0.0,0.0,8.0,0.0,6,,22.3013895307343,0,0.0,none,packet_protection
,3,3,14,60.926568,,4,0.0,False,,True,True,True,True,True,True,0,0.0,0,True,3,L_C_emb:none;L_C_grad:none,1.9087855950561639,0.53635,LIC,,full_dynfl,8.372205152807082,0.0,0.0,8.0,0.0,6,,27.063561744786597,0,0.0,none,packet_protection
,3,3,15,60.926568,,5,0.0,False,,True,True,True,True,True,True,0,0.0,0,True,3,L_C_emb:none;L_C_grad:none,1.9130126015396856,0.5372,LIC,,full_dynfl,7.678066188098123,0.0,0.0,8.0,0.0,6,,23.99598883263904,0,0.0,none,packet_protection
,3,3,16,60.926568,,6,0.0,False,,True,True,True,True,True,True,0,0.0,0,True,3,L_C_emb:none;L_C_grad:none,1.1628149379732393,0.5372,LIC,,full_dynfl,8.20415817635849,0.0,0.0,8.0,0.0,6,,25.17926205929263,0,0.0,none,packet_protection
,3,3,17,404.32817471999994,,7,0.0,False,,True,True,True,True,True,True,0,0.0,0,True,3,L_E_upd:he3,2.6565711564792376,0.9474999999999999,LIIE,,full_dynfl,65.4715331749864,0.0,0.7047879795216052,7.295212020478395,0.0696,6,,75.24372577249278,0,0.7047879795216052,he3,packet_protection
,3,3,18,60.926568,,8,0.0,False,,True,True,True,True,True,True,0,0.0,0,True,3,L_C_emb:none;L_C_grad:none,1.5926943326530782,0.5377666666666666,LIC,,full_dynfl,8.286274650675013,0.0,0.0,8.0,0.0,6,,26.719027243253187,0,0.0,none,packet_protection
,3,3,19,60.926568,,9,0.0,False,,True,True,True,True,True,True,0,0.0,0,True,3,L_C_emb:none;L_C_grad:none,2.676393350591775,0.5383333333333333,LIC,,full_dynfl,7.677653335217336,0.0,0.0,8.0,0.0,6,,26.454260242119194,0,0.0,none,packet_protection
,3,3,20,60.926568,,0,0.0,False,,True,True,True,True,True,True,0,0.0,0,True,3,L_C_emb:none;L_C_grad:none,0.750197009233797,0.5372,LIC,,full_dynfl,8.142696145326267,0.0,0.0,8.0,0.0,6,,25.590967781771667,0,0.0,none,packet_protection
,3,3,21,60.926568,,1,0.0,False,,True,True,True,True,True,True,0,0.0,0,True,3,L_E_emb:none;L_E_grad:none,1.0533693839806015,0.5682,LIE,,full_dynfl,4.524829567566727,0.0,0.0,8.0,0.0,6,,14.5556157497611,0,0.0,none,packet_protection
,3,3,22,60.926568,,2,0.0,False,,True,True,True,True,True,True,0,0.0,0,True,3,L_C_emb:none;L_C_grad:none,2.162089858147671,0.5372,LIC,,full_dynfl,7.184387874686058,0.0,0.0,8.0,0.0,6,,23.196776388890704,0,0.0,none,packet_protection
,3,3,23,60.926568,,3,0.0,False,,True,True,True,True,True,True,0,0.0,0,True,3,L_C_emb:none;L_C_grad:none,1.5216668391258723,0.5369166666666667,LIC,,full_dynfl,6.449345615866039,0.0,0.0,8.0,0.0,6,,21.020512061004396,0,0.0,none,packet_protection
,3,3,24,60.926568,,4,0.0,False,,True,True,True,True,True,True,0,0.0,0,True,3,L_C_emb:none;L_C_grad:none,2.509690730837996,0.53635,LIC,,full_dynfl,8.744604718648446,0.0,0.0,8.0,0.0,6,,28.09547943753711,0,0.0,none,packet_protection
,3,3,25,60.926568,,5,0.0,False,,True,True,True,True,True,True,0,0.0,0,True,3,L_C_emb:none;L_C_grad:none,2.141894505673916,0.5372,LIC,,full_dynfl,7.272600278964846,0.0,0.0,8.0,0.0,6,,22.014709890123093,0,0.0,none,packet_protection
,3,3,26,60.926568,,6,0.0,False,,True,True,True,True,True,True,0,0.0,0,True,3,L_C_emb:none;L_C_grad:none,2.6156949390605306,0.5372,LIC,,full_dynfl,8.653514308964185,0.0,0.0,8.0,0.0,6,,27.620884248757868,0,0.0,none,packet_protection
,3,3,27,60.926568,,7,0.0,False,,True,True,True,True,True,True,0,0.0,0,True,3,L_C_emb:none;L_C_grad:none,1.3581486205054942,0.5369166666666667,LIC,,full_dynfl,6.4323784053520585,0.0,0.0,8.0,0.0,6,,21.002254591933195,0,0.0,none,packet_protection
,3,3,28,89.453136,,8,0.0,False,,True,True,True,True,False,True,0,0.0,0,True,3,L_E_upd:none,1.0529798758229736,0.9484999999999999,LIIE,,full_dynfl,11.000454518911699,0.0,0.0,8.0,0.58,6,,20.394595455313222,0,0.0,none,packet_protection
,3,3,29,60.926568,,9,0.0,False,,True,True,True,True,True,True,0,0.0,0,True,3,L_C_emb:none;L_C_grad:none,1.5238328230436504,0.5383333333333333,LIC,,full_dynfl,6.723007594865198,0.0,0.0,8.0,0.0,6,,22.94878736906131,0,0.0,none,packet_protection
,3,3,30,60.926568,,0,0.0,False,,True,True,True,True,True,True,0,0.0,0,True,3,L_C_emb:none;L_C_grad:none,1.304595337452328,0.5372,LIC,,full_dynfl,7.51999445679237,0.0,0.7083830446759496,7.29161695532405,0.0,6,,24.50822701459021,0,0.7083830446759496,none,packet_protection
,3,3,31,60.926568,,1,0.0,False,,True,True,True,True,True,True,0,0.0,0,True,3,L_C_emb:none;L_C_grad:none,2.2969552434688674,0.5366333333333334,LIC,,full_dynfl,8.161608404092064,0.0,0.0,8.0,0.0,6,,29.347619230330743,0,0.0,none,packet_protection
,3,3,32,60.926568,,2,0.0,False,,True,True,True,True,True,True,0,0.0,0,True,3,L_C_emb:none;L_C_grad:none,0.759725880596146,0.5372,LIC,,full_dynfl,7.4124228119750875,0.0,0.0,8.0,0.0,6,,23.27492951835375,0,0.0,none,packet_protection
,3,3,33,60.926568,,3,0.0,False,,True,True,True,True,True,True,0,0.0,0,True,3,L_E_emb:none;L_E_grad:none,1.0040228730641931,0.5685,LIE,,full_dynfl,4.058816827581547,0.0,0.0,8.0,0.0,6,,10.932264109361597,0,0.0,none,packet_protection
,3,3,34,60.926568,,4,0.0,False,,True,True,True,True,True,True,0,0.0,0,True,3,L_E_emb:none;L_E_grad:none,1.4720682121450308,0.5679,LIE,,full_dynfl,4.1207819040171,0.0,1.0185653003716746,6.981434699628325,0.0,6,,10.818561608657618,0,1.0185653003716746,none,packet_protection
,3,3,35,60.926568,,5,0.0,False,,True,True,True,True,True,True,0,0.0,0,True,3,L_C_emb:none;L_C_grad:none,2.1366723680721345,0.5372,LIC,,full_dynfl,6.723181467815314,0.0,0.0,8.0,0.0,6,,22.21590304514931,0,0.0,none,packet_protection
6.7354661518362136,3,3,36,404.32817471999994,,6,0.3082804238785293,False,,True,True,True,True,True,True,0,0.0,0,True,3,L_E_upd:dp_he3,1.9282823167918586,0.948,LIIE,,full_dynfl,64.24096723366695,0.0,1.0240759740273537,6.975924025972646,0.0464,6,6.7354661518362136,74.6713969045904,1,1.0240759740273537,dp_he3,packet_protection
,3,3,37,60.926568,,7,0.0,False,,True,True,True,True,True,True,0,0.0,0,True,3,L_C_emb:none;L_C_grad:none,1.192260315036407,0.5369166666666667,LIC,,full_dynfl,6.99236571870394,0.0,0.0,8.0,0.0,6,,22.05728287102372,0,0.0,none,packet_protection
,3,3,38,60.926568,,8,0.0,False,,True,True,True,True,True,True,0,0.0,0,True,3,L_C_emb:none;L_C_grad:none,2.5502852751622296,0.5374833333333333,LIC,,full_dynfl,7.012828075988123,0.0,0.0,8.0,0.0,6,,22.551362431431105,0,0.0,none,packet_protection
6.736204811283719,3,3,39,89.453136,,9,0.30606701119594515,False,,True,True,True,True,True,True,0,0.0,0,True,3,L_E_upd:dp,1.2461187749535723,0.95,LIIE,,full_dynfl,11.0272943991688,0.0,1.0294706335008081,6.970529366499192,0.24359999999999998,6,6.736204811283719,21.090376798701815,1,1.0294706335008081,dp,packet_protection
,3,3,40,60.926568,,0,0.0,False,,True,True,True,True,True,True,0,0.0,0,True,3,L_C_emb:none;L_C_grad:none,1.718281661052106,0.5372,LIC,,full_dynfl,7.717913333063771,0.0,0.0,8.0,0.0,6,,24.56032970847389,0,0.0,none,packet_protection
,3,3,41,60.926568,,1,0.0,False,,True,True,True,True,True,True,0,0.0,0,True,3,L_C_emb:none;L_C_grad:none,1.2035142721899799,0.5366333333333334,LIC,,full_dynfl,7.295975703148132,0.0,0.0,8.0,0.0,6,,24.309999958006557,0,0.0,none,packet_protection
,3,3,42,60.926568,,2,0.0,False,,True,True,True,True,True,True,0,0.0,0,True,3,L_C_emb:none;L_C_grad:none,1.0518635048612208,0.5372,LIC,,full_dynfl,6.525203417801325,0.0,0.0,8.0,0.0,6,,22.043766383816823,0,0.0,none,packet_protection
,3,3,43,60.926568,,3,0.0,False,,True,True,True,True,True,True,0,0.0,0,True,3,L_C_emb:none;L_C_grad:none,2.157731341345857,0.5369166666666667,LIC,,full_dynfl,8.008842001292244,0.0,0.0,8.0,0.0,6,,23.92642329848169,0,0.0,none,packet_protection
,3,3,44,60.926568,,4,0.0,False,,True,True,True,True,True,True,0,0.0,0,True,3,L_C_emb:none;L_C_grad:none,1.8939537747589035,0.53635,LIC,,full_dynfl,6.894877382891306,0.0,0.0,8.0,0.0,6,,24.363512312408197,0,0.0,none,packet_protection
,3,3,45,60.926568,,5,0.0,False,,True,True,True,True,True,True,0,0.0,0,True,3,L_C_emb:none;L_C_grad:none,2.1894368395630277,0.5372,LIC,,full_dynfl,7.389077668110188,0.0,0.0,8.0,0.0,6,,26.576074692410813,0,0.0,none,packet_protection
,3,3,46,60.926568,,6,0.0,False,,True,True,True,True,True,True,0,0.0,0,True,3,L_E_emb:none;L_E_grad:none,0.8664658783201349,0.5688,LIE,,full_dynfl,4.6339955289216475,0.0,0.0,8.0,0.0,6,,14.040333579962791,0,0.0,none,packet_protection
,3,3,47,60.926568,,7,0.0,False,,True,True,True,True,True,True,0,0.0,0,True,3,L_C_emb:none;L_C_grad:none,1.2106043506675663,0.5369166666666667,LIC,,full_dynfl,7.464472337489191,0.0,0.0,8.0,0.0,6,,23.162425682274023,0,0.0,none,packet_protection
,3,3,48,60.926568,,8,0.0,False,,True,True,True,True,True,True,0,0.0,0,True,3,L_C_emb:none;L_C_grad:none,1.8872330715439818,0.5374833333333333,LIC,,full_dynfl,8.06306214208514,0.0,0.0,8.0,0.0,6,,27.950379108680814,0,0.0,none,packet_protection
,3,3,49,60.926568,,9,0.0,False,,True,True,True,True,True,True,0,0.0,0,True,3,L_C_emb:none;L_C_grad:none,2.6414699298711724,0.53805,LIC,,full_dynfl,6.687670796276857,0.0,0.0,8.0,0.0,6,,22.668251888849632,0,0.0,none,packet_protection
,3,3,50,60.926568,,0,0.0,False,,True,True,True,True,True,True,0,0.0,0,True,3,L_C_emb:none;L_C_grad:none,2.357294402957413,0.5372,LIC,,full_dynfl,7.893250212285714,0.0,0.0,8.0,0.0,6,,23.18993440637908,0,0.0,none,packet_protection
,3,3,51,60.926568,,1,0.0,False,,True,True,True,True,True,True,0,0.0,0,True,3,L_C_emb:none;L_C_grad:none,1.5496570969226762,0.5366333333333334,LIC,,full_dynfl,6.8519624747775785,0.0,0.0,8.0,0.0,6,,24.051765020618255,0,0.0,none,packet_protection
,3,3,52,60.926568,,2,0.0,False,,True,True,True,True,True,True,0,0.0,0,True,3,L_C_emb:none;L_C_grad:none,0.9663577124967927,0.5372,LIC,,full_dynfl,8.001734283549622,0.0,0.7196158649973157,7.280384135002684,0.0,6,,24.837467109608916,0,0.7196158649973157,none,packet_protection
,3,3,53,60.926568,,3,0.0,False,,True,True,True,True,True,True,0,0.0,0,True,3,L_C_emb:none;L_C_grad:none,1.770461903305378,0.5369166666666667,LIC,,full_dynfl,7.504939361531252,0.0,0.0,8.0,0.0,6,,27.446350404058727,0,0.0,none,packet_protection
,3,3,54,60.926568,,4,0.0,False,,True,True,True,True,True,True,0,0.0,0,True,3,L_C_emb:none;L_C_grad:none,0.6943280485130395,0.53635,LIC,,full_dynfl,9.405627601133544,0.0,0.0,8.0,0.0,6,,32.155544556882646,0,0.0,none,packet_protection
,3,3,55,60.926568,,5,0.0,False,,True,True,True,True,True,True,0,0.0,0,True,3,L_C_emb:none;L_C_grad:none,2.4836273737631887,0.5372,LIC,,full_dynfl,8.843960296683367,0.0,0.0,8.0,0.0,6,,29.52451271169352,0,0.0,none,packet_protection
,3,3,56,404.32817471999994,,6,0.0,False,,True,True,True,True,True,True,0,0.0,0,True,3,L_E_upd:he3,1.8118084234022185,0.948,LIIE,,full_dynfl,61.621812128477366,0.0,0.723403622304863,7.276596377695137,0.0696,6,,73.32717470508855,0,0.723403622304863,he3,packet_protection
,3,3,57,60.926568,,7,0.0,False,,True,True,True,True,True,True,0,0.0,0,True,3,L_C_emb:none;L_C_grad:none,2.3077190009814617,0.5369166666666667,LIC,,full_dynfl,8.830491703912733,0.0,0.0,8.0,0.0,6,,30.47521665013192,0,0.0,none,packet_protection
,3,3,58,60.926568,,8,0.0,False,,True,True,True,True,True,True,0,0.0,0,True,3,L_C_emb:none;L_C_grad:none,1.8813699941523465,0.5374833333333333,LIC,,full_dynfl,7.786870734555746,0.0,0.0,8.0,0.0,6,,25.357004348207788,0,0.0,none,packet_protection
,3,3,59,60.926568,,9,0.0,False,,True,True,True,True,True,True,0,0.0,0,True,3,L_C_emb:none;L_C_grad:none,1.0079643620644898,0.53805,LIC,,full_dynfl,8.240400997804759,0.0,0.0,8.0,0.0,6,,27.54077585369836,0,0.0,none,packet_protection
,3,3,60,60.926568,,0,0.0,False,,True,True,True,True,True,True,0,0.0,0,True,3,L_C_emb:none;L_C_grad:none,0.915367883433331,0.5372,LIC,,full_dynfl,7.04250412409721,0.0,0.0,8.0,0.0,6,,23.69391899287432,0,0.0,none,packet_protection
,3,3,61,60.926568,,1,0.0,False,,True,True,True,True,True,True,0,0.0,0,True,3,L_C_emb:none;L_C_grad:none,1.663020517394065,0.5366333333333334,LIC,,full_dynfl,8.4876561658652,0.0,1.0030252006626594,6.996974799337341,0.0,6,,26.654374036037577,0,1.0030252006626594,none,packet_protection
,3,3,62,60.926568,,2,0.0,False,,True,True,True,True,True,True,0,0.0,0,True,3,L_C_emb:none;L_C_grad:none,1.2711442061474538,0.5372,LIC,,full_dynfl,8.411709989226718,0.0,0.0,8.0,0.0,6,,27.864189087036703,0,0.0,none,packet_protection
,3,3,63,60.926568,,3,0.0,False,,True,True,True,True,True,True,0,0.0,0,True,3,L_C_emb:none;L_C_grad:none,1.4309148880902602,0.5369166666666667,LIC,,full_dynfl,7.391704090413641,0.0,0.0,8.0,0.0,6,,27.101327891340446,0,0.0,none,packet_protection
,3,3,64,60.926568,,4,0.0,False,,True,True,True,True,True,True,0,0.0,0,True,3,L_C_emb:none;L_C_grad:none,1.8405891045455842,0.53635,LIC,,full_dynfl,8.015037078153698,0.0,0.0,8.0,0.0,6,,24.155632101911465,0,0.0,none,packet_protection
,3,3,65,60.926568,,5,0.0,False,,True,True,True,True,True,True,0,0.0,0,True,3,L_C_emb:none;L_C_grad:none,0.8367898073613169,0.5372,LIC,,full_dynfl,8.147201540415551,0.0,0.0,8.0,0.0,6,,28.126962641167015,0,0.0,none,packet_protection
6.700657308211849,3,3,66,89.453136,,6,0.7272719701934219,False,,True,True,True,True,True,True,0,0.0,0,True,3,L_E_upd:dp,1.8093775561702643,0.948,LIIE,,full_dynfl,7.935103084959333,0.0,0.7272719701934219,7.272728029806578,0.24359999999999998,6,6.700657308211849,15.052323373961336,1,0.7272719701934219,dp,packet_protection
,3,3,67,60.926568,,7,0.0,False,,True,True,True,True,True,True,0,0.0,0,True,3,L_C_emb:none;L_C_grad:none,1.7349815617663098,0.5369166666666667,LIC,,full_dynfl,7.144830132608454,0.0,0.0,8.0,0.0,6,,23.554549264707425,0,0.0,none,packet_protection
,3,3,68,60.926568,,8,0.0,False,,True,True,True,True,True,True,0,0.0,0,True,3,L_C_emb:none;L_C_grad:none,1.6746949941761489,0.5374833333333333,LIC,,full_dynfl,7.861717602048165,0.0,0.0,8.0,0.0,6,,27.23372227458072,0,0.0,none,packet_protection
,3,3,69,60.926568,,9,0.0,False,,True,True,True,True,True,True,0,0.0,0,True,3,L_C_emb:none;L_C_grad:none,0.9742087513577001,0.53805,LIC,,full_dynfl,6.665255131469648,0.0,0.0,8.0,0.0,6,,22.224749545457485,0,0.0,none,packet_protection
,3,3,70,60.926568,,0,0.0,False,,True,True,True,True,True,True,0,0.0,0,True,3,L_C_emb:none;L_C_grad:none,2.208645096509279,0.5372,LIC,,full_dynfl,8.335636043492283,0.0,0.0,8.0,0.0,6,,26.400161337719293,0,0.0,none,packet_protection
,3,3,71,89.453136,,1,0.0,False,,True,True,True,True,False,True,0,0.0,0,True,3,L_E_upd:none,1.826628304645198,0.947,LIIE,,full_dynfl,9.006183939983165,0.0,0.0,8.0,0.58,6,,17.718982571394115,0,0.0,none,packet_protection
,3,3,72,60.926568,,2,0.0,False,,True,True,True,True,True,True,0,0.0,0,True,3,L_C_emb:none;L_C_grad:none,0.699842775864906,0.5372,LIC,,full_dynfl,6.399562164457247,0.0,0.0,8.0,0.0,6,,21.149109461305603,0,0.0,none,packet_protection
,3,3,73,60.926568,,3,0.0,False,,True,True,True,True,True,True,0,0.0,0,True,3,L_E_emb:none;L_E_grad:none,1.949324494891817,0.5682,LIE,,full_dynfl,4.353649361952641,0.0,0.0,8.0,0.0,6,,11.07831338836899,0,0.0,none,packet_protection
6.839579722691558,3,3,74,89.453136,,4,0.17712662577913862,False,,True,True,True,True,True,True,0,0.0,0,True,3,L_E_upd:dp,2.373369464974584,0.946,LIIE,,full_dynfl,8.085437309240799,0.0,1.6120191862962272,6.387980813703773,0.24359999999999998,6,6.839579722691558,14.697962191182869,1,1.6120191862962272,dp,packet_protection
6.700657308211849,3,3,75,89.453136,,5,0.7272719701934219,False,,True,True,True,True,True,True,0,0.0,0,True,3,L_E_upd:dp,1.0329957754014922,0.9474999999999999,LIIE,,full_dynfl,8.300508163303778,0.0,0.7272719701934219,7.272728029806578,0.24359999999999998,6,6.700657308211849,15.882684449131277,1,0.7272719701934219,dp,packet_protection
,3,3,76,60.926568,,6,0.0,False,,True,True,True,True,True,True,0,0.0,0,True,3,L_C_emb:none;L_C_grad:none,1.5225967874451976,0.5372,LIC,,full_dynfl,6.592405230046863,0.0,0.0,8.0,0.0,6,,21.944858018449295,0,0.0,none,packet_protection
,3,3,77,60.926568,,7,0.0,False,,True,True,True,True,True,True,0,0.0,0,True,3,L_C_emb:none;L_C_grad:none,0.7023509254444353,0.5369166666666667,LIC,,full_dynfl,7.129009903393503,0.0,0.0,8.0,0.0,6,,24.297843785964456,0,0.0,none,packet_protection
,3,3,78,60.926568,,8,0.0,False,,True,True,True,True,True,True,0,0.0,0,True,3,L_C_emb:none;L_C_grad:none,2.1302373664638856,0.5374833333333333,LIC,,full_dynfl,7.937131652779845,0.0,0.7083830446759496,7.29161695532405,0.0,6,,24.28288959159013,0,0.7083830446759496,none,packet_protection
,3,3,79,60.926568,,9,0.0,False,,True,True,True,True,True,True,0,0.0,0,True,3,L_C_emb:none;L_C_grad:none,1.5075545469820644,0.53805,LIC,,full_dynfl,6.89813974636401,0.0,0.0,8.0,0.0,6,,22.204546613483643,0,0.0,none,packet_protection
,3,3,80,60.926568,,0,0.0,False,,True,True,True,True,True,True,0,0.0,0,True,3,L_C_emb:none;L_C_grad:none,1.8296725957303435,0.5372,LIC,,full_dynfl,8.378431395822266,0.0,0.0,8.0,0.0,6,,31.2232081145927,0,0.0,none,packet_protection
6.700657308211849,3,3,81,89.453136,,1,0.7272719701934219,False,,True,True,True,True,True,True,0,0.0,0,True,3,L_E_upd:dp,2.550842491022395,0.947,LIIE,,full_dynfl,9.601080825468426,0.0,0.7272719701934219,7.272728029806578,0.24359999999999998,6,6.700657308211849,17.797173171898464,1,0.7272719701934219,dp,packet_protection
,3,3,82,60.926568,,2,0.0,False,,True,True,True,True,True,True,0,0.0,0,True,3,L_C_emb:none;L_C_grad:none,1.2161122283893053,0.5372,LIC,,full_dynfl,6.68066197411772,0.0,0.0,8.0,0.0,6,,22.30945801142233,0,0.0,none,packet_protection
6.769743554642109,3,3,83,89.453136,,3,0.2385560821324919,False,,True,True,True,True,True,True,0,0.0,0,True,3,L_E_upd:dp,1.4318254026176642,0.947,LIIE,,full_dynfl,8.859418616767577,0.0,1.2492728472975934,6.750727152702407,0.24359999999999998,6,6.769743554642109,18.470964631111684,1,1.2492728472975934,dp,packet_protection
,3,3,84,60.926568,,4,0.0,False,,True,True,True,True,True,True,0,0.0,0,True,3,L_E_emb:none;L_E_grad:none,2.1478191071057733,0.5676,LIE,,full_dynfl,3.631921513600549,0.0,0.0,8.0,0.0,6,,10.319266025296367,0,0.0,none,packet_protection
,3,3,85,60.926568,,5,0.0,False,,True,True,True,True,True,True,0,0.0,0,True,3,L_C_emb:none;L_C_grad:none,0.9260925662709386,0.5369166666666667,LIC,,full_dynfl,7.564112776968517,0.0,0.0,8.0,0.0,6,,26.820122286015035,0,0.0,none,packet_protection
,3,3,86,60.926568,,6,0.0,False,,True,True,True,True,True,True,0,0.0,0,True,3,L_C_emb:none;L_C_grad:none,1.7996014940214557,0.5372,LIC,,full_dynfl,7.427210814529341,0.0,0.0,8.0,0.0,6,,23.742043101914234,0,0.0,none,packet_protection
,3,3,87,60.926568,,7,0.0,False,,True,True,True,True,True,True,0,0.0,0,True,3,L_C_emb:none;L_C_grad:none,2.474420304413817,0.5369166666666667,LIC,,full_dynfl,7.688987922944143,0.0,0.0,8.0,0.0,6,,22.238997747468463,0,0.0,none,packet_protection
,3,3,88,89.453136,,8,0.0,False,,True,True,True,True,False,True,0,0.0,0,True,3,L_E_upd:none,2.3858028244505176,0.9484999999999999,LIIE,,full_dynfl,9.945700168062567,0.0,0.723403622304863,7.276596377695137,0.58,6,,18.690315785605776,0,0.723403622304863,none,packet_protection
,3,3,89,60.926568,,9,0.0,False,,True,True,True,True,True,True,0,0.0,0,True,3,L_C_emb:none;L_C_grad:none,1.3705276667987023,0.53805,LIC,,full_dynfl,8.229443572921653,0.0,0.0,8.0,0.0,6,,29.436266304056055,0,0.0,none,packet_protection
,3,3,90,60.926568,,0,0.0,False,,True,True,True,True,True,True,0,0.0,0,True,3,L_C_emb:none;L_C_grad:none,2.4332702580801087,0.5369166666666667,LIC,,full_dynfl,7.156190629185671,0.0,0.0,8.0,0.0,6,,24.612255891076163,0,0.0,none,packet_protection
,3,3,91,60.926568,,1,0.0,False,,True,True,True,True,True,True,0,0.0,0,True,3,L_E_emb:none;L_E_grad:none,1.0364106472173031,0.5679,LIE,,full_dynfl,4.680741469921167,0.0,1.2534476000670471,6.746552399932953,0.0,6,,14.297910707086418,0,1.2534476000670471,none,packet_protection
,3,3,92,60.926568,,2,0.0,False,,True,True,True,True,True,True,0,0.0,0,True,3,L_C_emb:none;L_C_grad:none,1.7756584058061933,0.5372,LIC,,full_dynfl,7.035111968308392,0.0,0.0,8.0,0.0,6,,22.394223596912703,0,0.0,none,packet_protection
,3,3,93,60.926568,,3,0.0,False,,True,True,True,True,True,True,0,0.0,0,True,3,L_E_emb:none;L_E_grad:none,1.2763035970769345,0.5682,LIE,,full_dynfl,4.617046898363783,0.0,0.723403622304863,7.276596377695137,0.0,6,,13.928848543822749,0,0.723403622304863,none,packet_protection
,3,3,94,60.926568,,4,0.0,False,,True,True,True,True,True,True,0,0.0,0,True,3,L_E_emb:none;L_E_grad:none,1.022644065962914,0.5676,LIE,,full_dynfl,4.158919454526284,0.0,1.0030252006626594,6.996974799337341,0.0,6,,11.065971319167199,0,1.0030252006626594,none,packet_protection
6.735108215545176,3,3,95,89.453136,,5,0.30940973710218467,False,,True,True,True,True,True,True,0,0.0,0,True,3,L_E_upd:dp,2.386951937299487,0.9474999999999999,LIIE,,full_dynfl,7.92570782872074,0.0,1.0214612156090979,6.978538784390902,0.24359999999999998,6,6.735108215545176,17.55659623438367,1,1.0214612156090979,dp,packet_protection
,3,3,96,60.926568,,6,0.0,False,,True,True,True,True,True,True,0,0.0,0,True,3,L_C_emb:none;L_C_grad:none,1.0407947296407267,0.5369166666666667,LIC,,full_dynfl,6.75141644928908,0.0,0.0,8.0,0.0,6,,22.37140306769727,0,0.0,none,packet_protection
6.7701405666711825,3,3,97,89.453136,,7,0.2380493901916252,False,,True,True,True,True,True,True,0,0.0,0,True,3,L_E_upd:dp,1.2270978966466777,0.9464999999999999,LIIE,,full_dynfl,10.753412320137322,0.0,1.251652763989544,6.748347236010456,0.24359999999999998,6,6.7701405666711825,18.181327509666183,1,1.251652763989544,dp,packet_protection
,3,3,98,60.926568,,8,0.0,False,,True,True,True,True,True,True,0,0.0,0,True,3,L_C_emb:none;L_C_grad:none,0.8571687012908544,0.5372,LIC,,full_dynfl,6.947811853318475,0.0,0.0,8.0,0.0,6,,22.333323497285175,0,0.0,none,packet_protection
,3,3,99,60.926568,,9,0.0,False,,True,True,True,True,True,True,0,0.0,0,True,3,L_C_emb:none;L_C_grad:none,1.5665195180963505,0.53805,LIC,,full_dynfl,7.582992096904642,0.0,0.0,8.0,0.0,6,,22.11640226510428,0,0.0,none,packet_protection
,3,3,0,60.926568,,0,0.0,False,,True,True,True,True,True,True,0,0.0,0,True,3,L_C_emb:none;L_C_grad:none,2.4526825050714955,0.5372,LIC,,full_dynfl,9.028976383523133,0.0,0.0,8.0,0.0,7,,28.297739340072535,0,0.0,none,packet_protection
,3,3,1,60.926568,,1,0.0,False,,True,True,True,True,True,True,0,0.0,0,True,3,L_C_emb:none;L_C_grad:none,2.020729936082863,0.5369166666666667,LIC,,full_dynfl,6.553883407896935,0.0,0.0,8.0,0.0,7,,21.796794689289587,0,0.0,none,packet_protection
,3,3,2,60.926568,,2,0.0,False,,True,True,True,True,True,True,0,0.0,0,True,3,L_C_emb:none;L_C_grad:none,1.380488196284812,0.5374833333333333,LIC,,full_dynfl,8.556415595523347,0.0,0.0,8.0,0.0,7,,31.82130318839471,0,0.0,none,packet_protection
,3,3,3,60.926568,,3,0.0,False,,True,True,True,True,True,True,0,0.0,0,True,3,L_C_emb:none;L_C_grad:none,1.7431799468753328,0.5372,LIC,,full_dynfl,8.674926999389251,0.0,0.0,8.0,0.0,7,,28.4294827202014,0,0.0,none,packet_protection
,3,3,4,60.926568,,4,0.0,False,,True,True,True,True,True,True,0,0.0,0,True,3,L_C_emb:none;L_C_grad:none,1.0840160768825502,0.53635,LIC,,full_dynfl,8.609166210442057,0.0,0.0,8.0,0.0,7,,31.0996674786873,0,0.0,none,packet_protection
,3,3,5,60.926568,,5,0.0,False,,True,True,True,True,True,True,0,0.0,0,True,3,L_C_emb:none;L_C_grad:none,0.782682067956915,0.5372,LIC,,full_dynfl,8.379817063029032,0.0,0.0,8.0,0.0,7,,27.105544934743257,0,0.0,none,packet_protection
,3,3,6,60.926568,,6,0.0,False,,True,True,True,True,True,True,0,0.0,0,True,3,L_C_emb:none;L_C_grad:none,2.6303355215731377,0.5372,LIC,,full_dynfl,9.069261725609856,0.0,0.0,8.0,0.0,7,,31.829563665078073,0,0.0,none,packet_protection
,3,3,7,60.926568,,7,0.0,False,,True,True,True,True,True,True,0,0.0,0,True,3,L_C_emb:none;L_C_grad:none,2.053595733538623,0.5369166666666667,LIC,,full_dynfl,7.437081309091472,0.0,0.7272719701934219,7.272728029806578,0.0,7,,23.398352881500028,0,0.7272719701934219,none,packet_protection
,3,3,8,60.926568,,8,0.0,False,,True,True,True,True,True,True,0,0.0,0,True,3,L_C_emb:none;L_C_grad:none,0.8725715355944437,0.5377666666666666,LIC,,full_dynfl,8.224831852180426,0.0,0.0,8.0,0.0,7,,30.069567144151513,0,0.0,none,packet_protection
,3,3,9,60.926568,,9,0.0,False,,True,True,True,True,True,True,0,0.0,0,True,3,L_C_emb:none;L_C_grad:none,1.3144213466357852,0.5383333333333333,LIC,,full_dynfl,8.570301824053109,0.0,0.0,8.0,0.0,7,,31.506016388239942,0,0.0,none,packet_protection
,3,3,10,60.926568,,0,0.0,False,,True,True,True,True,True,True,0,0.0,0,True,3,L_C_emb:none;L_C_grad:none,0.9864894286034035,0.5372,LIC,,full_dynfl,8.338175559603158,0.0,0.7120514785069132,7.287948521493087,0.0,7,,26.405265175232895,0,0.7120514785069132,none,packet_protection
,3,3,11,60.926568,,1,0.0,False,,True,True,True,True,True,True,0,0.0,0,True,3,L_C_emb:none;L_C_grad:none,2.0833708586033586,0.5366333333333334,LIC,,full_dynfl,9.405772835811215,0.0,1.0294706335008081,6.970529366499192,0.0,7,,32.255424528316304,0,1.0294706335008081,none,packet_protection
,3,3,12,60.926568,,2,0.0,False,,True,True,True,True,True,True,0,0.0,0,True,3,L_C_emb:none;L_C_grad:none,2.67780451323768,0.5372,LIC,,full_dynfl,8.591423451872705,0.0,0.0,8.0,0.0,7,,30.59956701390501,0,0.0,none,packet_protection
,3,3,13,60.926568,,3,0.0,False,,True,True,True,True,True,True,0,0.0,0,True,3,L_C_emb:none;L_C_grad:none,1.7205665385753408,0.5369166666666667,LIC,,full_dynfl,7.826694389203343,0.0,0.0,8.0,0.0,7,,26.81878391478886,0,0.0,none,packet_protection
,3,3,14,60.926568,,4,0.0,False,,True,True,True,True,True,True,0,0.0,0,True,3,L_C_emb:none;L_C_grad:none,1.9087855950561639,0.53635,LIC,,full_dynfl,7.434883837115084,0.0,0.0,8.0,0.0,7,,26.38180130256702,0,0.0,none,packet_protection
,3,3,15,60.926568,,5,0.0,False,,True,True,True,True,True,True,0,0.0,0,True,3,L_C_emb:none;L_C_grad:none,1.9130126015396856,0.5372,LIC,,full_dynfl,7.9166942662366875,0.0,0.0,8.0,0.0,7,,30.119152684726636,0,0.0,none,packet_protection
,3,3,16,60.926568,,6,0.0,False,,True,True,True,True,True,True,0,0.0,0,True,3,L_C_emb:none;L_C_grad:none,1.1628149379732393,0.5372,LIC,,full_dynfl,6.915108729960486,0.0,0.0,8.0,0.0,7,,22.279086975217194,0,0.0,none,packet_protection
,3,3,17,60.926568,,7,0.0,False,,True,True,True,True,True,True,0,0.0,0,True,3,L_C_emb:none;L_C_grad:none,2.6565711564792376,0.5369166666666667,LIC,,full_dynfl,8.090042104674554,0.0,0.7047879795216052,7.295212020478395,0.0,7,,24.6057425191443,0,0.7047879795216052,none,packet_protection
,3,3,18,60.926568,,8,0.0,False,,True,True,True,True,True,True,0,0.0,0,True,3,L_C_emb:none;L_C_grad:none,1.5926943326530782,0.5377666666666666,LIC,,full_dynfl,8.50617856819114,0.0,0.0,8.0,0.0,7,,28.45946918581732,0,0.0,none,packet_protection
,3,3,19,60.926568,,9,0.0,False,,True,True,True,True,True,True,0,0.0,0,True,3,L_C_emb:none;L_C_grad:none,2.676393350591775,0.5383333333333333,LIC,,full_dynfl,8.126423116419856,0.0,0.0,8.0,0.0,7,,24.857053308485042,0,0.0,none,packet_protection
,3,3,20,60.926568,,0,0.0,False,,True,True,True,True,True,True,0,0.0,0,True,3,L_C_emb:none;L_C_grad:none,0.750197009233797,0.5372,LIC,,full_dynfl,7.888894094096963,0.0,0.0,8.0,0.0,7,,27.677113029529583,0,0.0,none,packet_protection
,3,3,21,60.926568,,1,0.0,False,,True,True,True,True,True,True,0,0.0,0,True,3,L_C_emb:none;L_C_grad:none,1.0533693839806015,0.5366333333333334,LIC,,full_dynfl,7.036667587779216,0.0,0.0,8.0,0.0,7,,23.192872808627623,0,0.0,none,packet_protection
,3,3,22,60.926568,,2,0.0,False,,True,True,True,True,True,True,0,0.0,0,True,3,L_C_emb:none;L_C_grad:none,2.162089858147671,0.5372,LIC,,full_dynfl,7.356374125204547,0.0,0.0,8.0,0.0,7,,25.02683666675734,0,0.0,none,packet_protection
,3,3,23,60.926568,,3,0.0,False,,True,True,True,True,True,True,0,0.0,0,True,3,L_C_emb:none;L_C_grad:none,1.5216668391258723,0.5369166666666667,LIC,,full_dynfl,7.920715051643988,0.0,0.0,8.0,0.0,7,,24.114387075216754,0,0.0,none,packet_protection
,3,3,24,89.453136,,4,0.0,False,,True,True,True,True,False,True,0,0.0,0,True,3,L_E_upd:none,2.509690730837996,0.9464999999999999,LIIE,,full_dynfl,7.757257606873883,0.0,0.0,8.0,0.58,7,,14.903014803507855,0,0.0,none,packet_protection
,3,3,25,60.926568,,5,0.0,False,,True,True,True,True,True,True,0,0.0,0,True,3,L_C_emb:none;L_C_grad:none,2.141894505673916,0.5372,LIC,,full_dynfl,7.041928708980142,0.0,0.0,8.0,0.0,7,,22.36226311709354,0,0.0,none,packet_protection
,3,3,26,60.926568,,6,0.0,False,,True,True,True,True,True,True,0,0.0,0,True,3,L_C_emb:none;L_C_grad:none,2.6156949390605306,0.5372,LIC,,full_dynfl,7.644506260488049,0.0,0.0,8.0,0.0,7,,27.95490199341331,0,0.0,none,packet_protection
,3,3,27,60.926568,,7,0.0,False,,True,True,True,True,True,True,0,0.0,0,True,3,L_C_emb:none;L_C_grad:none,1.3581486205054942,0.5369166666666667,LIC,,full_dynfl,7.3853431068679,0.0,0.0,8.0,0.0,7,,22.82122606451407,0,0.0,none,packet_protection
,3,3,28,60.926568,,8,0.0,False,,True,True,True,True,True,True,0,0.0,0,True,3,L_C_emb:none;L_C_grad:none,1.0529798758229736,0.5374833333333333,LIC,,full_dynfl,7.25131830844604,0.0,0.0,8.0,0.0,7,,22.754693742142333,0,0.0,none,packet_protection
,3,3,29,60.926568,,9,0.0,False,,True,True,True,True,True,True,0,0.0,0,True,3,L_C_emb:none;L_C_grad:none,1.5238328230436504,0.5383333333333333,LIC,,full_dynfl,7.156140205843432,0.0,0.0,8.0,0.0,7,,25.665215115044813,0,0.0,none,packet_protection
,3,3,30,60.926568,,0,0.0,False,,True,True,True,True,True,True,0,0.0,0,True,3,L_C_emb:none;L_C_grad:none,1.304595337452328,0.5372,LIC,,full_dynfl,9.531441539287135,0.0,0.7083830446759496,7.29161695532405,0.0,7,,32.73981654568304,0,0.7083830446759496,none,packet_protection
6.664920214422959,3,3,31,89.453136,,1,0.7312235083591543,False,,True,True,True,True,True,True,0,0.0,0,True,3,L_E_upd:dp,2.2969552434688674,0.947,LIIE,,full_dynfl,10.967383963665439,0.0,0.7312235083591543,7.268776491640846,0.24359999999999998,7,6.664920214422959,20.6346166091774,1,0.7312235083591543,dp,packet_protection
,3,3,32,60.926568,,2,0.0,False,,True,True,True,True,True,True,0,0.0,0,True,3,L_C_emb:none;L_C_grad:none,0.759725880596146,0.5372,LIC,,full_dynfl,8.024384655885118,0.0,0.0,8.0,0.0,7,,29.565284679032594,0,0.0,none,packet_protection
,3,3,33,60.926568,,3,0.0,False,,True,True,True,True,True,True,0,0.0,0,True,3,L_C_emb:none;L_C_grad:none,1.0040228730641931,0.5369166666666667,LIC,,full_dynfl,8.542072436583492,0.0,0.0,8.0,0.0,7,,25.5261507075257,0,0.0,none,packet_protection
,3,3,34,60.926568,,4,0.0,False,,True,True,True,True,True,True,0,0.0,0,True,3,L_C_emb:none;L_C_grad:none,1.4720682121450308,0.53635,LIC,,full_dynfl,8.45035324597462,0.0,1.0185653003716746,6.981434699628325,0.0,7,,25.093162840848883,0,1.0185653003716746,none,packet_protection
,3,3,35,60.926568,,5,0.0,False,,True,True,True,True,True,True,0,0.0,0,True,3,L_C_emb:none;L_C_grad:none,2.1366723680721345,0.5372,LIC,,full_dynfl,7.081763072039838,0.0,0.0,8.0,0.0,7,,23.966479233315596,0,0.0,none,packet_protection
,3,3,36,60.926568,,6,0.0,False,,True,True,True,True,True,True,0,0.0,0,True,3,L_C_emb:none;L_C_grad:none,1.9282823167918586,0.5372,LIC,,full_dynfl,7.188238263900481,0.0,1.0240759740273537,6.975924025972646,0.0,7,,23.615582505066904,0,1.0240759740273537,none,packet_protection
,3,3,37,60.926568,,7,0.0,False,,True,True,True,True,True,True,0,0.0,0,True,3,L_C_emb:none;L_C_grad:none,1.192260315036407,0.5369166666666667,LIC,,full_dynfl,9.264682816046669,0.0,0.0,8.0,0.0,7,,30.029354975469815,0,0.0,none,packet_protection
,3,3,38,60.926568,,8,0.0,False,,True,True,True,True,True,True,0,0.0,0,True,3,L_C_emb:none;L_C_grad:none,2.5502852751622296,0.5374833333333333,LIC,,full_dynfl,9.270608470915544,0.0,0.0,8.0,0.0,7,,31.722284095821433,0,0.0,none,packet_protection
,3,3,39,60.926568,,9,0.0,False,,True,True,True,True,True,True,0,0.0,0,True,3,L_C_emb:none;L_C_grad:none,1.2461187749535723,0.5383333333333333,LIC,,full_dynfl,8.066433784627026,0.0,1.0294706335008081,6.970529366499192,0.0,7,,26.770566867967887,0,1.0294706335008081,none,packet_protection
,3,3,40,60.926568,,0,0.0,False,,True,True,True,True,True,True,0,0.0,0,True,3,L_C_emb:none;L_C_grad:none,1.718281661052106,0.5372,LIC,,full_dynfl,7.729046891613218,0.0,0.0,8.0,0.0,7,,26.64980464702286,0,0.0,none,packet_protection
6.664920214422959,3,3,41,89.453136,,1,0.7312235083591543,False,,True,True,True,True,True,True,0,0.0,0,True,3,L_E_upd:dp,1.2035142721899799,0.947,LIIE,,full_dynfl,7.884471347201822,0.0,0.7312235083591543,7.268776491640846,0.24359999999999998,7,6.664920214422959,16.78308871234506,1,0.7312235083591543,dp,packet_protection
,3,3,42,60.926568,,2,0.0,False,,True,True,True,True,True,True,0,0.0,0,True,3,L_C_emb:none;L_C_grad:none,1.0518635048612208,0.5372,LIC,,full_dynfl,9.48677593700531,0.0,0.0,8.0,0.0,7,,32.56618576874632,0,0.0,none,packet_protection
,3,3,43,60.926568,,3,0.0,False,,True,True,True,True,True,True,0,0.0,0,True,3,L_C_emb:none;L_C_grad:none,2.157731341345857,0.5369166666666667,LIC,,full_dynfl,7.5007253389788735,0.0,0.0,8.0,0.0,7,,28.2531228146551,0,0.0,none,packet_protection
,3,3,44,60.926568,,4,0.0,False,,True,True,True,True,True,True,0,0.0,0,True,3,L_C_emb:none;L_C_grad:none,1.8939537747589035,0.53635,LIC,,full_dynfl,7.665838834075455,0.0,0.0,8.0,0.0,7,,25.468621504791518,0,0.0,none,packet_protection
,3,3,45,60.926568,,5,0.0,False,,True,True,True,True,True,True,0,0.0,0,True,3,L_C_emb:none;L_C_grad:none,2.1894368395630277,0.5372,LIC,,full_dynfl,8.048479082620624,0.0,0.0,8.0,0.0,7,,27.999460993027462,0,0.0,none,packet_protection
,3,3,46,60.926568,,6,0.0,False,,True,True,True,True,True,True,0,0.0,0,True,3,L_C_emb:none;L_C_grad:none,0.8664658783201349,0.5372,LIC,,full_dynfl,7.755969994621343,0.0,0.0,8.0,0.0,7,,25.830022858030222,0,0.0,none,packet_protection
,3,3,47,60.926568,,7,0.0,False,,True,True,True,True,True,True,0,0.0,0,True,3,L_C_emb:none;L_C_grad:none,1.2106043506675663,0.5369166666666667,LIC,,full_dynfl,7.598627475112837,0.0,0.0,8.0,0.0,7,,24.340969321105817,0,0.0,none,packet_protection
,3,3,48,60.926568,,8,0.0,False,,True,True,True,True,True,True,0,0.0,0,True,3,L_C_emb:none;L_C_grad:none,1.8872330715439818,0.5374833333333333,LIC,,full_dynfl,7.811556552605582,0.0,0.0,8.0,0.0,7,,23.106125786631786,0,0.0,none,packet_protection
,3,3,49,60.926568,,9,0.0,False,,True,True,True,True,True,True,0,0.0,0,True,3,L_C_emb:none;L_C_grad:none,2.6414699298711724,0.53805,LIC,,full_dynfl,7.231048296240744,0.0,0.0,8.0,0.0,7,,24.32456296438455,0,0.0,none,packet_protection
,3,3,50,60.926568,,0,0.0,False,,True,True,True,True,True,True,0,0.0,0,True,3,L_C_emb:none;L_C_grad:none,2.357294402957413,0.5372,LIC,,full_dynfl,7.573063661081876,0.0,0.0,8.0,0.0,7,,25.896786934756406,0,0.0,none,packet_protection
,3,3,51,60.926568,,1,0.0,False,,True,True,True,True,True,True,0,0.0,0,True,3,L_C_emb:none;L_C_grad:none,1.5496570969226762,0.5366333333333334,LIC,,full_dynfl,8.24551118824138,0.0,0.0,8.0,0.0,7,,30.56032579674624,0,0.0,none,packet_protection
,3,3,52,60.926568,,2,0.0,False,,True,True,True,True,True,True,0,0.0,0,True,3,L_C_emb:none;L_C_grad:none,0.9663577124967927,0.5372,LIC,,full_dynfl,7.870038172648627,0.0,0.7196158649973157,7.280384135002684,0.0,7,,24.643478332144998,0,0.7196158649973157,none,packet_protection
,3,3,53,60.926568,,3,0.0,False,,True,True,True,True,True,True,0,0.0,0,True,3,L_C_emb:none;L_C_grad:none,1.770461903305378,0.5369166666666667,LIC,,full_dynfl,7.816520700384109,0.0,0.0,8.0,0.0,7,,23.520507866580772,0,0.0,none,packet_protection
,3,3,54,60.926568,,4,0.0,False,,True,True,True,True,True,True,0,0.0,0,True,3,L_E_emb:none;L_E_grad:none,0.6943280485130395,0.5679,LIE,,full_dynfl,3.653990038965776,0.0,0.0,8.0,0.0,7,,10.647294851988253,0,0.0,none,packet_protection
,3,3,55,60.926568,,5,0.0,False,,True,True,True,True,True,True,0,0.0,0,True,3,L_C_emb:none;L_C_grad:none,2.4836273737631887,0.5372,LIC,,full_dynfl,7.544206606096273,0.0,0.0,8.0,0.0,7,,27.373467231283904,0,0.0,none,packet_protection
,3,3,56,60.926568,,6,0.0,False,,True,True,True,True,True,True,0,0.0,0,True,3,L_C_emb:none;L_C_grad:none,1.8118084234022185,0.5372,LIC,,full_dynfl,8.202482634273297,0.0,0.723403622304863,7.276596377695137,0.0,7,,25.443906373147357,0,0.723403622304863,none,packet_protection
,3,3,57,60.926568,,7,0.0,False,,True,True,True,True,True,True,0,0.0,0,True,3,L_C_emb:none;L_C_grad:none,2.3077190009814617,0.5369166666666667,LIC,,full_dynfl,7.788617387801174,0.0,0.0,8.0,0.0,7,,23.4358608197686,0,0.0,none,packet_protection
,3,3,58,60.926568,,8,0.0,False,,True,True,True,True,True,True,0,0.0,0,True,3,L_C_emb:none;L_C_grad:none,1.8813699941523465,0.5374833333333333,LIC,,full_dynfl,8.50490964381624,0.0,0.0,8.0,0.0,7,,29.400609524209553,0,0.0,none,packet_protection
,3,3,59,60.926568,,9,0.0,False,,True,True,True,True,True,True,0,0.0,0,True,3,L_C_emb:none;L_C_grad:none,1.0079643620644898,0.53805,LIC,,full_dynfl,7.308805838890781,0.0,0.0,8.0,0.0,7,,22.80684235354522,0,0.0,none,packet_protection
,3,3,60,60.926568,,0,0.0,False,,True,True,True,True,True,True,0,0.0,0,True,3,L_C_emb:none;L_C_grad:none,0.915367883433331,0.5372,LIC,,full_dynfl,7.143442133520384,0.0,0.0,8.0,0.0,7,,22.94093869224772,0,0.0,none,packet_protection
,3,3,61,60.926568,,1,0.0,False,,True,True,True,True,True,True,0,0.0,0,True,3,L_E_emb:none;L_E_grad:none,1.663020517394065,0.5682,LIE,,full_dynfl,4.147105848879969,0.0,1.0030252006626594,6.996974799337341,0.0,7,,13.607014721431483,0,1.0030252006626594,none,packet_protection
,3,3,62,60.926568,,2,0.0,False,,True,True,True,True,True,True,0,0.0,0,True,3,L_C_emb:none;L_C_grad:none,1.2711442061474538,0.5372,LIC,,full_dynfl,8.501241812405882,0.0,0.0,8.0,0.0,7,,28.897908779165633,0,0.0,none,packet_protection
,3,3,63,60.926568,,3,0.0,False,,True,True,True,True,True,True,0,0.0,0,True,3,L_C_emb:none;L_C_grad:none,1.4309148880902602,0.5369166666666667,LIC,,full_dynfl,8.494036981668494,0.0,0.0,8.0,0.0,7,,25.73540547867071,0,0.0,none,packet_protection
,3,3,64,60.926568,,4,0.0,False,,True,True,True,True,True,True,0,0.0,0,True,3,L_C_emb:none;L_C_grad:none,1.8405891045455842,0.53635,LIC,,full_dynfl,8.195459552761328,0.0,0.0,8.0,0.0,7,,30.02384128268268,0,0.0,none,packet_protection
,3,3,65,60.926568,,5,0.0,False,,True,True,True,True,True,True,0,0.0,0,True,3,L_C_emb:none;L_C_grad:none,0.8367898073613169,0.5372,LIC,,full_dynfl,7.889787841467807,0.0,0.0,8.0,0.0,7,,28.353433362690787,0,0.0,none,packet_protection
,3,3,66,60.926568,,6,0.0,False,,True,True,True,True,True,True,0,0.0,0,True,3,L_C_emb:none;L_C_grad:none,1.8093775561702643,0.5372,LIC,,full_dynfl,7.716064061023615,0.0,0.7272719701934219,7.272728029806578,0.0,7,,25.177360643201062,0,0.7272719701934219,none,packet_protection
,3,3,67,60.926568,,7,0.0,False,,True,True,True,True,True,True,0,0.0,0,True,3,L_C_emb:none;L_C_grad:none,1.7349815617663098,0.5369166666666667,LIC,,full_dynfl,7.8491491865345315,0.0,0.0,8.0,0.0,7,,28.03439396716248,0,0.0,none,packet_protection
,3,3,68,60.926568,,8,0.0,False,,True,True,True,True,True,True,0,0.0,0,True,3,L_C_emb:none;L_C_grad:none,1.6746949941761489,0.5374833333333333,LIC,,full_dynfl,8.336950726248284,0.0,0.0,8.0,0.0,7,,27.81970765480922,0,0.0,none,packet_protection
,3,3,69,60.926568,,9,0.0,False,,True,True,True,True,True,True,0,0.0,0,True,3,L_C_emb:none;L_C_grad:none,0.9742087513577001,0.53805,LIC,,full_dynfl,8.143433665260687,0.0,0.0,8.0,0.0,7,,31.45866832113018,0,0.0,none,packet_protection
,3,3,70,60.926568,,0,0.0,False,,True,True,True,True,True,True,0,0.0,0,True,3,L_C_emb:none;L_C_grad:none,2.208645096509279,0.5372,LIC,,full_dynfl,8.513002023167896,0.0,0.0,8.0,0.0,7,,31.903643738434823,0,0.0,none,packet_protection
,3,3,71,60.926568,,1,0.0,False,,True,True,True,True,True,True,0,0.0,0,True,3,L_C_emb:none;L_C_grad:none,1.826628304645198,0.5366333333333334,LIC,,full_dynfl,7.19712386469744,0.0,0.0,8.0,0.0,7,,23.00303987689126,0,0.0,none,packet_protection
,3,3,72,60.926568,,2,0.0,False,,True,True,True,True,True,True,0,0.0,0,True,3,L_C_emb:none;L_C_grad:none,0.699842775864906,0.5372,LIC,,full_dynfl,8.266889406296439,0.0,0.0,8.0,0.0,7,,29.288085389294352,0,0.0,none,packet_protection
6.664920214422959,3,3,73,404.32817471999994,,3,0.7312235083591543,False,,True,True,True,True,True,True,0,0.0,0,True,3,L_E_upd:dp_he3,1.949324494891817,0.947,LIIE,,full_dynfl,65.5467436093156,0.0,0.7312235083591543,7.268776491640846,0.0464,7,6.664920214422959,78.90653807466501,1,0.7312235083591543,dp_he3,packet_protection
,3,3,74,89.453136,,4,0.0,False,,True,True,True,True,False,True,0,0.0,0,True,3,L_E_upd:none,2.373369464974584,0.946,LIIE,,full_dynfl,8.302254977582965,0.0,1.6120191862962272,6.387980813703773,0.58,7,,16.541804756411423,0,1.6120191862962272,none,packet_protection
,3,3,75,89.453136,,5,0.0,False,,True,True,True,True,False,True,0,0.0,0,True,3,L_E_upd:none,1.0329957754014922,0.9474999999999999,LIIE,,full_dynfl,7.520430316759677,0.0,0.7272719701934219,7.272728029806578,0.58,7,,14.817221386201185,0,0.7272719701934219,none,packet_protection
,3,3,76,60.926568,,6,0.0,False,,True,True,True,True,True,True,0,0.0,0,True,3,L_C_emb:none;L_C_grad:none,1.5225967874451976,0.5372,LIC,,full_dynfl,7.524801510323378,0.0,0.0,8.0,0.0,7,,23.41348605762245,0,0.0,none,packet_protection
,3,3,77,60.926568,,7,0.0,False,,True,True,True,True,True,True,0,0.0,0,True,3,L_C_emb:none;L_C_grad:none,0.7023509254444353,0.5369166666666667,LIC,,full_dynfl,8.144175215108495,0.0,0.0,8.0,0.0,7,,24.030888620853045,0,0.0,none,packet_protection
,3,3,78,60.926568,,8,0.0,False,,True,True,True,True,True,True,0,0.0,0,True,3,L_C_emb:none;L_C_grad:none,2.1302373664638856,0.5374833333333333,LIC,,full_dynfl,7.630947574013727,0.0,0.7083830446759496,7.29161695532405,0.0,7,,27.754185363245554,0,0.7083830446759496,none,packet_protection
,3,3,79,60.926568,,9,0.0,False,,True,True,True,True,True,True,0,0.0,0,True,3,L_C_emb:none;L_C_grad:none,1.5075545469820644,0.53805,LIC,,full_dynfl,7.767128863149754,0.0,0.0,8.0,0.0,7,,28.25671113266681,0,0.0,none,packet_protection
,3,3,80,60.926568,,0,0.0,False,,True,True,True,True,True,True,0,0.0,0,True,3,L_C_emb:none;L_C_grad:none,1.8296725957303435,0.5372,LIC,,full_dynfl,7.517224306717765,0.0,0.0,8.0,0.0,7,,25.677004460132185,0,0.0,none,packet_protection
,3,3,81,60.926568,,1,0.0,False,,True,True,True,True,True,True,0,0.0,0,True,3,L_E_emb:none;L_E_grad:none,2.550842491022395,0.5682,LIE,,full_dynfl,4.337107868042516,0.0,0.7272719701934219,7.272728029806578,0.0,7,,13.905361561356102,0,0.7272719701934219,none,packet_protection
,3,3,82,60.926568,,2,0.0,False,,True,True,True,True,True,True,0,0.0,0,True,3,L_C_emb:none;L_C_grad:none,1.2161122283893053,0.5372,LIC,,full_dynfl,6.957679997772056,0.0,0.0,8.0,0.0,7,,23.694008486622124,0,0.0,none,packet_protection
6.76974355464211,3,3,83,89.453136,,3,0.20258533547423507,False,,True,True,True,True,True,True,0,0.0,0,True,3,L_E_upd:dp,1.4318254026176642,0.947,LIIE,,full_dynfl,9.971162563141448,0.0,1.4518581827718284,6.548141817228172,0.24359999999999998,7,6.76974355464211,20.265927354829124,1,1.4518581827718284,dp,packet_protection
6.664920214422959,3,3,84,89.453136,,4,0.7312235083591543,False,,True,True,True,True,True,True,0,0.0,0,True,3,L_E_upd:dp,2.1478191071057733,0.946,LIIE,,full_dynfl,7.599979780053204,0.0,0.7312235083591543,7.268776491640846,0.24359999999999998,7,6.664920214422959,15.428445327506655,1,0.7312235083591543,dp,packet_protection
,3,3,85,60.926568,,5,0.0,False,,True,True,True,True,True,True,0,0.0,0,True,3,L_C_emb:none;L_C_grad:none,0.9260925662709386,0.5369166666666667,LIC,,full_dynfl,7.519398734548152,0.0,0.0,8.0,0.0,7,,25.588062906459946,0,0.0,none,packet_protection
,3,3,86,60.926568,,6,0.0,False,,True,True,True,True,True,True,0,0.0,0,True,3,L_C_emb:none;L_C_grad:none,1.7996014940214557,0.5372,LIC,,full_dynfl,8.738810858483815,0.0,0.0,8.0,0.0,7,,30.758052258401293,0,0.0,none,packet_protection
,3,3,87,89.453136,,7,0.0,False,,True,True,True,True,False,True,0,0.0,0,True,3,L_E_upd:none,2.474420304413817,0.9474999999999999,LIIE,,full_dynfl,7.927344481952682,0.0,0.0,8.0,0.58,7,,16.20865047952351,0,0.0,none,packet_protection
,3,3,88,60.926568,,8,0.0,False,,True,True,True,True,True,True,0,0.0,0,True,3,L_C_emb:none;L_C_grad:none,2.3858028244505176,0.5374833333333333,LIC,,full_dynfl,7.519375748514041,0.0,0.723403622304863,7.276596377695137,0.0,7,,23.653279878894473,0,0.723403622304863,none,packet_protection
,3,3,89,60.926568,,9,0.0,False,,True,True,True,True,True,True,0,0.0,0,True,3,L_C_emb:none;L_C_grad:none,1.3705276667987023,0.53805,LIC,,full_dynfl,8.163538372097248,0.0,0.0,8.0,0.0,7,,28.22002433278555,0,0.0,none,packet_protection
,3,3,90,60.926568,,0,0.0,False,,True,True,True,True,True,True,0,0.0,0,True,3,L_E_emb:none;L_E_grad:none,2.4332702580801087,0.5685,LIE,,full_dynfl,5.468632067069034,0.0,0.0,8.0,0.0,7,,15.480745050714876,0,0.0,none,packet_protection
6.770440023152984,3,3,91,404.32817471999994,,1,0.20192096621630062,False,,True,True,True,True,True,True,0,0.0,0,True,3,L_E_upd:dp_he3,1.0364106472173031,0.9464999999999999,LIIE,,full_dynfl,71.96744875993592,0.0,1.4553685662833478,6.544631433716653,0.0464,7,6.770440023152984,82.23096713802532,1,1.4553685662833478,dp_he3,packet_protection
,3,3,92,60.926568,,2,0.0,False,,True,True,True,True,True,True,0,0.0,0,True,3,L_C_emb:none;L_C_grad:none,1.7756584058061933,0.5372,LIC,,full_dynfl,7.547263730894037,0.0,0.0,8.0,0.0,7,,26.56331491671252,0,0.0,none,packet_protection
,3,3,93,89.453136,,3,0.0,False,,True,True,True,True,False,True,0,0.0,0,True,3,L_E_upd:none,1.2763035970769345,0.947,LIIE,,full_dynfl,7.487796589654745,0.0,0.723403622304863,7.276596377695137,0.58,7,,18.387038960634065,0,0.723403622304863,none,packet_protection
,3,3,94,60.926568,,4,0.0,False,,True,True,True,True,True,True,0,0.0,0,True,3,L_E_emb:none;L_E_grad:none,1.022644065962914,0.5676,LIE,,full_dynfl,3.8150925358724623,0.0,1.0030252006626594,6.996974799337341,0.0,7,,11.653709188166738,0,1.0030252006626594,none,packet_protection
,3,3,95,404.32817471999994,,5,0.0,False,,True,True,True,True,True,True,0,0.0,0,True,3,L_E_upd:he3,2.386951937299487,0.9474999999999999,LIIE,,full_dynfl,63.781238401532825,0.0,1.0214612156090979,6.978538784390902,0.0696,7,,75.48203523427733,0,1.0214612156090979,he3,packet_protection
6.664920214422959,3,3,96,89.453136,,6,0.7312235083591543,False,,True,True,True,True,True,True,0,0.0,0,True,3,L_E_upd:dp,1.0407947296407267,0.9474999999999999,LIIE,,full_dynfl,9.953670607076816,0.0,0.7312235083591543,7.268776491640846,0.24359999999999998,7,6.664920214422959,20.4319454082208,1,0.7312235083591543,dp,packet_protection
6.770140566671183,3,3,97,89.453136,,7,0.20220659604368807,False,,True,True,True,True,True,True,0,0.0,0,True,3,L_E_upd:dp,1.2270978966466777,0.9464999999999999,LIIE,,full_dynfl,9.405479374272566,0.0,1.4538593600332321,6.546140639966768,0.24359999999999998,7,6.770140566671183,18.810887583064215,1,1.4538593600332321,dp,packet_protection
,3,3,98,60.926568,,8,0.0,False,,True,True,True,True,True,True,0,0.0,0,True,3,L_C_emb:none;L_C_grad:none,0.8571687012908544,0.5372,LIC,,full_dynfl,8.373413859549807,0.0,0.0,8.0,0.0,7,,31.15278018028956,0,0.0,none,packet_protection
,3,3,99,60.926568,,9,0.0,False,,True,True,True,True,True,True,0,0.0,0,True,3,L_C_emb:none;L_C_grad:none,1.5665195180963505,0.53805,LIC,,full_dynfl,8.434011746179108,0.0,0.0,8.0,0.0,7,,27.518597861655792,0,0.0,none,packet_protection
,3,3,0,60.926568,,0,0.0,False,,True,True,True,True,True,True,0,0.0,0,True,3,L_C_emb:none;L_C_grad:none,2.4526825050714955,0.5372,LIC,,full_dynfl,9.04590776407533,0.0,0.0,8.0,0.0,8,,31.015929907368903,0,0.0,none,packet_protection
,3,3,1,60.926568,,1,0.0,False,,True,True,True,True,True,True,0,0.0,0,True,3,L_C_emb:none;L_C_grad:none,2.020729936082863,0.5369166666666667,LIC,,full_dynfl,9.214370188789687,0.0,0.0,8.0,0.0,8,,30.96785859176545,0,0.0,none,packet_protection
,3,3,2,60.926568,,2,0.0,False,,True,True,True,True,True,True,0,0.0,0,True,3,L_C_emb:none;L_C_grad:none,1.380488196284812,0.5374833333333333,LIC,,full_dynfl,7.460806579955941,0.0,0.0,8.0,0.0,8,,24.228140881378813,0,0.0,none,packet_protection
,3,3,3,60.926568,,3,0.0,False,,True,True,True,True,True,True,0,0.0,0,True,3,L_C_emb:none;L_C_grad:none,1.7431799468753328,0.5372,LIC,,full_dynfl,8.708947957905984,0.0,0.0,8.0,0.0,8,,32.742926917082336,0,0.0,none,packet_protection
6.6289904636494015,3,3,4,89.453136,,4,0.7352609495284894,False,,True,True,True,True,True,True,0,0.0,0,True,3,L_E_upd:dp,1.0840160768825502,0.9464999999999999,LIIE,,full_dynfl,11.65516906297112,0.0,0.7352609495284894,7.26473905047151,0.24359999999999998,8,6.6289904636494015,19.968546957757585,1,0.7352609495284894,dp,packet_protection
,3,3,5,60.926568,,5,0.0,False,,True,True,True,True,True,True,0,0.0,0,True,3,L_C_emb:none;L_C_grad:none,0.782682067956915,0.5372,LIC,,full_dynfl,7.481631972827054,0.0,0.0,8.0,0.0,8,,24.343005486735287,0,0.0,none,packet_protection
,3,3,6,60.926568,,6,0.0,False,,True,True,True,True,True,True,0,0.0,0,True,3,L_C_emb:none;L_C_grad:none,2.6303355215731377,0.5372,LIC,,full_dynfl,8.580682148385698,0.0,0.0,8.0,0.0,8,,28.513367274443272,0,0.0,none,packet_protection
,3,3,7,60.926568,,7,0.0,False,,True,True,True,True,True,True,0,0.0,0,True,3,L_C_emb:none;L_C_grad:none,2.053595733538623,0.5369166666666667,LIC,,full_dynfl,8.358721288303336,0.0,0.7272719701934219,7.272728029806578,0.0,8,,30.95339624010395,0,0.7272719701934219,none,packet_protection
,3,3,8,60.926568,,8,0.0,False,,True,True,True,True,True,True,0,0.0,0,True,3,L_C_emb:none;L_C_grad:none,0.8725715355944437,0.5377666666666666,LIC,,full_dynfl,7.285109673433261,0.0,0.0,8.0,0.0,8,,23.4314688403884,0,0.0,none,packet_protection
,3,3,9,60.926568,,9,0.0,False,,True,True,True,True,True,True,0,0.0,0,True,3,L_C_emb:none;L_C_grad:none,1.3144213466357852,0.5383333333333333,LIC,,full_dynfl,9.27545955513031,0.0,0.0,8.0,0.0,8,,30.579409719721873,0,0.0,none,packet_protection
,3,3,10,60.926568,,0,0.0,False,,True,True,True,True,True,True,0,0.0,0,True,3,L_C_emb:none;L_C_grad:none,0.9864894286034035,0.5372,LIC,,full_dynfl,7.311513903764773,0.0,0.7120514785069132,7.287948521493087,0.0,8,,25.10415544568307,0,0.7120514785069132,none,packet_protection
,3,3,11,60.926568,,1,0.0,False,,True,True,True,True,True,True,0,0.0,0,True,3,L_C_emb:none;L_C_grad:none,2.0833708586033586,0.5366333333333334,LIC,,full_dynfl,7.2842950526000445,0.0,1.0294706335008081,6.970529366499192,0.0,8,,24.508239912447173,0,1.0294706335008081,none,packet_protection
,3,3,12,60.926568,,2,0.0,False,,True,True,True,True,True,True,0,0.0,0,True,3,L_C_emb:none;L_C_grad:none,2.67780451323768,0.5372,LIC,,full_dynfl,7.413123194044678,0.0,0.0,8.0,0.0,8,,24.504089261270977,0,0.0,none,packet_protection
,3,3,13,60.926568,,3,0.0,False,,True,True,True,True,True,True,0,0.0,0,True,3,L_C_emb:none;L_C_grad:none,1.7205665385753408,0.5369166666666667,LIC,,full_dynfl,7.876118206408335,0.0,0.0,8.0,0.0,8,,25.877907549447684,0,0.0,none,packet_protection
,3,3,14,60.926568,,4,0.0,False,,True,True,True,True,True,True,0,0.0,0,True,3,L_C_emb:none;L_C_grad:none,1.9087855950561639,0.53635,LIC,,full_dynfl,9.17694262509282,0.0,0.0,8.0,0.0,8,,32.87889774075424,0,0.0,none,packet_protection
,3,3,15,60.926568,,5,0.0,False,,True,True,True,True,True,True,0,0.0,0,True,3,L_C_emb:none;L_C_grad:none,1.9130126015396856,0.5372,LIC,,full_dynfl,8.804343949396854,0.0,0.0,8.0,0.0,8,,28.74552492908537,0,0.0,none,packet_protection
6.6289904636494015,3,3,16,89.453136,,6,0.7352609495284894,False,,True,True,True,True,True,True,0,0.0,0,True,3,L_E_upd:dp,1.1628149379732393,0.948,LIIE,,full_dynfl,12.6482524663076,0.0,0.7352609495284894,7.26473905047151,0.24359999999999998,8,6.6289904636494015,20.55855604001866,1,0.7352609495284894,dp,packet_protection
,3,3,17,60.926568,,7,0.0,False,,True,True,True,True,True,True,0,0.0,0,True,3,L_C_emb:none;L_C_grad:none,2.6565711564792376,0.5369166666666667,LIC,,full_dynfl,7.292188677957063,0.0,0.7047879795216052,7.295212020478395,0.0,8,,23.07744743714817,0,0.7047879795216052,none,packet_protection
,3,3,18,60.926568,,8,0.0,False,,True,True,True,True,True,True,0,0.0,0,True,3,L_C_emb:none;L_C_grad:none,1.5926943326530782,0.5377666666666666,LIC,,full_dynfl,8.735866242764978,0.0,0.0,8.0,0.0,8,,28.16385173429318,0,0.0,none,packet_protection
,3,3,19,60.926568,,9,0.0,False,,True,True,True,True,True,True,0,0.0,0,True,3,L_C_emb:none;L_C_grad:none,2.676393350591775,0.5383333333333333,LIC,,full_dynfl,8.332084938866549,0.0,0.0,8.0,0.0,8,,29.864315431949016,0,0.0,none,packet_protection
,3,3,20,60.926568,,0,0.0,False,,True,True,True,True,True,True,0,0.0,0,True,3,L_C_emb:none;L_C_grad:none,0.750197009233797,0.5372,LIC,,full_dynfl,7.6161029053173275,0.0,0.0,8.0,0.0,8,,24.80575183794582,0,0.0,none,packet_protection
,3,3,21,60.926568,,1,0.0,False,,True,True,True,True,True,True,0,0.0,0,True,3,L_C_emb:none;L_C_grad:none,1.0533693839806015,0.5366333333333334,LIC,,full_dynfl,8.507785794113637,0.0,0.0,8.0,0.0,8,,30.479873793528075,0,0.0,none,packet_protection
,3,3,22,60.926568,,2,0.0,False,,True,True,True,True,True,True,0,0.0,0,True,3,L_C_emb:none;L_C_grad:none,2.162089858147671,0.5372,LIC,,full_dynfl,7.974023642143784,0.0,0.0,8.0,0.0,8,,25.772433184288687,0,0.0,none,packet_protection
6.6289904636494015,3,3,23,89.453136,,3,0.7352609495284894,False,,True,True,True,True,True,True,0,0.0,0,True,3,L_E_upd:dp,1.5216668391258723,0.9474999999999999,LIIE,,full_dynfl,8.841668452984273,0.0,0.7352609495284894,7.26473905047151,0.24359999999999998,8,6.6289904636494015,20.167700761350716,1,0.7352609495284894,dp,packet_protection
,3,3,24,60.926568,,4,0.0,False,,True,True,True,True,True,True,0,0.0,0,True,3,L_C_emb:none;L_C_grad:none,2.509690730837996,0.53635,LIC,,full_dynfl,7.458116674985302,0.0,0.0,8.0,0.0,8,,23.211414663286234,0,0.0,none,packet_protection
,3,3,25,60.926568,,5,0.0,False,,True,True,True,True,True,True,0,0.0,0,True,3,L_C_emb:none;L_C_grad:none,2.141894505673916,0.5372,LIC,,full_dynfl,7.778170941745841,0.0,0.0,8.0,0.0,8,,26.856698061113782,0,0.0,none,packet_protection
,3,3,26,60.926568,,6,0.0,False,,True,True,True,True,True,True,0,0.0,0,True,3,L_C_emb:none;L_C_grad:none,2.6156949390605306,0.5372,LIC,,full_dynfl,8.007240640551164,0.0,0.0,8.0,0.0,8,,25.839619114561124,0,0.0,none,packet_protection
,3,3,27,60.926568,,7,0.0,False,,True,True,True,True,True,True,0,0.0,0,True,3,L_C_emb:none;L_C_grad:none,1.3581486205054942,0.5369166666666667,LIC,,full_dynfl,8.057123511638109,0.0,0.0,8.0,0.0,8,,26.393391703832485,0,0.0,none,packet_protection
,3,3,28,60.926568,,8,0.0,False,,True,True,True,True,True,True,0,0.0,0,True,3,L_C_emb:none;L_C_grad:none,1.0529798758229736,0.5374833333333333,LIC,,full_dynfl,8.071679501354803,0.0,0.0,8.0,0.0,8,,29.394921570253658,0,0.0,none,packet_protection
,3,3,29,60.926568,,9,0.0,False,,True,True,True,True,True,True,0,0.0,0,True,3,L_C_emb:none;L_C_grad:none,1.5238328230436504,0.5383333333333333,LIC,,full_dynfl,8.42022535151137,0.0,0.0,8.0,0.0,8,,25.713377039858464,0,0.0,none,packet_protection
,3,3,30,60.926568,,0,0.0,False,,True,True,True,True,True,True,0,0.0,0,True,3,L_C_emb:none;L_C_grad:none,1.304595337452328,0.5372,LIC,,full_dynfl,7.882383336736574,0.0,0.7083830446759496,7.29161695532405,0.0,8,,27.458140249284,0,0.7083830446759496,none,packet_protection
,3,3,31,60.926568,,1,0.0,False,,True,True,True,True,True,True,0,0.0,0,True,3,L_E_emb:none;L_E_grad:none,2.2969552434688674,0.5682,LIE,,full_dynfl,4.304448160394449,0.0,0.7312235083591543,7.268776491640846,0.0,8,,11.447865110396522,0,0.7312235083591543,none,packet_protection
,3,3,32,60.926568,,2,0.0,False,,True,True,True,True,True,True,0,0.0,0,True,3,L_C_emb:none;L_C_grad:none,0.759725880596146,0.5372,LIC,,full_dynfl,7.9218135849736555,0.0,0.0,8.0,0.0,8,,28.030801776294975,0,0.0,none,packet_protection
,3,3,33,60.926568,,3,0.0,False,,True,True,True,True,True,True,0,0.0,0,True,3,L_C_emb:none;L_C_grad:none,1.0040228730641931,0.5369166666666667,LIC,,full_dynfl,8.72775319757802,0.0,0.0,8.0,0.0,8,,29.54817539280262,0,0.0,none,packet_protection
,3,3,34,60.926568,,4,0.0,False,,True,True,True,True,True,True,0,0.0,0,True,3,L_C_emb:none;L_C_grad:none,1.4720682121450308,0.53635,LIC,,full_dynfl,9.202574241182468,0.0,1.0185653003716746,6.981434699628325,0.0,8,,29.310520341930413,0,1.0185653003716746,none,packet_protection
,3,3,35,60.926568,,5,0.0,False,,True,True,True,True,True,True,0,0.0,0,True,3,L_C_emb:none;L_C_grad:none,2.1366723680721345,0.5372,LIC,,full_dynfl,7.848548594707303,0.0,0.0,8.0,0.0,8,,26.82459699909302,0,0.0,none,packet_protection
,3,3,36,60.926568,,6,0.0,False,,True,True,True,True,True,True,0,0.0,0,True,3,L_C_emb:none;L_C_grad:none,1.9282823167918586,0.5372,LIC,,full_dynfl,9.172433508387659,0.0,1.0240759740273537,6.975924025972646,0.0,8,,28.639815160904288,0,1.0240759740273537,none,packet_protection
,3,3,37,60.926568,,7,0.0,False,,True,True,True,True,True,True,0,0.0,0,True,3,L_C_emb:none;L_C_grad:none,1.192260315036407,0.5369166666666667,LIC,,full_dynfl,8.43739957222237,0.0,0.0,8.0,0.0,8,,31.006911177342985,0,0.0,none,packet_protection
,3,3,38,60.926568,,8,0.0,False,,True,True,True,True,True,True,0,0.0,0,True,3,L_C_emb:none;L_C_grad:none,2.5502852751622296,0.5374833333333333,LIC,,full_dynfl,8.621701349832085,0.0,0.0,8.0,0.0,8,,31.147987888407137,0,0.0,none,packet_protection
,3,3,39,60.926568,,9,0.0,False,,True,True,True,True,True,True,0,0.0,0,True,3,L_C_emb:none;L_C_grad:none,1.2461187749535723,0.5383333333333333,LIC,,full_dynfl,8.105029907345948,0.0,1.0294706335008081,6.970529366499192,0.0,8,,30.08744728280547,0,1.0294706335008081,none,packet_protection
,3,3,40,60.926568,,0,0.0,False,,True,True,True,True,True,True,0,0.0,0,True,3,L_C_emb:none;L_C_grad:none,1.718281661052106,0.5372,LIC,,full_dynfl,8.411397784802158,0.0,0.0,8.0,0.0,8,,24.35609310835944,0,0.0,none,packet_protection
,3,3,41,60.926568,,1,0.0,False,,True,True,True,True,True,True,0,0.0,0,True,3,L_C_emb:none;L_C_grad:none,1.2035142721899799,0.5366333333333334,LIC,,full_dynfl,7.59421969651654,0.0,0.7312235083591543,7.268776491640846,0.0,8,,27.518126923661796,0,0.7312235083591543,none,packet_protection
,3,3,42,60.926568,,2,0.0,False,,True,True,True,True,True,True,0,0.0,0,True,3,L_C_emb:none;L_C_grad:none,1.0518635048612208,0.5372,LIC,,full_dynfl,8.771057821666679,0.0,0.0,8.0,0.0,8,,30.425374491932324,0,0.0,none,packet_protection
,3,3,43,60.926568,,3,0.0,False,,True,True,True,True,True,True,0,0.0,0,True,3,L_C_emb:none;L_C_grad:none,2.157731341345857,0.5369166666666667,LIC,,full_dynfl,7.735797767653226,0.0,0.0,8.0,0.0,8,,26.939128131551108,0,0.0,none,packet_protection
,3,3,44,60.926568,,4,0.0,False,,True,True,True,True,True,True,0,0.0,0,True,3,L_E_emb:none;L_E_grad:none,1.8939537747589035,0.5679,LIE,,full_dynfl,5.027232100615331,0.0,0.0,8.0,0.0,8,,15.999454027414945,0,0.0,none,packet_protection
,3,3,45,60.926568,,5,0.0,False,,True,True,True,True,True,True,0,0.0,0,True,3,L_C_emb:none;L_C_grad:none,2.1894368395630277,0.5372,LIC,,full_dynfl,7.563778967196401,0.0,0.0,8.0,0.0,8,,24.016689260249073,0,0.0,none,packet_protection
,3,3,46,60.926568,,6,0.0,False,,True,True,True,True,True,True,0,0.0,0,True,3,L_C_emb:none;L_C_grad:none,0.8664658783201349,0.5372,LIC,,full_dynfl,8.246527457044486,0.0,0.0,8.0,0.0,8,,27.947251603748384,0,0.0,none,packet_protection
,3,3,47,60.926568,,7,0.0,False,,True,True,True,True,True,True,0,0.0,0,True,3,L_C_emb:none;L_C_grad:none,1.2106043506675663,0.5369166666666667,LIC,,full_dynfl,8.28454542702011,0.0,0.0,8.0,0.0,8,,30.33697402792999,0,0.0,none,packet_protection
,3,3,48,60.926568,,8,0.0,False,,True,True,True,True,True,True,0,0.0,0,True,3,L_C_emb:none;L_C_grad:none,1.8872330715439818,0.5374833333333333,LIC,,full_dynfl,7.394653179828785,0.0,0.0,8.0,0.0,8,,24.73491694902753,0,0.0,none,packet_protection
,3,3,49,60.926568,,9,0.0,False,,True,True,True,True,True,True,0,0.0,0,True,3,L_C_emb:none;L_C_grad:none,2.6414699298711724,0.53805,LIC,,full_dynfl,9.169038266589148,0.0,0.0,8.0,0.0,8,,28.773231573565937,0,0.0,none,packet_protection
,3,3,50,60.926568,,0,0.0,False,,True,True,True,True,True,True,0,0.0,0,True,3,L_C_emb:none;L_C_grad:none,2.357294402957413,0.5372,LIC,,full_dynfl,7.407040689911702,0.0,0.0,8.0,0.0,8,,24.424834700541474,0,0.0,none,packet_protection
,3,3,51,60.926568,,1,0.0,False,,True,True,True,True,True,True,0,0.0,0,True,3,L_C_emb:none;L_C_grad:none,1.5496570969226762,0.5366333333333334,LIC,,full_dynfl,8.548408953949798,0.0,0.0,8.0,0.0,8,,28.92783003577147,0,0.0,none,packet_protection
,3,3,52,60.926568,,2,0.0,False,,True,True,True,True,True,True,0,0.0,0,True,3,L_C_emb:none;L_C_grad:none,0.9663577124967927,0.5372,LIC,,full_dynfl,8.957190804451567,0.0,0.7196158649973157,7.280384135002684,0.0,8,,31.72593681575302,0,0.7196158649973157,none,packet_protection
,3,3,53,60.926568,,3,0.0,False,,True,True,True,True,True,True,0,0.0,0,True,3,L_C_emb:none;L_C_grad:none,1.770461903305378,0.5369166666666667,LIC,,full_dynfl,8.838709799352209,0.0,0.0,8.0,0.0,8,,30.51556127572353,0,0.0,none,packet_protection
,3,3,54,60.926568,,4,0.0,False,,True,True,True,True,True,True,0,0.0,0,True,3,L_C_emb:none;L_C_grad:none,0.6943280485130395,0.53635,LIC,,full_dynfl,8.350588755688788,0.0,0.0,8.0,0.0,8,,30.62754507696495,0,0.0,none,packet_protection
,3,3,55,60.926568,,5,0.0,False,,True,True,True,True,True,True,0,0.0,0,True,3,L_C_emb:none;L_C_grad:none,2.4836273737631887,0.5372,LIC,,full_dynfl,8.797689035538939,0.0,0.0,8.0,0.0,8,,32.54033711623952,0,0.0,none,packet_protection
,3,3,56,60.926568,,6,0.0,False,,True,True,True,True,True,True,0,0.0,0,True,3,L_C_emb:none;L_C_grad:none,1.8118084234022185,0.5372,LIC,,full_dynfl,7.585650472582888,0.0,0.723403622304863,7.276596377695137,0.0,8,,27.77724856418827,0,0.723403622304863,none,packet_protection
,3,3,57,60.926568,,7,0.0,False,,True,True,True,True,True,True,0,0.0,0,True,3,L_C_emb:none;L_C_grad:none,2.3077190009814617,0.5369166666666667,LIC,,full_dynfl,7.097628538295253,0.0,0.0,8.0,0.0,8,,22.912380243679515,0,0.0,none,packet_protection
,3,3,58,60.926568,,8,0.0,False,,True,True,True,True,True,True,0,0.0,0,True,3,L_C_emb:none;L_C_grad:none,1.8813699941523465,0.5374833333333333,LIC,,full_dynfl,7.18100903543678,0.0,0.0,8.0,0.0,8,,24.189030154446662,0,0.0,none,packet_protection
,3,3,59,60.926568,,9,0.0,False,,True,True,True,True,True,True,0,0.0,0,True,3,L_C_emb:none;L_C_grad:none,1.0079643620644898,0.53805,LIC,,full_dynfl,9.448771723311149,0.0,0.0,8.0,0.0,8,,30.285368538355478,0,0.0,none,packet_protection
,3,3,60,60.926568,,0,0.0,False,,True,True,True,True,True,True,0,0.0,0,True,3,L_C_emb:none;L_C_grad:none,0.915367883433331,0.5372,LIC,,full_dynfl,8.874655714294004,0.0,0.0,8.0,0.0,8,,26.83937582726438,0,0.0,none,packet_protection
,3,3,61,60.926568,,1,0.0,False,,True,True,True,True,True,True,0,0.0,0,True,3,L_E_emb:none;L_E_grad:none,1.663020517394065,0.5682,LIE,,full_dynfl,4.6488331007208155,0.0,1.0030252006626594,6.996974799337341,0.0,8,,15.771098943384569,0,1.0030252006626594,none,packet_protection
,3,3,62,60.926568,,2,0.0,False,,True,True,True,True,True,True,0,0.0,0,True,3,L_C_emb:none;L_C_grad:none,1.2711442061474538,0.5372,LIC,,full_dynfl,8.935883530846425,0.0,0.0,8.0,0.0,8,,31.215967818782204,0,0.0,none,packet_protection
6.6289904636494015,3,3,63,89.453136,,3,0.7352609495284894,False,,True,True,True,True,True,True,0,0.0,0,True,3,L_E_upd:dp,1.4309148880902602,0.9474999999999999,LIIE,,full_dynfl,8.032231174047146,0.0,0.7352609495284894,7.26473905047151,0.24359999999999998,8,6.6289904636494015,18.63156579167957,1,0.7352609495284894,dp,packet_protection
,3,3,64,60.926568,,4,0.0,False,,True,True,True,True,True,True,0,0.0,0,True,3,L_C_emb:none;L_C_grad:none,1.8405891045455842,0.53635,LIC,,full_dynfl,7.458750426079054,0.0,0.0,8.0,0.0,8,,24.479088594931614,0,0.0,none,packet_protection
,3,3,65,60.926568,,5,0.0,False,,True,True,True,True,True,True,0,0.0,0,True,3,L_C_emb:none;L_C_grad:none,0.8367898073613169,0.5372,LIC,,full_dynfl,8.457753886241775,0.0,0.0,8.0,0.0,8,,27.74564330849402,0,0.0,none,packet_protection
,3,3,66,60.926568,,6,0.0,False,,True,True,True,True,True,True,0,0.0,0,True,3,L_C_emb:none;L_C_grad:none,1.8093775561702643,0.5372,LIC,,full_dynfl,7.031037418246577,0.0,0.7272719701934219,7.272728029806578,0.0,8,,23.40876268345677,0,0.7272719701934219,none,packet_protection
,3,3,67,60.926568,,7,0.0,False,,True,True,True,True,True,True,0,0.0,0,True,3,L_C_emb:none;L_C_grad:none,1.7349815617663098,0.5369166666666667,LIC,,full_dynfl,8.069844727217532,0.0,0.0,8.0,0.0,8,,23.738215888478535,0,0.0,none,packet_protection
,3,3,68,60.926568,,8,0.0,False,,True,True,True,True,True,True,0,0.0,0,True,3,L_C_emb:none;L_C_grad:none,1.6746949941761489,0.5374833333333333,LIC,,full_dynfl,8.595917803653256,0.0,0.0,8.0,0.0,8,,27.265806624597325,0,0.0,none,packet_protection
,3,3,69,60.926568,,9,0.0,False,,True,True,True,True,True,True,0,0.0,0,True,3,L_C_emb:none;L_C_grad:none,0.9742087513577001,0.53805,LIC,,full_dynfl,9.21790461524694,0.0,0.0,8.0,0.0,8,,33.395919398392905,0,0.0,none,packet_protection
,3,3,70,60.926568,,0,0.0,False,,True,True,True,True,True,True,0,0.0,0,True,3,L_C_emb:none;L_C_grad:none,2.208645096509279,0.5372,LIC,,full_dynfl,8.389097023949894,0.0,0.0,8.0,0.0,8,,29.478402599048707,0,0.0,none,packet_protection
6.6289904636494015,3,3,71,89.453136,,1,0.7352609495284894,False,,True,True,True,True,True,True,0,0.0,0,True,3,L_E_upd:dp,1.826628304645198,0.947,LIIE,,full_dynfl,9.257429136731291,0.0,0.7352609495284894,7.26473905047151,0.24359999999999998,8,6.6289904636494015,19.652140458204336,1,0.7352609495284894,dp,packet_protection
,3,3,72,60.926568,,2,0.0,False,,True,True,True,True,True,True,0,0.0,0,True,3,L_C_emb:none;L_C_grad:none,0.699842775864906,0.5372,LIC,,full_dynfl,8.074246176751553,0.0,0.0,8.0,0.0,8,,30.179985397519268,0,0.0,none,packet_protection
,3,3,73,60.926568,,3,0.0,False,,True,True,True,True,True,True,0,0.0,0,True,3,L_E_emb:none;L_E_grad:none,1.949324494891817,0.5682,LIE,,full_dynfl,4.883845559271343,0.0,0.7312235083591543,7.268776491640846,0.0,8,,14.047582045419315,0,0.7312235083591543,none,packet_protection
6.802708404367238,3,3,74,89.453136,,4,0.16378349815345383,False,,True,True,True,True,True,True,0,0.0,0,True,3,L_E_upd:dp,2.373369464974584,0.946,LIIE,,full_dynfl,9.73828474434712,0.0,1.775802684449681,6.2241973155503185,0.24359999999999998,8,6.802708404367238,18.42476877688393,1,1.775802684449681,dp,packet_protection
6.664534903238106,3,3,75,89.453136,,5,0.31073043453986016,False,,True,True,True,True,True,True,0,0.0,0,True,3,L_E_upd:dp,1.0329957754014922,0.9474999999999999,LIIE,,full_dynfl,8.563631494794715,0.0,1.038002404733282,6.961997595266718,0.24359999999999998,8,6.664534903238106,17.209033847222216,1,1.038002404733282,dp,packet_protection
,3,3,76,60.926568,,6,0.0,False,,True,True,True,True,True,True,0,0.0,0,True,3,L_C_emb:none;L_C_grad:none,1.5225967874451976,0.5372,LIC,,full_dynfl,8.269652694186135,0.0,0.0,8.0,0.0,8,,24.65404196217056,0,0.0,none,packet_protection
,3,3,77,60.926568,,7,0.0,False,,True,True,True,True,True,True,0,0.0,0,True,3,L_C_emb:none;L_C_grad:none,0.7023509254444353,0.5369166666666667,LIC,,full_dynfl,8.765280465558892,0.0,0.0,8.0,0.0,8,,31.654549280926872,0,0.0,none,packet_protection
,3,3,78,60.926568,,8,0.0,False,,True,True,True,True,True,True,0,0.0,0,True,3,L_C_emb:none;L_C_grad:none,2.1302373664638856,0.5374833333333333,LIC,,full_dynfl,8.158411167664429,0.0,0.7083830446759496,7.29161695532405,0.0,8,,24.614253490012565,0,0.7083830446759496,none,packet_protection
6.6289904636494015,3,3,79,89.453136,,9,0.7352609495284894,False,,True,True,True,True,True,True,0,0.0,0,True,3,L_E_upd:dp,1.5075545469820644,0.9495,LIIE,,full_dynfl,11.32870336426063,0.0,0.7352609495284894,7.26473905047151,0.24359999999999998,8,6.6289904636494015,18.836136139432146,1,0.7352609495284894,dp,packet_protection
,3,3,80,60.926568,,0,0.0,False,,True,True,True,True,True,True,0,0.0,0,True,3,L_C_emb:none;L_C_grad:none,1.8296725957303435,0.5372,LIC,,full_dynfl,7.052927539012191,0.0,0.0,8.0,0.0,8,,23.36634099674385,0,0.0,none,packet_protection
,3,3,81,60.926568,,1,0.0,False,,True,True,True,True,True,True,0,0.0,0,True,3,L_C_emb:none;L_C_grad:none,2.550842491022395,0.5366333333333334,LIC,,full_dynfl,8.065505837637872,0.0,0.7272719701934219,7.272728029806578,0.0,8,,26.26871930844725,0,0.7272719701934219,none,packet_protection
,3,3,82,60.926568,,2,0.0,False,,True,True,True,True,True,True,0,0.0,0,True,3,L_C_emb:none;L_C_grad:none,1.2161122283893053,0.5372,LIC,,full_dynfl,8.766865869458666,0.0,0.0,8.0,0.0,8,,32.09497554387568,0,0.0,none,packet_protection
,3,3,83,60.926568,,3,0.0,False,,True,True,True,True,True,True,0,0.0,0,True,3,L_C_emb:none;L_C_grad:none,1.4318254026176642,0.5366333333333334,LIC,,full_dynfl,9.123289817066894,0.0,1.4518581827718284,6.548141817228172,0.0,8,,27.75481649802181,0,1.4518581827718284,none,packet_protection
,3,3,84,89.453136,,4,0.0,False,,True,True,True,True,False,True,0,0.0,0,True,3,L_E_upd:none,2.1478191071057733,0.946,LIIE,,full_dynfl,9.0698738686589,0.0,0.7312235083591543,7.268776491640846,0.58,8,,20.022068257905218,0,0.7312235083591543,none,packet_protection
,3,3,85,60.926568,,5,0.0,False,,True,True,True,True,True,True,0,0.0,0,True,3,L_C_emb:none;L_C_grad:none,0.9260925662709386,0.5369166666666667,LIC,,full_dynfl,8.154774596254223,0.0,0.0,8.0,0.0,8,,29.11757664689339,0,0.0,none,packet_protection
,3,3,86,60.926568,,6,0.0,False,,True,True,True,True,True,True,0,0.0,0,True,3,L_C_emb:none;L_C_grad:none,1.7996014940214557,0.5372,LIC,,full_dynfl,8.730178195725047,0.0,0.0,8.0,0.0,8,,26.1195592596451,0,0.0,none,packet_protection
,3,3,87,60.926568,,7,0.0,False,,True,True,True,True,True,True,0,0.0,0,True,3,L_C_emb:none;L_C_grad:none,2.474420304413817,0.5369166666666667,LIC,,full_dynfl,9.157502332464738,0.0,0.0,8.0,0.0,8,,29.995782779567588,0,0.0,none,packet_protection
,3,3,88,60.926568,,8,0.0,False,,True,True,True,True,True,True,0,0.0,0,True,3,L_C_emb:none;L_C_grad:none,2.3858028244505176,0.5374833333333333,LIC,,full_dynfl,8.387989797613605,0.0,0.723403622304863,7.276596377695137,0.0,8,,30.778031844425357,0,0.723403622304863,none,packet_protection
,3,3,89,60.926568,,9,0.0,False,,True,True,True,True,True,True,0,0.0,0,True,3,L_C_emb:none;L_C_grad:none,1.3705276667987023,0.53805,LIC,,full_dynfl,8.23199142869026,0.0,0.0,8.0,0.0,8,,28.616472659753875,0,0.0,none,packet_protection
,3,3,90,60.926568,,0,0.0,False,,True,True,True,True,True,True,0,0.0,0,True,3,L_C_emb:none;L_C_grad:none,2.4332702580801087,0.5369166666666667,LIC,,full_dynfl,8.601512813290526,0.0,0.0,8.0,0.0,8,,27.518030024509645,0,0.0,none,packet_protection
6.770440023152984,3,3,91,404.32817471999994,,1,0.17921195624514263,False,,True,True,True,True,True,True,0,0.0,0,True,3,L_E_upd:dp_he3,1.0364106472173031,0.9464999999999999,LIIE,,full_dynfl,70.88242787842651,0.0,1.6345805225284904,6.36541947747151,0.0464,8,6.770440023152984,82.36163679756783,1,1.6345805225284904,dp_he3,packet_protection
,3,3,92,60.926568,,2,0.0,False,,True,True,True,True,True,True,0,0.0,0,True,3,L_E_emb:none;L_E_grad:none,1.7756584058061933,0.5688,LIE,,full_dynfl,5.241190957278208,0.0,0.0,8.0,0.0,8,,12.282767391674435,0,0.0,none,packet_protection
,3,3,93,60.926568,,3,0.0,False,,True,True,True,True,True,True,0,0.0,0,True,3,L_C_emb:none;L_C_grad:none,1.2763035970769345,0.5366333333333334,LIC,,full_dynfl,8.1522210891033,0.0,0.723403622304863,7.276596377695137,0.0,8,,30.095925345181815,0,0.723403622304863,none,packet_protection
,3,3,94,89.453136,,4,0.0,False,,True,True,True,True,False,True,0,0.0,0,True,3,L_E_upd:none,1.022644065962914,0.946,LIIE,,full_dynfl,10.134538221172857,0.0,1.0030252006626594,6.996974799337341,0.58,8,,20.860702181052975,0,1.0030252006626594,none,packet_protection
,3,3,95,60.926568,,5,0.0,False,,True,True,True,True,True,True,0,0.0,0,True,3,L_C_emb:none;L_C_grad:none,2.386951937299487,0.5369166666666667,LIC,,full_dynfl,7.604727629999155,0.0,1.0214612156090979,6.978538784390902,0.0,8,,26.50508708522097,0,1.0214612156090979,none,packet_protection
,3,3,96,60.926568,,6,0.0,False,,True,True,True,True,True,True,0,0.0,0,True,3,L_C_emb:none;L_C_grad:none,1.0407947296407267,0.5369166666666667,LIC,,full_dynfl,8.010563887812607,0.0,0.7312235083591543,7.268776491640846,0.0,8,,25.90838221700018,0,0.7312235083591543,none,packet_protection
6.770140566671182,3,3,97,89.453136,,7,0.17931617253351417,False,,True,True,True,True,True,True,0,0.0,0,True,3,L_E_upd:dp,1.2270978966466777,0.9464999999999999,LIIE,,full_dynfl,10.08116965400319,0.0,1.6331755325667463,6.366824467433254,0.24359999999999998,8,6.770140566671182,18.387942319714703,1,1.6331755325667463,dp,packet_protection
,3,3,98,60.926568,,8,0.0,False,,True,True,True,True,True,True,0,0.0,0,True,3,L_C_emb:none;L_C_grad:none,0.8571687012908544,0.5372,LIC,,full_dynfl,8.842305649961299,0.0,0.0,8.0,0.0,8,,30.893207945405614,0,0.0,none,packet_protection
,3,3,99,60.926568,,9,0.0,False,,True,True,True,True,True,True,0,0.0,0,True,3,L_C_emb:none;L_C_grad:none,1.5665195180963505,0.53805,LIC,,full_dynfl,8.101624204486031,0.0,0.0,8.0,0.0,8,,24.90549750692449,0,0.0,none,packet_protection
,3,3,0,60.926568,,0,0.0,False,,True,True,True,True,True,True,0,0.0,0,True,3,L_C_emb:none;L_C_grad:none,2.4526825050714955,0.5372,LIC,,full_dynfl,9.5277048146386,0.0,0.0,8.0,0.0,9,,29.4801136394301,0,0.0,none,packet_protection
,3,3,1,60.926568,,1,0.0,False,,True,True,True,True,True,True,0,0.0,0,True,3,L_C_emb:none;L_C_grad:none,2.020729936082863,0.5369166666666667,LIC,,full_dynfl,8.411967388881699,0.0,0.0,8.0,0.0,9,,29.817944450237732,0,0.0,none,packet_protection
6.592864906069716,3,3,2,89.453136,,2,0.7393871256685791,False,,True,True,True,True,True,True,0,0.0,0,True,3,L_E_upd:dp,1.380488196284812,0.9484999999999999,LIIE,,full_dynfl,12.5893441251784,0.0,0.7393871256685791,7.260612874331421,0.24359999999999998,9,6.592864906069716,23.07159306614515,1,0.7393871256685791,dp,packet_protection
,3,3,3,60.926568,,3,0.0,False,,True,True,True,True,True,True,0,0.0,0,True,3,L_C_emb:none;L_C_grad:none,1.7431799468753328,0.5372,LIC,,full_dynfl,9.044784313658251,0.0,0.0,8.0,0.0,9,,31.18158018695197,0,0.0,none,packet_protection
,3,3,4,60.926568,,4,0.0,False,,True,True,True,True,True,True,0,0.0,0,True,3,L_E_emb:none;L_E_grad:none,1.0840160768825502,0.5679,LIE,,full_dynfl,4.519724897817122,0.0,0.7352609495284894,7.26473905047151,0.0,9,,13.438892100284288,0,0.7352609495284894,none,packet_protection
,3,3,5,60.926568,,5,0.0,False,,True,True,True,True,True,True,0,0.0,0,True,3,L_C_emb:none;L_C_grad:none,0.782682067956915,0.5372,LIC,,full_dynfl,8.773939427522258,0.0,0.0,8.0,0.0,9,,31.69159256588276,0,0.0,none,packet_protection
,3,3,6,60.926568,,6,0.0,False,,True,True,True,True,True,True,0,0.0,0,True,3,L_C_emb:none;L_C_grad:none,2.6303355215731377,0.5372,LIC,,full_dynfl,7.954746840091072,0.0,0.0,8.0,0.0,9,,28.3230319365945,0,0.0,none,packet_protection
,3,3,7,60.926568,,7,0.0,False,,True,True,True,True,True,True,0,0.0,0,True,3,L_C_emb:none;L_C_grad:none,2.053595733538623,0.5369166666666667,LIC,,full_dynfl,7.539066998215386,0.0,0.7272719701934219,7.272728029806578,0.0,9,,25.694433365546143,0,0.7272719701934219,none,packet_protection
,3,3,8,60.926568,,8,0.0,False,,True,True,True,True,True,True,0,0.0,0,True,3,L_C_emb:none;L_C_grad:none,0.8725715355944437,0.5377666666666666,LIC,,full_dynfl,9.358699288874583,0.0,0.0,8.0,0.0,9,,30.817615889601928,0,0.0,none,packet_protection
,3,3,9,60.926568,,9,0.0,False,,True,True,True,True,True,True,0,0.0,0,True,3,L_C_emb:none;L_C_grad:none,1.3144213466357852,0.5383333333333333,LIC,,full_dynfl,8.343177774693961,0.0,0.0,8.0,0.0,9,,29.042312028494706,0,0.0,none,packet_protection
,3,3,10,60.926568,,0,0.0,False,,True,True,True,True,True,True,0,0.0,0,True,3,L_C_emb:none;L_C_grad:none,0.9864894286034035,0.5372,LIC,,full_dynfl,8.751401202010996,0.0,0.7120514785069132,7.287948521493087,0.0,9,,29.81139118576976,0,0.7120514785069132,none,packet_protection
6.663378835999381,3,3,11,404.32817471999994,,1,0.2424521188454487,False,,True,True,True,True,True,True,0,0.0,0,True,3,L_E_upd:dp_he3,2.0833708586033586,0.947,LIIE,,full_dynfl,70.88003681459713,0.0,1.2719227523462568,6.728077247653744,0.0464,9,6.663378835999381,81.6210964293063,1,1.2719227523462568,dp_he3,packet_protection
,3,3,12,60.926568,,2,0.0,False,,True,True,True,True,True,True,0,0.0,0,True,3,L_C_emb:none;L_C_grad:none,2.67780451323768,0.5372,LIC,,full_dynfl,8.45053944149463,0.0,0.0,8.0,0.0,9,,25.53571964219876,0,0.0,none,packet_protection
,3,3,13,60.926568,,3,0.0,False,,True,True,True,True,True,True,0,0.0,0,True,3,L_C_emb:none;L_C_grad:none,1.7205665385753408,0.5369166666666667,LIC,,full_dynfl,9.389652018675928,0.0,0.0,8.0,0.0,9,,28.87828478227644,0,0.0,none,packet_protection
,3,3,14,60.926568,,4,0.0,False,,True,True,True,True,True,True,0,0.0,0,True,3,L_C_emb:none;L_C_grad:none,1.9087855950561639,0.53635,LIC,,full_dynfl,7.944954832529303,0.0,0.0,8.0,0.0,9,,27.15898225774319,0,0.0,none,packet_protection
,3,3,15,60.926568,,5,0.0,False,,True,True,True,True,True,True,0,0.0,0,True,3,L_C_emb:none;L_C_grad:none,1.9130126015396856,0.5372,LIC,,full_dynfl,8.314967249041999,0.0,0.0,8.0,0.0,9,,31.659427990305538,0,0.0,none,packet_protection
,3,3,16,60.926568,,6,0.0,False,,True,True,True,True,True,True,0,0.0,0,True,3,L_C_emb:none;L_C_grad:none,1.1628149379732393,0.5372,LIC,,full_dynfl,8.967434137624634,0.0,0.7352609495284894,7.26473905047151,0.0,9,,28.738685007273943,0,0.7352609495284894,none,packet_protection
,3,3,17,60.926568,,7,0.0,False,,True,True,True,True,True,True,0,0.0,0,True,3,L_C_emb:none;L_C_grad:none,2.6565711564792376,0.5369166666666667,LIC,,full_dynfl,9.205282824564032,0.0,0.7047879795216052,7.295212020478395,0.0,9,,29.060375493816423,0,0.7047879795216052,none,packet_protection
,3,3,18,60.926568,,8,0.0,False,,True,True,True,True,True,True,0,0.0,0,True,3,L_C_emb:none;L_C_grad:none,1.5926943326530782,0.5377666666666666,LIC,,full_dynfl,8.85670014417783,0.0,0.0,8.0,0.0,9,,30.01036638904118,0,0.0,none,packet_protection
,3,3,19,60.926568,,9,0.0,False,,True,True,True,True,True,True,0,0.0,0,True,3,L_C_emb:none;L_C_grad:none,2.676393350591775,0.5383333333333333,LIC,,full_dynfl,9.372514114622511,0.0,0.0,8.0,0.0,9,,32.218309457674266,0,0.0,none,packet_protection
,3,3,20,60.926568,,0,0.0,False,,True,True,True,True,True,True,0,0.0,0,True,3,L_C_emb:none;L_C_grad:none,0.750197009233797,0.5372,LIC,,full_dynfl,8.843411689065498,0.0,0.0,8.0,0.0,9,,28.64136884299696,0,0.0,none,packet_protection
,3,3,21,60.926568,,1,0.0,False,,True,True,True,True,True,True,0,0.0,0,True,3,L_C_emb:none;L_C_grad:none,1.0533693839806015,0.5366333333333334,LIC,,full_dynfl,8.055900126216866,0.0,0.0,8.0,0.0,9,,26.334887092533076,0,0.0,none,packet_protection
,3,3,22,60.926568,,2,0.0,False,,True,True,True,True,True,True,0,0.0,0,True,3,L_C_emb:none;L_C_grad:none,2.162089858147671,0.5372,LIC,,full_dynfl,7.6693488398532015,0.0,0.0,8.0,0.0,9,,27.236867318000463,0,0.0,none,packet_protection
,3,3,23,89.453136,,3,0.0,False,,True,True,True,True,False,True,0,0.0,0,True,3,L_E_upd:none,1.5216668391258723,0.9474999999999999,LIIE,,full_dynfl,11.84170519703551,0.0,0.7352609495284894,7.26473905047151,0.58,9,,20.169358722307592,0,0.7352609495284894,none,packet_protection
,3,3,24,60.926568,,4,0.0,False,,True,True,True,True,True,True,0,0.0,0,True,3,L_C_emb:none;L_C_grad:none,2.509690730837996,0.53635,LIC,,full_dynfl,7.987841189070938,0.0,0.0,8.0,0.0,9,,25.649243590358484,0,0.0,none,packet_protection
,3,3,25,60.926568,,5,0.0,False,,True,True,True,True,True,True,0,0.0,0,True,3,L_C_emb:none;L_C_grad:none,2.141894505673916,0.5372,LIC,,full_dynfl,8.36486370973964,0.0,0.0,8.0,0.0,9,,25.33617157262161,0,0.0,none,packet_protection
,3,3,26,60.926568,,6,0.0,False,,True,True,True,True,True,True,0,0.0,0,True,3,L_C_emb:none;L_C_grad:none,2.6156949390605306,0.5372,LIC,,full_dynfl,9.187590323357904,0.0,0.0,8.0,0.0,9,,29.913031994281383,0,0.0,none,packet_protection
6.592864906069716,3,3,27,89.453136,,7,0.7393871256685791,False,,True,True,True,True,True,True,0,0.0,0,True,3,L_E_upd:dp,1.3581486205054942,0.9474999999999999,LIIE,,full_dynfl,11.37131029828396,0.0,0.7393871256685791,7.260612874331421,0.24359999999999998,9,6.592864906069716,21.81593050765079,1,0.7393871256685791,dp,packet_protection
,3,3,28,60.926568,,8,0.0,False,,True,True,True,True,True,True,0,0.0,0,True,3,L_C_emb:none;L_C_grad:none,1.0529798758229736,0.5374833333333333,LIC,,full_dynfl,8.50978484676872,0.0,0.0,8.0,0.0,9,,31.536473374924622,0,0.0,none,packet_protection
,3,3,29,60.926568,,9,0.0,False,,True,True,True,True,True,True,0,0.0,0,True,3,L_C_emb:none;L_C_grad:none,1.5238328230436504,0.5383333333333333,LIC,,full_dynfl,7.989481223267523,0.0,0.0,8.0,0.0,9,,29.09960991682189,0,0.0,none,packet_protection
,3,3,30,60.926568,,0,0.0,False,,True,True,True,True,True,True,0,0.0,0,True,3,L_C_emb:none;L_C_grad:none,1.304595337452328,0.5372,LIC,,full_dynfl,8.923685180037408,0.0,0.7083830446759496,7.29161695532405,0.0,9,,31.421644703801405,0,0.7083830446759496,none,packet_protection
,3,3,31,60.926568,,1,0.0,False,,True,True,True,True,True,True,0,0.0,0,True,3,L_E_emb:none;L_E_grad:none,2.2969552434688674,0.5682,LIE,,full_dynfl,4.2699227948591325,0.0,0.7312235083591543,7.268776491640846,0.0,9,,13.051602865860989,0,0.7312235083591543,none,packet_protection
,3,3,32,60.926568,,2,0.0,False,,True,True,True,True,True,True,0,0.0,0,True,3,L_C_emb:none;L_C_grad:none,0.759725880596146,0.5372,LIC,,full_dynfl,8.429990833491736,0.0,0.0,8.0,0.0,9,,27.370383599579178,0,0.0,none,packet_protection
,3,3,33,60.926568,,3,0.0,False,,True,True,True,True,True,True,0,0.0,0,True,3,L_C_emb:none;L_C_grad:none,1.0040228730641931,0.5369166666666667,LIC,,full_dynfl,8.218941424303438,0.0,0.0,8.0,0.0,9,,28.542696445804214,0,0.0,none,packet_protection
,3,3,34,60.926568,,4,0.0,False,,True,True,True,True,True,True,0,0.0,0,True,3,L_C_emb:none;L_C_grad:none,1.4720682121450308,0.53635,LIC,,full_dynfl,8.396499186924203,0.0,1.0185653003716746,6.981434699628325,0.0,9,,30.223068823271536,0,1.0185653003716746,none,packet_protection
,3,3,35,60.926568,,5,0.0,False,,True,True,True,True,True,True,0,0.0,0,True,3,L_C_emb:none;L_C_grad:none,2.1366723680721345,0.5372,LIC,,full_dynfl,8.07224250471932,0.0,0.0,8.0,0.0,9,,26.443696479493404,0,0.0,none,packet_protection
,3,3,36,60.926568,,6,0.0,False,,True,True,True,True,True,True,0,0.0,0,True,3,L_C_emb:none;L_C_grad:none,1.9282823167918586,0.5372,LIC,,full_dynfl,9.449243169846397,0.0,1.0240759740273537,6.975924025972646,0.0,9,,34.02029458100776,0,1.0240759740273537,none,packet_protection
,3,3,37,60.926568,,7,0.0,False,,True,True,True,True,True,True,0,0.0,0,True,3,L_C_emb:none;L_C_grad:none,1.192260315036407,0.5369166666666667,LIC,,full_dynfl,9.513868674980065,0.0,0.0,8.0,0.0,9,,33.489530570996884,0,0.0,none,packet_protection
,3,3,38,60.926568,,8,0.0,False,,True,True,True,True,True,True,0,0.0,0,True,3,L_C_emb:none;L_C_grad:none,2.5502852751622296,0.5374833333333333,LIC,,full_dynfl,9.096052515182905,0.0,0.0,8.0,0.0,9,,27.433395362482003,0,0.0,none,packet_protection
,3,3,39,60.926568,,9,0.0,False,,True,True,True,True,True,True,0,0.0,0,True,3,L_E_emb:none;L_E_grad:none,1.2461187749535723,0.57,LIE,,full_dynfl,4.541712525513185,0.0,1.0294706335008081,6.970529366499192,0.0,9,,14.221176285556371,0,1.0294706335008081,none,packet_protection
,3,3,40,60.926568,,0,0.0,False,,True,True,True,True,True,True,0,0.0,0,True,3,L_C_emb:none;L_C_grad:none,1.718281661052106,0.5372,LIC,,full_dynfl,9.122075876072142,0.0,0.0,8.0,0.0,9,,28.49027807729632,0,0.0,none,packet_protection
,3,3,41,60.926568,,1,0.0,False,,True,True,True,True,True,True,0,0.0,0,True,3,L_C_emb:none;L_C_grad:none,1.2035142721899799,0.5366333333333334,LIC,,full_dynfl,8.4244077573251,0.0,0.7312235083591543,7.268776491640846,0.0,9,,29.957572824723464,0,0.7312235083591543,none,packet_protection
,3,3,42,60.926568,,2,0.0,False,,True,True,True,True,True,True,0,0.0,0,True,3,L_C_emb:none;L_C_grad:none,1.0518635048612208,0.5372,LIC,,full_dynfl,8.98751077418927,0.0,0.0,8.0,0.0,9,,31.01260734617496,0,0.0,none,packet_protection
,3,3,43,60.926568,,3,0.0,False,,True,True,True,True,True,True,0,0.0,0,True,3,L_C_emb:none;L_C_grad:none,2.157731341345857,0.5369166666666667,LIC,,full_dynfl,8.683047698154141,0.0,0.0,8.0,0.0,9,,28.26661723467241,0,0.0,none,packet_protection
,3,3,44,60.926568,,4,0.0,False,,True,True,True,True,True,True,0,0.0,0,True,3,L_E_emb:none;L_E_grad:none,1.8939537747589035,0.5679,LIE,,full_dynfl,4.42435189352509,0.0,0.0,8.0,0.0,9,,13.354714171348167,0,0.0,none,packet_protection
,3,3,45,60.926568,,5,0.0,False,,True,True,True,True,True,True,0,0.0,0,True,3,L_C_emb:none;L_C_grad:none,2.1894368395630277,0.5372,LIC,,full_dynfl,7.835468317606714,0.0,0.0,8.0,0.0,9,,24.67051805206988,0,0.0,none,packet_protection
,3,3,46,60.926568,,6,0.0,False,,True,True,True,True,True,True,0,0.0,0,True,3,L_C_emb:none;L_C_grad:none,0.8664658783201349,0.5372,LIC,,full_dynfl,8.658918240876606,0.0,0.0,8.0,0.0,9,,28.562629519976046,0,0.0,none,packet_protection
,3,3,47,60.926568,,7,0.0,False,,True,True,True,True,True,True,0,0.0,0,True,3,L_C_emb:none;L_C_grad:none,1.2106043506675663,0.5369166666666667,LIC,,full_dynfl,9.521576693358496,0.0,0.0,8.0,0.0,9,,30.271582465688567,0,0.0,none,packet_protection
,3,3,48,60.926568,,8,0.0,False,,True,True,True,True,True,True,0,0.0,0,True,3,L_C_emb:none;L_C_grad:none,1.8872330715439818,0.5374833333333333,LIC,,full_dynfl,8.828002378412567,0.0,0.0,8.0,0.0,9,,34.35034506625085,0,0.0,none,packet_protection
,3,3,49,60.926568,,9,0.0,False,,True,True,True,True,True,True,0,0.0,0,True,3,L_C_emb:none;L_C_grad:none,2.6414699298711724,0.53805,LIC,,full_dynfl,8.301285446151438,0.0,0.0,8.0,0.0,9,,29.514972242700424,0,0.0,none,packet_protection
,3,3,50,60.926568,,0,0.0,False,,True,True,True,True,True,True,0,0.0,0,True,3,L_C_emb:none;L_C_grad:none,2.357294402957413,0.5372,LIC,,full_dynfl,8.670745238670493,0.0,0.0,8.0,0.0,9,,27.40833680481756,0,0.0,none,packet_protection
,3,3,51,60.926568,,1,0.0,False,,True,True,True,True,True,True,0,0.0,0,True,3,L_C_emb:none;L_C_grad:none,1.5496570969226762,0.5366333333333334,LIC,,full_dynfl,8.573347766331255,0.0,0.0,8.0,0.0,9,,29.17132826168065,0,0.0,none,packet_protection
,3,3,52,60.926568,,2,0.0,False,,True,True,True,True,True,True,0,0.0,0,True,3,L_C_emb:none;L_C_grad:none,0.9663577124967927,0.5372,LIC,,full_dynfl,7.609532172911404,0.0,0.7196158649973157,7.280384135002684,0.0,9,,25.689756617634327,0,0.7196158649973157,none,packet_protection
,3,3,53,60.926568,,3,0.0,False,,True,True,True,True,True,True,0,0.0,0,True,3,L_C_emb:none;L_C_grad:none,1.770461903305378,0.5369166666666667,LIC,,full_dynfl,8.98632581325986,0.0,0.0,8.0,0.0,9,,29.887981813573877,0,0.0,none,packet_protection
,3,3,54,60.926568,,4,0.0,False,,True,True,True,True,True,True,0,0.0,0,True,3,L_C_emb:none;L_C_grad:none,0.6943280485130395,0.53635,LIC,,full_dynfl,8.622908367782145,0.0,0.0,8.0,0.0,9,,29.059913326547612,0,0.0,none,packet_protection
,3,3,55,60.926568,,5,0.0,False,,True,True,True,True,True,True,0,0.0,0,True,3,L_C_emb:none;L_C_grad:none,2.4836273737631887,0.5372,LIC,,full_dynfl,8.093239005197013,0.0,0.0,8.0,0.0,9,,25.815415610491023,0,0.0,none,packet_protection
,3,3,56,60.926568,,6,0.0,False,,True,True,True,True,True,True,0,0.0,0,True,3,L_C_emb:none;L_C_grad:none,1.8118084234022185,0.5372,LIC,,full_dynfl,7.179301696511584,0.0,0.723403622304863,7.276596377695137,0.0,9,,24.268008363727425,0,0.723403622304863,none,packet_protection
,3,3,57,60.926568,,7,0.0,False,,True,True,True,True,True,True,0,0.0,0,True,3,L_C_emb:none;L_C_grad:none,2.3077190009814617,0.5369166666666667,LIC,,full_dynfl,8.722063053530183,0.0,0.0,8.0,0.0,9,,29.20873180222098,0,0.0,none,packet_protection
,3,3,58,60.926568,,8,0.0,False,,True,True,True,True,True,True,0,0.0,0,True,3,L_C_emb:none;L_C_grad:none,1.8813699941523465,0.5374833333333333,LIC,,full_dynfl,8.766110159759497,0.0,0.0,8.0,0.0,9,,26.629550026709538,0,0.0,none,packet_protection
,3,3,59,60.926568,,9,0.0,False,,True,True,True,True,True,True,0,0.0,0,True,3,L_C_emb:none;L_C_grad:none,1.0079643620644898,0.53805,LIC,,full_dynfl,9.134388787615478,0.0,0.0,8.0,0.0,9,,30.490458730930662,0,0.0,none,packet_protection
,3,3,60,60.926568,,0,0.0,False,,True,True,True,True,True,True,0,0.0,0,True,3,L_C_emb:none;L_C_grad:none,0.915367883433331,0.5372,LIC,,full_dynfl,8.283674912126576,0.0,0.0,8.0,0.0,9,,30.50652261973387,0,0.0,none,packet_protection
,3,3,61,60.926568,,1,0.0,False,,True,True,True,True,True,True,0,0.0,0,True,3,L_E_emb:none;L_E_grad:none,1.663020517394065,0.5682,LIE,,full_dynfl,4.170992442995178,0.0,1.0030252006626594,6.996974799337341,0.0,9,,12.656781665313314,0,1.0030252006626594,none,packet_protection
,3,3,62,60.926568,,2,0.0,False,,True,True,True,True,True,True,0,0.0,0,True,3,L_C_emb:none;L_C_grad:none,1.2711442061474538,0.5372,LIC,,full_dynfl,8.345649473656497,0.0,0.0,8.0,0.0,9,,29.863768216529106,0,0.0,none,packet_protection
,3,3,63,89.453136,,3,0.0,False,,True,True,True,True,False,True,0,0.0,0,True,3,L_E_upd:none,1.4309148880902602,0.9474999999999999,LIIE,,full_dynfl,9.245424849265543,0.0,0.7352609495284894,7.26473905047151,0.58,9,,17.780143220330338,0,0.7352609495284894,none,packet_protection
,3,3,64,60.926568,,4,0.0,False,,True,True,True,True,True,True,0,0.0,0,True,3,L_C_emb:none;L_C_grad:none,1.8405891045455842,0.53635,LIC,,full_dynfl,8.233034827624804,0.0,0.0,8.0,0.0,9,,28.660173498466357,0,0.0,none,packet_protection
,3,3,65,60.926568,,5,0.0,False,,True,True,True,True,True,True,0,0.0,0,True,3,L_C_emb:none;L_C_grad:none,0.8367898073613169,0.5372,LIC,,full_dynfl,8.018567320580669,0.0,0.0,8.0,0.0,9,,24.938753528638983,0,0.0,none,packet_protection
6.628215641548263,3,3,66,89.453136,,6,0.3136993659211239,False,,True,True,True,True,True,True,0,0.0,0,True,3,L_E_upd:dp,1.8093775561702643,0.948,LIIE,,full_dynfl,9.53647125152829,0.0,1.0409713361145458,6.959028663885454,0.24359999999999998,9,6.628215641548263,20.01175190781111,1,1.0409713361145458,dp,packet_protection
,3,3,67,60.926568,,7,0.0,False,,True,True,True,True,True,True,0,0.0,0,True,3,L_C_emb:none;L_C_grad:none,1.7349815617663098,0.5369166666666667,LIC,,full_dynfl,7.302318167093959,0.0,0.0,8.0,0.0,9,,24.401520447840596,0,0.0,none,packet_protection
,3,3,68,60.926568,,8,0.0,False,,True,True,True,True,True,True,0,0.0,0,True,3,L_C_emb:none;L_C_grad:none,1.6746949941761489,0.5374833333333333,LIC,,full_dynfl,8.650902181525794,0.0,0.0,8.0,0.0,9,,28.174488122832194,0,0.0,none,packet_protection
,3,3,69,60.926568,,9,0.0,False,,True,True,True,True,True,True,0,0.0,0,True,3,L_C_emb:none;L_C_grad:none,0.9742087513577001,0.53805,LIC,,full_dynfl,7.808252630868498,0.0,0.0,8.0,0.0,9,,26.727612445592257,0,0.0,none,packet_protection
,3,3,70,60.926568,,0,0.0,False,,True,True,True,True,True,True,0,0.0,0,True,3,L_C_emb:none;L_C_grad:none,2.208645096509279,0.5372,LIC,,full_dynfl,7.886546979402149,0.0,0.0,8.0,0.0,9,,25.534507795427885,0,0.0,none,packet_protection
,3,3,71,60.926568,,1,0.0,False,,True,True,True,True,True,True,0,0.0,0,True,3,L_E_emb:none;L_E_grad:none,1.826628304645198,0.5682,LIE,,full_dynfl,4.850735288752508,0.0,0.7352609495284894,7.26473905047151,0.0,9,,14.969114055992225,0,0.7352609495284894,none,packet_protection
,3,3,72,60.926568,,2,0.0,False,,True,True,True,True,True,True,0,0.0,0,True,3,L_C_emb:none;L_C_grad:none,0.699842775864906,0.5372,LIC,,full_dynfl,8.656897764029662,0.0,0.0,8.0,0.0,9,,30.84247762224643,0,0.0,none,packet_protection
,3,3,73,404.32817471999994,,3,0.0,False,,True,True,True,True,True,True,0,0.0,0,True,3,L_E_upd:he3,1.949324494891817,0.947,LIIE,,full_dynfl,67.42563681815652,0.0,0.7312235083591543,7.268776491640846,0.0696,9,,81.51187848012849,0,0.7312235083591543,he3,packet_protection
,3,3,74,60.926568,,4,0.0,False,,True,True,True,True,True,True,0,0.0,0,True,3,L_E_emb:none;L_E_grad:none,2.373369464974584,0.5676,LIE,,full_dynfl,4.3271980236772105,0.0,1.775802684449681,6.2241973155503185,0.0,9,,13.980561938629897,0,1.775802684449681,none,packet_protection
,3,3,75,89.453136,,5,0.0,False,,True,True,True,True,False,True,0,0.0,0,True,3,L_E_upd:none,1.0329957754014922,0.9474999999999999,LIIE,,full_dynfl,12.021645665724227,0.0,1.038002404733282,6.961997595266718,0.58,9,,20.262235809226716,0,1.038002404733282,none,packet_protection
,3,3,76,60.926568,,6,0.0,False,,True,True,True,True,True,True,0,0.0,0,True,3,L_C_emb:none;L_C_grad:none,1.5225967874451976,0.5372,LIC,,full_dynfl,9.479627575335213,0.0,0.0,8.0,0.0,9,,35.093038549477264,0,0.0,none,packet_protection
,3,3,77,60.926568,,7,0.0,False,,True,True,True,True,True,True,0,0.0,0,True,3,L_C_emb:none;L_C_grad:none,0.7023509254444353,0.5369166666666667,LIC,,full_dynfl,8.659242344710824,0.0,0.0,8.0,0.0,9,,28.420068962951234,0,0.0,none,packet_protection
,3,3,78,60.926568,,8,0.0,False,,True,True,True,True,True,True,0,0.0,0,True,3,L_E_emb:none;L_E_grad:none,2.1302373664638856,0.5690999999999999,LIE,,full_dynfl,4.27987961204323,0.0,0.7083830446759496,7.29161695532405,0.0,9,,12.415841861057352,0,0.7083830446759496,none,packet_protection
,3,3,79,60.926568,,9,0.0,False,,True,True,True,True,True,True,0,0.0,0,True,3,L_C_emb:none;L_C_grad:none,1.5075545469820644,0.53805,LIC,,full_dynfl,8.056394144254384,0.0,0.7352609495284894,7.26473905047151,0.0,9,,27.47780035046479,0,0.7352609495284894,none,packet_protection
,3,3,80,60.926568,,0,0.0,False,,True,True,True,True,True,True,0,0.0,0,True,3,L_C_emb:none;L_C_grad:none,1.8296725957303435,0.5372,LIC,,full_dynfl,9.470196824867577,0.0,0.0,8.0,0.0,9,,28.623509242112682,0,0.0,none,packet_protection
,3,3,81,60.926568,,1,0.0,False,,True,True,True,True,True,True,0,0.0,0,True,3,L_C_emb:none;L_C_grad:none,2.550842491022395,0.5366333333333334,LIC,,full_dynfl,9.47977513298607,0.0,0.7272719701934219,7.272728029806578,0.0,9,,35.19517141089155,0,0.7272719701934219,none,packet_protection
,3,3,82,60.926568,,2,0.0,False,,True,True,True,True,True,True,0,0.0,0,True,3,L_C_emb:none;L_C_grad:none,1.2161122283893053,0.5372,LIC,,full_dynfl,8.414587977338758,0.0,0.0,8.0,0.0,9,,25.036383448267284,0,0.0,none,packet_protection
,3,3,83,89.453136,,3,0.0,False,,True,True,True,True,False,True,0,0.0,0,True,3,L_E_upd:none,1.4318254026176642,0.947,LIIE,,full_dynfl,11.072231465964622,0.0,1.4518581827718284,6.548141817228172,0.58,9,,22.550499659899224,0,1.4518581827718284,none,packet_protection
6.62859885292901,3,3,84,89.453136,,4,0.3125900929695047,False,,True,True,True,True,True,True,0,0.0,0,True,3,L_E_upd:dp,2.1478191071057733,0.946,LIIE,,full_dynfl,12.33780786374534,0.0,1.043813601328659,6.956186398671341,0.24359999999999998,9,6.62859885292901,20.282994948994133,1,1.043813601328659,dp,packet_protection
,3,3,85,60.926568,,5,0.0,False,,True,True,True,True,True,True,0,0.0,0,True,3,L_C_emb:none;L_C_grad:none,0.9260925662709386,0.5369166666666667,LIC,,full_dynfl,7.555315741836364,0.0,0.0,8.0,0.0,9,,25.241355759641923,0,0.0,none,packet_protection
,3,3,86,60.926568,,6,0.0,False,,True,True,True,True,True,True,0,0.0,0,True,3,L_C_emb:none;L_C_grad:none,1.7996014940214557,0.5372,LIC,,full_dynfl,9.163423621156166,0.0,0.0,8.0,0.0,9,,33.01462392679947,0,0.0,none,packet_protection
,3,3,87,89.453136,,7,0.0,False,,True,True,True,True,False,True,0,0.0,0,True,3,L_E_upd:none,2.474420304413817,0.9474999999999999,LIIE,,full_dynfl,11.889639633886286,0.0,0.0,8.0,0.58,9,,23.782207525914245,0,0.0,none,packet_protection
,3,3,88,60.926568,,8,0.0,False,,True,True,True,True,True,True,0,0.0,0,True,3,L_C_emb:none;L_C_grad:none,2.3858028244505176,0.5374833333333333,LIC,,full_dynfl,8.169993902332468,0.0,0.723403622304863,7.276596377695137,0.0,9,,27.347380906044556,0,0.723403622304863,none,packet_protection
,3,3,89,60.926568,,9,0.0,False,,True,True,True,True,True,True,0,0.0,0,True,3,L_C_emb:none;L_C_grad:none,1.3705276667987023,0.53805,LIC,,full_dynfl,7.566922468858687,0.0,0.0,8.0,0.0,9,,25.878273587466097,0,0.0,none,packet_protection
,3,3,90,60.926568,,0,0.0,False,,True,True,True,True,True,True,0,0.0,0,True,3,L_C_emb:none;L_C_grad:none,2.4332702580801087,0.5369166666666667,LIC,,full_dynfl,9.564101198931297,0.0,0.0,8.0,0.0,9,,34.172764444845626,0,0.0,none,packet_protection
,3,3,91,60.926568,,1,0.0,False,,True,True,True,True,True,True,0,0.0,0,True,3,L_E_emb:none;L_E_grad:none,1.0364106472173031,0.5679,LIE,,full_dynfl,4.029091046303339,0.0,1.6345805225284904,6.36541947747151,0.0,9,,12.155970784909073,0,1.6345805225284904,none,packet_protection
,3,3,92,60.926568,,2,0.0,False,,True,True,True,True,True,True,0,0.0,0,True,3,L_C_emb:none;L_C_grad:none,1.7756584058061933,0.5372,LIC,,full_dynfl,9.128475586545502,0.0,0.0,8.0,0.0,9,,27.29244810476409,0,0.0,none,packet_protection
,3,3,93,60.926568,,3,0.0,False,,True,True,True,True,True,True,0,0.0,0,True,3,L_E_emb:none;L_E_grad:none,1.2763035970769345,0.5682,LIE,,full_dynfl,4.646377604968992,0.0,0.723403622304863,7.276596377695137,0.0,9,,14.451666538058113,0,0.723403622304863,none,packet_protection
,3,3,94,89.453136,,4,0.0,False,,True,True,True,True,False,True,0,0.0,0,True,3,L_E_upd:none,1.022644065962914,0.946,LIIE,,full_dynfl,9.339338683688997,0.0,1.0030252006626594,6.996974799337341,0.58,9,,20.565729329666148,0,1.0030252006626594,none,packet_protection
,3,3,95,60.926568,,5,0.0,False,,True,True,True,True,True,True,0,0.0,0,True,3,L_C_emb:none;L_C_grad:none,2.386951937299487,0.5369166666666667,LIC,,full_dynfl,8.598639644452291,0.0,1.0214612156090979,6.978538784390902,0.0,9,,29.256680354534605,0,1.0214612156090979,none,packet_protection
,3,3,96,60.926568,,6,0.0,False,,True,True,True,True,True,True,0,0.0,0,True,3,L_C_emb:none;L_C_grad:none,1.0407947296407267,0.5369166666666667,LIC,,full_dynfl,7.314443322252256,0.0,0.7312235083591543,7.268776491640846,0.0,9,,24.264771270699956,0,0.7312235083591543,none,packet_protection
6.7701405666711825,3,3,97,89.453136,,7,0.16259776543109106,False,,True,True,True,True,True,True,0,0.0,0,True,3,L_E_upd:dp,1.2270978966466777,0.9464999999999999,LIIE,,full_dynfl,10.807846710046531,0.0,1.7957732979978374,6.204226702002162,0.24359999999999998,9,6.7701405666711825,18.612550062068024,1,1.7957732979978374,dp,packet_protection
,3,3,98,60.926568,,8,0.0,False,,True,True,True,True,True,True,0,0.0,0,True,3,L_C_emb:none;L_C_grad:none,0.8571687012908544,0.5372,LIC,,full_dynfl,9.097899278417712,0.0,0.0,8.0,0.0,9,,29.85077253109032,0,0.0,none,packet_protection
,3,3,99,60.926568,,9,0.0,False,,True,True,True,True,True,True,0,0.0,0,True,3,L_C_emb:none;L_C_grad:none,1.5665195180963505,0.53805,LIC,,full_dynfl,8.269576628995143,0.0,0.0,8.0,0.0,9,,30.673324827585095,0,0.0,none,packet_protection
