accounted_phase_wall_time_sec,accounted_system_time_sec,accuracy_change_from_previous,actual_cloud_fusion_ratio,actual_cloud_share_of_admitted,actual_local_batches,actual_optimizer_steps,admitted_client_ids_actual,admitted_client_ids_objective,admitted_update_norm_max,admitted_update_norm_mean,aggregate_dp_max_client_weight,aggregate_dp_noise_norm,aggregate_dp_noise_share_count,aggregate_dp_noise_std,aggregate_dp_protected_packets,aggregate_dp_protocol,aggregate_dp_release,aggregate_dp_sensitivity,aggregate_dp_transport,aggregation_wall_time_sec,all_cross_domain_updates_protected,best_accuracy,cloud_aggregation_time,cloud_edge_sample_ratio_max,cloud_edge_sample_ratio_min,cloud_fusion_ratio,cloud_input_update_norm_max,cloud_input_update_norm_mean,communication_volume,cumulative_wall_time_sec,direction_aggregate_to_mean_client_norm_ratio,direction_client_count,direction_mean_client_cosine,direction_mean_client_norm,direction_negative_cosine_fraction,direction_raw_aggregate_norm,dp_accountant_scope,dp_clipping_unit,dp_diagnostic_scope,dp_parameter_count,dp_parameter_scope,dp_release_calibration,edge_aggregation_time,end_to_end_dp_status,evaluation_wall_time_sec,flow_wall_time_sec,global_release_contract,global_release_count,global_release_epsilon,global_update_norm,he_addition_time_sec,he_aggregation_calls,he_backend,he_ciphertext_bytes,he_ciphertext_bytes_semantics,he_ciphertext_count,he_coeff_mod_bit_sizes,he_decryption_time_sec,he_encrypted_parameter_values,he_encrypted_updates,he_encryption_time_sec,he_execution_status,he_failures,he_key_setup_time_sec,he_mapped_update_bytes,he_max_abs_error,he_poly_modulus_degree,he_process_chunks_per_task,he_process_fallbacks,he_process_tasks,he_process_workers,he_scale_bits,he_selected_but_profiled_clients,he_shared_memory_bytes,he_wall_time_sec,he_worker_cpu_time_sec,infeasible_clients,local_packet_dp_release_count,local_packet_dp_released_noise_norm,logical_time,mainline_fusion,max_feature_epsilon,max_risk,max_update_epsilon,min_remaining_epsilon,multi_edge_loop_client_cycles,noise_ratio_semantics,non_training_wall_time_sec,num_budget_exhausted_clients,num_clients,num_edge_only_update_clients,num_effective_clients,num_effective_edges,num_feature_dp_clients,num_global_update_clients,num_he_clients,num_update_dp_clients,num_update_dp_he_clients,num_update_dp_only_clients,num_update_he_only_clients,numerically_valid,omega_feature_clip_excess_sq_max,omega_feature_clip_excess_sq_mean,policy,post_to_pre_update_norm_ratio,pre_dp_global_update_norm,privacy_guarantee,privacy_mechanism_scope,protected_object,protection_release_audit,protection_rule_scope,real_he_used,released_model_dp_coverage,return_time,round,round_duration,round_wall_time_sec,selection_pool_candidates_after_stability,selection_pool_candidates_before_stability,selection_stability_removed_candidates,selection_trigger,selection_update_mechanisms_after_stability,selection_update_mechanisms_before_stability,selection_wall_time_sec,selector_cloud_fusion_ratio,skipped_clients,system_latency_objective,system_omega_objective,test_accuracy,test_loss,train_accuracy,train_loss,training_health,training_wall_time_sec,unattributed_wall_time_sec,uniform_update_dp,update_dp_clip_fraction,update_dp_clip_scale_mean,update_dp_clip_scale_min,update_dp_clipped_clients,update_dp_coverage,update_dp_max_client_fraction,update_dp_noise_norm,update_dp_noise_norm_max,update_dp_noise_norm_mean,update_dp_noise_std,update_dp_noise_to_signal_ratio,update_dp_preclip_norm_count,update_dp_preclip_norm_max,update_dp_preclip_norm_mean,update_dp_preclip_norm_p50,update_dp_preclip_norm_p90,update_dp_protected_clients,update_dp_release,update_dp_release_count,update_dp_sensitivity,update_he_coverage,update_packets_with_real_he_pending_isolation,update_packets_without_dp_calibration,waiting_time
79.00752699747682,242.0370152823807,0.0,0.86,1.0,258,258,0;1;2;3;4;6;7;9;10;11;12;13;14;15;16;17;18;19;21;22;23;24;25;26;27;28;29;30;31;33;34;35;36;37;38;39;40;41;42;43;44;45;47;48;49;50;51;53;55;56;57;58;59;61;62;63;64;66;67;68;70;71;73;74;75;76;78;79;80;81;82;83;84;86;87;88;89;90;91;92;93;94;95;96;97;99,0;1;2;3;4;6;7;9;10;11;12;13;14;15;16;17;18;19;21;22;23;24;25;26;27;28;29;30;31;33;34;35;36;37;38;39;40;41;42;43;44;45;47;48;49;50;51;53;55;56;57;58;59;61;62;63;64;66;67;68;70;71;73;74;75;76;78;79;80;81;82;83;84;86;87;88;89;90;91;92;93;94;95;96;97;99,0.0,0.0,0.0,0.0,0,0.0,0,not_selected,0,0.0,not_selected,56.80902659893036,1,0.324,53.98024100799998,1.0,0.7,0.86,0.31904457759056626,0.3106481349461606,61697.61696191986,79.55215379968286,0.0,0,0.0,0.0,0.0,0.0,recorded_dp_events_only,released_packet,private_experiment_logs_not_public_dp_outputs,5130,trainable_parameters_v1,tex_packet,115.99454544,not_established,0.4242608994245529,0.002983899787068367,legacy_per_link_selection,0,0.0,0.2995047476524114,1.8106124307960272,1,seal,3581350500,seal_save_size_upper_bound,27300,50;40,1.0986638236790895,111816420,10,83.3387751467526,real,0,0.04782699979841709,447265680,5.122536535294788e-08,8192,32,0,86,4,40,0,0,30.72675320133567,86.24805140122771,0,0,0.0,227.44337318355156,0,0.0,0.58,8.000000000001,0.0,258,measured_norm_ratio_not_a_convergence_threshold,71.84189339913428,86,100,0,86,10,0,86,86,86,86,0,0,1,0.0,0.0,fixed_mode_fixed_privacy,1.0,0.2995047476524114,uniform_secure_aggregate_dp,local_packet_or_secure_aggregate,cross_domain_model_update,"[{""aggregate_only_decryption_enforced"": false, ""client_ids"": ""0;10;30;40;50;70;80;90"", ""destination"": ""cloud"", ""dp_budget_ok"": true, ""dp_event_observed"": false, ""formal_dp_status"": ""not_established"", ""he_crypto_observed"": true, ""he_execution"": ""real"", ""key_isolation_enforced"": false, ""mechanism"": ""dp_he3"", ""mode"": ""LIIEIIIC"", ""noise_location"": ""none"", ""object"": ""model_update"", ""packet_index"": 0, ""packet_protection_status"": ""real_he_pending_role_isolation"", ""released_model_dp_status"": ""no_valid_dp_calibration_for_contribution"", ""round"": 0, ""source"": ""edge"", ""source_domain"": 0}, {""aggregate_only_decryption_enforced"": false, ""client_ids"": ""1;11;21;31;41;51;61;71;81;91"", ""destination"": ""cloud"", ""dp_budget_ok"": true, ""dp_event_observed"": false, ""formal_dp_status"": ""not_established"", ""he_crypto_observed"": true, ""he_execution"": ""real"", ""key_isolation_enforced"": false, ""mechanism"": ""dp_he3"", ""mode"": ""LIIEIIIC"", ""noise_location"": ""none"", ""object"": ""model_update"", ""packet_index"": 1, ""packet_protection_status"": ""real_he_pending_role_isolation"", ""released_model_dp_status"": ""no_valid_dp_calibration_for_contribution"", ""round"": 0, ""source"": ""edge"", ""source_domain"": 1}, {""aggregate_only_decryption_enforced"": false, ""client_ids"": ""2;12;22;42;62;82;92"", ""destination"": ""cloud"", ""dp_budget_ok"": true, ""dp_event_observed"": false, ""formal_dp_status"": ""not_established"", ""he_crypto_observed"": true, ""he_execution"": ""real"", ""key_isolation_enforced"": false, ""mechanism"": ""dp_he3"", ""mode"": ""LIIEIIIC"", ""noise_location"": ""none"", ""object"": ""model_update"", ""packet_index"": 2, ""packet_protection_status"": ""real_he_pending_role_isolation"", ""released_model_dp_status"": ""no_valid_dp_calibration_for_contribution"", ""round"": 0, ""source"": ""edge"", ""source_domain"": 2}, {""aggregate_only_decryption_enforced"": false, ""client_ids"": ""3;13;23;33;43;53;63;73;83;93"", ""destination"": ""cloud"", ""dp_budget_ok"": true, ""dp_event_observed"": false, ""formal_dp_status"": ""not_established"", ""he_crypto_observed"": true, ""he_execution"": ""real"", ""key_isolation_enforced"": false, ""mechanism"": ""dp_he3"", ""mode"": ""LIIEIIIC"", ""noise_location"": ""none"", ""object"": ""model_update"", ""packet_index"": 3, ""packet_protection_status"": ""real_he_pending_role_isolation"", ""released_model_dp_status"": ""no_valid_dp_calibration_for_contribution"", ""round"": 0, ""source"": ""edge"", ""source_domain"": 3}, {""aggregate_only_decryption_enforced"": false, ""client_ids"": ""4;14;24;34;44;64;74;84;94"", ""destination"": ""cloud"", ""dp_budget_ok"": true, ""dp_event_observed"": false, ""formal_dp_status"": ""not_established"", ""he_crypto_observed"": true, ""he_execution"": ""real"", ""key_isolation_enforced"": false, ""mechanism"": ""dp_he3"", ""mode"": ""LIIEIIIC"", ""noise_location"": ""none"", ""object"": ""model_update"", ""packet_index"": 4, ""packet_protection_status"": ""real_he_pending_role_isolation"", ""released_model_dp_status"": ""no_valid_dp_calibration_for_contribution"", ""round"": 0, ""source"": ""edge"", ""source_domain"": 4}, {""aggregate_only_decryption_enforced"": false, ""client_ids"": ""6;16;26;36;56;66;76;86;96"", ""destination"": ""cloud"", ""dp_budget_ok"": true, ""dp_event_observed"": false, ""formal_dp_status"": ""not_established"", ""he_crypto_observed"": true, ""he_execution"": ""real"", ""key_isolation_enforced"": false, ""mechanism"": ""dp_he3"", ""mode"": ""LIIEIIIC"", ""noise_location"": ""none"", ""object"": ""model_update"", ""packet_index"": 5, ""packet_protection_status"": ""real_he_pending_role_isolation"", ""released_model_dp_status"": ""no_valid_dp_calibration_for_contribution"", ""round"": 0, ""source"": ""edge"", ""source_domain"": 6}, {""aggregate_only_decryption_enforced"": false, ""client_ids"": ""7;17;27;37;47;57;67;87;97"", ""destination"": ""cloud"", ""dp_budget_ok"": true, ""dp_event_observed"": false, ""formal_dp_status"": ""not_established"", ""he_crypto_observed"": true, ""he_execution"": ""real"", ""key_isolation_enforced"": false, ""mechanism"": ""dp_he3"", ""mode"": ""LIIEIIIC"", ""noise_location"": ""none"", ""object"": ""model_update"", ""packet_index"": 6, ""packet_protection_status"": ""real_he_pending_role_isolation"", ""released_model_dp_status"": ""no_valid_dp_calibration_for_contribution"", ""round"": 0, ""source"": ""edge"", ""source_domain"": 7}, {""aggregate_only_decryption_enforced"": false, ""client_ids"": ""9;19;29;39;49;59;79;89;99"", ""destination"": ""cloud"", ""dp_budget_ok"": true, ""dp_event_observed"": false, ""formal_dp_status"": ""not_established"", ""he_crypto_observed"": true, ""he_execution"": ""real"", ""key_isolation_enforced"": false, ""mechanism"": ""dp_he3"", ""mode"": ""LIIEIIIC"", ""noise_location"": ""none"", ""object"": ""model_update"", ""packet_index"": 7, ""packet_protection_status"": ""real_he_pending_role_isolation"", ""released_model_dp_status"": ""no_valid_dp_calibration_for_contribution"", ""round"": 0, ""source"": ""edge"", ""source_domain"": 9}, {""aggregate_only_decryption_enforced"": false, ""client_ids"": ""15;25;35;45;55;75;95"", ""destination"": ""cloud"", ""dp_budget_ok"": true, ""dp_event_observed"": false, ""formal_dp_status"": ""not_established"", ""he_crypto_observed"": true, ""he_execution"": ""real"", ""key_isolation_enforced"": false, ""mechanism"": ""dp_he3"", ""mode"": ""LIIEIIIC"", ""noise_location"": ""none"", ""object"": ""model_update"", ""packet_index"": 8, ""packet_protection_status"": ""real_he_pending_role_isolation"", ""released_model_dp_status"": ""no_valid_dp_calibration_for_contribution"", ""round"": 0, ""source"": ""edge"", ""source_domain"": 5}, {""aggregate_only_decryption_enforced"": false, ""client_ids"": ""18;28;38;48;58;68;78;88"", ""destination"": ""cloud"", ""dp_budget_ok"": true, ""dp_event_observed"": false, ""formal_dp_status"": ""not_established"", ""he_crypto_observed"": true, ""he_execution"": ""real"", ""key_isolation_enforced"": false, ""mechanism"": ""dp_he3"", ""mode"": ""LIIEIIIC"", ""noise_location"": ""none"", ""object"": ""model_update"", ""packet_index"": 9, ""packet_protection_status"": ""real_he_pending_role_isolation"", ""released_model_dp_status"": ""no_valid_dp_calibration_for_contribution"", ""round"": 0, ""source"": ""edge"", ""source_domain"": 8}]",observed_operations_not_a_security_proof,True,some_contributions_without_dp_calibration,17.730042724264212,0,227.44337318355156,79.01950689963996,358,358,0,scheduled,"{""dp_he"": 344, ""dp_only"": 0, ""he_only"": 0, ""neither"": 14}","{""dp_he"": 344, ""dp_only"": 0, ""he_only"": 0, ""neither"": 14}",14.59364209882915,0.86,14,227.44337318355156,1237.3840928807301,0.324,1.983505262374878,0.315,2.0061147689819334,finite,7.177613500505686,0.011979902163147926,1,0.0,0.0,1.0,0,1.0,0.0,0.0,0.0,0.0,0.0,0.0,0,0.0,0.0,0.0,0.0,86,0,0,0.0,1.0,10,10,818.1338240353148
1.0777004994452,242.81548498274697,0.0,0.0,0.0,0,0,,,0.0,0.0,0.0,0.0,0,0.0,0,not_selected,0,0.0,not_selected,0.01314540021121502,0,0.324,0.0,0.0,0.0,0.0,0.0,0.0,0,80.82798429951072,0.0,0,0.0,0.0,0.0,0.0,recorded_dp_events_only,released_packet,private_experiment_logs_not_public_dp_outputs,5130,trainable_parameters_v1,tex_packet,0.0,not_established,0.2730836998671293,0.006743999198079109,legacy_per_link_selection,0,0.0,0.0,0.0,0,seal,0,seal_save_size_upper_bound,0,50;40,0.0,0,0,0.0,not_selected,0,0.0,0,0.0,8192,0,0,0,0,40,0,0,0.0,0.0,0,0,0.0,227.44337318355156,0,0.0,0.0,8.000000000001,0.0,0,measured_norm_ratio_not_a_convergence_threshold,1.0844733007252216,86,100,0,0,0,0,0,0,0,0,0,0,1,0.0,0.0,fixed_mode_fixed_privacy,0.0,0.0,incomplete_cross_domain_protection,local_packet_or_secure_aggregate,cross_domain_model_update,[],observed_operations_not_a_security_proof,False,no_new_cloud_update,0.0,1,0.0,1.0907310005277395,100,100,0,scheduled,"{""dp_he"": 0, ""dp_only"": 0, ""he_only"": 0, ""neither"": 100}","{""dp_he"": 0, ""dp_only"": 0, ""he_only"": 0, ""neither"": 100}",0.7784697003662586,0.0,100,0.0,4.0,0.324,1.983505262374878,0.31,2.00706640625,finite,0.006257699802517891,0.013030501082539558,0,0.0,0.0,1.0,0,0.0,0.0,0.0,0.0,0.0,0.0,0.0,0,0.0,0.0,0.0,0.0,0,0,0,0.0,0.0,0,0,0.0
0.9763321988284588,243.52218218410326,0.0,0.0,0.0,0,0,,,0.0,0.0,0.0,0.0,0,0.0,0,not_selected,0,0.0,not_selected,0.010084699839353561,0,0.324,0.0,0.0,0.0,0.0,0.0,0.0,0,82.00096279941499,0.0,0,0.0,0.0,0.0,0.0,recorded_dp_events_only,released_packet,private_experiment_logs_not_public_dp_outputs,5130,trainable_parameters_v1,tex_packet,0.0,not_established,0.25104859843850136,0.004169300198554993,legacy_per_link_selection,0,0.0,0.0,0.0,0,seal,0,seal_save_size_upper_bound,0,50;40,0.0,0,0,0.0,not_selected,0,0.0,0,0.0,8192,0,0,0,0,40,0,0,0.0,0.0,0,0,0.0,227.44337318355156,0,0.0,0.0,8.000000000001,0.0,0,measured_norm_ratio_not_a_convergence_threshold,0.9840446002781391,86,100,0,0,0,0,0,0,0,0,0,0,1,0.0,0.0,fixed_mode_fixed_privacy,0.0,0.0,incomplete_cross_domain_protection,local_packet_or_secure_aggregate,cross_domain_model_update,[],observed_operations_not_a_security_proof,False,no_new_cloud_update,0.0,2,0.0,0.9883769992738962,100,100,0,scheduled,"{""dp_he"": 0, ""dp_only"": 0, ""he_only"": 0, ""neither"": 100}","{""dp_he"": 0, ""dp_only"": 0, ""he_only"": 0, ""neither"": 100}",0.7066972013562918,0.0,100,0.0,4.0,0.324,1.983505262374878,0.313,1.9838355417251587,finite,0.004332398995757103,0.012044800445437431,0,0.0,0.0,1.0,0,0.0,0.0,0.0,0.0,0.0,0.0,0.0,0,0.0,0.0,0.0,0.0,0,0,0,0.0,0.0,0,0,0.0
0.9732464011758566,244.22858398484004,0.0,0.0,0.0,0,0,,,0.0,0.0,0.0,0.0,0,0.0,0,not_selected,0,0.0,not_selected,0.009480999782681465,0,0.324,0.0,0.0,0.0,0.0,0.0,0.0,0,83.16170139983296,0.0,0,0.0,0.0,0.0,0.0,recorded_dp_events_only,released_packet,private_experiment_logs_not_public_dp_outputs,5130,trainable_parameters_v1,tex_packet,0.0,not_established,0.24912260100245476,0.0040281992405653,legacy_per_link_selection,0,0.0,0.0,0.0,0,seal,0,seal_save_size_upper_bound,0,50;40,0.0,0,0,0.0,not_selected,0,0.0,0,0.0,8192,0,0,0,0,40,0,0,0.0,0.0,0,0,0.0,227.44337318355156,0,0.0,0.0,8.000000000001,0.0,0,measured_norm_ratio_not_a_convergence_threshold,0.9857554007321596,86,100,0,0,0,0,0,0,0,0,0,0,1,0.0,0.0,fixed_mode_fixed_privacy,0.0,0.0,incomplete_cross_domain_protection,local_packet_or_secure_aggregate,cross_domain_model_update,[],observed_operations_not_a_security_proof,False,no_new_cloud_update,0.0,3,0.0,0.9899682011455297,100,100,0,scheduled,"{""dp_he"": 0, ""dp_only"": 0, ""he_only"": 0, ""neither"": 100}","{""dp_he"": 0, ""dp_only"": 0, ""he_only"": 0, ""neither"": 100}",0.7064018007367849,0.0,100,0.0,4.0,0.324,1.983505262374878,0.298,1.9941140613555908,finite,0.0042128004133701324,0.016721799969673157,0,0.0,0.0,1.0,0,0.0,0.0,0.0,0.0,0.0,0.0,0.0,0,0.0,0.0,0.0,0.0,0,0,0,0.0,0.0,0,0,0.0
1.0256942007690668,244.99105188513113,0.0,0.0,0.0,0,0,,,0.0,0.0,0.0,0.0,0,0.0,0,not_selected,0,0.0,not_selected,0.009787900373339653,0,0.324,0.0,0.0,0.0,0.0,0.0,0.0,0,84.41042019985616,0.0,0,0.0,0.0,0.0,0.0,recorded_dp_events_only,released_packet,private_experiment_logs_not_public_dp_outputs,5130,trainable_parameters_v1,tex_packet,0.0,not_established,0.2457152009010315,0.004029599949717522,legacy_per_link_selection,0,0.0,0.0,0.0,0,seal,0,seal_save_size_upper_bound,0,50;40,0.0,0,0,0.0,not_selected,0,0.0,0,0.0,8192,0,0,0,0,40,0,0,0.0,0.0,0,0,0.0,227.44337318355156,0,0.0,0.0,8.000000000001,0.0,0,measured_norm_ratio_not_a_convergence_threshold,1.0354316011071205,86,100,0,0,0,0,0,0,0,0,0,0,1,0.0,0.0,fixed_mode_fixed_privacy,0.0,0.0,incomplete_cross_domain_protection,local_packet_or_secure_aggregate,cross_domain_model_update,[],observed_operations_not_a_security_proof,False,no_new_cloud_update,0.0,4,0.0,1.0391252003610134,100,100,0,scheduled,"{""dp_he"": 0, ""dp_only"": 0, ""he_only"": 0, ""neither"": 100}","{""dp_he"": 0, ""dp_only"": 0, ""he_only"": 0, ""neither"": 100}",0.7624679002910852,0.0,100,0.0,4.0,0.324,1.983505262374878,0.307,1.997919584274292,finite,0.0036935992538928986,0.013430999591946602,0,0.0,0.0,1.0,0,0.0,0.0,0.0,0.0,0.0,0.0,0.0,0,0.0,0.0,0.0,0.0,0,0,0,0.0,0.0,0,0,0.0
1.1008624974638224,245.78166148515356,0.0,0.0,0.0,0,0,,,0.0,0.0,0.0,0.0,0,0.0,0,not_selected,0,0.0,not_selected,0.019492199644446373,0,0.324,0.0,0.0,0.0,0.0,0.0,0.0,0,85.70809509977698,0.0,0,0.0,0.0,0.0,0.0,recorded_dp_events_only,released_packet,private_experiment_logs_not_public_dp_outputs,5130,trainable_parameters_v1,tex_packet,0.0,not_established,0.275917898863554,0.007010798901319504,legacy_per_link_selection,0,0.0,0.0,0.0,0,seal,0,seal_save_size_upper_bound,0,50;40,0.0,0,0,0.0,not_selected,0,0.0,0,0.0,8192,0,0,0,0,40,0,0,0.0,0.0,0,0,0.0,227.44337318355156,0,0.0,0.0,8.000000000001,0.0,0,measured_norm_ratio_not_a_convergence_threshold,1.1066114008426666,86,100,0,0,0,0,0,0,0,0,0,0,1,0.0,0.0,fixed_mode_fixed_privacy,0.0,0.0,incomplete_cross_domain_protection,local_packet_or_secure_aggregate,cross_domain_model_update,[],observed_operations_not_a_security_proof,False,no_new_cloud_update,0.0,5,0.0,1.114443400874734,100,100,0,scheduled,"{""dp_he"": 0, ""dp_only"": 0, ""he_only"": 0, ""neither"": 100}","{""dp_he"": 0, ""dp_only"": 0, ""he_only"": 0, ""neither"": 100}",0.7906096000224352,0.0,100,0.0,4.0,0.324,1.983505262374878,0.303,1.995410099029541,finite,0.007832000032067299,0.01358090341091156,0,0.0,0.0,1.0,0,0.0,0.0,0.0,0.0,0.0,0.0,0.0,0,0.0,0.0,0.0,0.0,0,0,0,0.0,0.0,0,0,0.0
1.0477060973644257,246.51571148524,0.0,0.0,0.0,0,0,,,0.0,0.0,0.0,0.0,0,0.0,0,not_selected,0,0.0,not_selected,0.054398899897933006,0,0.324,0.0,0.0,0.0,0.0,0.0,0.0,0,86.99431860074401,0.0,0,0.0,0.0,0.0,0.0,recorded_dp_events_only,released_packet,private_experiment_logs_not_public_dp_outputs,5130,trainable_parameters_v1,tex_packet,0.0,not_established,0.24894689954817295,0.004607498645782471,legacy_per_link_selection,0,0.0,0.0,0.0,0,seal,0,seal_save_size_upper_bound,0,50;40,0.0,0,0,0.0,not_selected,0,0.0,0,0.0,8192,0,0,0,0,40,0,0,0.0,0.0,0,0,0.0,227.44337318355156,0,0.0,0.0,8.000000000001,0.0,0,measured_norm_ratio_not_a_convergence_threshold,1.0573232006281614,86,100,0,0,0,0,0,0,0,0,0,0,1,0.0,0.0,fixed_mode_fixed_privacy,0.0,0.0,incomplete_cross_domain_protection,local_packet_or_secure_aggregate,cross_domain_model_update,[],observed_operations_not_a_security_proof,False,no_new_cloud_update,0.0,6,0.0,1.063025999814272,100,100,0,scheduled,"{""dp_he"": 0, ""dp_only"": 0, ""he_only"": 0, ""neither"": 100}","{""dp_he"": 0, ""dp_only"": 0, ""he_only"": 0, ""neither"": 100}",0.7340500000864267,0.0,100,0.0,4.0,0.324,1.983505262374878,0.315,1.9916477909088135,finite,0.0057027991861104965,0.015319902449846268,0,0.0,0.0,1.0,0,0.0,0.0,0.0,0.0,0.0,0.0,0.0,0,0.0,0.0,0.0,0.0,0,0,0,0.0,0.0,0,0,0.0
0.9665451999753714,247.21519678534878,0.0,0.0,0.0,0,0,,,0.0,0.0,0.0,0.0,0,0.0,0,not_selected,0,0.0,not_selected,0.014138000085949898,0,0.324,0.0,0.0,0.0,0.0,0.0,0.0,0,88.16377470083535,0.0,0,0.0,0.0,0.0,0.0,recorded_dp_events_only,released_packet,private_experiment_logs_not_public_dp_outputs,5130,trainable_parameters_v1,tex_packet,0.0,not_established,0.24150560051202774,0.006292199715971947,legacy_per_link_selection,0,0.0,0.0,0.0,0,seal,0,seal_save_size_upper_bound,0,50;40,0.0,0,0,0.0,not_selected,0,0.0,0,0.0,8192,0,0,0,0,40,0,0,0.0,0.0,0,0,0.0,227.44337318355156,0,0.0,0.0,8.000000000001,0.0,0,measured_norm_ratio_not_a_convergence_threshold,0.9741095006465912,86,100,0,0,0,0,0,0,0,0,0,0,1,0.0,0.0,fixed_mode_fixed_privacy,0.0,0.0,incomplete_cross_domain_protection,local_packet_or_secure_aggregate,cross_domain_model_update,[],observed_operations_not_a_security_proof,False,no_new_cloud_update,0.0,7,0.0,0.9792336001992226,100,100,0,scheduled,"{""dp_he"": 0, ""dp_only"": 0, ""he_only"": 0, ""neither"": 100}","{""dp_he"": 0, ""dp_only"": 0, ""he_only"": 0, ""neither"": 100}",0.6994853001087904,0.0,100,0.0,4.0,0.324,1.983505262374878,0.3255,1.973503559112549,finite,0.005124099552631378,0.012688400223851204,0,0.0,0.0,1.0,0,0.0,0.0,0.0,0.0,0.0,0.0,0.0,0,0.0,0.0,0.0,0.0,0,0,0,0.0,0.0,0,0,0.0
0.9563023988157511,247.90567928628934,0.0,0.0,0.0,0,0,,,0.0,0.0,0.0,0.0,0,0.0,0,not_selected,0,0.0,not_selected,0.011663399636745453,0,0.324,0.0,0.0,0.0,0.0,0.0,0.0,0,89.33233490027487,0.0,0,0.0,0.0,0.0,0.0,recorded_dp_events_only,released_packet,private_experiment_logs_not_public_dp_outputs,5130,trainable_parameters_v1,tex_packet,0.0,not_established,0.24203019961714745,0.00640689954161644,legacy_per_link_selection,0,0.0,0.0,0.0,0,seal,0,seal_save_size_upper_bound,0,50;40,0.0,0,0,0.0,not_selected,0,0.0,0,0.0,8192,0,0,0,0,40,0,0,0.0,0.0,0,0,0.0,227.44337318355156,0,0.0,0.0,8.000000000001,0.0,0,measured_norm_ratio_not_a_convergence_threshold,0.9630107004195452,86,100,0,0,0,0,0,0,0,0,0,0,1,0.0,0.0,fixed_mode_fixed_privacy,0.0,0.0,incomplete_cross_domain_protection,local_packet_or_secure_aggregate,cross_domain_model_update,[],observed_operations_not_a_security_proof,False,no_new_cloud_update,0.0,8,0.0,0.9687300994992256,100,100,0,scheduled,"{""dp_he"": 0, ""dp_only"": 0, ""he_only"": 0, ""neither"": 100}","{""dp_he"": 0, ""dp_only"": 0, ""he_only"": 0, ""neither"": 100}",0.6904825009405613,0.0,100,0.0,4.0,0.324,1.983505262374878,0.3105,1.9980520000457764,finite,0.005719399079680443,0.01242770068347454,0,0.0,0.0,1.0,0,0.0,0.0,0.0,0.0,0.0,0.0,0.0,0,0.0,0.0,0.0,0.0,0,0,0,0.0,0.0,0,0,0.0
0.9784410987049341,248.59840208554579,0.0,0.0,0.0,0,0,,,0.0,0.0,0.0,0.0,0,0.0,0,not_selected,0,0.0,not_selected,0.01406019926071167,0,0.324,0.0,0.0,0.0,0.0,0.0,0.0,0,90.51650029979646,0.0,0,0.0,0.0,0.0,0.0,recorded_dp_events_only,released_packet,private_experiment_logs_not_public_dp_outputs,5130,trainable_parameters_v1,tex_packet,0.0,not_established,0.25812329910695553,0.00648840144276619,legacy_per_link_selection,0,0.0,0.0,0.0,0,seal,0,seal_save_size_upper_bound,0,50;40,0.0,0,0,0.0,not_selected,0,0.0,0,0.0,8192,0,0,0,0,40,0,0,0.0,0.0,0,0,0.0,227.44337318355156,0,0.0,0.0,8.000000000001,0.0,0,measured_norm_ratio_not_a_convergence_threshold,0.9840031005442142,86,100,0,0,0,0,0,0,0,0,0,0,1,0.0,0.0,fixed_mode_fixed_privacy,0.0,0.0,incomplete_cross_domain_protection,local_packet_or_secure_aggregate,cross_domain_model_update,[],observed_operations_not_a_security_proof,False,no_new_cloud_update,0.0,9,0.0,0.991049500182271,100,100,0,scheduled,"{""dp_he"": 0, ""dp_only"": 0, ""he_only"": 0, ""neither"": 100}","{""dp_he"": 0, ""dp_only"": 0, ""he_only"": 0, ""neither"": 100}",0.692722799256444,0.0,100,0.0,4.0,0.324,1.983505262374878,0.313,1.9865479879379273,finite,0.007046399638056755,0.012608401477336884,0,0.0,0.0,1.0,0,0.0,0.0,0.0,0.0,0.0,0.0,0.0,0,0.0,0.0,0.0,0.0,0,0,0,0.0,0.0,0,0,0.0
1.088433999568224,249.40478958638323,0.0,0.0,0.0,0,0,,,0.0,0.0,0.0,0.0,0,0.0,0,not_selected,0,0.0,not_selected,0.013313399627804756,0,0.324,0.0,0.0,0.0,0.0,0.0,0.0,0,91.85367720015347,0.0,0,0.0,0.0,0.0,0.0,recorded_dp_events_only,released_packet,private_experiment_logs_not_public_dp_outputs,5130,trainable_parameters_v1,tex_packet,0.0,not_established,0.251079298555851,0.009819800034165382,legacy_per_link_selection,0,0.0,0.0,0.0,0,seal,0,seal_save_size_upper_bound,0,50;40,0.0,0,0,0.0,not_selected,0,0.0,0,0.0,8192,0,0,0,0,40,0,0,0.0,0.0,0,0,0.0,227.44337318355156,0,0.0,0.0,8.000000000001,0.0,0,measured_norm_ratio_not_a_convergence_threshold,1.0933333989232779,86,100,0,0,0,0,0,0,0,0,0,0,1,0.0,0.0,fixed_mode_fixed_privacy,0.0,0.0,incomplete_cross_domain_protection,local_packet_or_secure_aggregate,cross_domain_model_update,[],observed_operations_not_a_security_proof,False,no_new_cloud_update,0.0,10,0.0,1.1011673994362354,100,100,0,scheduled,"{""dp_he"": 0, ""dp_only"": 0, ""he_only"": 0, ""neither"": 100}","{""dp_he"": 0, ""dp_only"": 0, ""he_only"": 0, ""neither"": 100}",0.8063875008374453,0.0,100,0.0,4.0,0.324,1.983505262374878,0.323,1.9916170845031738,finite,0.007834000512957573,0.012733399868011475,0,0.0,0.0,1.0,0,0.0,0.0,0.0,0.0,0.0,0.0,0.0,0,0.0,0.0,0.0,0.0,0,0,0,0.0,0.0,0,0,0.0
0.9733926001936197,250.10100578593028,0.0,0.0,0.0,0,0,,,0.0,0.0,0.0,0.0,0,0.0,0,not_selected,0,0.0,not_selected,0.01394059881567955,0,0.324,0.0,0.0,0.0,0.0,0.0,0.0,0,93.03334829956293,0.0,0,0.0,0.0,0.0,0.0,recorded_dp_events_only,released_packet,private_experiment_logs_not_public_dp_outputs,5130,trainable_parameters_v1,tex_packet,0.0,not_established,0.24683890119194984,0.007790600880980492,legacy_per_link_selection,0,0.0,0.0,0.0,0,seal,0,seal_save_size_upper_bound,0,50;40,0.0,0,0,0.0,not_selected,0,0.0,0,0.0,8192,0,0,0,0,40,0,0,0.0,0.0,0,0,0.0,227.44337318355156,0,0.0,0.0,8.000000000001,0.0,0,measured_norm_ratio_not_a_convergence_threshold,0.9828246999531984,86,100,0,0,0,0,0,0,0,0,0,0,1,0.0,0.0,fixed_mode_fixed_privacy,0.0,0.0,incomplete_cross_domain_protection,local_packet_or_secure_aggregate,cross_domain_model_update,[],observed_operations_not_a_security_proof,False,no_new_cloud_update,0.0,11,0.0,0.9914309997111559,100,100,0,scheduled,"{""dp_he"": 0, ""dp_only"": 0, ""he_only"": 0, ""neither"": 100}","{""dp_he"": 0, ""dp_only"": 0, ""he_only"": 0, ""neither"": 100}",0.6962161995470524,0.0,100,0.0,4.0,0.324,1.983505262374878,0.316,1.9964189004898072,finite,0.008606299757957458,0.018038399517536163,0,0.0,0.0,1.0,0,0.0,0.0,0.0,0.0,0.0,0.0,0.0,0,0.0,0.0,0.0,0.0,0,0,0,0.0,0.0,0,0,0.0
0.9802655000239611,250.78794988693608,0.0,0.0,0.0,0,0,,,0.0,0.0,0.0,0.0,0,0.0,0,not_selected,0,0.0,not_selected,0.013865899294614792,0,0.324,0.0,0.0,0.0,0.0,0.0,0.0,0,94.22462300024927,0.0,0,0.0,0.0,0.0,0.0,recorded_dp_events_only,released_packet,private_experiment_logs_not_public_dp_outputs,5130,trainable_parameters_v1,tex_packet,0.0,not_established,0.2637377008795738,0.007253998890519142,legacy_per_link_selection,0,0.0,0.0,0.0,0,seal,0,seal_save_size_upper_bound,0,50;40,0.0,0,0,0.0,not_selected,0,0.0,0,0.0,8192,0,0,0,0,40,0,0,0.0,0.0,0,0,0.0,227.44337318355156,0,0.0,0.0,8.000000000001,0.0,0,measured_norm_ratio_not_a_convergence_threshold,0.9845579992979765,86,100,0,0,0,0,0,0,0,0,0,0,1,0.0,0.0,fixed_mode_fixed_privacy,0.0,0.0,incomplete_cross_domain_protection,local_packet_or_secure_aggregate,cross_domain_model_update,[],observed_operations_not_a_security_proof,False,no_new_cloud_update,0.0,12,0.0,0.9930217992514372,100,100,0,scheduled,"{""dp_he"": 0, ""dp_only"": 0, ""he_only"": 0, ""neither"": 100}","{""dp_he"": 0, ""dp_only"": 0, ""he_only"": 0, ""neither"": 100}",0.6869441010057926,0.0,100,0.0,4.0,0.324,1.983505262374878,0.3295,1.9866442852020263,finite,0.008463799953460693,0.01275629922747612,0,0.0,0.0,1.0,0,0.0,0.0,0.0,0.0,0.0,0.0,0.0,0,0.0,0.0,0.0,0.0,0,0,0,0.0,0.0,0,0,0.0
1.031673701480031,251.52383618691874,0.0,0.0,0.0,0,0,,,0.0,0.0,0.0,0.0,0,0.0,0,not_selected,0,0.0,not_selected,0.01407030038535595,0,0.324,0.0,0.0,0.0,0.0,0.0,0.0,0,95.4872444011271,0.0,0,0.0,0.0,0.0,0.0,recorded_dp_events_only,released_packet,private_experiment_logs_not_public_dp_outputs,5130,trainable_parameters_v1,tex_packet,0.0,not_established,0.2643123008310795,0.008756499737501144,legacy_per_link_selection,0,0.0,0.0,0.0,0,seal,0,seal_save_size_upper_bound,0,50;40,0.0,0,0,0.0,not_selected,0,0.0,0,0.0,8192,0,0,0,0,40,0,0,0.0,0.0,0,0,0.0,227.44337318355156,0,0.0,0.0,8.000000000001,0.0,0,measured_norm_ratio_not_a_convergence_threshold,1.0356804002076387,86,100,0,0,0,0,0,0,0,0,0,0,1,0.0,0.0,fixed_mode_fixed_privacy,0.0,0.0,incomplete_cross_domain_protection,local_packet_or_secure_aggregate,cross_domain_model_update,[],observed_operations_not_a_security_proof,False,no_new_cloud_update,0.0,13,0.0,1.0443287007510662,100,100,0,scheduled,"{""dp_he"": 0, ""dp_only"": 0, ""he_only"": 0, ""neither"": 100}","{""dp_he"": 0, ""dp_only"": 0, ""he_only"": 0, ""neither"": 100}",0.735886299982667,0.0,100,0.0,4.0,0.324,1.983505262374878,0.3055,2.0156570091247556,finite,0.008648300543427467,0.012654999271035194,0,0.0,0.0,1.0,0,0.0,0.0,0.0,0.0,0.0,0.0,0.0,0,0.0,0.0,0.0,0.0,0,0,0,0.0,0.0,0,0,0.0
1.096908699721098,252.32322768757058,0.0,0.0,0.0,0,0,,,0.0,0.0,0.0,0.0,0,0.0,0,not_selected,0,0.0,not_selected,0.019090699031949043,0,0.324,0.0,0.0,0.0,0.0,0.0,0.0,0,96.81930479966104,0.0,0,0.0,0.0,0.0,0.0,recorded_dp_events_only,released_packet,private_experiment_logs_not_public_dp_outputs,5130,trainable_parameters_v1,tex_packet,0.0,not_established,0.2544433996081352,0.012172499671578407,legacy_per_link_selection,0,0.0,0.0,0.0,0,seal,0,seal_save_size_upper_bound,0,50;40,0.0,0,0,0.0,not_selected,0,0.0,0,0.0,8192,0,0,0,0,40,0,0,0.0,0.0,0,0,0.0,227.44337318355156,0,0.0,0.0,8.000000000001,0.0,0,measured_norm_ratio_not_a_convergence_threshold,1.1020277980715036,86,100,0,0,0,0,0,0,0,0,0,0,1,0.0,0.0,fixed_mode_fixed_privacy,0.0,0.0,incomplete_cross_domain_protection,local_packet_or_secure_aggregate,cross_domain_model_update,[],observed_operations_not_a_security_proof,False,no_new_cloud_update,0.0,14,0.0,1.1138383988291025,100,100,0,scheduled,"{""dp_he"": 0, ""dp_only"": 0, ""he_only"": 0, ""neither"": 100}","{""dp_he"": 0, ""dp_only"": 0, ""he_only"": 0, ""neither"": 100}",0.7993915006518364,0.0,100,0.0,4.0,0.324,1.983505262374878,0.316,1.999289867401123,finite,0.011810600757598877,0.01692969910800457,0,0.0,0.0,1.0,0,0.0,0.0,0.0,0.0,0.0,0.0,0.0,0,0.0,0.0,0.0,0.0,0,0,0,0.0,0.0,0,0,0.0
1.0121851991862059,253.04975398892475,0.0,0.0,0.0,0,0,,,0.0,0.0,0.0,0.0,0,0.0,0,not_selected,0,0.0,not_selected,0.015076600015163422,0,0.324,0.0,0.0,0.0,0.0,0.0,0.0,0,98.04893559962511,0.0,0,0.0,0.0,0.0,0.0,recorded_dp_events_only,released_packet,private_experiment_logs_not_public_dp_outputs,5130,trainable_parameters_v1,tex_packet,0.0,not_established,0.25058529898524284,0.009393500164151192,legacy_per_link_selection,0,0.0,0.0,0.0,0,seal,0,seal_save_size_upper_bound,0,50;40,0.0,0,0,0.0,not_selected,0,0.0,0,0.0,8192,0,0,0,0,40,0,0,0.0,0.0,0,0,0.0,227.44337318355156,0,0.0,0.0,8.000000000001,0.0,0,measured_norm_ratio_not_a_convergence_threshold,1.0144622009247541,86,100,0,0,0,0,0,0,0,0,0,0,1,0.0,0.0,fixed_mode_fixed_privacy,0.0,0.0,incomplete_cross_domain_protection,local_packet_or_secure_aggregate,cross_domain_model_update,[],observed_operations_not_a_security_proof,False,no_new_cloud_update,0.0,15,0.0,1.0250656995922327,100,100,0,scheduled,"{""dp_he"": 0, ""dp_only"": 0, ""he_only"": 0, ""neither"": 100}","{""dp_he"": 0, ""dp_only"": 0, ""he_only"": 0, ""neither"": 100}",0.7265263013541698,0.0,100,0.0,4.0,0.324,1.983505262374878,0.3085,1.9914973468780517,finite,0.010603498667478561,0.01288050040602684,0,0.0,0.0,1.0,0,0.0,0.0,0.0,0.0,0.0,0.0,0.0,0,0.0,0.0,0.0,0.0,0,0,0,0.0,0.0,0,0,0.0
0.9980386979877949,253.75891848916126,0.0,0.0,0.0,0,0,,,0.0,0.0,0.0,0.0,0,0.0,0,not_selected,0,0.0,not_selected,0.015085799619555473,0,0.324,0.0,0.0,0.0,0.0,0.0,0.0,0,99.27579550072551,0.0,0,0.0,0.0,0.0,0.0,recorded_dp_events_only,released_packet,private_experiment_logs_not_public_dp_outputs,5130,trainable_parameters_v1,tex_packet,0.0,not_established,0.25514050014317036,0.009693998843431473,legacy_per_link_selection,0,0.0,0.0,0.0,0,seal,0,seal_save_size_upper_bound,0,50;40,0.0,0,0,0.0,not_selected,0,0.0,0,0.0,8192,0,0,0,0,40,0,0,0.0,0.0,0,0,0.0,227.44337318355156,0,0.0,0.0,8.000000000001,0.0,0,measured_norm_ratio_not_a_convergence_threshold,1.0023640003055334,86,100,0,0,0,0,0,0,0,0,0,0,1,0.0,0.0,fixed_mode_fixed_privacy,0.0,0.0,incomplete_cross_domain_protection,local_packet_or_secure_aggregate,cross_domain_model_update,[],observed_operations_not_a_security_proof,False,no_new_cloud_update,0.0,16,0.0,1.0113178994506598,100,100,0,scheduled,"{""dp_he"": 0, ""dp_only"": 0, ""he_only"": 0, ""neither"": 100}","{""dp_he"": 0, ""dp_only"": 0, ""he_only"": 0, ""neither"": 100}",0.7091645002365112,0.0,100,0.0,4.0,0.324,1.983505262374878,0.319,1.9981179847717285,finite,0.008953899145126343,0.013279201462864876,0,0.0,0.0,1.0,0,0.0,0.0,0.0,0.0,0.0,0.0,0.0,0,0.0,0.0,0.0,0.0,0,0,0,0.0,0.0,0,0,0.0
0.9872419964522123,254.4565243896277,0.0,0.0,0.0,0,0,,,0.0,0.0,0.0,0.0,0,0.0,0,not_selected,0,0.0,not_selected,0.016294999048113823,0,0.324,0.0,0.0,0.0,0.0,0.0,0.0,0,100.48066290095448,0.0,0,0.0,0.0,0.0,0.0,recorded_dp_events_only,released_packet,private_experiment_logs_not_public_dp_outputs,5130,trainable_parameters_v1,tex_packet,0.0,not_established,0.25205279886722565,0.011268999427556992,legacy_per_link_selection,0,0.0,0.0,0.0,0,seal,0,seal_save_size_upper_bound,0,50;40,0.0,0,0,0.0,not_selected,0,0.0,0,0.0,8192,0,0,0,0,40,0,0,0.0,0.0,0,0,0.0,227.44337318355156,0,0.0,0.0,8.000000000001,0.0,0,measured_norm_ratio_not_a_convergence_threshold,0.989563001319766,86,100,0,0,0,0,0,0,0,0,0,0,1,0.0,0.0,fixed_mode_fixed_privacy,0.0,0.0,incomplete_cross_domain_protection,local_packet_or_secure_aggregate,cross_domain_model_update,[],observed_operations_not_a_security_proof,False,no_new_cloud_update,0.0,17,0.0,0.9995822999626398,100,100,0,scheduled,"{""dp_he"": 0, ""dp_only"": 0, ""he_only"": 0, ""neither"": 100}","{""dp_he"": 0, ""dp_only"": 0, ""he_only"": 0, ""neither"": 100}",0.6976059004664421,0.0,100,0.0,4.0,0.324,1.983505262374878,0.333,1.972429105758667,finite,0.010019298642873764,0.012340303510427475,0,0.0,0.0,1.0,0,0.0,0.0,0.0,0.0,0.0,0.0,0.0,0,0.0,0.0,0.0,0.0,0,0,0,0.0,0.0,0,0,0.0
1.1137000992894173,255.2651235897274,0.0,0.0,0.0,0,0,,,0.0,0.0,0.0,0.0,0,0.0,0,not_selected,0,0.0,not_selected,0.018421899527311325,0,0.324,0.0,0.0,0.0,0.0,0.0,0.0,0,101.84477300010622,0.0,0,0.0,0.0,0.0,0.0,recorded_dp_events_only,released_packet,private_experiment_logs_not_public_dp_outputs,5130,trainable_parameters_v1,tex_packet,0.0,not_established,0.2593731991946697,0.012013500556349754,legacy_per_link_selection,0,0.0,0.0,0.0,0,seal,0,seal_save_size_upper_bound,0,50;40,0.0,0,0,0.0,not_selected,0,0.0,0,0.0,8192,0,0,0,0,40,0,0,0.0,0.0,0,0,0.0,227.44337318355156,0,0.0,0.0,8.000000000001,0.0,0,measured_norm_ratio_not_a_convergence_threshold,1.118886498734355,86,100,0,0,0,0,0,0,0,0,0,0,1,0.0,0.0,fixed_mode_fixed_privacy,0.0,0.0,incomplete_cross_domain_protection,local_packet_or_secure_aggregate,cross_domain_model_update,[],observed_operations_not_a_security_proof,False,no_new_cloud_update,0.0,18,0.0,1.1341787986457348,100,100,0,scheduled,"{""dp_he"": 0, ""dp_only"": 0, ""he_only"": 0, ""neither"": 100}","{""dp_he"": 0, ""dp_only"": 0, ""he_only"": 0, ""neither"": 100}",0.8085992000997066,0.0,100,0.0,4.0,0.324,1.983505262374878,0.321,1.9936977100372315,finite,0.015292299911379814,0.02047869935631752,0,0.0,0.0,1.0,0,0.0,0.0,0.0,0.0,0.0,0.0,0.0,0,0.0,0.0,0.0,0.0,0,0,0,0.0,0.0,0,0,0.0
0.9958573989570141,255.96395059006227,0.0,0.0,0.0,0,0,,,0.0,0.0,0.0,0.0,0,0.0,0,not_selected,0,0.0,not_selected,0.016873998567461967,0,0.324,0.0,0.0,0.0,0.0,0.0,0.0,0,103.07624720036983,0.0,0,0.0,0.0,0.0,0.0,recorded_dp_events_only,released_packet,private_experiment_logs_not_public_dp_outputs,5130,trainable_parameters_v1,tex_packet,0.0,not_established,0.258474500849843,0.010785099118947983,legacy_per_link_selection,0,0.0,0.0,0.0,0,seal,0,seal_save_size_upper_bound,0,50;40,0.0,0,0,0.0,not_selected,0,0.0,0,0.0,8192,0,0,0,0,40,0,0,0.0,0.0,0,0,0.0,227.44337318355156,0,0.0,0.0,8.000000000001,0.0,0,measured_norm_ratio_not_a_convergence_threshold,0.9998836014419794,86,100,0,0,0,0,0,0,0,0,0,0,1,0.0,0.0,fixed_mode_fixed_privacy,0.0,0.0,incomplete_cross_domain_protection,local_packet_or_secure_aggregate,cross_domain_model_update,[],observed_operations_not_a_security_proof,False,no_new_cloud_update,0.0,19,0.0,1.0107804015278816,100,100,0,scheduled,"{""dp_he"": 0, ""dp_only"": 0, ""he_only"": 0, ""neither"": 100}","{""dp_he"": 0, ""dp_only"": 0, ""he_only"": 0, ""neither"": 100}",0.6988270003348589,0.0,100,0.0,4.0,0.324,1.983505262374878,0.3105,1.9859190464019776,finite,0.010896800085902214,0.014923002570867538,0,0.0,0.0,1.0,0,0.0,0.0,0.0,0.0,0.0,0.0,0.0,0,0.0,0.0,0.0,0.0,0,0,0,0.0,0.0,0,0,0.0
1.0358123015612364,256.7005578901799,0.0,0.0,0.0,0,0,,,0.0,0.0,0.0,0.0,0,0.0,0,not_selected,0,0.0,not_selected,0.023176200687885284,0,0.324,0.0,0.0,0.0,0.0,0.0,0.0,0,104.34577479958534,0.0,0,0.0,0.0,0.0,0.0,recorded_dp_events_only,released_packet,private_experiment_logs_not_public_dp_outputs,5130,trainable_parameters_v1,tex_packet,0.0,not_established,0.2525945007801056,0.012268099933862686,legacy_per_link_selection,0,0.0,0.0,0.0,0,seal,0,seal_save_size_upper_bound,0,50;40,0.0,0,0,0.0,not_selected,0,0.0,0,0.0,8192,0,0,0,0,40,0,0,0.0,0.0,0,0,0.0,227.44337318355156,0,0.0,0.0,8.000000000001,0.0,0,measured_norm_ratio_not_a_convergence_threshold,1.0388559997081757,86,100,0,0,0,0,0,0,0,0,0,0,1,0.0,0.0,fixed_mode_fixed_privacy,0.0,0.0,incomplete_cross_domain_protection,local_packet_or_secure_aggregate,cross_domain_model_update,[],observed_operations_not_a_security_proof,False,no_new_cloud_update,0.0,20,0.0,1.0500221997499466,100,100,0,scheduled,"{""dp_he"": 0, ""dp_only"": 0, ""he_only"": 0, ""neither"": 100}","{""dp_he"": 0, ""dp_only"": 0, ""he_only"": 0, ""neither"": 100}",0.7366073001176119,0.0,100,0.0,4.0,0.324,1.983505262374878,0.312,1.9989806747436523,finite,0.011166200041770935,0.014209898188710213,0,0.0,0.0,1.0,0,0.0,0.0,0.0,0.0,0.0,0.0,0.0,0,0.0,0.0,0.0,0.0,0,0,0,0.0,0.0,0,0,0.0
1.0357069000601768,257.4328933887364,0.0,0.0,0.0,0,0,,,0.0,0.0,0.0,0.0,0,0.0,0,not_selected,0,0.0,not_selected,0.01822180114686489,0,0.324,0.0,0.0,0.0,0.0,0.0,0.0,0,105.61168109998107,0.0,0,0.0,0.0,0.0,0.0,recorded_dp_events_only,released_packet,private_experiment_logs_not_public_dp_outputs,5130,trainable_parameters_v1,tex_packet,0.0,not_established,0.2614743001759052,0.011791199445724487,legacy_per_link_selection,0,0.0,0.0,0.0,0,seal,0,seal_save_size_upper_bound,0,50;40,0.0,0,0,0.0,not_selected,0,0.0,0,0.0,8192,0,0,0,0,40,0,0,0.0,0.0,0,0,0.0,227.44337318355156,0,0.0,0.0,8.000000000001,0.0,0,measured_norm_ratio_not_a_convergence_threshold,1.0381301008164883,86,100,0,0,0,0,0,0,0,0,0,0,1,0.0,0.0,fixed_mode_fixed_privacy,0.0,0.0,incomplete_cross_domain_protection,local_packet_or_secure_aggregate,cross_domain_model_update,[],observed_operations_not_a_security_proof,False,no_new_cloud_update,0.0,21,0.0,1.0500142015516758,100,100,0,scheduled,"{""dp_he"": 0, ""dp_only"": 0, ""he_only"": 0, ""neither"": 100}","{""dp_he"": 0, ""dp_only"": 0, ""he_only"": 0, ""neither"": 100}",0.7323354985564947,0.0,100,0.0,4.0,0.324,1.983505262374878,0.303,1.9978561935424806,finite,0.01188410073518753,0.014307301491498947,0,0.0,0.0,1.0,0,0.0,0.0,0.0,0.0,0.0,0.0,0.0,0,0.0,0.0,0.0,0.0,0,0,0,0.0,0.0,0,0,0.0
1.1437410991638899,258.26090168842984,0.0,0.0,0.0,0,0,,,0.0,0.0,0.0,0.0,0,0.0,0,not_selected,0,0.0,not_selected,0.019982099533081055,0,0.324,0.0,0.0,0.0,0.0,0.0,0.0,0,107.06235579960048,0.0,0,0.0,0.0,0.0,0.0,recorded_dp_events_only,released_packet,private_experiment_logs_not_public_dp_outputs,5130,trainable_parameters_v1,tex_packet,0.0,not_established,0.2642861995846033,0.01757670007646084,legacy_per_link_selection,0,0.0,0.0,0.0,0,seal,0,seal_save_size_upper_bound,0,50;40,0.0,0,0,0.0,not_selected,0,0.0,0,0.0,8192,0,0,0,0,40,0,0,0.0,0.0,0,0,0.0,227.44337318355156,0,0.0,0.0,8.000000000001,0.0,0,measured_norm_ratio_not_a_convergence_threshold,1.1441351994872093,86,100,0,0,0,0,0,0,0,0,0,0,1,0.0,0.0,fixed_mode_fixed_privacy,0.0,0.0,incomplete_cross_domain_protection,local_packet_or_secure_aggregate,cross_domain_model_update,[],observed_operations_not_a_security_proof,False,no_new_cloud_update,0.0,22,0.0,1.1580229997634888,100,100,0,scheduled,"{""dp_he"": 0, ""dp_only"": 0, ""he_only"": 0, ""neither"": 100}","{""dp_he"": 0, ""dp_only"": 0, ""he_only"": 0, ""neither"": 100}",0.8280082996934652,0.0,100,0.0,4.0,0.324,1.983505262374878,0.3235,1.9809774255752564,finite,0.01388780027627945,0.014281900599598885,0,0.0,0.0,1.0,0,0.0,0.0,0.0,0.0,0.0,0.0,0.0,0,0.0,0.0,0.0,0.0,0,0,0,0.0,0.0,0,0,0.0
1.0181249994784594,258.9814958896668,0.0,0.0,0.0,0,0,,,0.0,0.0,0.0,0.0,0,0.0,0,not_selected,0,0.0,not_selected,0.01902579888701439,0,0.324,0.0,0.0,0.0,0.0,0.0,0.0,0,108.31244629994035,0.0,0,0.0,0.0,0.0,0.0,recorded_dp_events_only,released_packet,private_experiment_logs_not_public_dp_outputs,5130,trainable_parameters_v1,tex_packet,0.0,not_established,0.25436659902334213,0.012174900621175766,legacy_per_link_selection,0,0.0,0.0,0.0,0,seal,0,seal_save_size_upper_bound,0,50;40,0.0,0,0,0.0,not_selected,0,0.0,0,0.0,8192,0,0,0,0,40,0,0,0.0,0.0,0,0,0.0,227.44337318355156,0,0.0,0.0,8.000000000001,0.0,0,measured_norm_ratio_not_a_convergence_threshold,1.0186944995075464,86,100,0,0,0,0,0,0,0,0,0,0,1,0.0,0.0,fixed_mode_fixed_privacy,0.0,0.0,incomplete_cross_domain_protection,local_packet_or_secure_aggregate,cross_domain_model_update,[],observed_operations_not_a_security_proof,False,no_new_cloud_update,0.0,23,0.0,1.0306579992175102,100,100,0,scheduled,"{""dp_he"": 0, ""dp_only"": 0, ""he_only"": 0, ""neither"": 100}","{""dp_he"": 0, ""dp_only"": 0, ""he_only"": 0, ""neither"": 100}",0.7205942012369633,0.0,100,0.0,4.0,0.324,1.983505262374878,0.3155,1.9905542697906493,finite,0.011963499709963799,0.012532999739050865,0,0.0,0.0,1.0,0,0.0,0.0,0.0,0.0,0.0,0.0,0.0,0,0.0,0.0,0.0,0.0,0,0,0,0.0,0.0,0,0,0.0
1.217797702178359,259.9040334902884,0.0,0.0,0.0,0,0,,,0.0,0.0,0.0,0.0,0,0.0,0,not_selected,0,0.0,not_selected,0.016823800280690193,0,0.324,0.0,0.0,0.0,0.0,0.0,0.0,0,109.77798959985375,0.0,0,0.0,0.0,0.0,0.0,recorded_dp_events_only,released_packet,private_experiment_logs_not_public_dp_outputs,5130,trainable_parameters_v1,tex_packet,0.0,not_established,0.2553560007363558,0.011359300464391708,legacy_per_link_selection,0,0.0,0.0,0.0,0,seal,0,seal_save_size_upper_bound,0,50;40,0.0,0,0,0.0,not_selected,0,0.0,0,0.0,8192,0,0,0,0,40,0,0,0.0,0.0,0,0,0.0,227.44337318355156,0,0.0,0.0,8.000000000001,0.0,0,measured_norm_ratio_not_a_convergence_threshold,1.219208300113678,86,100,0,0,0,0,0,0,0,0,0,0,1,0.0,0.0,fixed_mode_fixed_privacy,0.0,0.0,incomplete_cross_domain_protection,local_packet_or_secure_aggregate,cross_domain_model_update,[],observed_operations_not_a_security_proof,False,no_new_cloud_update,0.0,24,0.0,1.2309293001890182,100,100,0,scheduled,"{""dp_he"": 0, ""dp_only"": 0, ""he_only"": 0, ""neither"": 100}","{""dp_he"": 0, ""dp_only"": 0, ""he_only"": 0, ""neither"": 100}",0.9225376006215811,0.0,100,0.0,4.0,0.324,1.983505262374878,0.319,1.9902986869812012,finite,0.011721000075340271,0.013131598010659218,0,0.0,0.0,1.0,0,0.0,0.0,0.0,0.0,0.0,0.0,0.0,0,0.0,0.0,0.0,0.0,0,0,0,0.0,0.0,0,0,0.0
1.006393501535058,260.5981067892344,0.0,0.0,0.0,0,0,,,0.0,0.0,0.0,0.0,0,0.0,0,not_selected,0,0.0,not_selected,0.020187200978398323,0,0.324,0.0,0.0,0.0,0.0,0.0,0.0,0,111.0357253011316,0.0,0,0.0,0.0,0.0,0.0,recorded_dp_events_only,released_packet,private_experiment_logs_not_public_dp_outputs,5130,trainable_parameters_v1,tex_packet,0.0,not_established,0.26814580149948597,0.012817300856113434,legacy_per_link_selection,0,0.0,0.0,0.0,0,seal,0,seal_save_size_upper_bound,0,50;40,0.0,0,0,0.0,not_selected,0,0.0,0,0.0,8192,0,0,0,0,40,0,0,0.0,0.0,0,0,0.0,227.44337318355156,0,0.0,0.0,8.000000000001,0.0,0,measured_norm_ratio_not_a_convergence_threshold,1.008237300440669,86,100,0,0,0,0,0,0,0,0,0,0,1,0.0,0.0,fixed_mode_fixed_privacy,0.0,0.0,incomplete_cross_domain_protection,local_packet_or_secure_aggregate,cross_domain_model_update,[],observed_operations_not_a_security_proof,False,no_new_cloud_update,0.0,25,0.0,1.0194071996957064,100,100,0,scheduled,"{""dp_he"": 0, ""dp_only"": 0, ""he_only"": 0, ""neither"": 100}","{""dp_he"": 0, ""dp_only"": 0, ""he_only"": 0, ""neither"": 100}",0.694073298946023,0.0,100,0.0,4.0,0.324,1.983505262374878,0.327,1.9846314144134523,finite,0.011169899255037308,0.013013698160648346,0,0.0,0.0,1.0,0,0.0,0.0,0.0,0.0,0.0,0.0,0.0,0,0.0,0.0,0.0,0.0,0,0,0,0.0,0.0,0,0,0.0
1.0891769975423813,261.39471148962093,0.0,0.0,0.0,0,0,,,0.0,0.0,0.0,0.0,0,0.0,0,not_selected,0,0.0,not_selected,0.01847989857196808,0,0.324,0.0,0.0,0.0,0.0,0.0,0.0,0,112.42229240015149,0.0,0,0.0,0.0,0.0,0.0,recorded_dp_events_only,released_packet,private_experiment_logs_not_public_dp_outputs,5130,trainable_parameters_v1,tex_packet,0.0,not_established,0.24886789917945862,0.013441599905490875,legacy_per_link_selection,0,0.0,0.0,0.0,0,seal,0,seal_save_size_upper_bound,0,50;40,0.0,0,0,0.0,not_selected,0,0.0,0,0.0,8192,0,0,0,0,40,0,0,0.0,0.0,0,0,0.0,227.44337318355156,0,0.0,0.0,8.000000000001,0.0,0,measured_norm_ratio_not_a_convergence_threshold,1.0934564005583525,86,100,0,0,0,0,0,0,0,0,0,0,1,0.0,0.0,fixed_mode_fixed_privacy,0.0,0.0,incomplete_cross_domain_protection,local_packet_or_secure_aggregate,cross_domain_model_update,[],observed_operations_not_a_security_proof,False,no_new_cloud_update,0.0,26,0.0,1.105239300057292,100,100,0,scheduled,"{""dp_he"": 0, ""dp_only"": 0, ""he_only"": 0, ""neither"": 100}","{""dp_he"": 0, ""dp_only"": 0, ""he_only"": 0, ""neither"": 100}",0.7966047003865242,0.0,100,0.0,4.0,0.324,1.983505262374878,0.3065,1.9846139526367188,finite,0.011782899498939514,0.016062302514910698,0,0.0,0.0,1.0,0,0.0,0.0,0.0,0.0,0.0,0.0,0.0,0,0.0,0.0,0.0,0.0,0,0,0,0.0,0.0,0,0,0.0
1.0183738023042679,262.1191793911339,0.0,0.0,0.0,0,0,,,0.0,0.0,0.0,0.0,0,0.0,0,not_selected,0,0.0,not_selected,0.017282700166106224,0,0.324,0.0,0.0,0.0,0.0,0.0,0.0,0,113.67151040025055,0.0,0,0.0,0.0,0.0,0.0,recorded_dp_events_only,released_packet,private_experiment_logs_not_public_dp_outputs,5130,trainable_parameters_v1,tex_packet,0.0,not_established,0.2535165995359421,0.011864500120282173,legacy_per_link_selection,0,0.0,0.0,0.0,0,seal,0,seal_save_size_upper_bound,0,50;40,0.0,0,0,0.0,not_selected,0,0.0,0,0.0,8192,0,0,0,0,40,0,0,0.0,0.0,0,0,0.0,227.44337318355156,0,0.0,0.0,8.000000000001,0.0,0,measured_norm_ratio_not_a_convergence_threshold,1.02045719884336,86,100,0,0,0,0,0,0,0,0,0,0,1,0.0,0.0,fixed_mode_fixed_privacy,0.0,0.0,incomplete_cross_domain_protection,local_packet_or_secure_aggregate,cross_domain_model_update,[],observed_operations_not_a_security_proof,False,no_new_cloud_update,0.0,27,0.0,1.031699299812317,100,100,0,scheduled,"{""dp_he"": 0, ""dp_only"": 0, ""he_only"": 0, ""neither"": 100}","{""dp_he"": 0, ""dp_only"": 0, ""he_only"": 0, ""neither"": 100}",0.7244679015129805,0.0,100,0.0,4.0,0.324,1.983505262374878,0.317,1.9853562555313111,finite,0.011242100968956947,0.013325497508049011,0,0.0,0.0,1.0,0,0.0,0.0,0.0,0.0,0.0,0.0,0.0,0,0.0,0.0,0.0,0.0,0,0,0,0.0,0.0,0,0,0.0
0.9946831986308098,262.8224738918425,0.0,0.0,0.0,0,0,,,0.0,0.0,0.0,0.0,0,0.0,0,not_selected,0,0.0,not_selected,0.01662909984588623,0,0.324,0.0,0.0,0.0,0.0,0.0,0.0,0,114.91857600025833,0.0,0,0.0,0.0,0.0,0.0,recorded_dp_events_only,released_packet,private_experiment_logs_not_public_dp_outputs,5130,trainable_parameters_v1,tex_packet,0.0,not_established,0.2528067007660866,0.010529998689889908,legacy_per_link_selection,0,0.0,0.0,0.0,0,seal,0,seal_save_size_upper_bound,0,50;40,0.0,0,0,0.0,not_selected,0,0.0,0,0.0,8192,0,0,0,0,40,0,0,0.0,0.0,0,0,0.0,227.44337318355156,0,0.0,0.0,8.000000000001,0.0,0,measured_norm_ratio_not_a_convergence_threshold,0.9961454030126333,86,100,0,0,0,0,0,0,0,0,0,0,1,0.0,0.0,fixed_mode_fixed_privacy,0.0,0.0,incomplete_cross_domain_protection,local_packet_or_secure_aggregate,cross_domain_model_update,[],observed_operations_not_a_security_proof,False,no_new_cloud_update,0.0,28,0.0,1.0075683016330004,100,100,0,scheduled,"{""dp_he"": 0, ""dp_only"": 0, ""he_only"": 0, ""neither"": 100}","{""dp_he"": 0, ""dp_only"": 0, ""he_only"": 0, ""neither"": 100}",0.70329450070858,0.0,100,0.0,4.0,0.324,1.983505262374878,0.303,1.999911072731018,finite,0.01142289862036705,0.01288510300219059,0,0.0,0.0,1.0,0,0.0,0.0,0.0,0.0,0.0,0.0,0.0,0,0.0,0.0,0.0,0.0,0,0,0,0.0,0.0,0,0,0.0
1.0270039048045874,263.5299868926586,0.0,0.0,0.0,0,0,,,0.0,0.0,0.0,0.0,0,0.0,0,not_selected,0,0.0,not_selected,0.01925080083310604,0,0.324,0.0,0.0,0.0,0.0,0.0,0.0,0,116.2050806004554,0.0,0,0.0,0.0,0.0,0.0,recorded_dp_events_only,released_packet,private_experiment_logs_not_public_dp_outputs,5130,trainable_parameters_v1,tex_packet,0.0,not_established,0.2754564005881548,0.0118717011064291,legacy_per_link_selection,0,0.0,0.0,0.0,0,seal,0,seal_save_size_upper_bound,0,50;40,0.0,0,0,0.0,not_selected,0,0.0,0,0.0,8192,0,0,0,0,40,0,0,0.0,0.0,0,0,0.0,227.44337318355156,0,0.0,0.0,8.000000000001,0.0,0,measured_norm_ratio_not_a_convergence_threshold,1.0312294978648424,86,100,0,0,0,0,0,0,0,0,0,0,1,0.0,0.0,fixed_mode_fixed_privacy,0.0,0.0,incomplete_cross_domain_protection,local_packet_or_secure_aggregate,cross_domain_model_update,[],observed_operations_not_a_security_proof,False,no_new_cloud_update,0.0,29,0.0,1.044141499325633,100,100,0,scheduled,"{""dp_he"": 0, ""dp_only"": 0, ""he_only"": 0, ""neither"": 100}","{""dp_he"": 0, ""dp_only"": 0, ""he_only"": 0, ""neither"": 100}",0.7075130008161068,0.0,100,0.0,4.0,0.324,1.983505262374878,0.3265,1.988298641204834,finite,0.012912001460790634,0.017137594521045685,0,0.0,0.0,1.0,0,0.0,0.0,0.0,0.0,0.0,0.0,0.0,0,0.0,0.0,0.0,0.0,0,0,0,0.0,0.0,0,0,0.0
1.149964900687337,264.3829123925598,0.0,0.0,0.0,0,0,,,0.0,0.0,0.0,0.0,0,0.0,0,not_selected,0,0.0,not_selected,0.01724030077457428,0,0.324,0.0,0.0,0.0,0.0,0.0,0.0,0,117.67184470035136,0.0,0,0.0,0.0,0.0,0.0,recorded_dp_events_only,released_packet,private_experiment_logs_not_public_dp_outputs,5130,trainable_parameters_v1,tex_packet,0.0,not_established,0.2570418994873762,0.01133199967443943,legacy_per_link_selection,0,0.0,0.0,0.0,0,seal,0,seal_save_size_upper_bound,0,50;40,0.0,0,0,0.0,not_selected,0,0.0,0,0.0,8192,0,0,0,0,40,0,0,0.0,0.0,0,0,0.0,227.44337318355156,0,0.0,0.0,8.000000000001,0.0,0,measured_norm_ratio_not_a_convergence_threshold,1.1516843996942043,86,100,0,0,0,0,0,0,0,0,0,0,1,0.0,0.0,fixed_mode_fixed_privacy,0.0,0.0,incomplete_cross_domain_protection,local_packet_or_secure_aggregate,cross_domain_model_update,[],observed_operations_not_a_security_proof,False,no_new_cloud_update,0.0,30,0.0,1.1631096005439758,100,100,0,scheduled,"{""dp_he"": 0, ""dp_only"": 0, ""he_only"": 0, ""neither"": 100}","{""dp_he"": 0, ""dp_only"": 0, ""he_only"": 0, ""neither"": 100}",0.8529254999011755,0.0,100,0.0,4.0,0.324,1.983505262374878,0.3325,1.963645544052124,finite,0.0114252008497715,0.013144699856638908,0,0.0,0.0,1.0,0,0.0,0.0,0.0,0.0,0.0,0.0,0.0,0,0.0,0.0,0.0,0.0,0,0,0,0.0,0.0,0,0,0.0
0.9950348995625973,265.08183229232145,0.0,0.0,0.0,0,0,,,0.0,0.0,0.0,0.0,0,0.0,0,not_selected,0,0.0,not_selected,0.017190899699926376,0,0.324,0.0,0.0,0.0,0.0,0.0,0.0,0,118.92690400034189,0.0,0,0.0,0.0,0.0,0.0,recorded_dp_events_only,released_packet,private_experiment_logs_not_public_dp_outputs,5130,trainable_parameters_v1,tex_packet,0.0,not_established,0.25641669891774654,0.010628800839185715,legacy_per_link_selection,0,0.0,0.0,0.0,0,seal,0,seal_save_size_upper_bound,0,50;40,0.0,0,0,0.0,not_selected,0,0.0,0,0.0,8192,0,0,0,0,40,0,0,0.0,0.0,0,0,0.0,227.44337318355156,0,0.0,0.0,8.000000000001,0.0,0,measured_norm_ratio_not_a_convergence_threshold,0.9966534003615379,86,100,0,0,0,0,0,0,0,0,0,0,1,0.0,0.0,fixed_mode_fixed_privacy,0.0,0.0,incomplete_cross_domain_protection,local_packet_or_secure_aggregate,cross_domain_model_update,[],observed_operations_not_a_security_proof,False,no_new_cloud_update,0.0,31,0.0,1.0085320007055998,100,100,0,scheduled,"{""dp_he"": 0, ""dp_only"": 0, ""he_only"": 0, ""neither"": 100}","{""dp_he"": 0, ""dp_only"": 0, ""he_only"": 0, ""neither"": 100}",0.6989198997616768,0.0,100,0.0,4.0,0.324,1.983505262374878,0.343,1.964209810256958,finite,0.011878600344061852,0.01349710114300251,0,0.0,0.0,1.0,0,0.0,0.0,0.0,0.0,0.0,0.0,0.0,0,0.0,0.0,0.0,0.0,0,0,0,0.0,0.0,0,0,0.0
1.0247401017695665,265.8112776939006,0.0,0.0,0.0,0,0,,,0.0,0.0,0.0,0.0,0,0.0,0,not_selected,0,0.0,not_selected,0.016748400405049324,0,0.324,0.0,0.0,0.0,0.0,0.0,0.0,0,120.20129300095141,0.0,0,0.0,0.0,0.0,0.0,recorded_dp_events_only,released_packet,private_experiment_logs_not_public_dp_outputs,5130,trainable_parameters_v1,tex_packet,0.0,not_established,0.25485239923000336,0.012477999553084373,legacy_per_link_selection,0,0.0,0.0,0.0,0,seal,0,seal_save_size_upper_bound,0,50;40,0.0,0,0,0.0,not_selected,0,0.0,0,0.0,8192,0,0,0,0,40,0,0,0.0,0.0,0,0,0.0,227.44337318355156,0,0.0,0.0,8.000000000001,0.0,0,measured_norm_ratio_not_a_convergence_threshold,1.0264409985393286,86,100,0,0,0,0,0,0,0,0,0,0,1,0.0,0.0,fixed_mode_fixed_privacy,0.0,0.0,incomplete_cross_domain_protection,local_packet_or_secure_aggregate,cross_domain_model_update,[],observed_operations_not_a_security_proof,False,no_new_cloud_update,0.0,32,0.0,1.0376568995416164,100,100,0,scheduled,"{""dp_he"": 0, ""dp_only"": 0, ""he_only"": 0, ""neither"": 100}","{""dp_he"": 0, ""dp_only"": 0, ""he_only"": 0, ""neither"": 100}",0.7294454015791416,0.0,100,0.0,4.0,0.324,1.983505262374878,0.305,1.984144193649292,finite,0.011215901002287865,0.012916797772049904,0,0.0,0.0,1.0,0,0.0,0.0,0.0,0.0,0.0,0.0,0.0,0,0.0,0.0,0.0,0.0,0,0,0,0.0,0.0,0,0,0.0
1.0189579986035824,266.5163239937456,0.0,0.0,0.0,0,0,,,0.0,0.0,0.0,0.0,0,0.0,0,not_selected,0,0.0,not_selected,0.0200950987637043,0,0.324,0.0,0.0,0.0,0.0,0.0,0.0,0,121.47799709998071,0.0,0,0.0,0.0,0.0,0.0,recorded_dp_events_only,released_packet,private_experiment_logs_not_public_dp_outputs,5130,trainable_parameters_v1,tex_packet,0.0,not_established,0.2670534998178482,0.014269700273871422,legacy_per_link_selection,0,0.0,0.0,0.0,0,seal,0,seal_save_size_upper_bound,0,50;40,0.0,0,0,0.0,not_selected,0,0.0,0,0.0,8192,0,0,0,0,40,0,0,0.0,0.0,0,0,0.0,227.44337318355156,0,0.0,0.0,8.000000000001,0.0,0,measured_norm_ratio_not_a_convergence_threshold,1.0189555995166302,86,100,0,0,0,0,0,0,0,0,0,0,1,0.0,0.0,fixed_mode_fixed_privacy,0.0,0.0,incomplete_cross_domain_protection,local_packet_or_secure_aggregate,cross_domain_model_update,[],observed_operations_not_a_security_proof,False,no_new_cloud_update,0.0,33,0.0,1.0314489994198084,100,100,0,scheduled,"{""dp_he"": 0, ""dp_only"": 0, ""he_only"": 0, ""neither"": 100}","{""dp_he"": 0, ""dp_only"": 0, ""he_only"": 0, ""neither"": 100}",0.7050462998449802,0.0,100,0.0,4.0,0.324,1.983505262374878,0.325,1.9842672729492188,finite,0.012493399903178215,0.012491000816226006,0,0.0,0.0,1.0,0,0.0,0.0,0.0,0.0,0.0,0.0,0.0,0,0.0,0.0,0.0,0.0,0,0,0,0.0,0.0,0,0,0.0
1.1113093011081219,267.3320513934077,0.0,0.0,0.0,0,0,,,0.0,0.0,0.0,0.0,0,0.0,0,not_selected,0,0.0,not_selected,0.0180658008903265,0,0.324,0.0,0.0,0.0,0.0,0.0,0.0,0,122.91581390053034,0.0,0,0.0,0.0,0.0,0.0,recorded_dp_events_only,released_packet,private_experiment_logs_not_public_dp_outputs,5130,trainable_parameters_v1,tex_packet,0.0,not_established,0.25500729866325855,0.011909600347280502,legacy_per_link_selection,0,0.0,0.0,0.0,0,seal,0,seal_save_size_upper_bound,0,50;40,0.0,0,0,0.0,not_selected,0,0.0,0,0.0,8192,0,0,0,0,40,0,0,0.0,0.0,0,0,0.0,227.44337318355156,0,0.0,0.0,8.000000000001,0.0,0,measured_norm_ratio_not_a_convergence_threshold,1.1135700978338718,86,100,0,0,0,0,0,0,0,0,0,0,1,0.0,0.0,fixed_mode_fixed_privacy,0.0,0.0,incomplete_cross_domain_protection,local_packet_or_secure_aggregate,cross_domain_model_update,[],observed_operations_not_a_security_proof,False,no_new_cloud_update,0.0,34,0.0,1.1241692993789911,100,100,0,scheduled,"{""dp_he"": 0, ""dp_only"": 0, ""he_only"": 0, ""neither"": 100}","{""dp_he"": 0, ""dp_only"": 0, ""he_only"": 0, ""neither"": 100}",0.815727399662137,0.0,100,0.0,4.0,0.324,1.983505262374878,0.3125,1.9948170890808106,finite,0.010599201545119286,0.012859998270869255,0,0.0,0.0,1.0,0,0.0,0.0,0.0,0.0,0.0,0.0,0.0,0,0.0,0.0,0.0,0.0,0,0,0,0.0,0.0,0,0,0.0
0.9952162988483906,268.03784539440585,0.0,0.0,0.0,0,0,,,0.0,0.0,0.0,0.0,0,0.0,0,not_selected,0,0.0,not_selected,0.017506498843431473,0,0.324,0.0,0.0,0.0,0.0,0.0,0.0,0,124.17319720052183,0.0,0,0.0,0.0,0.0,0.0,recorded_dp_events_only,released_packet,private_experiment_logs_not_public_dp_outputs,5130,trainable_parameters_v1,tex_packet,0.0,not_established,0.24944679997861385,0.011257199570536613,legacy_per_link_selection,0,0.0,0.0,0.0,0,seal,0,seal_save_size_upper_bound,0,50;40,0.0,0,0,0.0,not_selected,0,0.0,0,0.0,8192,0,0,0,0,40,0,0,0.0,0.0,0,0,0.0,227.44337318355156,0,0.0,0.0,8.000000000001,0.0,0,measured_norm_ratio_not_a_convergence_threshold,0.9968899004161358,86,100,0,0,0,0,0,0,0,0,0,0,1,0.0,0.0,fixed_mode_fixed_privacy,0.0,0.0,incomplete_cross_domain_protection,local_packet_or_secure_aggregate,cross_domain_model_update,[],observed_operations_not_a_security_proof,False,no_new_cloud_update,0.0,35,0.0,1.008101699873805,100,100,0,scheduled,"{""dp_he"": 0, ""dp_only"": 0, ""he_only"": 0, ""neither"": 100}","{""dp_he"": 0, ""dp_only"": 0, ""he_only"": 0, ""neither"": 100}",0.7057940009981394,0.0,100,0.0,4.0,0.324,1.983505262374878,0.3125,1.9949973316192626,finite,0.011211799457669258,0.012885401025414467,0,0.0,0.0,1.0,0,0.0,0.0,0.0,0.0,0.0,0.0,0.0,0,0.0,0.0,0.0,0.0,0,0,0,0.0,0.0,0,0,0.0
1.0208762977272272,268.7593259930791,0.0,0.0,0.0,0,0,,,0.0,0.0,0.0,0.0,0,0.0,0,not_selected,0,0.0,not_selected,0.01715259999036789,0,0.324,0.0,0.0,0.0,0.0,0.0,0.0,0,125.46544959954917,0.0,0,0.0,0.0,0.0,0.0,recorded_dp_events_only,released_packet,private_experiment_logs_not_public_dp_outputs,5130,trainable_parameters_v1,tex_packet,0.0,not_established,0.2593626994639635,0.011156098917126656,legacy_per_link_selection,0,0.0,0.0,0.0,0,seal,0,seal_save_size_upper_bound,0,50;40,0.0,0,0,0.0,not_selected,0,0.0,0,0.0,8192,0,0,0,0,40,0,0,0.0,0.0,0,0,0.0,227.44337318355156,0,0.0,0.0,8.000000000001,0.0,0,measured_norm_ratio_not_a_convergence_threshold,1.0260378997772932,86,100,0,0,0,0,0,0,0,0,0,0,1,0.0,0.0,fixed_mode_fixed_privacy,0.0,0.0,incomplete_cross_domain_protection,local_packet_or_secure_aggregate,cross_domain_model_update,[],observed_operations_not_a_security_proof,False,no_new_cloud_update,0.0,36,0.0,1.037762200459838,100,100,0,scheduled,"{""dp_he"": 0, ""dp_only"": 0, ""he_only"": 0, ""neither"": 100}","{""dp_he"": 0, ""dp_only"": 0, ""he_only"": 0, ""neither"": 100}",0.7214805986732244,0.0,100,0.0,4.0,0.324,1.983505262374878,0.3195,1.9901926717758178,finite,0.011724300682544708,0.016885902732610703,0,0.0,0.0,1.0,0,0.0,0.0,0.0,0.0,0.0,0.0,0.0,0,0.0,0.0,0.0,0.0,0,0,0,0.0,0.0,0,0,0.0
1.1748180985450745,269.6095145929785,0.0,0.0,0.0,0,0,,,0.0,0.0,0.0,0.0,0,0.0,0,not_selected,0,0.0,not_selected,0.019496699795126915,0,0.324,0.0,0.0,0.0,0.0,0.0,0.0,0,126.90000879950821,0.0,0,0.0,0.0,0.0,0.0,recorded_dp_events_only,released_packet,private_experiment_logs_not_public_dp_outputs,5130,trainable_parameters_v1,tex_packet,0.0,not_established,0.27901729941368103,0.014495199546217918,legacy_per_link_selection,0,0.0,0.0,0.0,0,seal,0,seal_save_size_upper_bound,0,50;40,0.0,0,0,0.0,not_selected,0,0.0,0,0.0,8192,0,0,0,0,40,0,0,0.0,0.0,0,0,0.0,227.44337318355156,0,0.0,0.0,8.000000000001,0.0,0,measured_norm_ratio_not_a_convergence_threshold,1.1776947993785143,86,100,0,0,0,0,0,0,0,0,0,0,1,0.0,0.0,fixed_mode_fixed_privacy,0.0,0.0,incomplete_cross_domain_protection,local_packet_or_secure_aggregate,cross_domain_model_update,[],observed_operations_not_a_security_proof,False,no_new_cloud_update,0.0,37,0.0,1.1893150992691517,100,100,0,scheduled,"{""dp_he"": 0, ""dp_only"": 0, ""he_only"": 0, ""neither"": 100}","{""dp_he"": 0, ""dp_only"": 0, ""he_only"": 0, ""neither"": 100}",0.8501885998994112,0.0,100,0.0,4.0,0.324,1.983505262374878,0.332,1.9676271142959594,finite,0.011620299890637398,0.014497000724077225,0,0.0,0.0,1.0,0,0.0,0.0,0.0,0.0,0.0,0.0,0.0,0,0.0,0.0,0.0,0.0,0,0,0,0.0,0.0,0,0,0.0
1.0979961976408958,270.4033643927605,0.0,0.0,0.0,0,0,,,0.0,0.0,0.0,0.0,0,0.0,0,not_selected,0,0.0,not_selected,0.017690999433398247,0,0.324,0.0,0.0,0.0,0.0,0.0,0.0,0,128.3231444004923,0.0,0,0.0,0.0,0.0,0.0,recorded_dp_events_only,released_packet,private_experiment_logs_not_public_dp_outputs,5130,trainable_parameters_v1,tex_packet,0.0,not_established,0.25766659900546074,0.012980300933122635,legacy_per_link_selection,0,0.0,0.0,0.0,0,seal,0,seal_save_size_upper_bound,0,50;40,0.0,0,0,0.0,not_selected,0,0.0,0,0.0,8192,0,0,0,0,40,0,0,0.0,0.0,0,0,0.0,227.44337318355156,0,0.0,0.0,8.000000000001,0.0,0,measured_norm_ratio_not_a_convergence_threshold,1.1004798021167517,86,100,0,0,0,0,0,0,0,0,0,0,1,0.0,0.0,fixed_mode_fixed_privacy,0.0,0.0,incomplete_cross_domain_protection,local_packet_or_secure_aggregate,cross_domain_model_update,[],observed_operations_not_a_security_proof,False,no_new_cloud_update,0.0,38,0.0,1.1162883006036282,100,100,0,scheduled,"{""dp_he"": 0, ""dp_only"": 0, ""he_only"": 0, ""neither"": 100}","{""dp_he"": 0, ""dp_only"": 0, ""he_only"": 0, ""neither"": 100}",0.7938497997820377,0.0,100,0.0,4.0,0.324,1.983505262374878,0.314,1.9919327545166015,finite,0.015808498486876488,0.018292102962732315,0,0.0,0.0,1.0,0,0.0,0.0,0.0,0.0,0.0,0.0,0.0,0,0.0,0.0,0.0,0.0,0,0,0,0.0,0.0,0,0,0.0
0.9940837044268847,271.10486799368573,0.0,0.0,0.0,0,0,,,0.0,0.0,0.0,0.0,0,0.0,0,not_selected,0,0.0,not_selected,0.01913519948720932,0,0.324,0.0,0.0,0.0,0.0,0.0,0.0,0,129.59706060029566,0.0,0,0.0,0.0,0.0,0.0,recorded_dp_events_only,released_packet,private_experiment_logs_not_public_dp_outputs,5130,trainable_parameters_v1,tex_packet,0.0,not_established,0.24984210170805454,0.01137000136077404,legacy_per_link_selection,0,0.0,0.0,0.0,0,seal,0,seal_save_size_upper_bound,0,50;40,0.0,0,0,0.0,not_selected,0,0.0,0,0.0,8192,0,0,0,0,40,0,0,0.0,0.0,0,0,0.0,227.44337318355156,0,0.0,0.0,8.000000000001,0.0,0,measured_norm_ratio_not_a_convergence_threshold,0.9955771993845701,86,100,0,0,0,0,0,0,0,0,0,0,1,0.0,0.0,fixed_mode_fixed_privacy,0.0,0.0,incomplete_cross_domain_protection,local_packet_or_secure_aggregate,cross_domain_model_update,[],observed_operations_not_a_security_proof,False,no_new_cloud_update,0.0,39,0.0,1.0078100003302097,100,100,0,scheduled,"{""dp_he"": 0, ""dp_only"": 0, ""he_only"": 0, ""neither"": 100}","{""dp_he"": 0, ""dp_only"": 0, ""he_only"": 0, ""neither"": 100}",0.7015036009252071,0.0,100,0.0,4.0,0.324,1.983505262374878,0.321,1.9846324367523194,finite,0.01223280094563961,0.013726295903325081,0,0.0,0.0,1.0,0,0.0,0.0,0.0,0.0,0.0,0.0,0.0,0,0.0,0.0,0.0,0.0,0,0,0,0.0,0.0,0,0,0.0
1.005138197913766,271.8131189931364,0.0,0.0,0.0,0,0,,,0.0,0.0,0.0,0.0,0,0.0,0,not_selected,0,0.0,not_selected,0.017204200848937035,0,0.324,0.0,0.0,0.0,0.0,0.0,0.0,0,130.88727680034935,0.0,0,0.0,0.0,0.0,0.0,recorded_dp_events_only,released_packet,private_experiment_logs_not_public_dp_outputs,5130,trainable_parameters_v1,tex_packet,0.0,not_established,0.2580371983349323,0.01019660010933876,legacy_per_link_selection,0,0.0,0.0,0.0,0,seal,0,seal_save_size_upper_bound,0,50;40,0.0,0,0,0.0,not_selected,0,0.0,0,0.0,8192,0,0,0,0,40,0,0,0.0,0.0,0,0,0.0,227.44337318355156,0,0.0,0.0,8.000000000001,0.0,0,measured_norm_ratio_not_a_convergence_threshold,1.0069884024560452,86,100,0,0,0,0,0,0,0,0,0,0,1,0.0,0.0,fixed_mode_fixed_privacy,0.0,0.0,incomplete_cross_domain_protection,local_packet_or_secure_aggregate,cross_domain_model_update,[],observed_operations_not_a_security_proof,False,no_new_cloud_update,0.0,40,0.0,1.0184376016259193,100,100,0,scheduled,"{""dp_he"": 0, ""dp_only"": 0, ""he_only"": 0, ""neither"": 100}","{""dp_he"": 0, ""dp_only"": 0, ""he_only"": 0, ""neither"": 100}",0.7082509994506836,0.0,100,0.0,4.0,0.324,1.983505262374878,0.328,1.9770615673065186,finite,0.011449199169874191,0.013299403712153435,0,0.0,0.0,1.0,0,0.0,0.0,0.0,0.0,0.0,0.0,0.0,0,0.0,0.0,0.0,0.0,0,0,0,0.0,0.0,0,0,0.0
1.1047868002206087,272.58662539424313,0.0,0.0,0.0,0,0,,,0.0,0.0,0.0,0.0,0,0.0,0,not_selected,0,0.0,not_selected,0.023307399824261665,0,0.324,0.0,0.0,0.0,0.0,0.0,0.0,0,132.2758498005569,0.0,0,0.0,0.0,0.0,0.0,recorded_dp_events_only,released_packet,private_experiment_logs_not_public_dp_outputs,5130,trainable_parameters_v1,tex_packet,0.0,not_established,0.27597570046782494,0.017631899565458298,legacy_per_link_selection,0,0.0,0.0,0.0,0,seal,0,seal_save_size_upper_bound,0,50;40,0.0,0,0,0.0,not_selected,0,0.0,0,0.0,8192,0,0,0,0,40,0,0,0.0,0.0,0,0,0.0,227.44337318355156,0,0.0,0.0,8.000000000001,0.0,0,measured_norm_ratio_not_a_convergence_threshold,1.1072509996592999,86,100,0,0,0,0,0,0,0,0,0,0,1,0.0,0.0,fixed_mode_fixed_privacy,0.0,0.0,incomplete_cross_domain_protection,local_packet_or_secure_aggregate,cross_domain_model_update,[],observed_operations_not_a_security_proof,False,no_new_cloud_update,0.0,41,0.0,1.1216163989156485,100,100,0,scheduled,"{""dp_he"": 0, ""dp_only"": 0, ""he_only"": 0, ""neither"": 100}","{""dp_he"": 0, ""dp_only"": 0, ""he_only"": 0, ""neither"": 100}",0.7735064011067152,0.0,100,0.0,4.0,0.324,1.983505262374878,0.321,2.0013007640838625,finite,0.01436539925634861,0.01682959869503975,0,0.0,0.0,1.0,0,0.0,0.0,0.0,0.0,0.0,0.0,0.0,0,0.0,0.0,0.0,0.0,0,0,0,0.0,0.0,0,0,0.0
1.0460224002599716,273.3384010948421,0.0,0.0,0.0,0,0,,,0.0,0.0,0.0,0.0,0,0.0,0,not_selected,0,0.0,not_selected,0.021344099193811417,0,0.324,0.0,0.0,0.0,0.0,0.0,0.0,0,133.62617349997163,0.0,0,0.0,0.0,0.0,0.0,recorded_dp_events_only,released_packet,private_experiment_logs_not_public_dp_outputs,5130,trainable_parameters_v1,tex_packet,0.0,not_established,0.25011759996414185,0.011917300522327423,legacy_per_link_selection,0,0.0,0.0,0.0,0,seal,0,seal_save_size_upper_bound,0,50;40,0.0,0,0,0.0,not_selected,0,0.0,0,0.0,8192,0,0,0,0,40,0,0,0.0,0.0,0,0,0.0,227.44337318355156,0,0.0,0.0,8.000000000001,0.0,0,measured_norm_ratio_not_a_convergence_threshold,1.0545451007783413,86,100,0,0,0,0,0,0,0,0,0,0,1,0.0,0.0,fixed_mode_fixed_privacy,0.0,0.0,incomplete_cross_domain_protection,local_packet_or_secure_aggregate,cross_domain_model_update,[],observed_operations_not_a_security_proof,False,no_new_cloud_update,0.0,42,0.0,1.065412800759077,100,100,0,scheduled,"{""dp_he"": 0, ""dp_only"": 0, ""he_only"": 0, ""neither"": 100}","{""dp_he"": 0, ""dp_only"": 0, ""he_only"": 0, ""neither"": 100}",0.7517757005989552,0.0,100,0.0,4.0,0.324,1.983505262374878,0.3165,1.9785762119293213,finite,0.010867699980735779,0.019390400499105453,0,0.0,0.0,1.0,0,0.0,0.0,0.0,0.0,0.0,0.0,0.0,0,0.0,0.0,0.0,0.0,0,0,0,0.0,0.0,0,0,0.0
1.329035397619009,274.3618789937527,0.0,0.0,0.0,0,0,,,0.0,0.0,0.0,0.0,0,0.0,0,not_selected,0,0.0,not_selected,0.020997600629925728,0,0.324,0.0,0.0,0.0,0.0,0.0,0.0,0,135.23194690048695,0.0,0,0.0,0.0,0.0,0.0,recorded_dp_events_only,released_packet,private_experiment_logs_not_public_dp_outputs,5130,trainable_parameters_v1,tex_packet,0.0,not_established,0.2585223987698555,0.014353899285197258,legacy_per_link_selection,0,0.0,0.0,0.0,0,seal,0,seal_save_size_upper_bound,0,50;40,0.0,0,0,0.0,not_selected,0,0.0,0,0.0,8192,0,0,0,0,40,0,0,0.0,0.0,0,0,0.0,227.44337318355156,0,0.0,0.0,8.000000000001,0.0,0,measured_norm_ratio_not_a_convergence_threshold,1.3307103998959064,86,100,0,0,0,0,0,0,0,0,0,0,1,0.0,0.0,fixed_mode_fixed_privacy,0.0,0.0,incomplete_cross_domain_protection,local_packet_or_secure_aggregate,cross_domain_model_update,[],observed_operations_not_a_security_proof,False,no_new_cloud_update,0.0,43,0.0,1.3423939999192953,100,100,0,scheduled,"{""dp_he"": 0, ""dp_only"": 0, ""he_only"": 0, ""neither"": 100}","{""dp_he"": 0, ""dp_only"": 0, ""he_only"": 0, ""neither"": 100}",1.0234778989106417,0.0,100,0.0,4.0,0.324,1.983505262374878,0.3325,1.9870894012451172,finite,0.011683600023388863,0.013358602300286293,0,0.0,0.0,1.0,0,0.0,0.0,0.0,0.0,0.0,0.0,0.0,0,0.0,0.0,0.0,0.0,0,0,0,0.0,0.0,0,0,0.0
1.0085336994379759,275.0775239940913,0.0,0.0,0.0,0,0,,,0.0,0.0,0.0,0.0,0,0.0,0,not_selected,0,0.0,not_selected,0.01690240018069744,0,0.324,0.0,0.0,0.0,0.0,0.0,0.0,0,136.530674001202,0.0,0,0.0,0.0,0.0,0.0,recorded_dp_events_only,released_packet,private_experiment_logs_not_public_dp_outputs,5130,trainable_parameters_v1,tex_packet,0.0,not_established,0.2514625992625952,0.013722199946641922,legacy_per_link_selection,0,0.0,0.0,0.0,0,seal,0,seal_save_size_upper_bound,0,50;40,0.0,0,0,0.0,not_selected,0,0.0,0,0.0,8192,0,0,0,0,40,0,0,0.0,0.0,0,0,0.0,227.44337318355156,0,0.0,0.0,8.000000000001,0.0,0,measured_norm_ratio_not_a_convergence_threshold,1.011276600882411,86,100,0,0,0,0,0,0,0,0,0,0,1,0.0,0.0,fixed_mode_fixed_privacy,0.0,0.0,incomplete_cross_domain_protection,local_packet_or_secure_aggregate,cross_domain_model_update,[],observed_operations_not_a_security_proof,False,no_new_cloud_update,0.0,44,0.0,1.022078100591898,100,100,0,scheduled,"{""dp_he"": 0, ""dp_only"": 0, ""he_only"": 0, ""neither"": 100}","{""dp_he"": 0, ""dp_only"": 0, ""he_only"": 0, ""neither"": 100}",0.7156450003385544,0.0,100,0.0,4.0,0.324,1.983505262374878,0.3105,1.9763331775665283,finite,0.010801499709486961,0.013544401153922081,0,0.0,0.0,1.0,0,0.0,0.0,0.0,0.0,0.0,0.0,0.0,0,0.0,0.0,0.0,0.0,0,0,0,0.0,0.0,0,0,0.0
1.1193176992237568,275.88341739291263,0.0,0.0,0.0,0,0,,,0.0,0.0,0.0,0.0,0,0.0,0,not_selected,0,0.0,not_selected,0.024318300187587738,0,0.324,0.0,0.0,0.0,0.0,0.0,0.0,0,137.99793570116162,0.0,0,0.0,0.0,0.0,0.0,recorded_dp_events_only,released_packet,private_experiment_logs_not_public_dp_outputs,5130,trainable_parameters_v1,tex_packet,0.0,not_established,0.2626387011259794,0.012442300096154213,legacy_per_link_selection,0,0.0,0.0,0.0,0,seal,0,seal_save_size_upper_bound,0,50;40,0.0,0,0,0.0,not_selected,0,0.0,0,0.0,8192,0,0,0,0,40,0,0,0.0,0.0,0,0,0.0,227.44337318355156,0,0.0,0.0,8.000000000001,0.0,0,measured_norm_ratio_not_a_convergence_threshold,1.1266133021563292,86,100,0,0,0,0,0,0,0,0,0,0,1,0.0,0.0,fixed_mode_fixed_privacy,0.0,0.0,incomplete_cross_domain_protection,local_packet_or_secure_aggregate,cross_domain_model_update,[],observed_operations_not_a_security_proof,False,no_new_cloud_update,0.0,45,0.0,1.1406383011490107,100,100,0,scheduled,"{""dp_he"": 0, ""dp_only"": 0, ""he_only"": 0, ""neither"": 100}","{""dp_he"": 0, ""dp_only"": 0, ""he_only"": 0, ""neither"": 100}",0.8058933988213539,0.0,100,0.0,4.0,0.324,1.983505262374878,0.3155,1.9852152919769288,finite,0.014024998992681503,0.021320601925253868,0,0.0,0.0,1.0,0,0.0,0.0,0.0,0.0,0.0,0.0,0.0,0,0.0,0.0,0.0,0.0,0,0,0,0.0,0.0,0,0,0.0
1.0372935999184847,276.61209339166,0.0,0.0,0.0,0,0,,,0.0,0.0,0.0,0.0,0,0.0,0,not_selected,0,0.0,not_selected,0.02025580033659935,0,0.324,0.0,0.0,0.0,0.0,0.0,0.0,0,139.31685579940677,0.0,0,0.0,0.0,0.0,0.0,recorded_dp_events_only,released_packet,private_experiment_logs_not_public_dp_outputs,5130,trainable_parameters_v1,tex_packet,0.0,not_established,0.2614759001880884,0.011783000081777573,legacy_per_link_selection,0,0.0,0.0,0.0,0,seal,0,seal_save_size_upper_bound,0,50;40,0.0,0,0,0.0,not_selected,0,0.0,0,0.0,8192,0,0,0,0,40,0,0,0.0,0.0,0,0,0.0,227.44337318355156,0,0.0,0.0,8.000000000001,0.0,0,measured_norm_ratio_not_a_convergence_threshold,1.0381559003144503,86,100,0,0,0,0,0,0,0,0,0,0,1,0.0,0.0,fixed_mode_fixed_privacy,0.0,0.0,incomplete_cross_domain_protection,local_packet_or_secure_aggregate,cross_domain_model_update,[],observed_operations_not_a_security_proof,False,no_new_cloud_update,0.0,46,0.0,1.0532588008791208,100,100,0,scheduled,"{""dp_he"": 0, ""dp_only"": 0, ""he_only"": 0, ""neither"": 100}","{""dp_he"": 0, ""dp_only"": 0, ""he_only"": 0, ""neither"": 100}",0.7286759987473488,0.0,100,0.0,4.0,0.324,1.983505262374878,0.3135,1.9941378164291381,finite,0.015102900564670563,0.01596520096063614,0,0.0,0.0,1.0,0,0.0,0.0,0.0,0.0,0.0,0.0,0.0,0,0.0,0.0,0.0,0.0,0,0,0,0.0,0.0,0,0,0.0
1.0065664015710354,277.32679369190646,0.0,0.0,0.0,0,0,,,0.0,0.0,0.0,0.0,0,0.0,0,not_selected,0,0.0,not_selected,0.01772870123386383,0,0.324,0.0,0.0,0.0,0.0,0.0,0.0,0,140.62488950043917,0.0,0,0.0,0.0,0.0,0.0,recorded_dp_events_only,released_packet,private_experiment_logs_not_public_dp_outputs,5130,trainable_parameters_v1,tex_packet,0.0,not_established,0.25130829960107803,0.011702900752425194,legacy_per_link_selection,0,0.0,0.0,0.0,0,seal,0,seal_save_size_upper_bound,0,50;40,0.0,0,0,0.0,not_selected,0,0.0,0,0.0,8192,0,0,0,0,40,0,0,0.0,0.0,0,0,0.0,227.44337318355156,0,0.0,0.0,8.000000000001,0.0,0,measured_norm_ratio_not_a_convergence_threshold,1.0086454004049301,86,100,0,0,0,0,0,0,0,0,0,0,1,0.0,0.0,fixed_mode_fixed_privacy,0.0,0.0,incomplete_cross_domain_protection,local_packet_or_secure_aggregate,cross_domain_model_update,[],observed_operations_not_a_security_proof,False,no_new_cloud_update,0.0,47,0.0,1.0197716001421213,100,100,0,scheduled,"{""dp_he"": 0, ""dp_only"": 0, ""he_only"": 0, ""neither"": 100}","{""dp_he"": 0, ""dp_only"": 0, ""he_only"": 0, ""neither"": 100}",0.7147003002464771,0.0,100,0.0,4.0,0.324,1.983505262374878,0.315,1.9868464488983155,finite,0.0111261997371912,0.01320519857108593,0,0.0,0.0,1.0,0,0.0,0.0,0.0,0.0,0.0,0.0,0.0,0,0.0,0.0,0.0,0.0,0,0,0,0.0,0.0,0,0,0.0
1.0217351000756025,278.03409199120415,0.0,0.0,0.0,0,0,,,0.0,0.0,0.0,0.0,0,0.0,0,not_selected,0,0.0,not_selected,0.018531499430537224,0,0.324,0.0,0.0,0.0,0.0,0.0,0.0,0,141.94023260101676,0.0,0,0.0,0.0,0.0,0.0,recorded_dp_events_only,released_packet,private_experiment_logs_not_public_dp_outputs,5130,trainable_parameters_v1,tex_packet,0.0,not_established,0.2692958004772663,0.014710700139403343,legacy_per_link_selection,0,0.0,0.0,0.0,0,seal,0,seal_save_size_upper_bound,0,50;40,0.0,0,0,0.0,not_selected,0,0.0,0,0.0,8192,0,0,0,0,40,0,0,0.0,0.0,0,0,0.0,227.44337318355156,0,0.0,0.0,8.000000000001,0.0,0,measured_norm_ratio_not_a_convergence_threshold,1.0277458000928164,86,100,0,0,0,0,0,0,0,0,0,0,1,0.0,0.0,fixed_mode_fixed_privacy,0.0,0.0,incomplete_cross_domain_protection,local_packet_or_secure_aggregate,cross_domain_model_update,[],observed_operations_not_a_security_proof,False,no_new_cloud_update,0.0,48,0.0,1.0396446008235216,100,100,0,scheduled,"{""dp_he"": 0, ""dp_only"": 0, ""he_only"": 0, ""neither"": 100}","{""dp_he"": 0, ""dp_only"": 0, ""he_only"": 0, ""neither"": 100}",0.7072982992976904,0.0,100,0.0,4.0,0.324,1.983505262374878,0.3235,1.9884647226333618,finite,0.011898800730705261,0.017909500747919083,0,0.0,0.0,1.0,0,0.0,0.0,0.0,0.0,0.0,0.0,0.0,0,0.0,0.0,0.0,0.0,0,0,0,0.0,0.0,0,0,0.0
1.0922545976936817,278.8227512918593,0.0,0.0,0.0,0,0,,,0.0,0.0,0.0,0.0,0,0.0,0,not_selected,0,0.0,not_selected,0.019342198967933655,0,0.324,0.0,0.0,0.0,0.0,0.0,0.0,0,143.37756260111928,0.0,0,0.0,0.0,0.0,0.0,recorded_dp_events_only,released_packet,private_experiment_logs_not_public_dp_outputs,5130,trainable_parameters_v1,tex_packet,0.0,not_established,0.25960659980773926,0.011662598699331284,legacy_per_link_selection,0,0.0,0.0,0.0,0,seal,0,seal_save_size_upper_bound,0,50;40,0.0,0,0,0.0,not_selected,0,0.0,0,0.0,8192,0,0,0,0,40,0,0,0.0,0.0,0,0,0.0,227.44337318355156,0,0.0,0.0,8.000000000001,0.0,0,measured_norm_ratio_not_a_convergence_threshold,1.0929888002574444,86,100,0,0,0,0,0,0,0,0,0,0,1,0.0,0.0,fixed_mode_fixed_privacy,0.0,0.0,incomplete_cross_domain_protection,local_packet_or_secure_aggregate,cross_domain_model_update,[],observed_operations_not_a_security_proof,False,no_new_cloud_update,0.0,49,0.0,1.1059726998209953,100,100,0,scheduled,"{""dp_he"": 0, ""dp_only"": 0, ""he_only"": 0, ""neither"": 100}","{""dp_he"": 0, ""dp_only"": 0, ""he_only"": 0, ""neither"": 100}",0.7886593006551266,0.0,100,0.0,4.0,0.324,1.983505262374878,0.3195,1.982741735458374,finite,0.012983899563550949,0.013718102127313614,0,0.0,0.0,1.0,0,0.0,0.0,0.0,0.0,0.0,0.0,0.0,0,0.0,0.0,0.0,0.0,0,0,0,0.0,0.0,0,0,0.0
1.004765298217535,279.5337633907975,0.0,0.0,0.0,0,0,,,0.0,0.0,0.0,0.0,0,0.0,0,not_selected,0,0.0,not_selected,0.023532699793577194,0,0.324,0.0,0.0,0.0,0.0,0.0,0.0,0,144.67329470068216,0.0,0,0.0,0.0,0.0,0.0,recorded_dp_events_only,released_packet,private_experiment_logs_not_public_dp_outputs,5130,trainable_parameters_v1,tex_packet,0.0,not_established,0.24861699901521206,0.010464999824762344,legacy_per_link_selection,0,0.0,0.0,0.0,0,seal,0,seal_save_size_upper_bound,0,50;40,0.0,0,0,0.0,not_selected,0,0.0,0,0.0,8192,0,0,0,0,40,0,0,0.0,0.0,0,0,0.0,227.44337318355156,0,0.0,0.0,8.000000000001,0.0,0,measured_norm_ratio_not_a_convergence_threshold,1.0072806999087334,86,100,0,0,0,0,0,0,0,0,0,0,1,0.0,0.0,fixed_mode_fixed_privacy,0.0,0.0,incomplete_cross_domain_protection,local_packet_or_secure_aggregate,cross_domain_model_update,[],observed_operations_not_a_security_proof,False,no_new_cloud_update,0.0,50,0.0,1.01841920055449,100,100,0,scheduled,"{""dp_he"": 0, ""dp_only"": 0, ""he_only"": 0, ""neither"": 100}","{""dp_he"": 0, ""dp_only"": 0, ""he_only"": 0, ""neither"": 100}",0.7110120989382267,0.0,100,0.0,4.0,0.324,1.983505262374878,0.32,1.9892293405532837,finite,0.011138500645756721,0.01365390233695507,0,0.0,0.0,1.0,0,0.0,0.0,0.0,0.0,0.0,0.0,0.0,0,0.0,0.0,0.0,0.0,0,0,0,0.0,0.0,0,0,0.0
1.0384483970701694,280.2725732911558,0.0,0.0,0.0,0,0,,,0.0,0.0,0.0,0.0,0,0.0,0,not_selected,0,0.0,not_selected,0.017288198694586754,0,0.324,0.0,0.0,0.0,0.0,0.0,0.0,0,146.00442419946194,0.0,0,0.0,0.0,0.0,0.0,recorded_dp_events_only,released_packet,private_experiment_logs_not_public_dp_outputs,5130,trainable_parameters_v1,tex_packet,0.0,not_established,0.26036049984395504,0.011488799005746841,legacy_per_link_selection,0,0.0,0.0,0.0,0,seal,0,seal_save_size_upper_bound,0,50;40,0.0,0,0,0.0,not_selected,0,0.0,0,0.0,8192,0,0,0,0,40,0,0,0.0,0.0,0,0,0.0,227.44337318355156,0,0.0,0.0,8.000000000001,0.0,0,measured_norm_ratio_not_a_convergence_threshold,1.0413761008530855,86,100,0,0,0,0,0,0,0,0,0,0,1,0.0,0.0,fixed_mode_fixed_privacy,0.0,0.0,incomplete_cross_domain_protection,local_packet_or_secure_aggregate,cross_domain_model_update,[],observed_operations_not_a_security_proof,False,no_new_cloud_update,0.0,51,0.0,1.051877100020647,100,100,0,scheduled,"{""dp_he"": 0, ""dp_only"": 0, ""he_only"": 0, ""neither"": 100}","{""dp_he"": 0, ""dp_only"": 0, ""he_only"": 0, ""neither"": 100}",0.7388099003583193,0.0,100,0.0,4.0,0.324,1.983505262374878,0.3205,1.9902481098175049,finite,0.010500999167561531,0.0134287029504776,0,0.0,0.0,1.0,0,0.0,0.0,0.0,0.0,0.0,0.0,0.0,0,0.0,0.0,0.0,0.0,0,0,0,0.0,0.0,0,0,0.0
1.0348992999643087,280.98761649133576,0.0,0.0,0.0,0,0,,,0.0,0.0,0.0,0.0,0,0.0,0,not_selected,0,0.0,not_selected,0.023664699867367744,0,0.324,0.0,0.0,0.0,0.0,0.0,0.0,0,147.33410190045834,0.0,0,0.0,0.0,0.0,0.0,recorded_dp_events_only,released_packet,private_experiment_logs_not_public_dp_outputs,5130,trainable_parameters_v1,tex_packet,0.0,not_established,0.2672608010470867,0.012588398531079292,legacy_per_link_selection,0,0.0,0.0,0.0,0,seal,0,seal_save_size_upper_bound,0,50;40,0.0,0,0,0.0,not_selected,0,0.0,0,0.0,8192,0,0,0,0,40,0,0,0.0,0.0,0,0,0.0,227.44337318355156,0,0.0,0.0,8.000000000001,0.0,0,measured_norm_ratio_not_a_convergence_threshold,1.0332768987864256,86,100,0,0,0,0,0,0,0,0,0,0,1,0.0,0.0,fixed_mode_fixed_privacy,0.0,0.0,incomplete_cross_domain_protection,local_packet_or_secure_aggregate,cross_domain_model_update,[],observed_operations_not_a_security_proof,False,no_new_cloud_update,0.0,52,0.0,1.049619099125266,100,100,0,scheduled,"{""dp_he"": 0, ""dp_only"": 0, ""he_only"": 0, ""neither"": 100}","{""dp_he"": 0, ""dp_only"": 0, ""he_only"": 0, ""neither"": 100}",0.7150432001799345,0.0,100,0.0,4.0,0.324,1.983505262374878,0.327,1.9754529485702514,finite,0.016342200338840485,0.014719799160957336,0,0.0,0.0,1.0,0,0.0,0.0,0.0,0.0,0.0,0.0,0.0,0,0.0,0.0,0.0,0.0,0,0,0,0.0,0.0,0,0,0.0
1.0624691005796194,281.74843599164797,0.0,0.0,0.0,0,0,,,0.0,0.0,0.0,0.0,0,0.0,0,not_selected,0,0.0,not_selected,0.017077598720788956,0,0.324,0.0,0.0,0.0,0.0,0.0,0.0,0,148.7545714005828,0.0,0,0.0,0.0,0.0,0.0,recorded_dp_events_only,released_packet,private_experiment_logs_not_public_dp_outputs,5130,trainable_parameters_v1,tex_packet,0.0,not_established,0.26175060123205185,0.010950999334454536,legacy_per_link_selection,0,0.0,0.0,0.0,0,seal,0,seal_save_size_upper_bound,0,50;40,0.0,0,0,0.0,not_selected,0,0.0,0,0.0,8192,0,0,0,0,40,0,0,0.0,0.0,0,0,0.0,227.44337318355156,0,0.0,0.0,8.000000000001,0.0,0,measured_norm_ratio_not_a_convergence_threshold,1.0644301977008581,86,100,0,0,0,0,0,0,0,0,0,0,1,0.0,0.0,fixed_mode_fixed_privacy,0.0,0.0,incomplete_cross_domain_protection,local_packet_or_secure_aggregate,cross_domain_model_update,[],observed_operations_not_a_security_proof,False,no_new_cloud_update,0.0,53,0.0,1.076300598680973,100,100,0,scheduled,"{""dp_he"": 0, ""dp_only"": 0, ""he_only"": 0, ""neither"": 100}","{""dp_he"": 0, ""dp_only"": 0, ""he_only"": 0, ""neither"": 100}",0.7608195003122091,0.0,100,0.0,4.0,0.324,1.983505262374878,0.3175,1.9878228931427002,finite,0.011870400980114937,0.013831498101353645,0,0.0,0.0,1.0,0,0.0,0.0,0.0,0.0,0.0,0.0,0.0,0,0.0,0.0,0.0,0.0,0,0,0,0.0,0.0,0,0,0.0
1.053302701562643,282.49187139311744,0.0,0.0,0.0,0,0,,,0.0,0.0,0.0,0.0,0,0.0,0,not_selected,0,0.0,not_selected,0.021062899380922318,0,0.324,0.0,0.0,0.0,0.0,0.0,0.0,0,150.11376320011914,0.0,0,0.0,0.0,0.0,0.0,recorded_dp_events_only,released_packet,private_experiment_logs_not_public_dp_outputs,5130,trainable_parameters_v1,tex_packet,0.0,not_established,0.26060220040380955,0.014533501118421555,legacy_per_link_selection,0,0.0,0.0,0.0,0,seal,0,seal_save_size_upper_bound,0,50;40,0.0,0,0,0.0,not_selected,0,0.0,0,0.0,8192,0,0,0,0,40,0,0,0.0,0.0,0,0,0.0,227.44337318355156,0,0.0,0.0,8.000000000001,0.0,0,measured_norm_ratio_not_a_convergence_threshold,1.062627200037241,86,100,0,0,0,0,0,0,0,0,0,0,1,0.0,0.0,fixed_mode_fixed_privacy,0.0,0.0,incomplete_cross_domain_protection,local_packet_or_secure_aggregate,cross_domain_model_update,[],observed_operations_not_a_security_proof,False,no_new_cloud_update,0.0,54,0.0,1.0762958992272615,100,100,0,scheduled,"{""dp_he"": 0, ""dp_only"": 0, ""he_only"": 0, ""neither"": 100}","{""dp_he"": 0, ""dp_only"": 0, ""he_only"": 0, ""neither"": 100}",0.7434354014694691,0.0,100,0.0,4.0,0.324,1.983505262374878,0.303,2.005413372039795,finite,0.013668699190020561,0.022993197664618492,0,0.0,0.0,1.0,0,0.0,0.0,0.0,0.0,0.0,0.0,0.0,0,0.0,0.0,0.0,0.0,0,0,0,0.0,0.0,0,0,0.0
1.2819695007055998,283.4852108925761,0.0,0.0,0.0,0,0,,,0.0,0.0,0.0,0.0,0,0.0,0,not_selected,0,0.0,not_selected,0.01723550073802471,0,0.324,0.0,0.0,0.0,0.0,0.0,0.0,0,151.72735789977014,0.0,0,0.0,0.0,0.0,0.0,recorded_dp_events_only,released_packet,private_experiment_logs_not_public_dp_outputs,5130,trainable_parameters_v1,tex_packet,0.0,not_established,0.2471184991300106,0.012481700628995895,legacy_per_link_selection,0,0.0,0.0,0.0,0,seal,0,seal_save_size_upper_bound,0,50;40,0.0,0,0,0.0,not_selected,0,0.0,0,0.0,8192,0,0,0,0,40,0,0,0.0,0.0,0,0,0.0,227.44337318355156,0,0.0,0.0,8.000000000001,0.0,0,measured_norm_ratio_not_a_convergence_threshold,1.2851883992552757,86,100,0,0,0,0,0,0,0,0,0,0,1,0.0,0.0,fixed_mode_fixed_privacy,0.0,0.0,incomplete_cross_domain_protection,local_packet_or_secure_aggregate,cross_domain_model_update,[],observed_operations_not_a_security_proof,False,no_new_cloud_update,0.0,55,0.0,1.2969827000051737,100,100,0,scheduled,"{""dp_he"": 0, ""dp_only"": 0, ""he_only"": 0, ""neither"": 100}","{""dp_he"": 0, ""dp_only"": 0, ""he_only"": 0, ""neither"": 100}",0.9933394994586706,0.0,100,0.0,4.0,0.324,1.983505262374878,0.3135,2.0072960987091064,finite,0.011794300749897957,0.015013199299573898,0,0.0,0.0,1.0,0,0.0,0.0,0.0,0.0,0.0,0.0,0.0,0,0.0,0.0,0.0,0.0,0,0,0,0.0,0.0,0,0,0.0
1.1194912027567625,284.28582599276615,0.0,0.0,0.0,0,0,,,0.0,0.0,0.0,0.0,0,0.0,0,not_selected,0,0.0,not_selected,0.020585400983691216,0,0.324,0.0,0.0,0.0,0.0,0.0,0.0,0,153.1625367011875,0.0,0,0.0,0.0,0.0,0.0,recorded_dp_events_only,released_packet,private_experiment_logs_not_public_dp_outputs,5130,trainable_parameters_v1,tex_packet,0.0,not_established,0.27026790007948875,0.014382101595401764,legacy_per_link_selection,0,0.0,0.0,0.0,0,seal,0,seal_save_size_upper_bound,0,50;40,0.0,0,0,0.0,not_selected,0,0.0,0,0.0,8192,0,0,0,0,40,0,0,0.0,0.0,0,0,0.0,227.44337318355156,0,0.0,0.0,8.000000000001,0.0,0,measured_norm_ratio_not_a_convergence_threshold,1.1207902003079653,86,100,0,0,0,0,0,0,0,0,0,0,1,0.0,0.0,fixed_mode_fixed_privacy,0.0,0.0,incomplete_cross_domain_protection,local_packet_or_secure_aggregate,cross_domain_model_update,[],observed_operations_not_a_security_proof,False,no_new_cloud_update,0.0,56,0.0,1.1344309002161026,100,100,0,scheduled,"{""dp_he"": 0, ""dp_only"": 0, ""he_only"": 0, ""neither"": 100}","{""dp_he"": 0, ""dp_only"": 0, ""he_only"": 0, ""neither"": 100}",0.8006151001900434,0.0,100,0.0,4.0,0.324,1.983505262374878,0.317,1.9848698034286498,finite,0.013640699908137321,0.014939697459340096,0,0.0,0.0,1.0,0,0.0,0.0,0.0,0.0,0.0,0.0,0.0,0,0.0,0.0,0.0,0.0,0,0,0,0.0,0.0,0,0,0.0
1.0036925990134478,284.9961916923703,0.0,0.0,0.0,0,0,,,0.0,0.0,0.0,0.0,0,0.0,0,not_selected,0,0.0,not_selected,0.016942400485277176,0,0.324,0.0,0.0,0.0,0.0,0.0,0.0,0,154.50436050072312,0.0,0,0.0,0.0,0.0,0.0,recorded_dp_events_only,released_packet,private_experiment_logs_not_public_dp_outputs,5130,trainable_parameters_v1,tex_packet,0.0,not_established,0.2517879009246826,0.011557398363947868,legacy_per_link_selection,0,0.0,0.0,0.0,0,seal,0,seal_save_size_upper_bound,0,50;40,0.0,0,0,0.0,not_selected,0,0.0,0,0.0,8192,0,0,0,0,40,0,0,0.0,0.0,0,0,0.0,227.44337318355156,0,0.0,0.0,8.000000000001,0.0,0,measured_norm_ratio_not_a_convergence_threshold,1.004456501454115,86,100,0,0,0,0,0,0,0,0,0,0,1,0.0,0.0,fixed_mode_fixed_privacy,0.0,0.0,incomplete_cross_domain_protection,local_packet_or_secure_aggregate,cross_domain_model_update,[],observed_operations_not_a_security_proof,False,no_new_cloud_update,0.0,57,0.0,1.0174957010895014,100,100,0,scheduled,"{""dp_he"": 0, ""dp_only"": 0, ""he_only"": 0, ""neither"": 100}","{""dp_he"": 0, ""dp_only"": 0, ""he_only"": 0, ""neither"": 100}",0.7103656996041536,0.0,100,0.0,4.0,0.324,1.983505262374878,0.3255,1.9837137060165406,finite,0.013039199635386467,0.01380310207605362,0,0.0,0.0,1.0,0,0.0,0.0,0.0,0.0,0.0,0.0,0.0,0,0.0,0.0,0.0,0.0,0,0,0,0.0,0.0,0,0,0.0
0.9777272008359432,285.6767215922655,0.0,0.0,0.0,0,0,,,0.0,0.0,0.0,0.0,0,0.0,0,not_selected,0,0.0,not_selected,0.0169380996376276,0,0.324,0.0,0.0,0.0,0.0,0.0,0.0,0,155.8144974000752,0.0,0,0.0,0.0,0.0,0.0,recorded_dp_events_only,released_packet,private_experiment_logs_not_public_dp_outputs,5130,trainable_parameters_v1,tex_packet,0.0,not_established,0.2575644999742508,0.011377399787306786,legacy_per_link_selection,0,0.0,0.0,0.0,0,seal,0,seal_save_size_upper_bound,0,50;40,0.0,0,0,0.0,not_selected,0,0.0,0,0.0,8192,0,0,0,0,40,0,0,0.0,0.0,0,0,0.0,227.44337318355156,0,0.0,0.0,8.000000000001,0.0,0,measured_norm_ratio_not_a_convergence_threshold,0.9843396991491318,86,100,0,0,0,0,0,0,0,0,0,0,1,0.0,0.0,fixed_mode_fixed_privacy,0.0,0.0,incomplete_cross_domain_protection,local_packet_or_secure_aggregate,cross_domain_model_update,[],observed_operations_not_a_security_proof,False,no_new_cloud_update,0.0,58,0.0,0.9956570006906986,100,100,0,scheduled,"{""dp_he"": 0, ""dp_only"": 0, ""he_only"": 0, ""neither"": 100}","{""dp_he"": 0, ""dp_only"": 0, ""he_only"": 0, ""neither"": 100}",0.6805298998951912,0.0,100,0.0,4.0,0.324,1.983505262374878,0.306,1.9950567359924316,finite,0.011317301541566849,0.0179297998547554,0,0.0,0.0,1.0,0,0.0,0.0,0.0,0.0,0.0,0.0,0.0,0,0.0,0.0,0.0,0.0,0,0,0,0.0,0.0,0,0,0.0
1.0064404010772705,286.38924099208725,0.0,0.0,0.0,0,0,,,0.0,0.0,0.0,0.0,0,0.0,0,not_selected,0,0.0,not_selected,0.017073500901460648,0,0.324,0.0,0.0,0.0,0.0,0.0,0.0,0,157.12298749946058,0.0,0,0.0,0.0,0.0,0.0,recorded_dp_events_only,released_packet,private_experiment_logs_not_public_dp_outputs,5130,trainable_parameters_v1,tex_packet,0.0,not_established,0.2541338987648487,0.010458901524543762,legacy_per_link_selection,0,0.0,0.0,0.0,0,seal,0,seal_save_size_upper_bound,0,50;40,0.0,0,0,0.0,not_selected,0,0.0,0,0.0,8192,0,0,0,0,40,0,0,0.0,0.0,0,0,0.0,227.44337318355156,0,0.0,0.0,8.000000000001,0.0,0,measured_norm_ratio_not_a_convergence_threshold,1.0078756995499134,86,100,0,0,0,0,0,0,0,0,0,0,1,0.0,0.0,fixed_mode_fixed_privacy,0.0,0.0,incomplete_cross_domain_protection,local_packet_or_secure_aggregate,cross_domain_model_update,[],observed_operations_not_a_security_proof,False,no_new_cloud_update,0.0,59,0.0,1.0201303996145725,100,100,0,scheduled,"{""dp_he"": 0, ""dp_only"": 0, ""he_only"": 0, ""neither"": 100}","{""dp_he"": 0, ""dp_only"": 0, ""he_only"": 0, ""neither"": 100}",0.7125193998217583,0.0,100,0.0,4.0,0.324,1.983505262374878,0.325,1.9807876424789428,finite,0.012254700064659119,0.013689998537302017,0,0.0,0.0,1.0,0,0.0,0.0,0.0,0.0,0.0,0.0,0.0,0,0.0,0.0,0.0,0.0,0,0,0,0.0,0.0,0,0,0.0
1.1194379031658173,287.20479739161146,0.0,0.0,0.0,0,0,,,0.0,0.0,0.0,0.0,0,0.0,0,not_selected,0,0.0,not_selected,0.01857900060713291,0,0.324,0.0,0.0,0.0,0.0,0.0,0.0,0,158.59204390086234,0.0,0,0.0,0.0,0.0,0.0,recorded_dp_events_only,released_packet,private_experiment_logs_not_public_dp_outputs,5130,trainable_parameters_v1,tex_packet,0.0,not_established,0.26200810074806213,0.01112000085413456,legacy_per_link_selection,0,0.0,0.0,0.0,0,seal,0,seal_save_size_upper_bound,0,50;40,0.0,0,0,0.0,not_selected,0,0.0,0,0.0,8192,0,0,0,0,40,0,0,0.0,0.0,0,0,0.0,227.44337318355156,0,0.0,0.0,8.000000000001,0.0,0,measured_norm_ratio_not_a_convergence_threshold,1.1212971974164248,86,100,0,0,0,0,0,0,0,0,0,0,1,0.0,0.0,fixed_mode_fixed_privacy,0.0,0.0,incomplete_cross_domain_protection,local_packet_or_secure_aggregate,cross_domain_model_update,[],observed_operations_not_a_security_proof,False,no_new_cloud_update,0.0,60,0.0,1.1334715988487005,100,100,0,scheduled,"{""dp_he"": 0, ""dp_only"": 0, ""he_only"": 0, ""neither"": 100}","{""dp_he"": 0, ""dp_only"": 0, ""he_only"": 0, ""neither"": 100}",0.8155563995242119,0.0,100,0.0,4.0,0.324,1.983505262374878,0.3425,1.98373850440979,finite,0.012174401432275772,0.014033695682883263,0,0.0,0.0,1.0,0,0.0,0.0,0.0,0.0,0.0,0.0,0.0,0,0.0,0.0,0.0,0.0,0,0,0,0.0,0.0,0,0,0.0
0.9997151996940374,287.897598291579,0.0,0.0,0.0,0,0,,,0.0,0.0,0.0,0.0,0,0.0,0,not_selected,0,0.0,not_selected,0.017312200739979744,0,0.324,0.0,0.0,0.0,0.0,0.0,0.0,0,159.90764610096812,0.0,0,0.0,0.0,0.0,0.0,recorded_dp_events_only,released_packet,private_experiment_logs_not_public_dp_outputs,5130,trainable_parameters_v1,tex_packet,0.0,not_established,0.26318319886922836,0.01217079907655716,legacy_per_link_selection,0,0.0,0.0,0.0,0,seal,0,seal_save_size_upper_bound,0,50;40,0.0,0,0,0.0,not_selected,0,0.0,0,0.0,8192,0,0,0,0,40,0,0,0.0,0.0,0,0,0.0,227.44337318355156,0,0.0,0.0,8.000000000001,0.0,0,measured_norm_ratio_not_a_convergence_threshold,1.001578999683261,86,100,0,0,0,0,0,0,0,0,0,0,1,0.0,0.0,fixed_mode_fixed_privacy,0.0,0.0,incomplete_cross_domain_protection,local_packet_or_secure_aggregate,cross_domain_model_update,[],observed_operations_not_a_security_proof,False,no_new_cloud_update,0.0,61,0.0,1.0158271007239819,100,100,0,scheduled,"{""dp_he"": 0, ""dp_only"": 0, ""he_only"": 0, ""neither"": 100}","{""dp_he"": 0, ""dp_only"": 0, ""he_only"": 0, ""neither"": 100}",0.6928008999675512,0.0,100,0.0,4.0,0.324,1.983505262374878,0.3375,1.9668002967834473,finite,0.01424810104072094,0.01611190102994442,0,0.0,0.0,1.0,0,0.0,0.0,0.0,0.0,0.0,0.0,0.0,0,0.0,0.0,0.0,0.0,0,0,0,0.0,0.0,0,0,0.0
1.0805071983486414,288.65879299009157,0.0,0.0,0.0,0,0,,,0.0,0.0,0.0,0.0,0,0.0,0,not_selected,0,0.0,not_selected,0.023940401151776314,0,0.324,0.0,0.0,0.0,0.0,0.0,0.0,0,161.3124209009111,0.0,0,0.0,0.0,0.0,0.0,recorded_dp_events_only,released_packet,private_experiment_logs_not_public_dp_outputs,5130,trainable_parameters_v1,tex_packet,0.0,not_established,0.27254629880189896,0.012056998908519745,legacy_per_link_selection,0,0.0,0.0,0.0,0,seal,0,seal_save_size_upper_bound,0,50;40,0.0,0,0,0.0,not_selected,0,0.0,0,0.0,8192,0,0,0,0,40,0,0,0.0,0.0,0,0,0.0,227.44337318355156,0,0.0,0.0,8.000000000001,0.0,0,measured_norm_ratio_not_a_convergence_threshold,1.0848072990775108,86,100,0,0,0,0,0,0,0,0,0,0,1,0.0,0.0,fixed_mode_fixed_privacy,0.0,0.0,incomplete_cross_domain_protection,local_packet_or_secure_aggregate,cross_domain_model_update,[],observed_operations_not_a_security_proof,False,no_new_cloud_update,0.0,62,0.0,1.095576100051403,100,100,0,scheduled,"{""dp_he"": 0, ""dp_only"": 0, ""he_only"": 0, ""neither"": 100}","{""dp_he"": 0, ""dp_only"": 0, ""he_only"": 0, ""neither"": 100}",0.7611946985125542,0.0,100,0.0,4.0,0.324,1.983505262374878,0.3225,2.0013446264266967,finite,0.010768800973892212,0.01506890170276165,0,0.0,0.0,1.0,0,0.0,0.0,0.0,0.0,0.0,0.0,0.0,0,0.0,0.0,0.0,0.0,0,0,0,0.0,0.0,0,0,0.0
1.0422948990017176,289.39879418985856,0.0,0.0,0.0,0,0,,,0.0,0.0,0.0,0.0,0,0.0,0,not_selected,0,0.0,not_selected,0.01965229958295822,0,0.324,0.0,0.0,0.0,0.0,0.0,0.0,0,162.69577220082283,0.0,0,0.0,0.0,0.0,0.0,recorded_dp_events_only,released_packet,private_experiment_logs_not_public_dp_outputs,5130,trainable_parameters_v1,tex_packet,0.0,not_established,0.2587500996887684,0.011087600141763687,legacy_per_link_selection,0,0.0,0.0,0.0,0,seal,0,seal_save_size_upper_bound,0,50;40,0.0,0,0,0.0,not_selected,0,0.0,0,0.0,8192,0,0,0,0,40,0,0,0.0,0.0,0,0,0.0,227.44337318355156,0,0.0,0.0,8.000000000001,0.0,0,measured_norm_ratio_not_a_convergence_threshold,1.0456153005361557,86,100,0,0,0,0,0,0,0,0,0,0,1,0.0,0.0,fixed_mode_fixed_privacy,0.0,0.0,incomplete_cross_domain_protection,local_packet_or_secure_aggregate,cross_domain_model_update,[],observed_operations_not_a_security_proof,False,no_new_cloud_update,0.0,63,0.0,1.0584190003573895,100,100,0,scheduled,"{""dp_he"": 0, ""dp_only"": 0, ""he_only"": 0, ""neither"": 100}","{""dp_he"": 0, ""dp_only"": 0, ""he_only"": 0, ""neither"": 100}",0.7400011997669935,0.0,100,0.0,4.0,0.324,1.983505262374878,0.321,1.9722031478881836,finite,0.01280369982123375,0.016124101355671883,0,0.0,0.0,1.0,0,0.0,0.0,0.0,0.0,0.0,0.0,0.0,0,0.0,0.0,0.0,0.0,0,0,0,0.0,0.0,0,0,0.0
1.1155535988509655,290.21689149068607,0.0,0.0,0.0,0,0,,,0.0,0.0,0.0,0.0,0,0.0,0,not_selected,0,0.0,not_selected,0.017631299793720245,0,0.324,0.0,0.0,0.0,0.0,0.0,0.0,0,164.22026360034943,0.0,0,0.0,0.0,0.0,0.0,recorded_dp_events_only,released_packet,private_experiment_logs_not_public_dp_outputs,5130,trainable_parameters_v1,tex_packet,0.0,not_established,0.25498589873313904,0.011308100074529648,legacy_per_link_selection,0,0.0,0.0,0.0,0,seal,0,seal_save_size_upper_bound,0,50;40,0.0,0,0,0.0,not_selected,0,0.0,0,0.0,8192,0,0,0,0,40,0,0,0.0,0.0,0,0,0.0,227.44337318355156,0,0.0,0.0,8.000000000001,0.0,0,measured_norm_ratio_not_a_convergence_threshold,1.1181278992444277,86,100,0,0,0,0,0,0,0,0,0,0,1,0.0,0.0,fixed_mode_fixed_privacy,0.0,0.0,incomplete_cross_domain_protection,local_packet_or_secure_aggregate,cross_domain_model_update,[],observed_operations_not_a_security_proof,False,no_new_cloud_update,0.0,64,0.0,1.131658898666501,100,100,0,scheduled,"{""dp_he"": 0, ""dp_only"": 0, ""he_only"": 0, ""neither"": 100}","{""dp_he"": 0, ""dp_only"": 0, ""he_only"": 0, ""neither"": 100}",0.8180973008275032,0.0,100,0.0,4.0,0.324,1.983505262374878,0.3165,1.9910854091644288,finite,0.013530999422073364,0.016105299815535545,0,0.0,0.0,1.0,0,0.0,0.0,0.0,0.0,0.0,0.0,0.0,0,0.0,0.0,0.0,0.0,0,0,0,0.0,0.0,0,0,0.0
1.0086240973323584,290.9393963895918,0.0,0.0,0.0,0,0,,,0.0,0.0,0.0,0.0,0,0.0,0,not_selected,0,0.0,not_selected,0.01796090044081211,0,0.324,0.0,0.0,0.0,0.0,0.0,0.0,0,165.55078119970858,0.0,0,0.0,0.0,0.0,0.0,recorded_dp_events_only,released_packet,private_experiment_logs_not_public_dp_outputs,5130,trainable_parameters_v1,tex_packet,0.0,not_established,0.2469842992722988,0.010787399485707283,legacy_per_link_selection,0,0.0,0.0,0.0,0,seal,0,seal_save_size_upper_bound,0,50;40,0.0,0,0,0.0,not_selected,0,0.0,0,0.0,8192,0,0,0,0,40,0,0,0.0,0.0,0,0,0.0,227.44337318355156,0,0.0,0.0,8.000000000001,0.0,0,measured_norm_ratio_not_a_convergence_threshold,1.0124003998935223,86,100,0,0,0,0,0,0,0,0,0,0,1,0.0,0.0,fixed_mode_fixed_privacy,0.0,0.0,incomplete_cross_domain_protection,local_packet_or_secure_aggregate,cross_domain_model_update,[],observed_operations_not_a_security_proof,False,no_new_cloud_update,0.0,65,0.0,1.0227869991213083,100,100,0,scheduled,"{""dp_he"": 0, ""dp_only"": 0, ""he_only"": 0, ""neither"": 100}","{""dp_he"": 0, ""dp_only"": 0, ""he_only"": 0, ""neither"": 100}",0.7225048989057541,0.0,100,0.0,4.0,0.324,1.983505262374878,0.334,1.9834344234466552,finite,0.010386599227786064,0.014162901788949966,0,0.0,0.0,1.0,0,0.0,0.0,0.0,0.0,0.0,0.0,0.0,0,0.0,0.0,0.0,0.0,0,0,0,0.0,0.0,0,0,0.0
1.036685198545456,291.6765831902803,0.0,0.0,0.0,0,0,,,0.0,0.0,0.0,0.0,0,0.0,0,not_selected,0,0.0,not_selected,0.01722639985382557,0,0.324,0.0,0.0,0.0,0.0,0.0,0.0,0,166.92210309952497,0.0,0,0.0,0.0,0.0,0.0,recorded_dp_events_only,released_packet,private_experiment_logs_not_public_dp_outputs,5130,trainable_parameters_v1,tex_packet,0.0,not_established,0.25455209985375404,0.014331899583339691,legacy_per_link_selection,0,0.0,0.0,0.0,0,seal,0,seal_save_size_upper_bound,0,50;40,0.0,0,0,0.0,not_selected,0,0.0,0,0.0,8192,0,0,0,0,40,0,0,0.0,0.0,0,0,0.0,227.44337318355156,0,0.0,0.0,8.000000000001,0.0,0,measured_norm_ratio_not_a_convergence_threshold,1.0372028015553951,86,100,0,0,0,0,0,0,0,0,0,0,1,0.0,0.0,fixed_mode_fixed_privacy,0.0,0.0,incomplete_cross_domain_protection,local_packet_or_secure_aggregate,cross_domain_model_update,[],observed_operations_not_a_security_proof,False,no_new_cloud_update,0.0,66,0.0,1.0505908001214266,100,100,0,scheduled,"{""dp_he"": 0, ""dp_only"": 0, ""he_only"": 0, ""neither"": 100}","{""dp_he"": 0, ""dp_only"": 0, ""he_only"": 0, ""neither"": 100}",0.7371868006885052,0.0,100,0.0,4.0,0.324,1.983505262374878,0.304,1.9892309799194337,finite,0.013387998566031456,0.01390560157597065,0,0.0,0.0,1.0,0,0.0,0.0,0.0,0.0,0.0,0.0,0.0,0,0.0,0.0,0.0,0.0,0,0,0,0.0,0.0,0,0,0.0
1.0794462990015745,292.43711668888045,0.0,0.0,0.0,0,0,,,0.0,0.0,0.0,0.0,0,0.0,0,not_selected,0,0.0,not_selected,0.01986140012741089,0,0.324,0.0,0.0,0.0,0.0,0.0,0.0,0,168.3433667011559,0.0,0,0.0,0.0,0.0,0.0,recorded_dp_events_only,released_packet,private_experiment_logs_not_public_dp_outputs,5130,trainable_parameters_v1,tex_packet,0.0,not_established,0.26932469941675663,0.01692979969084263,legacy_per_link_selection,0,0.0,0.0,0.0,0,seal,0,seal_save_size_upper_bound,0,50;40,0.0,0,0,0.0,not_selected,0,0.0,0,0.0,8192,0,0,0,0,40,0,0,0.0,0.0,0,0,0.0,227.44337318355156,0,0.0,0.0,8.000000000001,0.0,0,measured_norm_ratio_not_a_convergence_threshold,1.0831945985555649,86,100,0,0,0,0,0,0,0,0,0,0,1,0.0,0.0,fixed_mode_fixed_privacy,0.0,0.0,incomplete_cross_domain_protection,local_packet_or_secure_aggregate,cross_domain_model_update,[],observed_operations_not_a_security_proof,False,no_new_cloud_update,0.0,67,0.0,1.095991499722004,100,100,0,scheduled,"{""dp_he"": 0, ""dp_only"": 0, ""he_only"": 0, ""neither"": 100}","{""dp_he"": 0, ""dp_only"": 0, ""he_only"": 0, ""neither"": 100}",0.7605334986001253,0.0,100,0.0,4.0,0.324,1.983505262374878,0.329,1.9732627944946288,finite,0.012796901166439056,0.01654520072042942,0,0.0,0.0,1.0,0,0.0,0.0,0.0,0.0,0.0,0.0,0.0,0,0.0,0.0,0.0,0.0,0,0,0,0.0,0.0,0,0,0.0
1.0451902970671654,293.1842270873667,0.0,0.0,0.0,0,0,,,0.0,0.0,0.0,0.0,0,0.0,0,not_selected,0,0.0,not_selected,0.017438599839806557,0,0.324,0.0,0.0,0.0,0.0,0.0,0.0,0,169.77039569988847,0.0,0,0.0,0.0,0.0,0.0,recorded_dp_events_only,released_packet,private_experiment_logs_not_public_dp_outputs,5130,trainable_parameters_v1,tex_packet,0.0,not_established,0.25766409933567047,0.010700099170207977,legacy_per_link_selection,0,0.0,0.0,0.0,0,seal,0,seal_save_size_upper_bound,0,50;40,0.0,0,0,0.0,not_selected,0,0.0,0,0.0,8192,0,0,0,0,40,0,0,0.0,0.0,0,0,0.0,227.44337318355156,0,0.0,0.0,8.000000000001,0.0,0,measured_norm_ratio_not_a_convergence_threshold,1.0465136989951134,86,100,0,0,0,0,0,0,0,0,0,0,1,0.0,0.0,fixed_mode_fixed_privacy,0.0,0.0,incomplete_cross_domain_protection,local_packet_or_secure_aggregate,cross_domain_model_update,[],observed_operations_not_a_security_proof,False,no_new_cloud_update,0.0,68,0.0,1.0587907992303371,100,100,0,scheduled,"{""dp_he"": 0, ""dp_only"": 0, ""he_only"": 0, ""neither"": 100}","{""dp_he"": 0, ""dp_only"": 0, ""he_only"": 0, ""neither"": 100}",0.7471103984862566,0.0,100,0.0,4.0,0.324,1.983505262374878,0.318,1.9869937992095947,finite,0.01227710023522377,0.013600502163171768,0,0.0,0.0,1.0,0,0.0,0.0,0.0,0.0,0.0,0.0,0.0,0,0.0,0.0,0.0,0.0,0,0,0,0.0,0.0,0,0,0.0
0.9970228001475334,293.8845481880189,0.0,0.0,0.0,0,0,,,0.0,0.0,0.0,0.0,0,0.0,0,not_selected,0,0.0,not_selected,0.01882079988718033,0,0.324,0.0,0.0,0.0,0.0,0.0,0.0,0,171.15229300037026,0.0,0,0.0,0.0,0.0,0.0,recorded_dp_events_only,released_packet,private_experiment_logs_not_public_dp_outputs,5130,trainable_parameters_v1,tex_packet,0.0,not_established,0.2542321998625994,0.011660400778055191,legacy_per_link_selection,0,0.0,0.0,0.0,0,seal,0,seal_save_size_upper_bound,0,50;40,0.0,0,0,0.0,not_selected,0,0.0,0,0.0,8192,0,0,0,0,40,0,0,0.0,0.0,0,0,0.0,227.44337318355156,0,0.0,0.0,8.000000000001,0.0,0,measured_norm_ratio_not_a_convergence_threshold,1.0035693999379873,86,100,0,0,0,0,0,0,0,0,0,0,1,0.0,0.0,fixed_mode_fixed_privacy,0.0,0.0,incomplete_cross_domain_protection,local_packet_or_secure_aggregate,cross_domain_model_update,[],observed_operations_not_a_security_proof,False,no_new_cloud_update,0.0,69,0.0,1.015557698905468,100,100,0,scheduled,"{""dp_he"": 0, ""dp_only"": 0, ""he_only"": 0, ""neither"": 100}","{""dp_he"": 0, ""dp_only"": 0, ""he_only"": 0, ""neither"": 100}",0.7003211006522179,0.0,100,0.0,4.0,0.324,1.983505262374878,0.2945,2.002759238243103,finite,0.01198829896748066,0.01853489875793457,0,0.0,0.0,1.0,0,0.0,0.0,0.0,0.0,0.0,0.0,0.0,0,0.0,0.0,0.0,0.0,0,0,0,0.0,0.0,0,0,0.0
1.0716466009616852,294.64798568824244,0.0,0.0,0.0,0,0,,,0.0,0.0,0.0,0.0,0,0.0,0,not_selected,0,0.0,not_selected,0.019117899239063263,0,0.324,0.0,0.0,0.0,0.0,0.0,0.0,0,172.56593850068748,0.0,0,0.0,0.0,0.0,0.0,recorded_dp_events_only,released_packet,private_experiment_logs_not_public_dp_outputs,5130,trainable_parameters_v1,tex_packet,0.0,not_established,0.26476570032536983,0.011673100292682648,legacy_per_link_selection,0,0.0,0.0,0.0,0,seal,0,seal_save_size_upper_bound,0,50;40,0.0,0,0,0.0,not_selected,0,0.0,0,0.0,8192,0,0,0,0,40,0,0,0.0,0.0,0,0,0.0,227.44337318355156,0,0.0,0.0,8.000000000001,0.0,0,measured_norm_ratio_not_a_convergence_threshold,1.075060298666358,86,100,0,0,0,0,0,0,0,0,0,0,1,0.0,0.0,fixed_mode_fixed_privacy,0.0,0.0,incomplete_cross_domain_protection,local_packet_or_secure_aggregate,cross_domain_model_update,[],observed_operations_not_a_security_proof,False,no_new_cloud_update,0.0,70,0.0,1.08771269954741,100,100,0,scheduled,"{""dp_he"": 0, ""dp_only"": 0, ""he_only"": 0, ""neither"": 100}","{""dp_he"": 0, ""dp_only"": 0, ""he_only"": 0, ""neither"": 100}",0.7634375002235174,0.0,100,0.0,4.0,0.324,1.983505262374878,0.3135,1.993225154876709,finite,0.012652400881052017,0.01606609858572483,0,0.0,0.0,1.0,0,0.0,0.0,0.0,0.0,0.0,0.0,0.0,0,0.0,0.0,0.0,0.0,0,0,0,0.0,0.0,0,0,0.0
1.962609002366662,295.47100778745425,0.0,0.0,0.0,0,0,,,0.0,0.0,0.0,0.0,0,0.0,0,not_selected,0,0.0,not_selected,0.020434800535440445,0,0.324,0.0,0.0,0.0,0.0,0.0,0.0,0,174.9119333010167,0.0,0,0.0,0.0,0.0,0.0,recorded_dp_events_only,released_packet,private_experiment_logs_not_public_dp_outputs,5130,trainable_parameters_v1,tex_packet,0.0,not_established,1.0846407003700733,0.01783120073378086,legacy_per_link_selection,0,0.0,0.0,0.0,0,seal,0,seal_save_size_upper_bound,0,50;40,0.0,0,0,0.0,not_selected,0,0.0,0,0.0,8192,0,0,0,0,40,0,0,0.0,0.0,0,0,0.0,227.44337318355156,0,0.0,0.0,8.000000000001,0.0,0,measured_norm_ratio_not_a_convergence_threshold,1.9624444991350174,86,100,0,0,0,0,0,0,0,0,0,0,1,0.0,0.0,fixed_mode_fixed_privacy,0.0,0.0,incomplete_cross_domain_protection,local_packet_or_secure_aggregate,cross_domain_model_update,[],observed_operations_not_a_security_proof,False,no_new_cloud_update,0.0,71,0.0,1.9791247006505728,100,100,0,scheduled,"{""dp_he"": 0, ""dp_only"": 0, ""he_only"": 0, ""neither"": 100}","{""dp_he"": 0, ""dp_only"": 0, ""he_only"": 0, ""neither"": 100}",0.823022099211812,0.0,100,0.0,4.0,0.324,1.983505262374878,0.3445,1.9725787181854249,finite,0.016680201515555382,0.01651569828391075,0,0.0,0.0,1.0,0,0.0,0.0,0.0,0.0,0.0,0.0,0.0,0,0.0,0.0,0.0,0.0,0,0,0,0.0,0.0,0,0,0.0
0.9997402019798756,296.1829759877355,0.0,0.0,0.0,0,0,,,0.0,0.0,0.0,0.0,0,0.0,0,not_selected,0,0.0,not_selected,0.01665700040757656,0,0.324,0.0,0.0,0.0,0.0,0.0,0.0,0,176.2559826001525,0.0,0,0.0,0.0,0.0,0.0,recorded_dp_events_only,released_packet,private_experiment_logs_not_public_dp_outputs,5130,trainable_parameters_v1,tex_packet,0.0,not_established,0.24788640066981316,0.012287501245737076,legacy_per_link_selection,0,0.0,0.0,0.0,0,seal,0,seal_save_size_upper_bound,0,50;40,0.0,0,0,0.0,not_selected,0,0.0,0,0.0,8192,0,0,0,0,40,0,0,0.0,0.0,0,0,0.0,227.44337318355156,0,0.0,0.0,8.000000000001,0.0,0,measured_norm_ratio_not_a_convergence_threshold,1.0030282009392977,86,100,0,0,0,0,0,0,0,0,0,0,1,0.0,0.0,fixed_mode_fixed_privacy,0.0,0.0,incomplete_cross_domain_protection,local_packet_or_secure_aggregate,cross_domain_model_update,[],observed_operations_not_a_security_proof,False,no_new_cloud_update,0.0,72,0.0,1.013969300314784,100,100,0,scheduled,"{""dp_he"": 0, ""dp_only"": 0, ""he_only"": 0, ""neither"": 100}","{""dp_he"": 0, ""dp_only"": 0, ""he_only"": 0, ""neither"": 100}",0.7119682002812624,0.0,100,0.0,4.0,0.324,1.983505262374878,0.3135,1.9850484399795532,finite,0.010941099375486374,0.014229098334908485,0,0.0,0.0,1.0,0,0.0,0.0,0.0,0.0,0.0,0.0,0.0,0,0.0,0.0,0.0,0.0,0,0,0,0.0,0.0,0,0,0.0
1.0112714022397995,296.89531518781496,0.0,0.0,0.0,0,0,,,0.0,0.0,0.0,0.0,0,0.0,0,not_selected,0,0.0,not_selected,0.020671600475907326,0,0.324,0.0,0.0,0.0,0.0,0.0,0.0,0,177.60206350125372,0.0,0,0.0,0.0,0.0,0.0,recorded_dp_events_only,released_packet,private_experiment_logs_not_public_dp_outputs,5130,trainable_parameters_v1,tex_packet,0.0,not_established,0.2547588013112545,0.012236999347805977,legacy_per_link_selection,0,0.0,0.0,0.0,0,seal,0,seal_save_size_upper_bound,0,50;40,0.0,0,0,0.0,not_selected,0,0.0,0,0.0,8192,0,0,0,0,40,0,0,0.0,0.0,0,0,0.0,227.44337318355156,0,0.0,0.0,8.000000000001,0.0,0,measured_norm_ratio_not_a_convergence_threshold,1.0128466989845037,86,100,0,0,0,0,0,0,0,0,0,0,1,0.0,0.0,fixed_mode_fixed_privacy,0.0,0.0,incomplete_cross_domain_protection,local_packet_or_secure_aggregate,cross_domain_model_update,[],observed_operations_not_a_security_proof,False,no_new_cloud_update,0.0,73,0.0,1.0241115000098944,100,100,0,scheduled,"{""dp_he"": 0, ""dp_only"": 0, ""he_only"": 0, ""neither"": 100}","{""dp_he"": 0, ""dp_only"": 0, ""he_only"": 0, ""neither"": 100}",0.7123392000794411,0.0,100,0.0,4.0,0.324,1.983505262374878,0.327,1.995767746925354,finite,0.011264801025390625,0.012840097770094872,0,0.0,0.0,1.0,0,0.0,0.0,0.0,0.0,0.0,0.0,0.0,0,0.0,0.0,0.0,0.0,0,0,0,0.0,0.0,0,0,0.0
1.1199489012360573,297.7016729887755,0.0,0.0,0.0,0,0,,,0.0,0.0,0.0,0.0,0,0.0,0,not_selected,0,0.0,not_selected,0.02209240011870861,0,0.324,0.0,0.0,0.0,0.0,0.0,0.0,0,179.09325740113854,0.0,0,0.0,0.0,0.0,0.0,recorded_dp_events_only,released_packet,private_experiment_logs_not_public_dp_outputs,5130,trainable_parameters_v1,tex_packet,0.0,not_established,0.2648104000836611,0.014104900881648064,legacy_per_link_selection,0,0.0,0.0,0.0,0,seal,0,seal_save_size_upper_bound,0,50;40,0.0,0,0,0.0,not_selected,0,0.0,0,0.0,8192,0,0,0,0,40,0,0,0.0,0.0,0,0,0.0,227.44337318355156,0,0.0,0.0,8.000000000001,0.0,0,measured_norm_ratio_not_a_convergence_threshold,1.1223951019346714,86,100,0,0,0,0,0,0,0,0,0,0,1,0.0,0.0,fixed_mode_fixed_privacy,0.0,0.0,incomplete_cross_domain_protection,local_packet_or_secure_aggregate,cross_domain_model_update,[],observed_operations_not_a_security_proof,False,no_new_cloud_update,0.0,74,0.0,1.1349785011261702,100,100,0,scheduled,"{""dp_he"": 0, ""dp_only"": 0, ""he_only"": 0, ""neither"": 100}","{""dp_he"": 0, ""dp_only"": 0, ""he_only"": 0, ""neither"": 100}",0.8063578009605408,0.0,100,0.0,4.0,0.324,1.983505262374878,0.304,2.002031051635742,finite,0.012583399191498756,0.015029599890112877,0,0.0,0.0,1.0,0,0.0,0.0,0.0,0.0,0.0,0.0,0.0,0,0.0,0.0,0.0,0.0,0,0,0,0.0,0.0,0,0,0.0
0.9877075999975204,298.39376398811055,0.0,0.0,0.0,0,0,,,0.0,0.0,0.0,0.0,0,0.0,0,not_selected,0,0.0,not_selected,0.017414700239896774,0,0.324,0.0,0.0,0.0,0.0,0.0,0.0,0,180.4329953994602,0.0,0,0.0,0.0,0.0,0.0,recorded_dp_events_only,released_packet,private_experiment_logs_not_public_dp_outputs,5130,trainable_parameters_v1,tex_packet,0.0,not_established,0.25523490086197853,0.011911099776625633,legacy_per_link_selection,0,0.0,0.0,0.0,0,seal,0,seal_save_size_upper_bound,0,50;40,0.0,0,0,0.0,not_selected,0,0.0,0,0.0,8192,0,0,0,0,40,0,0,0.0,0.0,0,0,0.0,227.44337318355156,0,0.0,0.0,8.000000000001,0.0,0,measured_norm_ratio_not_a_convergence_threshold,0.9924480002373457,86,100,0,0,0,0,0,0,0,0,0,0,1,0.0,0.0,fixed_mode_fixed_privacy,0.0,0.0,incomplete_cross_domain_protection,local_packet_or_secure_aggregate,cross_domain_model_update,[],observed_operations_not_a_security_proof,False,no_new_cloud_update,0.0,75,0.0,1.0035039000213146,100,100,0,scheduled,"{""dp_he"": 0, ""dp_only"": 0, ""he_only"": 0, ""neither"": 100}","{""dp_he"": 0, ""dp_only"": 0, ""he_only"": 0, ""neither"": 100}",0.6920909993350506,0.0,100,0.0,4.0,0.324,1.983505262374878,0.325,1.9855046834945678,finite,0.011055899783968925,0.015796300023794174,0,0.0,0.0,1.0,0,0.0,0.0,0.0,0.0,0.0,0.0,0.0,0,0.0,0.0,0.0,0.0,0,0,0,0.0,0.0,0,0,0.0
0.9981658980250359,299.0973563872458,0.0,0.0,0.0,0,0,,,0.0,0.0,0.0,0.0,0,0.0,0,not_selected,0,0.0,not_selected,0.01736770011484623,0,0.324,0.0,0.0,0.0,0.0,0.0,0.0,0,181.78125140070915,0.0,0,0.0,0.0,0.0,0.0,recorded_dp_events_only,released_packet,private_experiment_logs_not_public_dp_outputs,5130,trainable_parameters_v1,tex_packet,0.0,not_established,0.25417619943618774,0.011735599488019943,legacy_per_link_selection,0,0.0,0.0,0.0,0,seal,0,seal_save_size_upper_bound,0,50;40,0.0,0,0,0.0,not_selected,0,0.0,0,0.0,8192,0,0,0,0,40,0,0,0.0,0.0,0,0,0.0,227.44337318355156,0,0.0,0.0,8.000000000001,0.0,0,measured_norm_ratio_not_a_convergence_threshold,1.0011232998222113,86,100,0,0,0,0,0,0,0,0,0,0,1,0.0,0.0,fixed_mode_fixed_privacy,0.0,0.0,incomplete_cross_domain_protection,local_packet_or_secure_aggregate,cross_domain_model_update,[],observed_operations_not_a_security_proof,False,no_new_cloud_update,0.0,76,0.0,1.0124172996729612,100,100,0,scheduled,"{""dp_he"": 0, ""dp_only"": 0, ""he_only"": 0, ""neither"": 100}","{""dp_he"": 0, ""dp_only"": 0, ""he_only"": 0, ""neither"": 100}",0.703592399135232,0.0,100,0.0,4.0,0.324,1.983505262374878,0.316,1.986935387611389,finite,0.01129399985074997,0.014251401647925377,0,0.0,0.0,1.0,0,0.0,0.0,0.0,0.0,0.0,0.0,0.0,0,0.0,0.0,0.0,0.0,0,0,0,0.0,0.0,0,0,0.0
1.0616916958242655,299.8326394863607,0.0,0.0,0.0,0,0,,,0.0,0.0,0.0,0.0,0,0.0,0,not_selected,0,0.0,not_selected,0.022230299189686775,0,0.324,0.0,0.0,0.0,0.0,0.0,0.0,0,183.19832660071552,0.0,0,0.0,0.0,0.0,0.0,recorded_dp_events_only,released_packet,private_experiment_logs_not_public_dp_outputs,5130,trainable_parameters_v1,tex_packet,0.0,not_established,0.2808276992291212,0.011170299723744392,legacy_per_link_selection,0,0.0,0.0,0.0,0,seal,0,seal_save_size_upper_bound,0,50;40,0.0,0,0,0.0,not_selected,0,0.0,0,0.0,8192,0,0,0,0,40,0,0,0.0,0.0,0,0,0.0,227.44337318355156,0,0.0,0.0,8.000000000001,0.0,0,measured_norm_ratio_not_a_convergence_threshold,1.0728647001087666,86,100,0,0,0,0,0,0,0,0,0,0,1,0.0,0.0,fixed_mode_fixed_privacy,0.0,0.0,incomplete_cross_domain_protection,local_packet_or_secure_aggregate,cross_domain_model_update,[],observed_operations_not_a_security_proof,False,no_new_cloud_update,0.0,77,0.0,1.0850449986755848,100,100,0,scheduled,"{""dp_he"": 0, ""dp_only"": 0, ""he_only"": 0, ""neither"": 100}","{""dp_he"": 0, ""dp_only"": 0, ""he_only"": 0, ""neither"": 100}",0.7352830991148949,0.0,100,0.0,4.0,0.324,1.983505262374878,0.322,1.988425139427185,finite,0.012180298566818237,0.023353302851319313,0,0.0,0.0,1.0,0,0.0,0.0,0.0,0.0,0.0,0.0,0.0,0,0.0,0.0,0.0,0.0,0,0,0,0.0,0.0,0,0,0.0
1.0626928005367517,300.5978658858867,0.0,0.0,0.0,0,0,,,0.0,0.0,0.0,0.0,0,0.0,0,not_selected,0,0.0,not_selected,0.0186660997569561,0,0.324,0.0,0.0,0.0,0.0,0.0,0.0,0,184.69631030038,0.0,0,0.0,0.0,0.0,0.0,recorded_dp_events_only,released_packet,private_experiment_logs_not_public_dp_outputs,5130,trainable_parameters_v1,tex_packet,0.0,not_established,0.25354900024831295,0.01287980005145073,legacy_per_link_selection,0,0.0,0.0,0.0,0,seal,0,seal_save_size_upper_bound,0,50;40,0.0,0,0,0.0,not_selected,0,0.0,0,0.0,8192,0,0,0,0,40,0,0,0.0,0.0,0,0,0.0,227.44337318355156,0,0.0,0.0,8.000000000001,0.0,0,measured_norm_ratio_not_a_convergence_threshold,1.0643874984234571,86,100,0,0,0,0,0,0,0,0,0,0,1,0.0,0.0,fixed_mode_fixed_privacy,0.0,0.0,incomplete_cross_domain_protection,local_packet_or_secure_aggregate,cross_domain_model_update,[],observed_operations_not_a_security_proof,False,no_new_cloud_update,0.0,78,0.0,1.076758999377489,100,100,0,scheduled,"{""dp_he"": 0, ""dp_only"": 0, ""he_only"": 0, ""neither"": 100}","{""dp_he"": 0, ""dp_only"": 0, ""he_only"": 0, ""neither"": 100}",0.765226399526,0.0,100,0.0,4.0,0.324,1.983505262374878,0.3245,1.989188793182373,finite,0.012371500954031944,0.014066198840737343,0,0.0,0.0,1.0,0,0.0,0.0,0.0,0.0,0.0,0.0,0.0,0,0.0,0.0,0.0,0.0,0,0,0,0.0,0.0,0,0,0.0
0.9944036975502968,301.291632084939,0.0,0.0,0.0,0,0,,,0.0,0.0,0.0,0.0,0,0.0,0,not_selected,0,0.0,not_selected,0.019176200032234192,0,0.324,0.0,0.0,0.0,0.0,0.0,0.0,0,186.04250420071185,0.0,0,0.0,0.0,0.0,0.0,recorded_dp_events_only,released_packet,private_experiment_logs_not_public_dp_outputs,5130,trainable_parameters_v1,tex_packet,0.0,not_established,0.25261620059609413,0.016242599114775658,legacy_per_link_selection,0,0.0,0.0,0.0,0,seal,0,seal_save_size_upper_bound,0,50;40,0.0,0,0,0.0,not_selected,0,0.0,0,0.0,8192,0,0,0,0,40,0,0,0.0,0.0,0,0,0.0,227.44337318355156,0,0.0,0.0,8.000000000001,0.0,0,measured_norm_ratio_not_a_convergence_threshold,0.9962726011872292,86,100,0,0,0,0,0,0,0,0,0,0,1,0.0,0.0,fixed_mode_fixed_privacy,0.0,0.0,incomplete_cross_domain_protection,local_packet_or_secure_aggregate,cross_domain_model_update,[],observed_operations_not_a_security_proof,False,no_new_cloud_update,0.0,79,0.0,1.0088750999420881,100,100,0,scheduled,"{""dp_he"": 0, ""dp_only"": 0, ""he_only"": 0, ""neither"": 100}","{""dp_he"": 0, ""dp_only"": 0, ""he_only"": 0, ""neither"": 100}",0.6937661990523338,0.0,100,0.0,4.0,0.324,1.983505262374878,0.313,1.9906240940093993,finite,0.01260249875485897,0.014471402391791344,0,0.0,0.0,1.0,0,0.0,0.0,0.0,0.0,0.0,0.0,0.0,0,0.0,0.0,0.0,0.0,0,0,0,0.0,0.0,0,0,0.0
1.0053293015807867,301.99816688599003,0.0,0.0,0.0,0,0,,,0.0,0.0,0.0,0.0,0,0.0,0,not_selected,0,0.0,not_selected,0.01666790060698986,0,0.324,0.0,0.0,0.0,0.0,0.0,0.0,0,187.40893290005624,0.0,0,0.0,0.0,0.0,0.0,recorded_dp_events_only,released_packet,private_experiment_logs_not_public_dp_outputs,5130,trainable_parameters_v1,tex_packet,0.0,not_established,0.2584613002836704,0.012333299964666367,legacy_per_link_selection,0,0.0,0.0,0.0,0,seal,0,seal_save_size_upper_bound,0,50;40,0.0,0,0,0.0,not_selected,0,0.0,0,0.0,8192,0,0,0,0,40,0,0,0.0,0.0,0,0,0.0,227.44337318355156,0,0.0,0.0,8.000000000001,0.0,0,measured_norm_ratio_not_a_convergence_threshold,1.0079693999141455,86,100,0,0,0,0,0,0,0,0,0,0,1,0.0,0.0,fixed_mode_fixed_privacy,0.0,0.0,incomplete_cross_domain_protection,local_packet_or_secure_aggregate,cross_domain_model_update,[],observed_operations_not_a_security_proof,False,no_new_cloud_update,0.0,80,0.0,1.019301399588585,100,100,0,scheduled,"{""dp_he"": 0, ""dp_only"": 0, ""he_only"": 0, ""neither"": 100}","{""dp_he"": 0, ""dp_only"": 0, ""he_only"": 0, ""neither"": 100}",0.7065348010510206,0.0,100,0.0,4.0,0.324,1.983505262374878,0.315,1.9885644607543946,finite,0.01133199967443943,0.013972098007798195,0,0.0,0.0,1.0,0,0.0,0.0,0.0,0.0,0.0,0.0,0.0,0,0.0,0.0,0.0,0.0,0,0,0,0.0,0.0,0,0,0.0
1.0912752989679575,302.7703534856619,0.0,0.0,0.0,0,0,,,0.0,0.0,0.0,0.0,0,0.0,0,not_selected,0,0.0,not_selected,0.019205600023269653,0,0.324,0.0,0.0,0.0,0.0,0.0,0.0,0,188.86794950067997,0.0,0,0.0,0.0,0.0,0.0,recorded_dp_events_only,released_packet,private_experiment_logs_not_public_dp_outputs,5130,trainable_parameters_v1,tex_packet,0.0,not_established,0.2771198991686106,0.011864500120282173,legacy_per_link_selection,0,0.0,0.0,0.0,0,seal,0,seal_save_size_upper_bound,0,50;40,0.0,0,0,0.0,not_selected,0,0.0,0,0.0,8192,0,0,0,0,40,0,0,0.0,0.0,0,0,0.0,227.44337318355156,0,0.0,0.0,8.000000000001,0.0,0,measured_norm_ratio_not_a_convergence_threshold,1.097691299393773,86,100,0,0,0,0,0,0,0,0,0,0,1,0.0,0.0,fixed_mode_fixed_privacy,0.0,0.0,incomplete_cross_domain_protection,local_packet_or_secure_aggregate,cross_domain_model_update,[],observed_operations_not_a_security_proof,False,no_new_cloud_update,0.0,81,0.0,1.1085899993777275,100,100,0,scheduled,"{""dp_he"": 0, ""dp_only"": 0, ""he_only"": 0, ""neither"": 100}","{""dp_he"": 0, ""dp_only"": 0, ""he_only"": 0, ""neither"": 100}",0.7721865996718407,0.0,100,0.0,4.0,0.324,1.983505262374878,0.3265,1.9760585250854492,finite,0.01089869998395443,0.017314700409770012,0,0.0,0.0,1.0,0,0.0,0.0,0.0,0.0,0.0,0.0,0.0,0,0.0,0.0,0.0,0.0,0,0,0,0.0,0.0,0,0,0.0
1.0731199011206627,303.5410288859339,0.0,0.0,0.0,0,0,,,0.0,0.0,0.0,0.0,0,0.0,0,not_selected,0,0.0,not_selected,0.019279200583696365,0,0.324,0.0,0.0,0.0,0.0,0.0,0.0,0,190.3622006997466,0.0,0,0.0,0.0,0.0,0.0,recorded_dp_events_only,released_packet,private_experiment_logs_not_public_dp_outputs,5130,trainable_parameters_v1,tex_packet,0.0,not_established,0.2570281997323036,0.013459600508213043,legacy_per_link_selection,0,0.0,0.0,0.0,0,seal,0,seal_save_size_upper_bound,0,50;40,0.0,0,0,0.0,not_selected,0,0.0,0,0.0,8192,0,0,0,0,40,0,0,0.0,0.0,0,0,0.0,227.44337318355156,0,0.0,0.0,8.000000000001,0.0,0,measured_norm_ratio_not_a_convergence_threshold,1.0801323000341654,86,100,0,0,0,0,0,0,0,0,0,0,1,0.0,0.0,fixed_mode_fixed_privacy,0.0,0.0,incomplete_cross_domain_protection,local_packet_or_secure_aggregate,cross_domain_model_update,[],observed_operations_not_a_security_proof,False,no_new_cloud_update,0.0,82,0.0,1.0928098000586033,100,100,0,scheduled,"{""dp_he"": 0, ""dp_only"": 0, ""he_only"": 0, ""neither"": 100}","{""dp_he"": 0, ""dp_only"": 0, ""he_only"": 0, ""neither"": 100}",0.7706754002720118,0.0,100,0.0,4.0,0.324,1.983505262374878,0.316,1.9828752660751343,finite,0.012677500024437904,0.019689898937940598,0,0.0,0.0,1.0,0,0.0,0.0,0.0,0.0,0.0,0.0,0.0,0,0.0,0.0,0.0,0.0,0,0,0,0.0,0.0,0,0,0.0
1.0224638003855944,304.2655734855862,0.0,0.0,0.0,0,0,,,0.0,0.0,0.0,0.0,0,0.0,0,not_selected,0,0.0,not_selected,0.01653270050883293,0,0.324,0.0,0.0,0.0,0.0,0.0,0.0,0,191.75023670122027,0.0,0,0.0,0.0,0.0,0.0,recorded_dp_events_only,released_packet,private_experiment_logs_not_public_dp_outputs,5130,trainable_parameters_v1,tex_packet,0.0,not_established,0.2582715004682541,0.011702099815011024,legacy_per_link_selection,0,0.0,0.0,0.0,0,seal,0,seal_save_size_upper_bound,0,50;40,0.0,0,0,0.0,not_selected,0,0.0,0,0.0,8192,0,0,0,0,40,0,0,0.0,0.0,0,0,0.0,227.44337318355156,0,0.0,0.0,8.000000000001,0.0,0,measured_norm_ratio_not_a_convergence_threshold,1.0257818009704351,86,100,0,0,0,0,0,0,0,0,0,0,1,0.0,0.0,fixed_mode_fixed_privacy,0.0,0.0,incomplete_cross_domain_protection,local_packet_or_secure_aggregate,cross_domain_model_update,[],observed_operations_not_a_security_proof,False,no_new_cloud_update,0.0,83,0.0,1.0371947009116411,100,100,0,scheduled,"{""dp_he"": 0, ""dp_only"": 0, ""he_only"": 0, ""neither"": 100}","{""dp_he"": 0, ""dp_only"": 0, ""he_only"": 0, ""neither"": 100}",0.7245445996522903,0.0,100,0.0,4.0,0.324,1.983505262374878,0.311,1.9964595174789428,finite,0.011412899941205978,0.014730900526046753,0,0.0,0.0,1.0,0,0.0,0.0,0.0,0.0,0.0,0.0,0.0,0,0.0,0.0,0.0,0.0,0,0,0,0.0,0.0,0,0,0.0
1.0181868001818657,304.9863498851837,0.0,0.0,0.0,0,0,,,0.0,0.0,0.0,0.0,0,0.0,0,not_selected,0,0.0,not_selected,0.01780109852552414,0,0.324,0.0,0.0,0.0,0.0,0.0,0.0,0,193.12973809987307,0.0,0,0.0,0.0,0.0,0.0,recorded_dp_events_only,released_packet,private_experiment_logs_not_public_dp_outputs,5130,trainable_parameters_v1,tex_packet,0.0,not_established,0.25348300114274025,0.014912400394678116,legacy_per_link_selection,0,0.0,0.0,0.0,0,seal,0,seal_save_size_upper_bound,0,50;40,0.0,0,0,0.0,not_selected,0,0.0,0,0.0,8192,0,0,0,0,40,0,0,0.0,0.0,0,0,0.0,227.44337318355156,0,0.0,0.0,8.000000000001,0.0,0,measured_norm_ratio_not_a_convergence_threshold,1.021000698208809,86,100,0,0,0,0,0,0,0,0,0,0,1,0.0,0.0,fixed_mode_fixed_privacy,0.0,0.0,incomplete_cross_domain_protection,local_packet_or_secure_aggregate,cross_domain_model_update,[],observed_operations_not_a_security_proof,False,no_new_cloud_update,0.0,84,0.0,1.0322145987302065,100,100,0,scheduled,"{""dp_he"": 0, ""dp_only"": 0, ""he_only"": 0, ""neither"": 100}","{""dp_he"": 0, ""dp_only"": 0, ""he_only"": 0, ""neither"": 100}",0.7207763995975256,0.0,100,0.0,4.0,0.324,1.983505262374878,0.331,1.9847101964950562,finite,0.01121390052139759,0.014027798548340797,0,0.0,0.0,1.0,0,0.0,0.0,0.0,0.0,0.0,0.0,0.0,0,0.0,0.0,0.0,0.0,0,0,0,0.0,0.0,0,0,0.0
1.1825526040047407,305.84736518638147,0.0,0.0,0.0,0,0,,,0.0,0.0,0.0,0.0,0,0.0,0,not_selected,0,0.0,not_selected,0.022948401048779488,0,0.324,0.0,0.0,0.0,0.0,0.0,0.0,0,194.70914120040834,0.0,0,0.0,0.0,0.0,0.0,recorded_dp_events_only,released_packet,private_experiment_logs_not_public_dp_outputs,5130,trainable_parameters_v1,tex_packet,0.0,not_established,0.27114810049533844,0.015753600746393204,legacy_per_link_selection,0,0.0,0.0,0.0,0,seal,0,seal_save_size_upper_bound,0,50;40,0.0,0,0,0.0,not_selected,0,0.0,0,0.0,8192,0,0,0,0,40,0,0,0.0,0.0,0,0,0.0,227.44337318355156,0,0.0,0.0,8.000000000001,0.0,0,measured_norm_ratio_not_a_convergence_threshold,1.1876492984592915,86,100,0,0,0,0,0,0,0,0,0,0,1,0.0,0.0,fixed_mode_fixed_privacy,0.0,0.0,incomplete_cross_domain_protection,local_packet_or_secure_aggregate,cross_domain_model_update,[],observed_operations_not_a_security_proof,False,no_new_cloud_update,0.0,85,0.0,1.1993364989757538,100,100,0,scheduled,"{""dp_he"": 0, ""dp_only"": 0, ""he_only"": 0, ""neither"": 100}","{""dp_he"": 0, ""dp_only"": 0, ""he_only"": 0, ""neither"": 100}",0.8610153011977673,0.0,100,0.0,4.0,0.324,1.983505262374878,0.3195,1.9915894088745116,finite,0.011687200516462326,0.01678389497101307,0,0.0,0.0,1.0,0,0.0,0.0,0.0,0.0,0.0,0.0,0.0,0,0.0,0.0,0.0,0.0,0,0,0,0.0,0.0,0,0,0.0
0.9930213000625372,306.54813688510967,0.0,0.0,0.0,0,0,,,0.0,0.0,0.0,0.0,0,0.0,0,not_selected,0,0.0,not_selected,0.01649700105190277,0,0.324,0.0,0.0,0.0,0.0,0.0,0.0,0,196.0987213011831,0.0,0,0.0,0.0,0.0,0.0,recorded_dp_events_only,released_packet,private_experiment_logs_not_public_dp_outputs,5130,trainable_parameters_v1,tex_packet,0.0,not_established,0.2527809999883175,0.01212180033326149,legacy_per_link_selection,0,0.0,0.0,0.0,0,seal,0,seal_save_size_upper_bound,0,50;40,0.0,0,0,0.0,not_selected,0,0.0,0,0.0,8192,0,0,0,0,40,0,0,0.0,0.0,0,0,0.0,227.44337318355156,0,0.0,0.0,8.000000000001,0.0,0,measured_norm_ratio_not_a_convergence_threshold,0.9962245002388954,86,100,0,0,0,0,0,0,0,0,0,0,1,0.0,0.0,fixed_mode_fixed_privacy,0.0,0.0,incomplete_cross_domain_protection,local_packet_or_secure_aggregate,cross_domain_model_update,[],observed_operations_not_a_security_proof,False,no_new_cloud_update,0.0,86,0.0,1.007074300199747,100,100,0,scheduled,"{""dp_he"": 0, ""dp_only"": 0, ""he_only"": 0, ""neither"": 100}","{""dp_he"": 0, ""dp_only"": 0, ""he_only"": 0, ""neither"": 100}",0.7007716987282038,0.0,100,0.0,4.0,0.324,1.983505262374878,0.337,1.9645108804702758,finite,0.01084979996085167,0.014053000137209892,0,0.0,0.0,1.0,0,0.0,0.0,0.0,0.0,0.0,0.0,0.0,0,0.0,0.0,0.0,0.0,0,0,0,0.0,0.0,0,0,0.0
1.0443633012473583,307.3032323856087,0.0,0.0,0.0,0,0,,,0.0,0.0,0.0,0.0,0,0.0,0,not_selected,0,0.0,not_selected,0.01638760045170784,0,0.324,0.0,0.0,0.0,0.0,0.0,0.0,0,197.5084748007357,0.0,0,0.0,0.0,0.0,0.0,recorded_dp_events_only,released_packet,private_experiment_logs_not_public_dp_outputs,5130,trainable_parameters_v1,tex_packet,0.0,not_established,0.25017889961600304,0.01155180111527443,legacy_per_link_selection,0,0.0,0.0,0.0,0,seal,0,seal_save_size_upper_bound,0,50;40,0.0,0,0,0.0,not_selected,0,0.0,0,0.0,8192,0,0,0,0,40,0,0,0.0,0.0,0,0,0.0,227.44337318355156,0,0.0,0.0,8.000000000001,0.0,0,measured_norm_ratio_not_a_convergence_threshold,1.0472424998879433,86,100,0,0,0,0,0,0,0,0,0,0,1,0.0,0.0,fixed_mode_fixed_privacy,0.0,0.0,incomplete_cross_domain_protection,local_packet_or_secure_aggregate,cross_domain_model_update,[],observed_operations_not_a_security_proof,False,no_new_cloud_update,0.0,87,0.0,1.0583919994533062,100,100,0,scheduled,"{""dp_he"": 0, ""dp_only"": 0, ""he_only"": 0, ""neither"": 100}","{""dp_he"": 0, ""dp_only"": 0, ""he_only"": 0, ""neither"": 100}",0.7550955004990101,0.0,100,0.0,4.0,0.324,1.983505262374878,0.316,1.9812301654815674,finite,0.01114949956536293,0.014028698205947876,0,0.0,0.0,1.0,0,0.0,0.0,0.0,0.0,0.0,0.0,0.0,0,0.0,0.0,0.0,0.0,0,0,0,0.0,0.0,0,0,0.0
1.052955599501729,308.0365828842105,0.0,0.0,0.0,0,0,,,0.0,0.0,0.0,0.0,0,0.0,0,not_selected,0,0.0,not_selected,0.02155430056154728,0,0.324,0.0,0.0,0.0,0.0,0.0,0.0,0,198.94907820038497,0.0,0,0.0,0.0,0.0,0.0,recorded_dp_events_only,released_packet,private_experiment_logs_not_public_dp_outputs,5130,trainable_parameters_v1,tex_packet,0.0,not_established,0.2727557998150587,0.013166200369596481,legacy_per_link_selection,0,0.0,0.0,0.0,0,seal,0,seal_save_size_upper_bound,0,50;40,0.0,0,0,0.0,not_selected,0,0.0,0,0.0,8192,0,0,0,0,40,0,0,0.0,0.0,0,0,0.0,227.44337318355156,0,0.0,0.0,8.000000000001,0.0,0,measured_norm_ratio_not_a_convergence_threshold,1.059171799570322,86,100,0,0,0,0,0,0,0,0,0,0,1,0.0,0.0,fixed_mode_fixed_privacy,0.0,0.0,incomplete_cross_domain_protection,local_packet_or_secure_aggregate,cross_domain_model_update,[],observed_operations_not_a_security_proof,False,no_new_cloud_update,0.0,88,0.0,1.0713005997240543,100,100,0,scheduled,"{""dp_he"": 0, ""dp_only"": 0, ""he_only"": 0, ""neither"": 100}","{""dp_he"": 0, ""dp_only"": 0, ""he_only"": 0, ""neither"": 100}",0.7333504986017942,0.0,100,0.0,4.0,0.324,1.983505262374878,0.316,1.9918770818710327,finite,0.0121288001537323,0.018345000222325325,0,0.0,0.0,1.0,0,0.0,0.0,0.0,0.0,0.0,0.0,0.0,0,0.0,0.0,0.0,0.0,0,0,0,0.0,0.0,0,0,0.0
1.0654615983366966,308.80356378370834,0.0,0.0,0.0,0,0,,,0.0,0.0,0.0,0.0,0,0.0,0,not_selected,0,0.0,not_selected,0.018575100228190422,0,0.324,0.0,0.0,0.0,0.0,0.0,0.0,0,200.45160089991987,0.0,0,0.0,0.0,0.0,0.0,recorded_dp_events_only,released_packet,private_experiment_logs_not_public_dp_outputs,5130,trainable_parameters_v1,tex_packet,0.0,not_established,0.25601609982550144,0.011283598840236664,legacy_per_link_selection,0,0.0,0.0,0.0,0,seal,0,seal_save_size_upper_bound,0,50;40,0.0,0,0,0.0,not_selected,0,0.0,0,0.0,8192,0,0,0,0,40,0,0,0.0,0.0,0,0,0.0,227.44337318355156,0,0.0,0.0,8.000000000001,0.0,0,measured_norm_ratio_not_a_convergence_threshold,1.0696681998670101,86,100,0,0,0,0,0,0,0,0,0,0,1,0.0,0.0,fixed_mode_fixed_privacy,0.0,0.0,incomplete_cross_domain_protection,local_packet_or_secure_aggregate,cross_domain_model_update,[],observed_operations_not_a_security_proof,False,no_new_cloud_update,0.0,89,0.0,1.0822740998119116,100,100,0,scheduled,"{""dp_he"": 0, ""dp_only"": 0, ""he_only"": 0, ""neither"": 100}","{""dp_he"": 0, ""dp_only"": 0, ""he_only"": 0, ""neither"": 100}",0.7669808994978666,0.0,100,0.0,4.0,0.324,1.983505262374878,0.3235,1.9764084854125976,finite,0.012605899944901466,0.016812501475214958,0,0.0,0.0,1.0,0,0.0,0.0,0.0,0.0,0.0,0.0,0.0,0,0.0,0.0,0.0,0.0,0,0,0,0.0,0.0,0,0,0.0
0.991916798055172,309.50784638227833,0.0,0.0,0.0,0,0,,,0.0,0.0,0.0,0.0,0,0.0,0,not_selected,0,0.0,not_selected,0.017954599112272263,0,0.324,0.0,0.0,0.0,0.0,0.0,0.0,0,201.83091950044036,0.0,0,0.0,0.0,0.0,0.0,recorded_dp_events_only,released_packet,private_experiment_logs_not_public_dp_outputs,5130,trainable_parameters_v1,tex_packet,0.0,not_established,0.24526670016348362,0.010223500430583954,legacy_per_link_selection,0,0.0,0.0,0.0,0,seal,0,seal_save_size_upper_bound,0,50;40,0.0,0,0,0.0,not_selected,0,0.0,0,0.0,8192,0,0,0,0,40,0,0,0.0,0.0,0,0,0.0,227.44337318355156,0,0.0,0.0,8.000000000001,0.0,0,measured_norm_ratio_not_a_convergence_threshold,0.9939146004617214,86,100,0,0,0,0,0,0,0,0,0,0,1,0.0,0.0,fixed_mode_fixed_privacy,0.0,0.0,incomplete_cross_domain_protection,local_packet_or_secure_aggregate,cross_domain_model_update,[],observed_operations_not_a_security_proof,False,no_new_cloud_update,0.0,90,0.0,1.0081040002405643,100,100,0,scheduled,"{""dp_he"": 0, ""dp_only"": 0, ""he_only"": 0, ""neither"": 100}","{""dp_he"": 0, ""dp_only"": 0, ""he_only"": 0, ""neither"": 100}",0.7042825985699892,0.0,100,0.0,4.0,0.324,1.983505262374878,0.308,1.9856831302642823,finite,0.014189399778842926,0.01618720218539238,0,0.0,0.0,1.0,0,0.0,0.0,0.0,0.0,0.0,0.0,0.0,0,0.0,0.0,0.0,0.0,0,0,0,0.0,0.0,0,0,0.0
1.038656199350953,310.24272578285945,0.0,0.0,0.0,0,0,,,0.0,0.0,0.0,0.0,0,0.0,0,not_selected,0,0.0,not_selected,0.01925629936158657,0,0.324,0.0,0.0,0.0,0.0,0.0,0.0,0,203.26525329984725,0.0,0,0.0,0.0,0.0,0.0,recorded_dp_events_only,released_packet,private_experiment_logs_not_public_dp_outputs,5130,trainable_parameters_v1,tex_packet,0.0,not_established,0.2616222985088825,0.012137200683355331,legacy_per_link_selection,0,0.0,0.0,0.0,0,seal,0,seal_save_size_upper_bound,0,50;40,0.0,0,0,0.0,not_selected,0,0.0,0,0.0,8192,0,0,0,0,40,0,0,0.0,0.0,0,0,0.0,227.44337318355156,0,0.0,0.0,8.000000000001,0.0,0,measured_norm_ratio_not_a_convergence_threshold,1.0447834003716707,86,100,0,0,0,0,0,0,0,0,0,0,1,0.0,0.0,fixed_mode_fixed_privacy,0.0,0.0,incomplete_cross_domain_protection,local_packet_or_secure_aggregate,cross_domain_model_update,[],observed_operations_not_a_security_proof,False,no_new_cloud_update,0.0,91,0.0,1.055544400587678,100,100,0,scheduled,"{""dp_he"": 0, ""dp_only"": 0, ""he_only"": 0, ""neither"": 100}","{""dp_he"": 0, ""dp_only"": 0, ""he_only"": 0, ""neither"": 100}",0.7348794005811214,0.0,100,0.0,4.0,0.324,1.983505262374878,0.3305,1.9752490701675416,finite,0.010761000216007233,0.016888201236724854,0,0.0,0.0,1.0,0,0.0,0.0,0.0,0.0,0.0,0.0,0.0,0,0.0,0.0,0.0,0.0,0,0,0,0.0,0.0,0,0,0.0
1.1289802994579077,311.05544218311024,0.0,0.0,0.0,0,0,,,0.0,0.0,0.0,0.0,0,0.0,0,not_selected,0,0.0,not_selected,0.01805119961500168,0,0.324,0.0,0.0,0.0,0.0,0.0,0.0,0,204.81956450082362,0.0,0,0.0,0.0,0.0,0.0,recorded_dp_events_only,released_packet,private_experiment_logs_not_public_dp_outputs,5130,trainable_parameters_v1,tex_packet,0.0,not_established,0.272070100530982,0.011246100068092346,legacy_per_link_selection,0,0.0,0.0,0.0,0,seal,0,seal_save_size_upper_bound,0,50;40,0.0,0,0,0.0,not_selected,0,0.0,0,0.0,8192,0,0,0,0,40,0,0,0.0,0.0,0,0,0.0,227.44337318355156,0,0.0,0.0,8.000000000001,0.0,0,measured_norm_ratio_not_a_convergence_threshold,1.1307049002498388,86,100,0,0,0,0,0,0,0,0,0,0,1,0.0,0.0,fixed_mode_fixed_privacy,0.0,0.0,incomplete_cross_domain_protection,local_packet_or_secure_aggregate,cross_domain_model_update,[],observed_operations_not_a_security_proof,False,no_new_cloud_update,0.0,92,0.0,1.145601399242878,100,100,0,scheduled,"{""dp_he"": 0, ""dp_only"": 0, ""he_only"": 0, ""neither"": 100}","{""dp_he"": 0, ""dp_only"": 0, ""he_only"": 0, ""neither"": 100}",0.8127164002507925,0.0,100,0.0,4.0,0.324,1.983505262374878,0.3195,1.991856595993042,finite,0.014896498993039131,0.016621099784970284,0,0.0,0.0,1.0,0,0.0,0.0,0.0,0.0,0.0,0.0,0.0,0,0.0,0.0,0.0,0.0,0,0,0,0.0,0.0,0,0,0.0
1.1209681052714586,311.854674384761,0.0,0.0,0.0,0,0,,,0.0,0.0,0.0,0.0,0,0.0,0,not_selected,0,0.0,not_selected,0.019849900156259537,0,0.324,0.0,0.0,0.0,0.0,0.0,0.0,0,206.36228889971972,0.0,0,0.0,0.0,0.0,0.0,recorded_dp_events_only,released_packet,private_experiment_logs_not_public_dp_outputs,5130,trainable_parameters_v1,tex_packet,0.0,not_established,0.2717074006795883,0.014037800952792168,legacy_per_link_selection,0,0.0,0.0,0.0,0,seal,0,seal_save_size_upper_bound,0,50;40,0.0,0,0,0.0,not_selected,0,0.0,0,0.0,8192,0,0,0,0,40,0,0,0.0,0.0,0,0,0.0,227.44337318355156,0,0.0,0.0,8.000000000001,0.0,0,measured_norm_ratio_not_a_convergence_threshold,1.1203524991869926,86,100,0,0,0,0,0,0,0,0,0,0,1,0.0,0.0,fixed_mode_fixed_privacy,0.0,0.0,incomplete_cross_domain_protection,local_packet_or_secure_aggregate,cross_domain_model_update,[],observed_operations_not_a_security_proof,False,no_new_cloud_update,0.0,93,0.0,1.1364933010190725,100,100,0,scheduled,"{""dp_he"": 0, ""dp_only"": 0, ""he_only"": 0, ""neither"": 100}","{""dp_he"": 0, ""dp_only"": 0, ""he_only"": 0, ""neither"": 100}",0.7992322016507387,0.0,100,0.0,4.0,0.324,1.983505262374878,0.3105,1.9950882835388184,finite,0.016140801832079887,0.015525195747613907,0,0.0,0.0,1.0,0,0.0,0.0,0.0,0.0,0.0,0.0,0.0,0,0.0,0.0,0.0,0.0,0,0,0,0.0,0.0,0,0,0.0
1.0057555008679628,312.5694530837418,0.0,0.0,0.0,0,0,,,0.0,0.0,0.0,0.0,0,0.0,0,not_selected,0,0.0,not_selected,0.017086699604988098,0,0.324,0.0,0.0,0.0,0.0,0.0,0.0,0,207.79355650022626,0.0,0,0.0,0.0,0.0,0.0,recorded_dp_events_only,released_packet,private_experiment_logs_not_public_dp_outputs,5130,trainable_parameters_v1,tex_packet,0.0,not_established,0.2515610996633768,0.010878501459956169,legacy_per_link_selection,0,0.0,0.0,0.0,0,seal,0,seal_save_size_upper_bound,0,50;40,0.0,0,0,0.0,not_selected,0,0.0,0,0.0,8192,0,0,0,0,40,0,0,0.0,0.0,0,0,0.0,227.44337318355156,0,0.0,0.0,8.000000000001,0.0,0,measured_norm_ratio_not_a_convergence_threshold,1.0089455991983414,86,100,0,0,0,0,0,0,0,0,0,0,1,0.0,0.0,fixed_mode_fixed_privacy,0.0,0.0,incomplete_cross_domain_protection,local_packet_or_secure_aggregate,cross_domain_model_update,[],observed_operations_not_a_security_proof,False,no_new_cloud_update,0.0,94,0.0,1.0203961003571749,100,100,0,scheduled,"{""dp_he"": 0, ""dp_only"": 0, ""he_only"": 0, ""neither"": 100}","{""dp_he"": 0, ""dp_only"": 0, ""he_only"": 0, ""neither"": 100}",0.7147786989808083,0.0,100,0.0,4.0,0.324,1.983505262374878,0.3105,1.9975630378723144,finite,0.011450501158833504,0.014640599489212036,0,0.0,0.0,1.0,0,0.0,0.0,0.0,0.0,0.0,0.0,0.0,0,0.0,0.0,0.0,0.0,0,0,0,0.0,0.0,0,0,0.0
1.0330153983086348,313.2887727830739,0.0,0.0,0.0,0,0,,,0.0,0.0,0.0,0.0,0,0.0,0,not_selected,0,0.0,not_selected,0.01965790055692196,0,0.324,0.0,0.0,0.0,0.0,0.0,0.0,0,209.21639969944954,0.0,0,0.0,0.0,0.0,0.0,recorded_dp_events_only,released_packet,private_experiment_logs_not_public_dp_outputs,5130,trainable_parameters_v1,tex_packet,0.0,not_established,0.27023679949343204,0.01114559918642044,legacy_per_link_selection,0,0.0,0.0,0.0,0,seal,0,seal_save_size_upper_bound,0,50;40,0.0,0,0,0.0,not_selected,0,0.0,0,0.0,8192,0,0,0,0,40,0,0,0.0,0.0,0,0,0.0,227.44337318355156,0,0.0,0.0,8.000000000001,0.0,0,measured_norm_ratio_not_a_convergence_threshold,1.04133060015738,86,100,0,0,0,0,0,0,0,0,0,0,1,0.0,0.0,fixed_mode_fixed_privacy,0.0,0.0,incomplete_cross_domain_protection,local_packet_or_secure_aggregate,cross_domain_model_update,[],observed_operations_not_a_security_proof,False,no_new_cloud_update,0.0,95,0.0,1.0539859998971224,100,100,0,scheduled,"{""dp_he"": 0, ""dp_only"": 0, ""he_only"": 0, ""neither"": 100}","{""dp_he"": 0, ""dp_only"": 0, ""he_only"": 0, ""neither"": 100}",0.719319699332118,0.0,100,0.0,4.0,0.324,1.983505262374878,0.327,1.9855799646377563,finite,0.012655399739742279,0.020970601588487625,0,0.0,0.0,1.0,0,0.0,0.0,0.0,0.0,0.0,0.0,0.0,0,0.0,0.0,0.0,0.0,0,0,0,0.0,0.0,0,0,0.0
1.0739478003233671,314.06026238279355,0.0,0.0,0.0,0,0,,,0.0,0.0,0.0,0.0,0,0.0,0,not_selected,0,0.0,not_selected,0.018254699185490608,0,0.324,0.0,0.0,0.0,0.0,0.0,0.0,0,210.777533499524,0.0,0,0.0,0.0,0.0,0.0,recorded_dp_events_only,released_packet,private_experiment_logs_not_public_dp_outputs,5130,trainable_parameters_v1,tex_packet,0.0,not_established,0.2624074015766382,0.010987900197505951,legacy_per_link_selection,0,0.0,0.0,0.0,0,seal,0,seal_save_size_upper_bound,0,50;40,0.0,0,0,0.0,not_selected,0,0.0,0,0.0,8192,0,0,0,0,40,0,0,0.0,0.0,0,0,0.0,227.44337318355156,0,0.0,0.0,8.000000000001,0.0,0,measured_norm_ratio_not_a_convergence_threshold,1.0791455004364252,86,100,0,0,0,0,0,0,0,0,0,0,1,0.0,0.0,fixed_mode_fixed_privacy,0.0,0.0,incomplete_cross_domain_protection,local_packet_or_secure_aggregate,cross_domain_model_update,[],observed_operations_not_a_security_proof,False,no_new_cloud_update,0.0,96,0.0,1.089953700080514,100,100,0,scheduled,"{""dp_he"": 0, ""dp_only"": 0, ""he_only"": 0, ""neither"": 100}","{""dp_he"": 0, ""dp_only"": 0, ""he_only"": 0, ""neither"": 100}",0.7714895997196436,0.0,100,0.0,4.0,0.324,1.983505262374878,0.316,1.9857316246032715,finite,0.010808199644088745,0.016005899757146835,0,0.0,0.0,1.0,0,0.0,0.0,0.0,0.0,0.0,0.0,0.0,0,0.0,0.0,0.0,0.0,0,0,0,0.0,0.0,0,0,0.0
1.041152197867632,314.8029431820096,0.0,0.0,0.0,0,0,,,0.0,0.0,0.0,0.0,0,0.0,0,not_selected,0,0.0,not_selected,0.019395699724555016,0,0.324,0.0,0.0,0.0,0.0,0.0,0.0,0,212.2259390000254,0.0,0,0.0,0.0,0.0,0.0,recorded_dp_events_only,released_packet,private_experiment_logs_not_public_dp_outputs,5130,trainable_parameters_v1,tex_packet,0.0,not_established,0.25685940124094486,0.011259298771619797,legacy_per_link_selection,0,0.0,0.0,0.0,0,seal,0,seal_save_size_upper_bound,0,50;40,0.0,0,0,0.0,not_selected,0,0.0,0,0.0,8192,0,0,0,0,40,0,0,0.0,0.0,0,0,0.0,227.44337318355156,0,0.0,0.0,8.000000000001,0.0,0,measured_norm_ratio_not_a_convergence_threshold,1.0449932012706995,86,100,0,0,0,0,0,0,0,0,0,0,1,0.0,0.0,fixed_mode_fixed_privacy,0.0,0.0,incomplete_cross_domain_protection,local_packet_or_secure_aggregate,cross_domain_model_update,[],observed_operations_not_a_security_proof,False,no_new_cloud_update,0.0,97,0.0,1.0559502001851797,100,100,0,scheduled,"{""dp_he"": 0, ""dp_only"": 0, ""he_only"": 0, ""neither"": 100}","{""dp_he"": 0, ""dp_only"": 0, ""he_only"": 0, ""neither"": 100}",0.742680799216032,0.0,100,0.0,4.0,0.324,1.983505262374878,0.314,1.9970647954940797,finite,0.01095699891448021,0.014798002317547798,0,0.0,0.0,1.0,0,0.0,0.0,0.0,0.0,0.0,0.0,0.0,0,0.0,0.0,0.0,0.0,0,0,0,0.0,0.0,0,0,0.0
1.015379499644041,315.52293648274554,0.0,0.0,0.0,0,0,,,0.0,0.0,0.0,0.0,0,0.0,0,not_selected,0,0.0,not_selected,0.017447398975491524,0,0.324,0.0,0.0,0.0,0.0,0.0,0.0,0,213.64982639998198,0.0,0,0.0,0.0,0.0,0.0,recorded_dp_events_only,released_packet,private_experiment_logs_not_public_dp_outputs,5130,trainable_parameters_v1,tex_packet,0.0,not_established,0.25488550029695034,0.010791299864649773,legacy_per_link_selection,0,0.0,0.0,0.0,0,seal,0,seal_save_size_upper_bound,0,50;40,0.0,0,0,0.0,not_selected,0,0.0,0,0.0,8192,0,0,0,0,40,0,0,0.0,0.0,0,0,0.0,227.44337318355156,0,0.0,0.0,8.000000000001,0.0,0,measured_norm_ratio_not_a_convergence_threshold,1.0178344007581472,86,100,0,0,0,0,0,0,0,0,0,0,1,0.0,0.0,fixed_mode_fixed_privacy,0.0,0.0,incomplete_cross_domain_protection,local_packet_or_secure_aggregate,cross_domain_model_update,[],observed_operations_not_a_security_proof,False,no_new_cloud_update,0.0,98,0.0,1.0300964005291462,100,100,0,scheduled,"{""dp_he"": 0, ""dp_only"": 0, ""he_only"": 0, ""neither"": 100}","{""dp_he"": 0, ""dp_only"": 0, ""he_only"": 0, ""neither"": 100}",0.7199933007359505,0.0,100,0.0,4.0,0.324,1.983505262374878,0.3185,1.995489508628845,finite,0.012261999770998955,0.014716900885105133,0,0.0,0.0,1.0,0,0.0,0.0,0.0,0.0,0.0,0.0,0.0,0,0.0,0.0,0.0,0.0,0,0,0,0.0,0.0,0,0,0.0
1.136269398033619,316.3422842834325,0.0,0.0,0.0,0,0,,,0.0,0.0,0.0,0.0,0,0.0,0,not_selected,0,0.0,not_selected,0.021029699593782425,0,0.324,0.0,0.0,0.0,0.0,0.0,0.0,0,215.2257326003164,0.0,0,0.0,0.0,0.0,0.0,recorded_dp_events_only,released_packet,private_experiment_logs_not_public_dp_outputs,5130,trainable_parameters_v1,tex_packet,0.0,not_established,0.2671646997332573,0.014136798679828644,legacy_per_link_selection,0,0.0,0.0,0.0,0,seal,0,seal_save_size_upper_bound,0,50;40,0.0,0,0,0.0,not_selected,0,0.0,0,0.0,8192,0,0,0,0,40,0,0,0.0,0.0,0,0,0.0,227.44337318355156,0,0.0,0.0,8.000000000001,0.0,0,measured_norm_ratio_not_a_convergence_threshold,1.136497501283884,86,100,0,0,0,0,0,0,0,0,0,0,1,0.0,0.0,fixed_mode_fixed_privacy,0.0,0.0,incomplete_cross_domain_protection,local_packet_or_secure_aggregate,cross_domain_model_update,[],observed_operations_not_a_security_proof,False,no_new_cloud_update,0.0,99,0.0,1.1510879006236792,100,100,0,scheduled,"{""dp_he"": 0, ""dp_only"": 0, ""he_only"": 0, ""neither"": 100}","{""dp_he"": 0, ""dp_only"": 0, ""he_only"": 0, ""neither"": 100}",0.8193478006869555,0.0,100,0.0,4.0,0.324,1.983505262374878,0.32,1.9883465404510499,finite,0.014590399339795113,0.014818502590060234,0,0.0,0.0,1.0,0,0.0,0.0,0.0,0.0,0.0,0.0,0.0,0,0.0,0.0,0.0,0.0,0,0,0,0.0,0.0,0,0,0.0
