accounted_phase_wall_time_sec,accounted_system_time_sec,accuracy_change_from_previous,actual_cloud_fusion_ratio,actual_cloud_share_of_admitted,actual_local_batches,actual_optimizer_steps,admitted_client_ids_actual,admitted_client_ids_objective,admitted_update_norm_max,admitted_update_norm_mean,aggregate_dp_max_client_weight,aggregate_dp_noise_norm,aggregate_dp_noise_share_count,aggregate_dp_noise_std,aggregate_dp_protected_packets,aggregate_dp_protocol,aggregate_dp_release,aggregate_dp_sensitivity,aggregate_dp_transport,aggregation_wall_time_sec,all_cross_domain_updates_protected,best_accuracy,cloud_aggregation_time,cloud_edge_sample_ratio_max,cloud_edge_sample_ratio_min,cloud_fusion_ratio,cloud_input_update_norm_max,cloud_input_update_norm_mean,communication_volume,cumulative_wall_time_sec,direction_aggregate_to_mean_client_norm_ratio,direction_client_count,direction_mean_client_cosine,direction_mean_client_norm,direction_negative_cosine_fraction,direction_raw_aggregate_norm,dp_accountant_scope,dp_clipping_unit,dp_diagnostic_scope,dp_parameter_count,dp_parameter_scope,dp_release_calibration,edge_aggregation_time,end_to_end_dp_status,evaluation_wall_time_sec,flow_wall_time_sec,global_release_contract,global_release_count,global_release_epsilon,global_update_norm,he_addition_time_sec,he_aggregation_calls,he_backend,he_ciphertext_bytes,he_ciphertext_bytes_semantics,he_ciphertext_count,he_coeff_mod_bit_sizes,he_decryption_time_sec,he_encrypted_parameter_values,he_encrypted_updates,he_encryption_time_sec,he_execution_status,he_failures,he_key_setup_time_sec,he_mapped_update_bytes,he_max_abs_error,he_poly_modulus_degree,he_process_chunks_per_task,he_process_fallbacks,he_process_tasks,he_process_workers,he_scale_bits,he_selected_but_profiled_clients,he_shared_memory_bytes,he_wall_time_sec,he_worker_cpu_time_sec,infeasible_clients,local_packet_dp_release_count,local_packet_dp_released_noise_norm,logical_time,mainline_fusion,max_feature_epsilon,max_risk,max_update_epsilon,min_remaining_epsilon,multi_edge_loop_client_cycles,noise_ratio_semantics,non_training_wall_time_sec,num_budget_exhausted_clients,num_clients,num_edge_only_update_clients,num_effective_clients,num_effective_edges,num_feature_dp_clients,num_global_update_clients,num_he_clients,num_update_dp_clients,num_update_dp_he_clients,num_update_dp_only_clients,num_update_he_only_clients,numerically_valid,omega_feature_clip_excess_sq_max,omega_feature_clip_excess_sq_mean,policy,post_to_pre_update_norm_ratio,pre_dp_global_update_norm,privacy_guarantee,privacy_mechanism_scope,protected_object,protection_release_audit,protection_rule_scope,real_he_used,released_model_dp_coverage,return_time,round,round_duration,round_wall_time_sec,selection_pool_candidates_after_stability,selection_pool_candidates_before_stability,selection_stability_removed_candidates,selection_trigger,selection_update_mechanisms_after_stability,selection_update_mechanisms_before_stability,selection_wall_time_sec,selector_cloud_fusion_ratio,skipped_clients,system_latency_objective,system_omega_objective,test_accuracy,test_loss,train_accuracy,train_loss,training_health,training_wall_time_sec,unattributed_wall_time_sec,uniform_update_dp,update_dp_clip_fraction,update_dp_clip_scale_mean,update_dp_clip_scale_min,update_dp_clipped_clients,update_dp_coverage,update_dp_max_client_fraction,update_dp_noise_norm,update_dp_noise_norm_max,update_dp_noise_norm_mean,update_dp_noise_std,update_dp_noise_to_signal_ratio,update_dp_preclip_norm_count,update_dp_preclip_norm_max,update_dp_preclip_norm_mean,update_dp_preclip_norm_p50,update_dp_preclip_norm_p90,update_dp_protected_clients,update_dp_release,update_dp_release_count,update_dp_sensitivity,update_he_coverage,update_packets_with_real_he_pending_isolation,update_packets_without_dp_calibration,waiting_time
76.50293730013072,241.42368458473993,0.0,0.86,1.0,258,258,0;1;2;3;4;6;7;9;10;11;12;13;14;15;16;17;18;19;21;22;23;24;25;26;27;28;29;30;31;33;34;35;36;37;38;39;40;41;42;43;44;45;47;48;49;50;51;53;55;56;57;58;59;61;62;63;64;66;67;68;70;71;73;74;75;76;78;79;80;81;82;83;84;86;87;88;89;90;91;92;93;94;95;96;97;99,0;1;2;3;4;6;7;9;10;11;12;13;14;15;16;17;18;19;21;22;23;24;25;26;27;28;29;30;31;33;34;35;36;37;38;39;40;41;42;43;44;45;47;48;49;50;51;53;55;56;57;58;59;61;62;63;64;66;67;68;70;71;73;74;75;76;78;79;80;81;82;83;84;86;87;88;89;90;91;92;93;94;95;96;97;99,0.0,0.0,0.0,0.0,0,0.0,0,not_selected,0,0.0,not_selected,55.40537670068443,1,0.324,53.98024100799998,1.0,0.7,0.86,0.31904457759056626,0.3106481349461606,61697.61696191986,76.8933169990778,0.0,0,0.0,0.0,0.0,0.0,recorded_dp_events_only,released_packet,private_experiment_logs_not_public_dp_outputs,5130,trainable_parameters_v1,tex_packet,115.99454544,not_established,0.5019447989761829,0.003388000652194023,legacy_per_link_selection,0,0.0,0.2995047476524114,1.7576751131564379,1,seal,3581350500,seal_save_size_upper_bound,27300,50;40,1.0760057140141726,111816420,10,82.73633837327361,real,0,0.045782798901200294,447265680,4.415662685632742e-08,8192,32,0,86,4,40,0,0,30.426177199929953,85.57001920044422,0,0,0.0,227.44337318355156,0,0.0,0.58,8.000000000001,0.0,258,measured_norm_ratio_not_a_convergence_threshold,69.90260570123792,86,100,0,86,10,0,86,86,86,86,0,0,1,0.0,0.0,fixed_mode_dynamic_privacy,1.0,0.2995047476524114,uniform_secure_aggregate_dp,local_packet_or_secure_aggregate,cross_domain_model_update,"[{""aggregate_only_decryption_enforced"": false, ""client_ids"": ""0;10;30;40;50;70;80;90"", ""destination"": ""cloud"", ""dp_budget_ok"": true, ""dp_event_observed"": false, ""formal_dp_status"": ""not_established"", ""he_crypto_observed"": true, ""he_execution"": ""real"", ""key_isolation_enforced"": false, ""mechanism"": ""dp_he3"", ""mode"": ""LIIEIIIC"", ""noise_location"": ""none"", ""object"": ""model_update"", ""packet_index"": 0, ""packet_protection_status"": ""real_he_pending_role_isolation"", ""released_model_dp_status"": ""no_valid_dp_calibration_for_contribution"", ""round"": 0, ""source"": ""edge"", ""source_domain"": 0}, {""aggregate_only_decryption_enforced"": false, ""client_ids"": ""1;11;21;31;41;51;61;71;81;91"", ""destination"": ""cloud"", ""dp_budget_ok"": true, ""dp_event_observed"": false, ""formal_dp_status"": ""not_established"", ""he_crypto_observed"": true, ""he_execution"": ""real"", ""key_isolation_enforced"": false, ""mechanism"": ""dp_he3"", ""mode"": ""LIIEIIIC"", ""noise_location"": ""none"", ""object"": ""model_update"", ""packet_index"": 1, ""packet_protection_status"": ""real_he_pending_role_isolation"", ""released_model_dp_status"": ""no_valid_dp_calibration_for_contribution"", ""round"": 0, ""source"": ""edge"", ""source_domain"": 1}, {""aggregate_only_decryption_enforced"": false, ""client_ids"": ""2;12;22;42;62;82;92"", ""destination"": ""cloud"", ""dp_budget_ok"": true, ""dp_event_observed"": false, ""formal_dp_status"": ""not_established"", ""he_crypto_observed"": true, ""he_execution"": ""real"", ""key_isolation_enforced"": false, ""mechanism"": ""dp_he3"", ""mode"": ""LIIEIIIC"", ""noise_location"": ""none"", ""object"": ""model_update"", ""packet_index"": 2, ""packet_protection_status"": ""real_he_pending_role_isolation"", ""released_model_dp_status"": ""no_valid_dp_calibration_for_contribution"", ""round"": 0, ""source"": ""edge"", ""source_domain"": 2}, {""aggregate_only_decryption_enforced"": false, ""client_ids"": ""3;13;23;33;43;53;63;73;83;93"", ""destination"": ""cloud"", ""dp_budget_ok"": true, ""dp_event_observed"": false, ""formal_dp_status"": ""not_established"", ""he_crypto_observed"": true, ""he_execution"": ""real"", ""key_isolation_enforced"": false, ""mechanism"": ""dp_he3"", ""mode"": ""LIIEIIIC"", ""noise_location"": ""none"", ""object"": ""model_update"", ""packet_index"": 3, ""packet_protection_status"": ""real_he_pending_role_isolation"", ""released_model_dp_status"": ""no_valid_dp_calibration_for_contribution"", ""round"": 0, ""source"": ""edge"", ""source_domain"": 3}, {""aggregate_only_decryption_enforced"": false, ""client_ids"": ""4;14;24;34;44;64;74;84;94"", ""destination"": ""cloud"", ""dp_budget_ok"": true, ""dp_event_observed"": false, ""formal_dp_status"": ""not_established"", ""he_crypto_observed"": true, ""he_execution"": ""real"", ""key_isolation_enforced"": false, ""mechanism"": ""dp_he3"", ""mode"": ""LIIEIIIC"", ""noise_location"": ""none"", ""object"": ""model_update"", ""packet_index"": 4, ""packet_protection_status"": ""real_he_pending_role_isolation"", ""released_model_dp_status"": ""no_valid_dp_calibration_for_contribution"", ""round"": 0, ""source"": ""edge"", ""source_domain"": 4}, {""aggregate_only_decryption_enforced"": false, ""client_ids"": ""6;16;26;36;56;66;76;86;96"", ""destination"": ""cloud"", ""dp_budget_ok"": true, ""dp_event_observed"": false, ""formal_dp_status"": ""not_established"", ""he_crypto_observed"": true, ""he_execution"": ""real"", ""key_isolation_enforced"": false, ""mechanism"": ""dp_he3"", ""mode"": ""LIIEIIIC"", ""noise_location"": ""none"", ""object"": ""model_update"", ""packet_index"": 5, ""packet_protection_status"": ""real_he_pending_role_isolation"", ""released_model_dp_status"": ""no_valid_dp_calibration_for_contribution"", ""round"": 0, ""source"": ""edge"", ""source_domain"": 6}, {""aggregate_only_decryption_enforced"": false, ""client_ids"": ""7;17;27;37;47;57;67;87;97"", ""destination"": ""cloud"", ""dp_budget_ok"": true, ""dp_event_observed"": false, ""formal_dp_status"": ""not_established"", ""he_crypto_observed"": true, ""he_execution"": ""real"", ""key_isolation_enforced"": false, ""mechanism"": ""dp_he3"", ""mode"": ""LIIEIIIC"", ""noise_location"": ""none"", ""object"": ""model_update"", ""packet_index"": 6, ""packet_protection_status"": ""real_he_pending_role_isolation"", ""released_model_dp_status"": ""no_valid_dp_calibration_for_contribution"", ""round"": 0, ""source"": ""edge"", ""source_domain"": 7}, {""aggregate_only_decryption_enforced"": false, ""client_ids"": ""9;19;29;39;49;59;79;89;99"", ""destination"": ""cloud"", ""dp_budget_ok"": true, ""dp_event_observed"": false, ""formal_dp_status"": ""not_established"", ""he_crypto_observed"": true, ""he_execution"": ""real"", ""key_isolation_enforced"": false, ""mechanism"": ""dp_he3"", ""mode"": ""LIIEIIIC"", ""noise_location"": ""none"", ""object"": ""model_update"", ""packet_index"": 7, ""packet_protection_status"": ""real_he_pending_role_isolation"", ""released_model_dp_status"": ""no_valid_dp_calibration_for_contribution"", ""round"": 0, ""source"": ""edge"", ""source_domain"": 9}, {""aggregate_only_decryption_enforced"": false, ""client_ids"": ""15;25;35;45;55;75;95"", ""destination"": ""cloud"", ""dp_budget_ok"": true, ""dp_event_observed"": false, ""formal_dp_status"": ""not_established"", ""he_crypto_observed"": true, ""he_execution"": ""real"", ""key_isolation_enforced"": false, ""mechanism"": ""dp_he3"", ""mode"": ""LIIEIIIC"", ""noise_location"": ""none"", ""object"": ""model_update"", ""packet_index"": 8, ""packet_protection_status"": ""real_he_pending_role_isolation"", ""released_model_dp_status"": ""no_valid_dp_calibration_for_contribution"", ""round"": 0, ""source"": ""edge"", ""source_domain"": 5}, {""aggregate_only_decryption_enforced"": false, ""client_ids"": ""18;28;38;48;58;68;78;88"", ""destination"": ""cloud"", ""dp_budget_ok"": true, ""dp_event_observed"": false, ""formal_dp_status"": ""not_established"", ""he_crypto_observed"": true, ""he_execution"": ""real"", ""key_isolation_enforced"": false, ""mechanism"": ""dp_he3"", ""mode"": ""LIIEIIIC"", ""noise_location"": ""none"", ""object"": ""model_update"", ""packet_index"": 9, ""packet_protection_status"": ""real_he_pending_role_isolation"", ""released_model_dp_status"": ""no_valid_dp_calibration_for_contribution"", ""round"": 0, ""source"": ""edge"", ""source_domain"": 8}]",observed_operations_not_a_security_proof,True,some_contributions_without_dp_calibration,17.730042724264212,0,227.44337318355156,76.51452209986746,358,358,0,scheduled,"{""dp_he"": 344, ""dp_only"": 0, ""he_only"": 0, ""neither"": 14}","{""dp_he"": 344, ""dp_only"": 0, ""he_only"": 0, ""neither"": 14}",13.980311401188374,0.86,14,227.44337318355156,1237.3840928807301,0.324,1.9835052347183229,0.315,2.0061147994995117,finite,6.611916398629546,0.011584799736738205,1,0.0,0.0,1.0,0,1.0,0.0,0.0,0.0,0.0,0.0,0.0,0,0.0,0.0,0.0,0.0,86,0,0,0.0,1.0,10,10,818.1338240353148
0.9340202007442713,242.10812998453093,0.0,0.0,0.0,0,0,,,0.0,0.0,0.0,0.0,0,0.0,0,not_selected,0,0.0,not_selected,0.009928800165653229,0,0.324,0.0,0.0,0.0,0.0,0.0,0.0,0,78.00775809958577,0.0,0,0.0,0.0,0.0,0.0,recorded_dp_events_only,released_packet,private_experiment_logs_not_public_dp_outputs,5130,trainable_parameters_v1,tex_packet,0.0,not_established,0.23038350045681,0.004094799980521202,legacy_per_link_selection,0,0.0,0.0,0.0,0,seal,0,seal_save_size_upper_bound,0,50;40,0.0,0,0,0.0,not_selected,0,0.0,0,0.0,8192,0,0,0,0,40,0,0,0.0,0.0,0,0,0.0,227.44337318355156,0,0.0,0.0,8.000000000001,0.0,0,measured_norm_ratio_not_a_convergence_threshold,0.9408603999763727,86,100,0,0,0,0,0,0,0,0,0,0,1,0.0,0.0,fixed_mode_dynamic_privacy,0.0,0.0,incomplete_cross_domain_protection,local_packet_or_secure_aggregate,cross_domain_model_update,[],observed_operations_not_a_security_proof,False,no_new_cloud_update,0.0,1,0.0,0.9460281003266573,100,100,0,scheduled,"{""dp_he"": 0, ""dp_only"": 0, ""he_only"": 0, ""neither"": 100}","{""dp_he"": 0, ""dp_only"": 0, ""he_only"": 0, ""neither"": 100}",0.6844453997910023,0.0,100,0.0,4.0,0.324,1.9835052347183229,0.31,2.0070663661956787,finite,0.005167700350284576,0.012007899582386017,0,0.0,0.0,1.0,0,0.0,0.0,0.0,0.0,0.0,0.0,0.0,0,0.0,0.0,0.0,0.0,0,0,0,0.0,0.0,0,0,0.0
0.9297023024410009,242.78936618456555,0.0,0.0,0.0,0,0,,,0.0,0.0,0.0,0.0,0,0.0,0,not_selected,0,0.0,not_selected,0.009652601554989815,0,0.324,0.0,0.0,0.0,0.0,0.0,0.0,0,79.11101029999554,0.0,0,0.0,0.0,0.0,0.0,recorded_dp_events_only,released_packet,private_experiment_logs_not_public_dp_outputs,5130,trainable_parameters_v1,tex_packet,0.0,not_established,0.23302270099520683,0.0027216002345085144,legacy_per_link_selection,0,0.0,0.0,0.0,0,seal,0,seal_save_size_upper_bound,0,50;40,0.0,0,0,0.0,not_selected,0,0.0,0,0.0,8192,0,0,0,0,40,0,0,0.0,0.0,0,0,0.0,227.44337318355156,0,0.0,0.0,8.000000000001,0.0,0,measured_norm_ratio_not_a_convergence_threshold,0.9387464001774788,86,100,0,0,0,0,0,0,0,0,0,0,1,0.0,0.0,fixed_mode_dynamic_privacy,0.0,0.0,incomplete_cross_domain_protection,local_packet_or_secure_aggregate,cross_domain_model_update,[],observed_operations_not_a_security_proof,False,no_new_cloud_update,0.0,2,0.0,0.9418155997991562,100,100,0,scheduled,"{""dp_he"": 0, ""dp_only"": 0, ""he_only"": 0, ""neither"": 100}","{""dp_he"": 0, ""dp_only"": 0, ""he_only"": 0, ""neither"": 100}",0.6812362000346184,0.0,100,0.0,4.0,0.324,1.9835052347183229,0.313,1.9838355569839476,finite,0.0030691996216773987,0.01211329735815525,0,0.0,0.0,1.0,0,0.0,0.0,0.0,0.0,0.0,0.0,0.0,0,0.0,0.0,0.0,0.0,0,0,0,0.0,0.0,0,0,0.0
0.991525499150157,243.5348902836622,0.0,0.0,0.0,0,0,,,0.0,0.0,0.0,0.0,0,0.0,0,not_selected,0,0.0,not_selected,0.008860800415277481,0,0.324,0.0,0.0,0.0,0.0,0.0,0.0,0,80.30060729943216,0.0,0,0.0,0.0,0.0,0.0,recorded_dp_events_only,released_packet,private_experiment_logs_not_public_dp_outputs,5130,trainable_parameters_v1,tex_packet,0.0,not_established,0.23001139983534813,0.0034637004137039185,legacy_per_link_selection,0,0.0,0.0,0.0,0,seal,0,seal_save_size_upper_bound,0,50;40,0.0,0,0,0.0,not_selected,0,0.0,0,0.0,8192,0,0,0,0,40,0,0,0.0,0.0,0,0,0.0,227.44337318355156,0,0.0,0.0,8.000000000001,0.0,0,measured_norm_ratio_not_a_convergence_threshold,1.0000614020973444,86,100,0,0,0,0,0,0,0,0,0,0,1,0.0,0.0,fixed_mode_dynamic_privacy,0.0,0.0,incomplete_cross_domain_protection,local_packet_or_secure_aggregate,cross_domain_model_update,[],observed_operations_not_a_security_proof,False,no_new_cloud_update,0.0,3,0.0,1.003726901486516,100,100,0,scheduled,"{""dp_he"": 0, ""dp_only"": 0, ""he_only"": 0, ""neither"": 100}","{""dp_he"": 0, ""dp_only"": 0, ""he_only"": 0, ""neither"": 100}",0.7455240990966558,0.0,100,0.0,4.0,0.324,1.9835052347183229,0.298,1.9941140613555908,finite,0.0036654993891716003,0.012201402336359024,0,0.0,0.0,1.0,0,0.0,0.0,0.0,0.0,0.0,0.0,0.0,0,0.0,0.0,0.0,0.0,0,0,0,0.0,0.0,0,0,0.0
1.0788624994456768,244.355397484097,0.0,0.0,0.0,0,0,,,0.0,0.0,0.0,0.0,0,0.0,0,not_selected,0,0.0,not_selected,0.01262889988720417,0,0.324,0.0,0.0,0.0,0.0,0.0,0.0,0,81.57155809924006,0.0,0,0.0,0.0,0.0,0.0,recorded_dp_events_only,released_packet,private_experiment_logs_not_public_dp_outputs,5130,trainable_parameters_v1,tex_packet,0.0,not_established,0.2370780985802412,0.004037000238895416,legacy_per_link_selection,0,0.0,0.0,0.0,0,seal,0,seal_save_size_upper_bound,0,50;40,0.0,0,0,0.0,not_selected,0,0.0,0,0.0,8192,0,0,0,0,40,0,0,0.0,0.0,0,0,0.0,227.44337318355156,0,0.0,0.0,8.000000000001,0.0,0,measured_norm_ratio_not_a_convergence_threshold,1.0869260001927614,86,100,0,0,0,0,0,0,0,0,0,0,1,0.0,0.0,fixed_mode_dynamic_privacy,0.0,0.0,incomplete_cross_domain_protection,local_packet_or_secure_aggregate,cross_domain_model_update,[],observed_operations_not_a_security_proof,False,no_new_cloud_update,0.0,4,0.0,1.0915373004972935,100,100,0,scheduled,"{""dp_he"": 0, ""dp_only"": 0, ""he_only"": 0, ""neither"": 100}","{""dp_he"": 0, ""dp_only"": 0, ""he_only"": 0, ""neither"": 100}",0.820507200434804,0.0,100,0.0,4.0,0.324,1.9835052347183229,0.307,1.9979195766448974,finite,0.004611300304532051,0.012674801051616669,0,0.0,0.0,1.0,0,0.0,0.0,0.0,0.0,0.0,0.0,0.0,0,0.0,0.0,0.0,0.0,0,0,0,0.0,0.0,0,0,0.0
1.0654202979058027,245.04765108304036,0.0,0.0,0.0,0,0,,,0.0,0.0,0.0,0.0,0,0.0,0,not_selected,0,0.0,not_selected,0.010128399357199669,0,0.324,0.0,0.0,0.0,0.0,0.0,0.0,0,82.81985739991069,0.0,0,0.0,0.0,0.0,0.0,recorded_dp_events_only,released_packet,private_experiment_logs_not_public_dp_outputs,5130,trainable_parameters_v1,tex_packet,0.0,not_established,0.23732800036668777,0.003707200288772583,legacy_per_link_selection,0,0.0,0.0,0.0,0,seal,0,seal_save_size_upper_bound,0,50;40,0.0,0,0,0.0,not_selected,0,0.0,0,0.0,8192,0,0,0,0,40,0,0,0.0,0.0,0,0,0.0,227.44337318355156,0,0.0,0.0,8.000000000001,0.0,0,measured_norm_ratio_not_a_convergence_threshold,0.9555571004748344,86,100,0,0,0,0,0,0,0,0,0,0,1,0.0,0.0,fixed_mode_dynamic_privacy,0.0,0.0,incomplete_cross_domain_protection,local_packet_or_secure_aggregate,cross_domain_model_update,[],observed_operations_not_a_security_proof,False,no_new_cloud_update,0.0,5,0.0,1.0775601994246244,100,100,0,scheduled,"{""dp_he"": 0, ""dp_only"": 0, ""he_only"": 0, ""neither"": 100}","{""dp_he"": 0, ""dp_only"": 0, ""he_only"": 0, ""neither"": 100}",0.6922535989433527,0.0,100,0.0,4.0,0.324,1.9835052347183229,0.303,1.9954100761413573,finite,0.12200309894979,0.012139901518821716,0,0.0,0.0,1.0,0,0.0,0.0,0.0,0.0,0.0,0.0,0.0,0,0.0,0.0,0.0,0.0,0,0,0,0.0,0.0,0,0,0.0
1.0464059989899397,245.82616438234163,0.0,0.0,0.0,0,0,,,0.0,0.0,0.0,0.0,0,0.0,0,not_selected,0,0.0,not_selected,0.016449199989438057,0,0.324,0.0,0.0,0.0,0.0,0.0,0.0,0,84.05162449926138,0.0,0,0.0,0.0,0.0,0.0,recorded_dp_events_only,released_packet,private_experiment_logs_not_public_dp_outputs,5130,trainable_parameters_v1,tex_packet,0.0,not_established,0.23948119953274727,0.00510920025408268,legacy_per_link_selection,0,0.0,0.0,0.0,0,seal,0,seal_save_size_upper_bound,0,50;40,0.0,0,0,0.0,not_selected,0,0.0,0,0.0,8192,0,0,0,0,40,0,0,0.0,0.0,0,0,0.0,227.44337318355156,0,0.0,0.0,8.000000000001,0.0,0,measured_norm_ratio_not_a_convergence_threshold,1.0583760999143124,86,100,0,0,0,0,0,0,0,0,0,0,1,0.0,0.0,fixed_mode_dynamic_privacy,0.0,0.0,incomplete_cross_domain_protection,local_packet_or_secure_aggregate,cross_domain_model_update,[],observed_operations_not_a_security_proof,False,no_new_cloud_update,0.0,6,0.0,1.0652291998267174,100,100,0,scheduled,"{""dp_he"": 0, ""dp_only"": 0, ""he_only"": 0, ""neither"": 100}","{""dp_he"": 0, ""dp_only"": 0, ""he_only"": 0, ""neither"": 100}",0.7785132993012667,0.0,100,0.0,4.0,0.324,1.9835052347183229,0.315,1.99164776802063,finite,0.006853099912405014,0.018823200836777687,0,0.0,0.0,1.0,0,0.0,0.0,0.0,0.0,0.0,0.0,0.0,0,0.0,0.0,0.0,0.0,0,0,0,0.0,0.0,0,0,0.0
1.0193683002144098,246.58546488249613,0.0,0.0,0.0,0,0,,,0.0,0.0,0.0,0.0,0,0.0,0,not_selected,0,0.0,not_selected,0.011624298989772797,0,0.324,0.0,0.0,0.0,0.0,0.0,0.0,0,85.2755168993026,0.0,0,0.0,0.0,0.0,0.0,recorded_dp_events_only,released_packet,private_experiment_logs_not_public_dp_outputs,5130,trainable_parameters_v1,tex_packet,0.0,not_established,0.2351607996970415,0.0056446995586156845,legacy_per_link_selection,0,0.0,0.0,0.0,0,seal,0,seal_save_size_upper_bound,0,50;40,0.0,0,0,0.0,not_selected,0,0.0,0,0.0,8192,0,0,0,0,40,0,0,0.0,0.0,0,0,0.0,227.44337318355156,0,0.0,0.0,8.000000000001,0.0,0,measured_norm_ratio_not_a_convergence_threshold,1.0238914974033833,86,100,0,0,0,0,0,0,0,0,0,0,1,0.0,0.0,fixed_mode_dynamic_privacy,0.0,0.0,incomplete_cross_domain_protection,local_packet_or_secure_aggregate,cross_domain_model_update,[],observed_operations_not_a_security_proof,False,no_new_cloud_update,0.0,7,0.0,1.0315294992178679,100,100,0,scheduled,"{""dp_he"": 0, ""dp_only"": 0, ""he_only"": 0, ""neither"": 100}","{""dp_he"": 0, ""dp_only"": 0, ""he_only"": 0, ""neither"": 100}",0.7593005001544952,0.0,100,0.0,4.0,0.324,1.9835052347183229,0.3255,1.9735035438537598,finite,0.007638001814484596,0.012161199003458023,0,0.0,0.0,1.0,0,0.0,0.0,0.0,0.0,0.0,0.0,0.0,0,0.0,0.0,0.0,0.0,0,0,0,0.0,0.0,0,0,0.0
1.0115251988172531,247.32931048313094,0.0,0.0,0.0,0,0,,,0.0,0.0,0.0,0.0,0,0.0,0,not_selected,0,0.0,not_selected,0.014413699507713318,0,0.324,0.0,0.0,0.0,0.0,0.0,0.0,0,86.48025779984891,0.0,0,0.0,0.0,0.0,0.0,recorded_dp_events_only,released_packet,private_experiment_logs_not_public_dp_outputs,5130,trainable_parameters_v1,tex_packet,0.0,not_established,0.23868449963629246,0.008225299417972565,legacy_per_link_selection,0,0.0,0.0,0.0,0,seal,0,seal_save_size_upper_bound,0,50;40,0.0,0,0,0.0,not_selected,0,0.0,0,0.0,8192,0,0,0,0,40,0,0,0.0,0.0,0,0,0.0,227.44337318355156,0,0.0,0.0,8.000000000001,0.0,0,measured_norm_ratio_not_a_convergence_threshold,1.0184826999902725,86,100,0,0,0,0,0,0,0,0,0,0,1,0.0,0.0,fixed_mode_dynamic_privacy,0.0,0.0,incomplete_cross_domain_protection,local_packet_or_secure_aggregate,cross_domain_model_update,[],observed_operations_not_a_security_proof,False,no_new_cloud_update,0.0,8,0.0,1.024838799610734,100,100,0,scheduled,"{""dp_he"": 0, ""dp_only"": 0, ""he_only"": 0, ""neither"": 100}","{""dp_he"": 0, ""dp_only"": 0, ""he_only"": 0, ""neither"": 100}",0.7438456006348133,0.0,100,0.0,4.0,0.324,1.9835052347183229,0.3105,1.9980519924163818,finite,0.006356099620461464,0.013313600793480873,0,0.0,0.0,1.0,0,0.0,0.0,0.0,0.0,0.0,0.0,0.0,0,0.0,0.0,0.0,0.0,0,0,0,0.0,0.0,0,0,0.0
0.9746285974979401,248.03253108153058,0.0,0.0,0.0,0,0,,,0.0,0.0,0.0,0.0,0,0.0,0,not_selected,0,0.0,not_selected,0.012653099372982979,0,0.324,0.0,0.0,0.0,0.0,0.0,0.0,0,87.65457049943507,0.0,0,0.0,0.0,0.0,0.0,recorded_dp_events_only,released_packet,private_experiment_logs_not_public_dp_outputs,5130,trainable_parameters_v1,tex_packet,0.0,not_established,0.24664979986846447,0.005998900160193443,legacy_per_link_selection,0,0.0,0.0,0.0,0,seal,0,seal_save_size_upper_bound,0,50;40,0.0,0,0,0.0,not_selected,0,0.0,0,0.0,8192,0,0,0,0,40,0,0,0.0,0.0,0,0,0.0,227.44337318355156,0,0.0,0.0,8.000000000001,0.0,0,measured_norm_ratio_not_a_convergence_threshold,0.9805132001638412,86,100,0,0,0,0,0,0,0,0,0,0,1,0.0,0.0,fixed_mode_dynamic_privacy,0.0,0.0,incomplete_cross_domain_protection,local_packet_or_secure_aggregate,cross_domain_model_update,[],observed_operations_not_a_security_proof,False,no_new_cloud_update,0.0,9,0.0,0.9866193998605013,100,100,0,scheduled,"{""dp_he"": 0, ""dp_only"": 0, ""he_only"": 0, ""neither"": 100}","{""dp_he"": 0, ""dp_only"": 0, ""he_only"": 0, ""neither"": 100}",0.7032205983996391,0.0,100,0.0,4.0,0.324,1.9835052347183229,0.313,1.9865479955673218,finite,0.006106199696660042,0.011990802362561226,0,0.0,0.0,1.0,0,0.0,0.0,0.0,0.0,0.0,0.0,0.0,0,0.0,0.0,0.0,0.0,0,0,0,0.0,0.0,0,0,0.0
0.9475379027426243,248.7148427821876,0.0,0.0,0.0,0,0,,,0.0,0.0,0.0,0.0,0,0.0,0,not_selected,0,0.0,not_selected,0.013092700392007828,0,0.324,0.0,0.0,0.0,0.0,0.0,0.0,0,88.80001929961145,0.0,0,0.0,0.0,0.0,0.0,recorded_dp_events_only,released_packet,private_experiment_logs_not_public_dp_outputs,5130,trainable_parameters_v1,tex_packet,0.0,not_established,0.23831680044531822,0.005961799994111061,legacy_per_link_selection,0,0.0,0.0,0.0,0,seal,0,seal_save_size_upper_bound,0,50;40,0.0,0,0,0.0,not_selected,0,0.0,0,0.0,8192,0,0,0,0,40,0,0,0.0,0.0,0,0,0.0,227.44337318355156,0,0.0,0.0,8.000000000001,0.0,0,measured_norm_ratio_not_a_convergence_threshold,0.9520311001688242,86,100,0,0,0,0,0,0,0,0,0,0,1,0.0,0.0,fixed_mode_dynamic_privacy,0.0,0.0,incomplete_cross_domain_protection,local_packet_or_secure_aggregate,cross_domain_model_update,[],observed_operations_not_a_security_proof,False,no_new_cloud_update,0.0,10,0.0,0.9598860014230013,100,100,0,scheduled,"{""dp_he"": 0, ""dp_only"": 0, ""he_only"": 0, ""neither"": 100}","{""dp_he"": 0, ""dp_only"": 0, ""he_only"": 0, ""neither"": 100}",0.6823117006570101,0.0,100,0.0,4.0,0.324,1.9835052347183229,0.323,1.9916170768737793,finite,0.007854901254177094,0.012348098680377007,0,0.0,0.0,1.0,0,0.0,0.0,0.0,0.0,0.0,0.0,0.0,0,0.0,0.0,0.0,0.0,0,0,0,0.0,0.0,0,0,0.0
1.02064379863441,249.46477198304547,0.0,0.0,0.0,0,0,,,0.0,0.0,0.0,0.0,0,0.0,0,not_selected,0,0.0,not_selected,0.013753799721598625,0,0.324,0.0,0.0,0.0,0.0,0.0,0.0,0,90.0109745003283,0.0,0,0.0,0.0,0.0,0.0,recorded_dp_events_only,released_packet,private_experiment_logs_not_public_dp_outputs,5130,trainable_parameters_v1,tex_packet,0.0,not_established,0.24198359996080399,0.00677809864282608,legacy_per_link_selection,0,0.0,0.0,0.0,0,seal,0,seal_save_size_upper_bound,0,50;40,0.0,0,0,0.0,not_selected,0,0.0,0,0.0,8192,0,0,0,0,40,0,0,0.0,0.0,0,0,0.0,227.44337318355156,0,0.0,0.0,8.000000000001,0.0,0,measured_norm_ratio_not_a_convergence_threshold,1.0257730018347502,86,100,0,0,0,0,0,0,0,0,0,0,1,0.0,0.0,fixed_mode_dynamic_privacy,0.0,0.0,incomplete_cross_domain_protection,local_packet_or_secure_aggregate,cross_domain_model_update,[],observed_operations_not_a_security_proof,False,no_new_cloud_update,0.0,11,0.0,1.0339721012860537,100,100,0,scheduled,"{""dp_he"": 0, ""dp_only"": 0, ""he_only"": 0, ""neither"": 100}","{""dp_he"": 0, ""dp_only"": 0, ""he_only"": 0, ""neither"": 100}",0.7499292008578777,0.0,100,0.0,4.0,0.324,1.9835052347183229,0.316,1.9964188899993895,finite,0.008199099451303482,0.013328302651643753,0,0.0,0.0,1.0,0,0.0,0.0,0.0,0.0,0.0,0.0,0.0,0,0.0,0.0,0.0,0.0,0,0,0,0.0,0.0,0,0,0.0
1.0167188998311758,250.20627968275858,0.0,0.0,0.0,0,0,,,0.0,0.0,0.0,0.0,0,0.0,0,not_selected,0,0.0,not_selected,0.014465300366282463,0,0.324,0.0,0.0,0.0,0.0,0.0,0.0,0,91.22389850020409,0.0,0,0.0,0.0,0.0,0.0,recorded_dp_events_only,released_packet,private_experiment_logs_not_public_dp_outputs,5130,trainable_parameters_v1,tex_packet,0.0,not_established,0.24460270069539547,0.008163200691342354,legacy_per_link_selection,0,0.0,0.0,0.0,0,seal,0,seal_save_size_upper_bound,0,50;40,0.0,0,0,0.0,not_selected,0,0.0,0,0.0,8192,0,0,0,0,40,0,0,0.0,0.0,0,0,0.0,227.44337318355156,0,0.0,0.0,8.000000000001,0.0,0,measured_norm_ratio_not_a_convergence_threshold,1.0235192012041807,86,100,0,0,0,0,0,0,0,0,0,0,1,0.0,0.0,fixed_mode_dynamic_privacy,0.0,0.0,incomplete_cross_domain_protection,local_packet_or_secure_aggregate,cross_domain_model_update,[],observed_operations_not_a_security_proof,False,no_new_cloud_update,0.0,12,0.0,1.0314991995692253,100,100,0,scheduled,"{""dp_he"": 0, ""dp_only"": 0, ""he_only"": 0, ""neither"": 100}","{""dp_he"": 0, ""dp_only"": 0, ""he_only"": 0, ""neither"": 100}",0.7415076997131109,0.0,100,0.0,4.0,0.324,1.9835052347183229,0.3295,1.986644287109375,finite,0.007979998365044594,0.014780299738049507,0,0.0,0.0,1.0,0,0.0,0.0,0.0,0.0,0.0,0.0,0.0,0,0.0,0.0,0.0,0.0,0,0,0,0.0,0.0,0,0,0.0
0.9699173960834742,250.90658568294657,0.0,0.0,0.0,0,0,,,0.0,0.0,0.0,0.0,0,0.0,0,not_selected,0,0.0,not_selected,0.01371459849178791,0,0.324,0.0,0.0,0.0,0.0,0.0,0.0,0,92.42470739968121,0.0,0,0.0,0.0,0.0,0.0,recorded_dp_events_only,released_packet,private_experiment_logs_not_public_dp_outputs,5130,trainable_parameters_v1,tex_packet,0.0,not_established,0.2393496986478567,0.007517999038100243,legacy_per_link_selection,0,0.0,0.0,0.0,0,seal,0,seal_save_size_upper_bound,0,50;40,0.0,0,0,0.0,not_selected,0,0.0,0,0.0,8192,0,0,0,0,40,0,0,0.0,0.0,0,0,0.0,227.44337318355156,0,0.0,0.0,8.000000000001,0.0,0,measured_norm_ratio_not_a_convergence_threshold,0.9730536006391048,86,100,0,0,0,0,0,0,0,0,0,0,1,0.0,0.0,fixed_mode_dynamic_privacy,0.0,0.0,incomplete_cross_domain_protection,local_packet_or_secure_aggregate,cross_domain_model_update,[],observed_operations_not_a_security_proof,False,no_new_cloud_update,0.0,13,0.0,0.9820827003568411,100,100,0,scheduled,"{""dp_he"": 0, ""dp_only"": 0, ""he_only"": 0, ""neither"": 100}","{""dp_he"": 0, ""dp_only"": 0, ""he_only"": 0, ""neither"": 100}",0.700306000187993,0.0,100,0.0,4.0,0.324,1.9835052347183229,0.3055,2.015656925201416,finite,0.009029099717736244,0.012165304273366928,0,0.0,0.0,1.0,0,0.0,0.0,0.0,0.0,0.0,0.0,0.0,0,0.0,0.0,0.0,0.0,0,0,0,0.0,0.0,0,0,0.0
0.9557415992021561,251.5949900828482,0.0,0.0,0.0,0,0,,,0.0,0.0,0.0,0.0,0,0.0,0,not_selected,0,0.0,not_selected,0.014136699959635735,0,0.324,0.0,0.0,0.0,0.0,0.0,0.0,0,93.58720639906824,0.0,0,0.0,0.0,0.0,0.0,recorded_dp_events_only,released_packet,private_experiment_logs_not_public_dp_outputs,5130,trainable_parameters_v1,tex_packet,0.0,not_established,0.2361030001193285,0.007522599771618843,legacy_per_link_selection,0,0.0,0.0,0.0,0,seal,0,seal_save_size_upper_bound,0,50;40,0.0,0,0,0.0,not_selected,0,0.0,0,0.0,8192,0,0,0,0,40,0,0,0.0,0.0,0,0,0.0,227.44337318355156,0,0.0,0.0,8.000000000001,0.0,0,measured_norm_ratio_not_a_convergence_threshold,0.9585517011582851,86,100,0,0,0,0,0,0,0,0,0,0,1,0.0,0.0,fixed_mode_dynamic_privacy,0.0,0.0,incomplete_cross_domain_protection,local_packet_or_secure_aggregate,cross_domain_model_update,[],observed_operations_not_a_security_proof,False,no_new_cloud_update,0.0,14,0.0,0.9681266006082296,100,100,0,scheduled,"{""dp_he"": 0, ""dp_only"": 0, ""he_only"": 0, ""neither"": 100}","{""dp_he"": 0, ""dp_only"": 0, ""he_only"": 0, ""neither"": 100}",0.6884043999016285,0.0,100,0.0,4.0,0.324,1.9835052347183229,0.316,1.9992899131774902,finite,0.009574899449944496,0.01238500140607357,0,0.0,0.0,1.0,0,0.0,0.0,0.0,0.0,0.0,0.0,0.0,0,0.0,0.0,0.0,0.0,0,0,0,0.0,0.0,0,0,0.0
1.0736070983111858,252.37184548268033,0.0,0.0,0.0,0,0,,,0.0,0.0,0.0,0.0,0,0.0,0,not_selected,0,0.0,not_selected,0.01570270024240017,0,0.324,0.0,0.0,0.0,0.0,0.0,0.0,0,94.8656443990767,0.0,0,0.0,0.0,0.0,0.0,recorded_dp_events_only,released_packet,private_experiment_logs_not_public_dp_outputs,5130,trainable_parameters_v1,tex_packet,0.0,not_established,0.25998579896986485,0.010741200298070908,legacy_per_link_selection,0,0.0,0.0,0.0,0,seal,0,seal_save_size_upper_bound,0,50;40,0.0,0,0,0.0,not_selected,0,0.0,0,0.0,8192,0,0,0,0,40,0,0,0.0,0.0,0,0,0.0,227.44337318355156,0,0.0,0.0,8.000000000001,0.0,0,measured_norm_ratio_not_a_convergence_threshold,1.0775865018367767,86,100,0,0,0,0,0,0,0,0,0,0,1,0.0,0.0,fixed_mode_dynamic_privacy,0.0,0.0,incomplete_cross_domain_protection,local_packet_or_secure_aggregate,cross_domain_model_update,[],observed_operations_not_a_security_proof,False,no_new_cloud_update,0.0,15,0.0,1.0879085008054972,100,100,0,scheduled,"{""dp_he"": 0, ""dp_only"": 0, ""he_only"": 0, ""neither"": 100}","{""dp_he"": 0, ""dp_only"": 0, ""he_only"": 0, ""neither"": 100}",0.7768553998321295,0.0,100,0.0,4.0,0.324,1.9835052347183229,0.3085,1.9914973011016845,finite,0.010321998968720436,0.014301402494311333,0,0.0,0.0,1.0,0,0.0,0.0,0.0,0.0,0.0,0.0,0.0,0,0.0,0.0,0.0,0.0,0,0,0,0.0,0.0,0,0,0.0
1.0190807972103357,253.10178638139678,0.0,0.0,0.0,0,0,,,0.0,0.0,0.0,0.0,0,0.0,0,not_selected,0,0.0,not_selected,0.01703299954533577,0,0.324,0.0,0.0,0.0,0.0,0.0,0.0,0,96.11575870029628,0.0,0,0.0,0.0,0.0,0.0,recorded_dp_events_only,released_packet,private_experiment_logs_not_public_dp_outputs,5130,trainable_parameters_v1,tex_packet,0.0,not_established,0.24842209927737713,0.012465499341487885,legacy_per_link_selection,0,0.0,0.0,0.0,0,seal,0,seal_save_size_upper_bound,0,50;40,0.0,0,0,0.0,not_selected,0,0.0,0,0.0,8192,0,0,0,0,40,0,0,0.0,0.0,0,0,0.0,227.44337318355156,0,0.0,0.0,8.000000000001,0.0,0,measured_norm_ratio_not_a_convergence_threshold,1.0235350001603365,86,100,0,0,0,0,0,0,0,0,0,0,1,0.0,0.0,fixed_mode_dynamic_privacy,0.0,0.0,incomplete_cross_domain_protection,local_packet_or_secure_aggregate,cross_domain_model_update,[],observed_operations_not_a_security_proof,False,no_new_cloud_update,0.0,16,0.0,1.0347543004900217,100,100,0,scheduled,"{""dp_he"": 0, ""dp_only"": 0, ""he_only"": 0, ""neither"": 100}","{""dp_he"": 0, ""dp_only"": 0, ""he_only"": 0, ""neither"": 100}",0.7299408987164497,0.0,100,0.0,4.0,0.324,1.9835052347183229,0.319,1.9981179313659667,finite,0.011219300329685211,0.015673503279685974,0,0.0,0.0,1.0,0,0.0,0.0,0.0,0.0,0.0,0.0,0.0,0,0.0,0.0,0.0,0.0,0,0,0,0.0,0.0,0,0,0.0
0.9757229015231133,253.8051236819656,0.0,0.0,0.0,0,0,,,0.0,0.0,0.0,0.0,0,0.0,0,not_selected,0,0.0,not_selected,0.014854799956083298,0,0.324,0.0,0.0,0.0,0.0,0.0,0.0,0,97.32103800028563,0.0,0,0.0,0.0,0.0,0.0,recorded_dp_events_only,released_packet,private_experiment_logs_not_public_dp_outputs,5130,trainable_parameters_v1,tex_packet,0.0,not_established,0.2374105006456375,0.01036440022289753,legacy_per_link_selection,0,0.0,0.0,0.0,0,seal,0,seal_save_size_upper_bound,0,50;40,0.0,0,0,0.0,not_selected,0,0.0,0,0.0,8192,0,0,0,0,40,0,0,0.0,0.0,0,0,0.0,227.44337318355156,0,0.0,0.0,8.000000000001,0.0,0,measured_norm_ratio_not_a_convergence_threshold,0.9779046010226011,86,100,0,0,0,0,0,0,0,0,0,0,1,0.0,0.0,fixed_mode_dynamic_privacy,0.0,0.0,incomplete_cross_domain_protection,local_packet_or_secure_aggregate,cross_domain_model_update,[],observed_operations_not_a_security_proof,False,no_new_cloud_update,0.0,17,0.0,0.987660501152277,100,100,0,scheduled,"{""dp_he"": 0, ""dp_only"": 0, ""he_only"": 0, ""neither"": 100}","{""dp_he"": 0, ""dp_only"": 0, ""he_only"": 0, ""neither"": 100}",0.703337300568819,0.0,100,0.0,4.0,0.324,1.9835052347183229,0.333,1.9724290599822998,finite,0.009755900129675865,0.011937599629163742,0,0.0,0.0,1.0,0,0.0,0.0,0.0,0.0,0.0,0.0,0.0,0,0.0,0.0,0.0,0.0,0,0,0,0.0,0.0,0,0,0.0
0.9709459990262985,254.4962423823954,0.0,0.0,0.0,0,0,,,0.0,0.0,0.0,0.0,0,0.0,0,not_selected,0,0.0,not_selected,0.020512500777840614,0,0.324,0.0,0.0,0.0,0.0,0.0,0.0,0,98.51021269895136,0.0,0,0.0,0.0,0.0,0.0,recorded_dp_events_only,released_packet,private_experiment_logs_not_public_dp_outputs,5130,trainable_parameters_v1,tex_packet,0.0,not_established,0.2380509003996849,0.01133209839463234,legacy_per_link_selection,0,0.0,0.0,0.0,0,seal,0,seal_save_size_upper_bound,0,50;40,0.0,0,0,0.0,not_selected,0,0.0,0,0.0,8192,0,0,0,0,40,0,0,0.0,0.0,0,0,0.0,227.44337318355156,0,0.0,0.0,8.000000000001,0.0,0,measured_norm_ratio_not_a_convergence_threshold,0.9729231018573046,86,100,0,0,0,0,0,0,0,0,0,0,1,0.0,0.0,fixed_mode_dynamic_privacy,0.0,0.0,incomplete_cross_domain_protection,local_packet_or_secure_aggregate,cross_domain_model_update,[],observed_operations_not_a_security_proof,False,no_new_cloud_update,0.0,18,0.0,0.9828549008816481,100,100,0,scheduled,"{""dp_he"": 0, ""dp_only"": 0, ""he_only"": 0, ""neither"": 100}","{""dp_he"": 0, ""dp_only"": 0, ""he_only"": 0, ""neither"": 100}",0.6911187004297972,0.0,100,0.0,4.0,0.324,1.9835052347183229,0.321,1.993697732925415,finite,0.00993179902434349,0.01190890185534954,0,0.0,0.0,1.0,0,0.0,0.0,0.0,0.0,0.0,0.0,0.0,0,0.0,0.0,0.0,0.0,0,0,0,0.0,0.0,0,0,0.0
0.999745599925518,255.1992515836091,0.0,0.0,0.0,0,0,,,0.0,0.0,0.0,0.0,0,0.0,0,not_selected,0,0.0,not_selected,0.01683189906179905,0,0.324,0.0,0.0,0.0,0.0,0.0,0.0,0,99.72137579880655,0.0,0,0.0,0.0,0.0,0.0,recorded_dp_events_only,released_packet,private_experiment_logs_not_public_dp_outputs,5130,trainable_parameters_v1,tex_packet,0.0,not_established,0.2539114002138376,0.012047098949551582,legacy_per_link_selection,0,0.0,0.0,0.0,0,seal,0,seal_save_size_upper_bound,0,50;40,0.0,0,0,0.0,not_selected,0,0.0,0,0.0,8192,0,0,0,0,40,0,0,0.0,0.0,0,0,0.0,227.44337318355156,0,0.0,0.0,8.000000000001,0.0,0,measured_norm_ratio_not_a_convergence_threshold,1.0021421983838081,86,100,0,0,0,0,0,0,0,0,0,0,1,0.0,0.0,fixed_mode_dynamic_privacy,0.0,0.0,incomplete_cross_domain_protection,local_packet_or_secure_aggregate,cross_domain_model_update,[],observed_operations_not_a_security_proof,False,no_new_cloud_update,0.0,19,0.0,1.0160881988704205,100,100,0,scheduled,"{""dp_he"": 0, ""dp_only"": 0, ""he_only"": 0, ""neither"": 100}","{""dp_he"": 0, ""dp_only"": 0, ""he_only"": 0, ""neither"": 100}",0.7030092012137175,0.0,100,0.0,4.0,0.324,1.9835052347183229,0.3105,1.985919008255005,finite,0.01394600048661232,0.01634259894490242,0,0.0,0.0,1.0,0,0.0,0.0,0.0,0.0,0.0,0.0,0.0,0,0.0,0.0,0.0,0.0,0,0,0,0.0,0.0,0,0,0.0
1.032971601933241,255.94316008390797,0.0,0.0,0.0,0,0,,,0.0,0.0,0.0,0.0,0,0.0,0,not_selected,0,0.0,not_selected,0.017182299867272377,0,0.324,0.0,0.0,0.0,0.0,0.0,0.0,0,101.00549159944057,0.0,0,0.0,0.0,0.0,0.0,recorded_dp_events_only,released_packet,private_experiment_logs_not_public_dp_outputs,5130,trainable_parameters_v1,tex_packet,0.0,not_established,0.24899470061063766,0.011951500549912453,legacy_per_link_selection,0,0.0,0.0,0.0,0,seal,0,seal_save_size_upper_bound,0,50;40,0.0,0,0,0.0,not_selected,0,0.0,0,0.0,8192,0,0,0,0,40,0,0,0.0,0.0,0,0,0.0,227.44337318355156,0,0.0,0.0,8.000000000001,0.0,0,measured_norm_ratio_not_a_convergence_threshold,1.0348515007644892,86,100,0,0,0,0,0,0,0,0,0,0,1,0.0,0.0,fixed_mode_dynamic_privacy,0.0,0.0,incomplete_cross_domain_protection,local_packet_or_secure_aggregate,cross_domain_model_update,[],observed_operations_not_a_security_proof,False,no_new_cloud_update,0.0,20,0.0,1.0457861013710499,100,100,0,scheduled,"{""dp_he"": 0, ""dp_only"": 0, ""he_only"": 0, ""neither"": 100}","{""dp_he"": 0, ""dp_only"": 0, ""he_only"": 0, ""neither"": 100}",0.7439085002988577,0.0,100,0.0,4.0,0.324,1.9835052347183229,0.312,1.9989806098937988,finite,0.010934600606560707,0.01281449943780899,0,0.0,0.0,1.0,0,0.0,0.0,0.0,0.0,0.0,0.0,0.0,0,0.0,0.0,0.0,0.0,0,0,0,0.0,0.0,0,0,0.0
0.992730000987649,256.65655668342424,0.0,0.0,0.0,0,0,,,0.0,0.0,0.0,0.0,0,0.0,0,not_selected,0,0.0,not_selected,0.01656000129878521,0,0.324,0.0,0.0,0.0,0.0,0.0,0.0,0,102.25321879982948,0.0,0,0.0,0.0,0.0,0.0,recorded_dp_events_only,released_packet,private_experiment_logs_not_public_dp_outputs,5130,trainable_parameters_v1,tex_packet,0.0,not_established,0.24120230041444302,0.010303899645805359,legacy_per_link_selection,0,0.0,0.0,0.0,0,seal,0,seal_save_size_upper_bound,0,50;40,0.0,0,0,0.0,not_selected,0,0.0,0,0.0,8192,0,0,0,0,40,0,0,0.0,0.0,0,0,0.0,227.44337318355156,0,0.0,0.0,8.000000000001,0.0,0,measured_norm_ratio_not_a_convergence_threshold,0.9941502995789051,86,100,0,0,0,0,0,0,0,0,0,0,1,0.0,0.0,fixed_mode_dynamic_privacy,0.0,0.0,incomplete_cross_domain_protection,local_packet_or_secure_aggregate,cross_domain_model_update,[],observed_operations_not_a_security_proof,False,no_new_cloud_update,0.0,21,0.0,1.005417499691248,100,100,0,scheduled,"{""dp_he"": 0, ""dp_only"": 0, ""he_only"": 0, ""neither"": 100}","{""dp_he"": 0, ""dp_only"": 0, ""he_only"": 0, ""neither"": 100}",0.7133965995162725,0.0,100,0.0,4.0,0.324,1.9835052347183229,0.303,1.9978561706542968,finite,0.011267200112342834,0.012687498703598976,0,0.0,0.0,1.0,0,0.0,0.0,0.0,0.0,0.0,0.0,0.0,0,0.0,0.0,0.0,0.0,0,0,0,0.0,0.0,0,0,0.0
0.9824044033885002,257.35531828442527,0.0,0.0,0.0,0,0,,,0.0,0.0,0.0,0.0,0,0.0,0,not_selected,0,0.0,not_selected,0.020523900166153908,0,0.324,0.0,0.0,0.0,0.0,0.0,0.0,0,103.46717359870672,0.0,0,0.0,0.0,0.0,0.0,recorded_dp_events_only,released_packet,private_experiment_logs_not_public_dp_outputs,5130,trainable_parameters_v1,tex_packet,0.0,not_established,0.24094860069453716,0.011226501315832138,legacy_per_link_selection,0,0.0,0.0,0.0,0,seal,0,seal_save_size_upper_bound,0,50;40,0.0,0,0,0.0,not_selected,0,0.0,0,0.0,8192,0,0,0,0,40,0,0,0.0,0.0,0,0,0.0,227.44337318355156,0,0.0,0.0,8.000000000001,0.0,0,measured_norm_ratio_not_a_convergence_threshold,0.9836055990308523,86,100,0,0,0,0,0,0,0,0,0,0,1,0.0,0.0,fixed_mode_dynamic_privacy,0.0,0.0,incomplete_cross_domain_protection,local_packet_or_secure_aggregate,cross_domain_model_update,[],observed_operations_not_a_security_proof,False,no_new_cloud_update,0.0,22,0.0,0.9945493992418051,100,100,0,scheduled,"{""dp_he"": 0, ""dp_only"": 0, ""he_only"": 0, ""neither"": 100}","{""dp_he"": 0, ""dp_only"": 0, ""he_only"": 0, ""neither"": 100}",0.6987616010010242,0.0,100,0.0,4.0,0.324,1.9835052347183229,0.3235,1.9809774103164672,finite,0.010943800210952759,0.012144995853304863,0,0.0,0.0,1.0,0,0.0,0.0,0.0,0.0,0.0,0.0,0.0,0,0.0,0.0,0.0,0.0,0,0,0,0.0,0.0,0,0,0.0
1.234138598665595,258.29673278408063,0.0,0.0,0.0,0,0,,,0.0,0.0,0.0,0.0,0,0.0,0,not_selected,0,0.0,not_selected,0.017675599083304405,0,0.324,0.0,0.0,0.0,0.0,0.0,0.0,0,104.92354119941592,0.0,0,0.0,0.0,0.0,0.0,recorded_dp_events_only,released_packet,private_experiment_logs_not_public_dp_outputs,5130,trainable_parameters_v1,tex_packet,0.0,not_established,0.25143110007047653,0.011501800268888474,legacy_per_link_selection,0,0.0,0.0,0.0,0,seal,0,seal_save_size_upper_bound,0,50;40,0.0,0,0,0.0,not_selected,0,0.0,0,0.0,8192,0,0,0,0,40,0,0,0.0,0.0,0,0,0.0,227.44337318355156,0,0.0,0.0,8.000000000001,0.0,0,measured_norm_ratio_not_a_convergence_threshold,1.2339034005999565,86,100,0,0,0,0,0,0,0,0,0,0,1,0.0,0.0,fixed_mode_dynamic_privacy,0.0,0.0,incomplete_cross_domain_protection,local_packet_or_secure_aggregate,cross_domain_model_update,[],observed_operations_not_a_security_proof,False,no_new_cloud_update,0.0,23,0.0,1.2460190001875162,100,100,0,scheduled,"{""dp_he"": 0, ""dp_only"": 0, ""he_only"": 0, ""neither"": 100}","{""dp_he"": 0, ""dp_only"": 0, ""he_only"": 0, ""neither"": 100}",0.9414144996553659,0.0,100,0.0,4.0,0.324,1.9835052347183229,0.3155,1.9905543212890624,finite,0.0121155995875597,0.011880401521921158,0,0.0,0.0,1.0,0,0.0,0.0,0.0,0.0,0.0,0.0,0.0,0,0.0,0.0,0.0,0.0,0,0,0,0.0,0.0,0,0,0.0
1.1089861001819372,259.0942203838558,0.0,0.0,0.0,0,0,,,0.0,0.0,0.0,0.0,0,0.0,0,not_selected,0,0.0,not_selected,0.018660299479961395,0,0.324,0.0,0.0,0.0,0.0,0.0,0.0,0,106.28385699912906,0.0,0,0.0,0.0,0.0,0.0,recorded_dp_events_only,released_packet,private_experiment_logs_not_public_dp_outputs,5130,trainable_parameters_v1,tex_packet,0.0,not_established,0.26736980117857456,0.012594800442457199,legacy_per_link_selection,0,0.0,0.0,0.0,0,seal,0,seal_save_size_upper_bound,0,50;40,0.0,0,0,0.0,not_selected,0,0.0,0,0.0,8192,0,0,0,0,40,0,0,0.0,0.0,0,0,0.0,227.44337318355156,0,0.0,0.0,8.000000000001,0.0,0,measured_norm_ratio_not_a_convergence_threshold,1.1111809015274048,86,100,0,0,0,0,0,0,0,0,0,0,1,0.0,0.0,fixed_mode_dynamic_privacy,0.0,0.0,incomplete_cross_domain_protection,local_packet_or_secure_aggregate,cross_domain_model_update,[],observed_operations_not_a_security_proof,False,no_new_cloud_update,0.0,24,0.0,1.1240545008331537,100,100,0,scheduled,"{""dp_he"": 0, ""dp_only"": 0, ""he_only"": 0, ""neither"": 100}","{""dp_he"": 0, ""dp_only"": 0, ""he_only"": 0, ""neither"": 100}",0.7974875997751951,0.0,100,0.0,4.0,0.324,1.9835052347183229,0.319,1.9902987174987794,finite,0.01287359930574894,0.015068400651216507,0,0.0,0.0,1.0,0,0.0,0.0,0.0,0.0,0.0,0.0,0.0,0,0.0,0.0,0.0,0.0,0,0,0,0.0,0.0,0,0,0.0
1.0567187014967203,259.8704123839916,0.0,0.0,0.0,0,0,,,0.0,0.0,0.0,0.0,0,0.0,0,not_selected,0,0.0,not_selected,0.01681850105524063,0,0.324,0.0,0.0,0.0,0.0,0.0,0.0,0,107.6039598993957,0.0,0,0.0,0.0,0.0,0.0,recorded_dp_events_only,released_packet,private_experiment_logs_not_public_dp_outputs,5130,trainable_parameters_v1,tex_packet,0.0,not_established,0.2418450005352497,0.010675499215722084,legacy_per_link_selection,0,0.0,0.0,0.0,0,seal,0,seal_save_size_upper_bound,0,50;40,0.0,0,0,0.0,not_selected,0,0.0,0,0.0,8192,0,0,0,0,40,0,0,0.0,0.0,0,0,0.0,227.44337318355156,0,0.0,0.0,8.000000000001,0.0,0,measured_norm_ratio_not_a_convergence_threshold,1.059036299586296,86,100,0,0,0,0,0,0,0,0,0,0,1,0.0,0.0,fixed_mode_dynamic_privacy,0.0,0.0,incomplete_cross_domain_protection,local_packet_or_secure_aggregate,cross_domain_model_update,[],observed_operations_not_a_security_proof,False,no_new_cloud_update,0.0,25,0.0,1.0702240001410246,100,100,0,scheduled,"{""dp_he"": 0, ""dp_only"": 0, ""he_only"": 0, ""neither"": 100}","{""dp_he"": 0, ""dp_only"": 0, ""he_only"": 0, ""neither"": 100}",0.7761920001357794,0.0,100,0.0,4.0,0.324,1.9835052347183229,0.327,1.9846313762664796,finite,0.011187700554728508,0.013505298644304276,0,0.0,0.0,1.0,0,0.0,0.0,0.0,0.0,0.0,0.0,0.0,0,0.0,0.0,0.0,0.0,0,0,0,0.0,0.0,0,0,0.0
0.9981446973979473,260.5806321826012,0.0,0.0,0.0,0,0,,,0.0,0.0,0.0,0.0,0,0.0,0,not_selected,0,0.0,not_selected,0.017264898866415024,0,0.324,0.0,0.0,0.0,0.0,0.0,0.0,0,108.82883279956877,0.0,0,0.0,0.0,0.0,0.0,recorded_dp_events_only,released_packet,private_experiment_logs_not_public_dp_outputs,5130,trainable_parameters_v1,tex_packet,0.0,not_established,0.2496654000133276,0.010727699846029282,legacy_per_link_selection,0,0.0,0.0,0.0,0,seal,0,seal_save_size_upper_bound,0,50;40,0.0,0,0,0.0,not_selected,0,0.0,0,0.0,8192,0,0,0,0,40,0,0,0.0,0.0,0,0,0.0,227.44337318355156,0,0.0,0.0,8.000000000001,0.0,0,measured_norm_ratio_not_a_convergence_threshold,1.0007946994155645,86,100,0,0,0,0,0,0,0,0,0,0,1,0.0,0.0,fixed_mode_dynamic_privacy,0.0,0.0,incomplete_cross_domain_protection,local_packet_or_secure_aggregate,cross_domain_model_update,[],observed_operations_not_a_security_proof,False,no_new_cloud_update,0.0,26,0.0,1.0110615994781256,100,100,0,scheduled,"{""dp_he"": 0, ""dp_only"": 0, ""he_only"": 0, ""neither"": 100}","{""dp_he"": 0, ""dp_only"": 0, ""he_only"": 0, ""neither"": 100}",0.7102197986096144,0.0,100,0.0,4.0,0.324,1.9835052347183229,0.3065,1.984613899230957,finite,0.010266900062561035,0.01291690208017826,0,0.0,0.0,1.0,0,0.0,0.0,0.0,0.0,0.0,0.0,0.0,0,0.0,0.0,0.0,0.0,0,0,0,0.0,0.0,0,0,0.0
1.0773051977157593,261.3666394826205,0.0,0.0,0.0,0,0,,,0.0,0.0,0.0,0.0,0,0.0,0,not_selected,0,0.0,not_selected,0.017593499273061752,0,0.324,0.0,0.0,0.0,0.0,0.0,0.0,0,110.19913440011442,0.0,0,0.0,0.0,0.0,0.0,recorded_dp_events_only,released_packet,private_experiment_logs_not_public_dp_outputs,5130,trainable_parameters_v1,tex_packet,0.0,not_established,0.24827629886567593,0.011763200163841248,legacy_per_link_selection,0,0.0,0.0,0.0,0,seal,0,seal_save_size_upper_bound,0,50;40,0.0,0,0,0.0,not_selected,0,0.0,0,0.0,8192,0,0,0,0,40,0,0,0.0,0.0,0,0,0.0,227.44337318355156,0,0.0,0.0,8.000000000001,0.0,0,measured_norm_ratio_not_a_convergence_threshold,1.0809498000890017,86,100,0,0,0,0,0,0,0,0,0,0,1,0.0,0.0,fixed_mode_dynamic_privacy,0.0,0.0,incomplete_cross_domain_protection,local_packet_or_secure_aggregate,cross_domain_model_update,[],observed_operations_not_a_security_proof,False,no_new_cloud_update,0.0,27,0.0,1.0946146994829178,100,100,0,scheduled,"{""dp_he"": 0, ""dp_only"": 0, ""he_only"": 0, ""neither"": 100}","{""dp_he"": 0, ""dp_only"": 0, ""he_only"": 0, ""neither"": 100}",0.7860073000192642,0.0,100,0.0,4.0,0.324,1.9835052347183229,0.317,1.9853562021255493,finite,0.01366489939391613,0.01730950176715851,0,0.0,0.0,1.0,0,0.0,0.0,0.0,0.0,0.0,0.0,0.0,0,0.0,0.0,0.0,0.0,0,0,0,0.0,0.0,0,0,0.0
1.0462519004940987,262.1075531810702,0.0,0.0,0.0,0,0,,,0.0,0.0,0.0,0.0,0,0.0,0,not_selected,0,0.0,not_selected,0.024937400594353676,0,0.324,0.0,0.0,0.0,0.0,0.0,0.0,0,111.48039660044014,0.0,0,0.0,0.0,0.0,0.0,recorded_dp_events_only,released_packet,private_experiment_logs_not_public_dp_outputs,5130,trainable_parameters_v1,tex_packet,0.0,not_established,0.25623510032892227,0.01221580058336258,legacy_per_link_selection,0,0.0,0.0,0.0,0,seal,0,seal_save_size_upper_bound,0,50;40,0.0,0,0,0.0,not_selected,0,0.0,0,0.0,8192,0,0,0,0,40,0,0,0.0,0.0,0,0,0.0,227.44337318355156,0,0.0,0.0,8.000000000001,0.0,0,measured_norm_ratio_not_a_convergence_threshold,1.0520386006683111,86,100,0,0,0,0,0,0,0,0,0,0,1,0.0,0.0,fixed_mode_dynamic_privacy,0.0,0.0,incomplete_cross_domain_protection,local_packet_or_secure_aggregate,cross_domain_model_update,[],observed_operations_not_a_security_proof,False,no_new_cloud_update,0.0,28,0.0,1.0639885012060404,100,100,0,scheduled,"{""dp_he"": 0, ""dp_only"": 0, ""he_only"": 0, ""neither"": 100}","{""dp_he"": 0, ""dp_only"": 0, ""he_only"": 0, ""neither"": 100}",0.7409136984497309,0.0,100,0.0,4.0,0.324,1.9835052347183229,0.303,1.9999110651016236,finite,0.011949900537729263,0.01773660071194172,0,0.0,0.0,1.0,0,0.0,0.0,0.0,0.0,0.0,0.0,0.0,0,0.0,0.0,0.0,0.0,0,0,0,0.0,0.0,0,0,0.0
0.9778070021420717,262.80338348152054,0.0,0.0,0.0,0,0,,,0.0,0.0,0.0,0.0,0,0.0,0,not_selected,0,0.0,not_selected,0.01753460057079792,0,0.324,0.0,0.0,0.0,0.0,0.0,0.0,0,112.70396909862757,0.0,0,0.0,0.0,0.0,0.0,recorded_dp_events_only,released_packet,private_experiment_logs_not_public_dp_outputs,5130,trainable_parameters_v1,tex_packet,0.0,not_established,0.2409703005105257,0.01068899966776371,legacy_per_link_selection,0,0.0,0.0,0.0,0,seal,0,seal_save_size_upper_bound,0,50;40,0.0,0,0,0.0,not_selected,0,0.0,0,0.0,8192,0,0,0,0,40,0,0,0.0,0.0,0,0,0.0,227.44337318355156,0,0.0,0.0,8.000000000001,0.0,0,measured_norm_ratio_not_a_convergence_threshold,0.9777401983737946,86,100,0,0,0,0,0,0,0,0,0,0,1,0.0,0.0,fixed_mode_dynamic_privacy,0.0,0.0,incomplete_cross_domain_protection,local_packet_or_secure_aggregate,cross_domain_model_update,[],observed_operations_not_a_security_proof,False,no_new_cloud_update,0.0,29,0.0,0.9905229993164539,100,100,0,scheduled,"{""dp_he"": 0, ""dp_only"": 0, ""he_only"": 0, ""neither"": 100}","{""dp_he"": 0, ""dp_only"": 0, ""he_only"": 0, ""neither"": 100}",0.695830300450325,0.0,100,0.0,4.0,0.324,1.9835052347183229,0.3265,1.9882986640930176,finite,0.012782800942659378,0.01271599717438221,0,0.0,0.0,1.0,0,0.0,0.0,0.0,0.0,0.0,0.0,0.0,0,0.0,0.0,0.0,0.0,0,0,0,0.0,0.0,0,0,0.0
0.9839000999927521,263.5111646808864,0.0,0.0,0.0,0,0,,,0.0,0.0,0.0,0.0,0,0.0,0,not_selected,0,0.0,not_selected,0.017155000939965248,0,0.324,0.0,0.0,0.0,0.0,0.0,0.0,0,113.92136909998953,0.0,0,0.0,0.0,0.0,0.0,recorded_dp_events_only,released_packet,private_experiment_logs_not_public_dp_outputs,5130,trainable_parameters_v1,tex_packet,0.0,not_established,0.23702549934387207,0.011027500033378601,legacy_per_link_selection,0,0.0,0.0,0.0,0,seal,0,seal_save_size_upper_bound,0,50;40,0.0,0,0,0.0,not_selected,0,0.0,0,0.0,8192,0,0,0,0,40,0,0,0.0,0.0,0,0,0.0,227.44337318355156,0,0.0,0.0,8.000000000001,0.0,0,measured_norm_ratio_not_a_convergence_threshold,0.9865617994219065,86,100,0,0,0,0,0,0,0,0,0,0,1,0.0,0.0,fixed_mode_dynamic_privacy,0.0,0.0,incomplete_cross_domain_protection,local_packet_or_secure_aggregate,cross_domain_model_update,[],observed_operations_not_a_security_proof,False,no_new_cloud_update,0.0,30,0.0,0.9974726997315884,100,100,0,scheduled,"{""dp_he"": 0, ""dp_only"": 0, ""he_only"": 0, ""neither"": 100}","{""dp_he"": 0, ""dp_only"": 0, ""he_only"": 0, ""neither"": 100}",0.7077811993658543,0.0,100,0.0,4.0,0.324,1.9835052347183229,0.3325,1.963645528793335,finite,0.010910900309681892,0.013572599738836288,0,0.0,0.0,1.0,0,0.0,0.0,0.0,0.0,0.0,0.0,0.0,0,0.0,0.0,0.0,0.0,0,0,0,0.0,0.0,0,0,0.0
1.0322973020374775,264.25690038205994,0.0,0.0,0.0,0,0,,,0.0,0.0,0.0,0.0,0,0.0,0,not_selected,0,0.0,not_selected,0.017194999381899834,0,0.324,0.0,0.0,0.0,0.0,0.0,0.0,0,115.19141439907253,0.0,0,0.0,0.0,0.0,0.0,recorded_dp_events_only,released_packet,private_experiment_logs_not_public_dp_outputs,5130,trainable_parameters_v1,tex_packet,0.0,not_established,0.24595830030739307,0.010972000658512115,legacy_per_link_selection,0,0.0,0.0,0.0,0,seal,0,seal_save_size_upper_bound,0,50;40,0.0,0,0,0.0,not_selected,0,0.0,0,0.0,8192,0,0,0,0,40,0,0,0.0,0.0,0,0,0.0,227.44337318355156,0,0.0,0.0,8.000000000001,0.0,0,measured_norm_ratio_not_a_convergence_threshold,1.032822698354721,86,100,0,0,0,0,0,0,0,0,0,0,1,0.0,0.0,fixed_mode_dynamic_privacy,0.0,0.0,incomplete_cross_domain_protection,local_packet_or_secure_aggregate,cross_domain_model_update,[],observed_operations_not_a_security_proof,False,no_new_cloud_update,0.0,31,0.0,1.0452589988708496,100,100,0,scheduled,"{""dp_he"": 0, ""dp_only"": 0, ""he_only"": 0, ""neither"": 100}","{""dp_he"": 0, ""dp_only"": 0, ""he_only"": 0, ""neither"": 100}",0.7457357011735439,0.0,100,0.0,4.0,0.324,1.9835052347183229,0.343,1.9642098026275634,finite,0.01243630051612854,0.012961696833372116,0,0.0,0.0,1.0,0,0.0,0.0,0.0,0.0,0.0,0.0,0.0,0,0.0,0.0,0.0,0.0,0,0,0,0.0,0.0,0,0,0.0
1.031784700229764,264.9907081823976,0.0,0.0,0.0,0,0,,,0.0,0.0,0.0,0.0,0,0.0,0,not_selected,0,0.0,not_selected,0.018348200246691704,0,0.324,0.0,0.0,0.0,0.0,0.0,0.0,0,116.47901039943099,0.0,0,0.0,0.0,0.0,0.0,recorded_dp_events_only,released_packet,private_experiment_logs_not_public_dp_outputs,5130,trainable_parameters_v1,tex_packet,0.0,not_established,0.2573020998388529,0.011287299916148186,legacy_per_link_selection,0,0.0,0.0,0.0,0,seal,0,seal_save_size_upper_bound,0,50;40,0.0,0,0,0.0,not_selected,0,0.0,0,0.0,8192,0,0,0,0,40,0,0,0.0,0.0,0,0,0.0,227.44337318355156,0,0.0,0.0,8.000000000001,0.0,0,measured_norm_ratio_not_a_convergence_threshold,1.0380128994584084,86,100,0,0,0,0,0,0,0,0,0,0,1,0.0,0.0,fixed_mode_dynamic_privacy,0.0,0.0,incomplete_cross_domain_protection,local_packet_or_secure_aggregate,cross_domain_model_update,[],observed_operations_not_a_security_proof,False,no_new_cloud_update,0.0,32,0.0,1.0490521993488073,100,100,0,scheduled,"{""dp_he"": 0, ""dp_only"": 0, ""he_only"": 0, ""neither"": 100}","{""dp_he"": 0, ""dp_only"": 0, ""he_only"": 0, ""neither"": 100}",0.7338078003376722,0.0,100,0.0,4.0,0.324,1.9835052347183229,0.305,1.9841441879272461,finite,0.01103929989039898,0.01726749911904335,0,0.0,0.0,1.0,0,0.0,0.0,0.0,0.0,0.0,0.0,0.0,0,0.0,0.0,0.0,0.0,0,0,0,0.0,0.0,0,0,0.0
1.048206901177764,265.75912638271166,0.0,0.0,0.0,0,0,,,0.0,0.0,0.0,0.0,0,0.0,0,not_selected,0,0.0,not_selected,0.01783449947834015,0,0.324,0.0,0.0,0.0,0.0,0.0,0.0,0,117.80063400045037,0.0,0,0.0,0.0,0.0,0.0,recorded_dp_events_only,released_packet,private_experiment_logs_not_public_dp_outputs,5130,trainable_parameters_v1,tex_packet,0.0,not_established,0.24015540070831776,0.010811900720000267,legacy_per_link_selection,0,0.0,0.0,0.0,0,seal,0,seal_save_size_upper_bound,0,50;40,0.0,0,0,0.0,not_selected,0,0.0,0,0.0,8192,0,0,0,0,40,0,0,0.0,0.0,0,0,0.0,227.44337318355156,0,0.0,0.0,8.000000000001,0.0,0,measured_norm_ratio_not_a_convergence_threshold,1.0508430991321802,86,100,0,0,0,0,0,0,0,0,0,0,1,0.0,0.0,fixed_mode_dynamic_privacy,0.0,0.0,incomplete_cross_domain_protection,local_packet_or_secure_aggregate,cross_domain_model_update,[],observed_operations_not_a_security_proof,False,no_new_cloud_update,0.0,33,0.0,1.061829999089241,100,100,0,scheduled,"{""dp_he"": 0, ""dp_only"": 0, ""he_only"": 0, ""neither"": 100}","{""dp_he"": 0, ""dp_only"": 0, ""he_only"": 0, ""neither"": 100}",0.768418200314045,0.0,100,0.0,4.0,0.324,1.9835052347183229,0.325,1.984267240524292,finite,0.010986899957060814,0.013623097911477089,0,0.0,0.0,1.0,0,0.0,0.0,0.0,0.0,0.0,0.0,0.0,0,0.0,0.0,0.0,0.0,0,0,0,0.0,0.0,0,0,0.0
0.9773718994110823,266.45984238276196,0.0,0.0,0.0,0,0,,,0.0,0.0,0.0,0.0,0,0.0,0,not_selected,0,0.0,not_selected,0.016300098970532417,0,0.324,0.0,0.0,0.0,0.0,0.0,0.0,0,119.02534169889987,0.0,0,0.0,0.0,0.0,0.0,recorded_dp_events_only,released_packet,private_experiment_logs_not_public_dp_outputs,5130,trainable_parameters_v1,tex_packet,0.0,not_established,0.238467900082469,0.011724499985575676,legacy_per_link_selection,0,0.0,0.0,0.0,0,seal,0,seal_save_size_upper_bound,0,50;40,0.0,0,0,0.0,not_selected,0,0.0,0,0.0,8192,0,0,0,0,40,0,0,0.0,0.0,0,0,0.0,227.44337318355156,0,0.0,0.0,8.000000000001,0.0,0,measured_norm_ratio_not_a_convergence_threshold,0.9792022984474897,86,100,0,0,0,0,0,0,0,0,0,0,1,0.0,0.0,fixed_mode_dynamic_privacy,0.0,0.0,incomplete_cross_domain_protection,local_packet_or_secure_aggregate,cross_domain_model_update,[],observed_operations_not_a_security_proof,False,no_new_cloud_update,0.0,34,0.0,0.9893656987696886,100,100,0,scheduled,"{""dp_he"": 0, ""dp_only"": 0, ""he_only"": 0, ""neither"": 100}","{""dp_he"": 0, ""dp_only"": 0, ""he_only"": 0, ""neither"": 100}",0.7007160000503063,0.0,100,0.0,4.0,0.324,1.9835052347183229,0.3125,1.9948171195983886,finite,0.010163400322198868,0.011993799358606339,0,0.0,0.0,1.0,0,0.0,0.0,0.0,0.0,0.0,0.0,0.0,0,0.0,0.0,0.0,0.0,0,0,0,0.0,0.0,0,0,0.0
1.0568564012646675,267.2295524839492,0.0,0.0,0.0,0,0,,,0.0,0.0,0.0,0.0,0,0.0,0,not_selected,0,0.0,not_selected,0.019687199965119362,0,0.324,0.0,0.0,0.0,0.0,0.0,0.0,0,120.34208139963448,0.0,0,0.0,0.0,0.0,0.0,recorded_dp_events_only,released_packet,private_experiment_logs_not_public_dp_outputs,5130,trainable_parameters_v1,tex_packet,0.0,not_established,0.245049599558115,0.010798800736665726,legacy_per_link_selection,0,0.0,0.0,0.0,0,seal,0,seal_save_size_upper_bound,0,50;40,0.0,0,0,0.0,not_selected,0,0.0,0,0.0,8192,0,0,0,0,40,0,0,0.0,0.0,0,0,0.0,227.44337318355156,0,0.0,0.0,8.000000000001,0.0,0,measured_norm_ratio_not_a_convergence_threshold,1.0620956998318434,86,100,0,0,0,0,0,0,0,0,0,0,1,0.0,0.0,fixed_mode_dynamic_privacy,0.0,0.0,incomplete_cross_domain_protection,local_packet_or_secure_aggregate,cross_domain_model_update,[],observed_operations_not_a_security_proof,False,no_new_cloud_update,0.0,35,0.0,1.0737063996493816,100,100,0,scheduled,"{""dp_he"": 0, ""dp_only"": 0, ""he_only"": 0, ""neither"": 100}","{""dp_he"": 0, ""dp_only"": 0, ""he_only"": 0, ""neither"": 100}",0.7697101011872292,0.0,100,0.0,4.0,0.324,1.9835052347183229,0.3125,1.9949973316192626,finite,0.011610699817538261,0.016849998384714127,0,0.0,0.0,1.0,0,0.0,0.0,0.0,0.0,0.0,0.0,0.0,0,0.0,0.0,0.0,0.0,0,0,0,0.0,0.0,0,0,0.0
1.0203072000294924,267.96599908435655,0.0,0.0,0.0,0,0,,,0.0,0.0,0.0,0.0,0,0.0,0,not_selected,0,0.0,not_selected,0.01768600009381771,0,0.324,0.0,0.0,0.0,0.0,0.0,0.0,0,121.60979129932821,0.0,0,0.0,0.0,0.0,0.0,recorded_dp_events_only,released_packet,private_experiment_logs_not_public_dp_outputs,5130,trainable_parameters_v1,tex_packet,0.0,not_established,0.24291079863905907,0.010973000898957253,legacy_per_link_selection,0,0.0,0.0,0.0,0,seal,0,seal_save_size_upper_bound,0,50;40,0.0,0,0,0.0,not_selected,0,0.0,0,0.0,8192,0,0,0,0,40,0,0,0.0,0.0,0,0,0.0,227.44337318355156,0,0.0,0.0,8.000000000001,0.0,0,measured_norm_ratio_not_a_convergence_threshold,1.021865800023079,86,100,0,0,0,0,0,0,0,0,0,0,1,0.0,0.0,fixed_mode_dynamic_privacy,0.0,0.0,incomplete_cross_domain_protection,local_packet_or_secure_aggregate,cross_domain_model_update,[],observed_operations_not_a_security_proof,False,no_new_cloud_update,0.0,36,0.0,1.0341566000133753,100,100,0,scheduled,"{""dp_he"": 0, ""dp_only"": 0, ""he_only"": 0, ""neither"": 100}","{""dp_he"": 0, ""dp_only"": 0, ""he_only"": 0, ""neither"": 100}",0.736446600407362,0.0,100,0.0,4.0,0.324,1.9835052347183229,0.3195,1.9901926488876343,finite,0.012290799990296364,0.013849399983882904,0,0.0,0.0,1.0,0,0.0,0.0,0.0,0.0,0.0,0.0,0.0,0,0.0,0.0,0.0,0.0,0,0,0,0.0,0.0,0,0,0.0
0.9884876031428576,268.6749840852053,0.0,0.0,0.0,0,0,,,0.0,0.0,0.0,0.0,0,0.0,0,not_selected,0,0.0,not_selected,0.017067600041627884,0,0.324,0.0,0.0,0.0,0.0,0.0,0.0,0,122.85360240004957,0.0,0,0.0,0.0,0.0,0.0,recorded_dp_events_only,released_packet,private_experiment_logs_not_public_dp_outputs,5130,trainable_parameters_v1,tex_packet,0.0,not_established,0.24063470028340816,0.011107200756669044,legacy_per_link_selection,0,0.0,0.0,0.0,0,seal,0,seal_save_size_upper_bound,0,50;40,0.0,0,0,0.0,not_selected,0,0.0,0,0.0,8192,0,0,0,0,40,0,0,0.0,0.0,0,0,0.0,227.44337318355156,0,0.0,0.0,8.000000000001,0.0,0,measured_norm_ratio_not_a_convergence_threshold,0.9906104989349842,86,100,0,0,0,0,0,0,0,0,0,0,1,0.0,0.0,fixed_mode_dynamic_privacy,0.0,0.0,incomplete_cross_domain_protection,local_packet_or_secure_aggregate,cross_domain_model_update,[],observed_operations_not_a_security_proof,False,no_new_cloud_update,0.0,37,0.0,1.0013036001473665,100,100,0,scheduled,"{""dp_he"": 0, ""dp_only"": 0, ""he_only"": 0, ""neither"": 100}","{""dp_he"": 0, ""dp_only"": 0, ""he_only"": 0, ""neither"": 100}",0.7089850008487701,0.0,100,0.0,4.0,0.324,1.9835052347183229,0.332,1.9676271448135376,finite,0.010693101212382317,0.012815997004508972,0,0.0,0.0,1.0,0,0.0,0.0,0.0,0.0,0.0,0.0,0.0,0,0.0,0.0,0.0,0.0,0,0,0,0.0,0.0,0,0,0.0
0.9930423013865948,269.3809269860567,0.0,0.0,0.0,0,0,,,0.0,0.0,0.0,0.0,0,0.0,0,not_selected,0,0.0,not_selected,0.019610799849033356,0,0.324,0.0,0.0,0.0,0.0,0.0,0.0,0,124.09261119924486,0.0,0,0.0,0.0,0.0,0.0,recorded_dp_events_only,released_packet,private_experiment_logs_not_public_dp_outputs,5130,trainable_parameters_v1,tex_packet,0.0,not_established,0.2443541008979082,0.012694599106907845,legacy_per_link_selection,0,0.0,0.0,0.0,0,seal,0,seal_save_size_upper_bound,0,50;40,0.0,0,0,0.0,not_selected,0,0.0,0,0.0,8192,0,0,0,0,40,0,0,0.0,0.0,0,0,0.0,227.44337318355156,0,0.0,0.0,8.000000000001,0.0,0,measured_norm_ratio_not_a_convergence_threshold,0.99599239975214,86,100,0,0,0,0,0,0,0,0,0,0,1,0.0,0.0,fixed_mode_dynamic_privacy,0.0,0.0,incomplete_cross_domain_protection,local_packet_or_secure_aggregate,cross_domain_model_update,[],observed_operations_not_a_security_proof,False,no_new_cloud_update,0.0,38,0.0,1.0064323004335165,100,100,0,scheduled,"{""dp_he"": 0, ""dp_only"": 0, ""he_only"": 0, ""neither"": 100}","{""dp_he"": 0, ""dp_only"": 0, ""he_only"": 0, ""neither"": 100}",0.7059429008513689,0.0,100,0.0,4.0,0.324,1.9835052347183229,0.314,1.9919328079223633,finite,0.010439900681376457,0.01338999904692173,0,0.0,0.0,1.0,0,0.0,0.0,0.0,0.0,0.0,0.0,0.0,0,0.0,0.0,0.0,0.0,0,0,0,0.0,0.0,0,0,0.0
1.04262949898839,270.13033508585704,0.0,0.0,0.0,0,0,,,0.0,0.0,0.0,0.0,0,0.0,0,not_selected,0,0.0,not_selected,0.018092399463057518,0,0.324,0.0,0.0,0.0,0.0,0.0,0.0,0,125.40376880019903,0.0,0,0.0,0.0,0.0,0.0,recorded_dp_events_only,released_packet,private_experiment_logs_not_public_dp_outputs,5130,trainable_parameters_v1,tex_packet,0.0,not_established,0.24736659973859787,0.014105599373579025,legacy_per_link_selection,0,0.0,0.0,0.0,0,seal,0,seal_save_size_upper_bound,0,50;40,0.0,0,0,0.0,not_selected,0,0.0,0,0.0,8192,0,0,0,0,40,0,0,0.0,0.0,0,0,0.0,227.44337318355156,0,0.0,0.0,8.000000000001,0.0,0,measured_norm_ratio_not_a_convergence_threshold,1.0435588005930185,86,100,0,0,0,0,0,0,0,0,0,0,1,0.0,0.0,fixed_mode_dynamic_privacy,0.0,0.0,incomplete_cross_domain_protection,local_packet_or_secure_aggregate,cross_domain_model_update,[],observed_operations_not_a_security_proof,False,no_new_cloud_update,0.0,39,0.0,1.0572156012058258,100,100,0,scheduled,"{""dp_he"": 0, ""dp_only"": 0, ""he_only"": 0, ""neither"": 100}","{""dp_he"": 0, ""dp_only"": 0, ""he_only"": 0, ""neither"": 100}",0.7494080998003483,0.0,100,0.0,4.0,0.324,1.9835052347183229,0.321,1.9846324214935303,finite,0.013656800612807274,0.014586102217435837,0,0.0,0.0,1.0,0,0.0,0.0,0.0,0.0,0.0,0.0,0.0,0,0.0,0.0,0.0,0.0,0,0,0,0.0,0.0,0,0,0.0
1.0493751000612974,270.8873740852059,0.0,0.0,0.0,0,0,,,0.0,0.0,0.0,0.0,0,0.0,0,not_selected,0,0.0,not_selected,0.01856349967420101,0,0.324,0.0,0.0,0.0,0.0,0.0,0.0,0,126.74118729867041,0.0,0,0.0,0.0,0.0,0.0,recorded_dp_events_only,released_packet,private_experiment_logs_not_public_dp_outputs,5130,trainable_parameters_v1,tex_packet,0.0,not_established,0.2469886001199484,0.013235600665211678,legacy_per_link_selection,0,0.0,0.0,0.0,0,seal,0,seal_save_size_upper_bound,0,50;40,0.0,0,0,0.0,not_selected,0,0.0,0,0.0,8192,0,0,0,0,40,0,0,0.0,0.0,0,0,0.0,227.44337318355156,0,0.0,0.0,8.000000000001,0.0,0,measured_norm_ratio_not_a_convergence_threshold,1.0493409000337124,86,100,0,0,0,0,0,0,0,0,0,0,1,0.0,0.0,fixed_mode_dynamic_privacy,0.0,0.0,incomplete_cross_domain_protection,local_packet_or_secure_aggregate,cross_domain_model_update,[],observed_operations_not_a_security_proof,False,no_new_cloud_update,0.0,40,0.0,1.0628893002867699,100,100,0,scheduled,"{""dp_he"": 0, ""dp_only"": 0, ""he_only"": 0, ""neither"": 100}","{""dp_he"": 0, ""dp_only"": 0, ""he_only"": 0, ""neither"": 100}",0.7570389993488789,0.0,100,0.0,4.0,0.324,1.9835052347183229,0.328,1.9770615825653075,finite,0.01354840025305748,0.01351420022547245,0,0.0,0.0,1.0,0,0.0,0.0,0.0,0.0,0.0,0.0,0.0,0,0.0,0.0,0.0,0.0,0,0,0,0.0,0.0,0,0,0.0
1.0318269990384579,271.6208417851658,0.0,0.0,0.0,0,0,,,0.0,0.0,0.0,0.0,0,0.0,0,not_selected,0,0.0,not_selected,0.023001300171017647,0,0.324,0.0,0.0,0.0,0.0,0.0,0.0,0,128.02761339955032,0.0,0,0.0,0.0,0.0,0.0,recorded_dp_events_only,released_packet,private_experiment_logs_not_public_dp_outputs,5130,trainable_parameters_v1,tex_packet,0.0,not_established,0.2520661000162363,0.012603400275111198,legacy_per_link_selection,0,0.0,0.0,0.0,0,seal,0,seal_save_size_upper_bound,0,50;40,0.0,0,0,0.0,not_selected,0,0.0,0,0.0,8192,0,0,0,0,40,0,0,0.0,0.0,0,0,0.0,227.44337318355156,0,0.0,0.0,8.000000000001,0.0,0,measured_norm_ratio_not_a_convergence_threshold,1.0356923025101423,86,100,0,0,0,0,0,0,0,0,0,0,1,0.0,0.0,fixed_mode_dynamic_privacy,0.0,0.0,incomplete_cross_domain_protection,local_packet_or_secure_aggregate,cross_domain_model_update,[],observed_operations_not_a_security_proof,False,no_new_cloud_update,0.0,41,0.0,1.046380801126361,100,100,0,scheduled,"{""dp_he"": 0, ""dp_only"": 0, ""he_only"": 0, ""neither"": 100}","{""dp_he"": 0, ""dp_only"": 0, ""he_only"": 0, ""neither"": 100}",0.7334676999598742,0.0,100,0.0,4.0,0.324,1.9835052347183229,0.321,2.0013007946014403,finite,0.010688498616218567,0.014553802087903023,0,0.0,0.0,1.0,0,0.0,0.0,0.0,0.0,0.0,0.0,0.0,0,0.0,0.0,0.0,0.0,0,0,0,0.0,0.0,0,0,0.0
0.9966918006539345,272.3280825846077,0.0,0.0,0.0,0,0,,,0.0,0.0,0.0,0.0,0,0.0,0,not_selected,0,0.0,not_selected,0.01599849946796894,0,0.324,0.0,0.0,0.0,0.0,0.0,0.0,0,129.29463830031455,0.0,0,0.0,0.0,0.0,0.0,recorded_dp_events_only,released_packet,private_experiment_logs_not_public_dp_outputs,5130,trainable_parameters_v1,tex_packet,0.0,not_established,0.24988900125026703,0.011673999950289726,legacy_per_link_selection,0,0.0,0.0,0.0,0,seal,0,seal_save_size_upper_bound,0,50;40,0.0,0,0,0.0,not_selected,0,0.0,0,0.0,8192,0,0,0,0,40,0,0,0.0,0.0,0,0,0.0,227.44337318355156,0,0.0,0.0,8.000000000001,0.0,0,measured_norm_ratio_not_a_convergence_threshold,0.9974781982600689,86,100,0,0,0,0,0,0,0,0,0,0,1,0.0,0.0,fixed_mode_dynamic_privacy,0.0,0.0,incomplete_cross_domain_protection,local_packet_or_secure_aggregate,cross_domain_model_update,[],observed_operations_not_a_security_proof,False,no_new_cloud_update,0.0,42,0.0,1.009367698803544,100,100,0,scheduled,"{""dp_he"": 0, ""dp_only"": 0, ""he_only"": 0, ""neither"": 100}","{""dp_he"": 0, ""dp_only"": 0, ""he_only"": 0, ""neither"": 100}",0.7072407994419336,0.0,100,0.0,4.0,0.324,1.9835052347183229,0.3165,1.9785761966705322,finite,0.011889500543475151,0.012675898149609566,0,0.0,0.0,1.0,0,0.0,0.0,0.0,0.0,0.0,0.0,0.0,0,0.0,0.0,0.0,0.0,0,0,0,0.0,0.0,0,0,0.0
1.0335127990692854,273.0757535852672,0.0,0.0,0.0,0,0,,,0.0,0.0,0.0,0.0,0,0.0,0,not_selected,0,0.0,not_selected,0.019838999956846237,0,0.324,0.0,0.0,0.0,0.0,0.0,0.0,0,130.62039189971983,0.0,0,0.0,0.0,0.0,0.0,recorded_dp_events_only,released_packet,private_experiment_logs_not_public_dp_outputs,5130,trainable_parameters_v1,tex_packet,0.0,not_established,0.24221589975059032,0.011873099952936172,legacy_per_link_selection,0,0.0,0.0,0.0,0,seal,0,seal_save_size_upper_bound,0,50;40,0.0,0,0,0.0,not_selected,0,0.0,0,0.0,8192,0,0,0,0,40,0,0,0.0,0.0,0,0,0.0,227.44337318355156,0,0.0,0.0,8.000000000001,0.0,0,measured_norm_ratio_not_a_convergence_threshold,1.0346265025436878,86,100,0,0,0,0,0,0,0,0,0,0,1,0.0,0.0,fixed_mode_dynamic_privacy,0.0,0.0,incomplete_cross_domain_protection,local_packet_or_secure_aggregate,cross_domain_model_update,[],observed_operations_not_a_security_proof,False,no_new_cloud_update,0.0,43,0.0,1.0465403012931347,100,100,0,scheduled,"{""dp_he"": 0, ""dp_only"": 0, ""he_only"": 0, ""neither"": 100}","{""dp_he"": 0, ""dp_only"": 0, ""he_only"": 0, ""neither"": 100}",0.7476710006594658,0.0,100,0.0,4.0,0.324,1.9835052347183229,0.3325,1.9870893783569337,finite,0.011913798749446869,0.013027502223849297,0,0.0,0.0,1.0,0,0.0,0.0,0.0,0.0,0.0,0.0,0.0,0,0.0,0.0,0.0,0.0,0,0,0,0.0,0.0,0,0,0.0
1.0346159990876913,273.83210968488766,0.0,0.0,0.0,0,0,,,0.0,0.0,0.0,0.0,0,0.0,0,not_selected,0,0.0,not_selected,0.016602199524641037,0,0.324,0.0,0.0,0.0,0.0,0.0,0.0,0,131.94892179965973,0.0,0,0.0,0.0,0.0,0.0,recorded_dp_events_only,released_packet,private_experiment_logs_not_public_dp_outputs,5130,trainable_parameters_v1,tex_packet,0.0,not_established,0.24013219960033894,0.01111680082976818,legacy_per_link_selection,0,0.0,0.0,0.0,0,seal,0,seal_save_size_upper_bound,0,50;40,0.0,0,0,0.0,not_selected,0,0.0,0,0.0,8192,0,0,0,0,40,0,0,0.0,0.0,0,0,0.0,227.44337318355156,0,0.0,0.0,8.000000000001,0.0,0,measured_norm_ratio_not_a_convergence_threshold,1.0379809997975826,86,100,0,0,0,0,0,0,0,0,0,0,1,0.0,0.0,fixed_mode_dynamic_privacy,0.0,0.0,incomplete_cross_domain_protection,local_packet_or_secure_aggregate,cross_domain_model_update,[],observed_operations_not_a_security_proof,False,no_new_cloud_update,0.0,44,0.0,1.0483896993100643,100,100,0,scheduled,"{""dp_he"": 0, ""dp_only"": 0, ""he_only"": 0, ""neither"": 100}","{""dp_he"": 0, ""dp_only"": 0, ""he_only"": 0, ""neither"": 100}",0.7563560996204615,0.0,100,0.0,4.0,0.324,1.9835052347183229,0.3105,1.9763331623077394,finite,0.01040869951248169,0.013773700222373009,0,0.0,0.0,1.0,0,0.0,0.0,0.0,0.0,0.0,0.0,0.0,0,0.0,0.0,0.0,0.0,0,0,0,0.0,0.0,0,0,0.0
0.9932295996695757,274.5475597854884,0.0,0.0,0.0,0,0,,,0.0,0.0,0.0,0.0,0,0.0,0,not_selected,0,0.0,not_selected,0.01587120071053505,0,0.324,0.0,0.0,0.0,0.0,0.0,0.0,0,133.20687649957836,0.0,0,0.0,0.0,0.0,0.0,recorded_dp_events_only,released_packet,private_experiment_logs_not_public_dp_outputs,5130,trainable_parameters_v1,tex_packet,0.0,not_established,0.23987790010869503,0.011271798983216286,legacy_per_link_selection,0,0.0,0.0,0.0,0,seal,0,seal_save_size_upper_bound,0,50;40,0.0,0,0,0.0,not_selected,0,0.0,0,0.0,8192,0,0,0,0,40,0,0,0.0,0.0,0,0,0.0,227.44337318355156,0,0.0,0.0,8.000000000001,0.0,0,measured_norm_ratio_not_a_convergence_threshold,0.9949109014123678,86,100,0,0,0,0,0,0,0,0,0,0,1,0.0,0.0,fixed_mode_dynamic_privacy,0.0,0.0,incomplete_cross_domain_protection,local_packet_or_secure_aggregate,cross_domain_model_update,[],observed_operations_not_a_security_proof,False,no_new_cloud_update,0.0,45,0.0,1.0056695006787777,100,100,0,scheduled,"{""dp_he"": 0, ""dp_only"": 0, ""he_only"": 0, ""neither"": 100}","{""dp_he"": 0, ""dp_only"": 0, ""he_only"": 0, ""neither"": 100}",0.7154501006007195,0.0,100,0.0,4.0,0.324,1.9835052347183229,0.3155,1.985215277671814,finite,0.010758599266409874,0.012439901009202003,0,0.0,0.0,1.0,0,0.0,0.0,0.0,0.0,0.0,0.0,0.0,0,0.0,0.0,0.0,0.0,0,0,0,0.0,0.0,0,0,0.0
0.9822377003729343,275.2440034866513,0.0,0.0,0.0,0,0,,,0.0,0.0,0.0,0.0,0,0.0,0,not_selected,0,0.0,not_selected,0.017175698652863503,0,0.324,0.0,0.0,0.0,0.0,0.0,0.0,0,134.4598481990397,0.0,0,0.0,0.0,0.0,0.0,recorded_dp_events_only,released_packet,private_experiment_logs_not_public_dp_outputs,5130,trainable_parameters_v1,tex_packet,0.0,not_established,0.24528330005705357,0.011859400197863579,legacy_per_link_selection,0,0.0,0.0,0.0,0,seal,0,seal_save_size_upper_bound,0,50;40,0.0,0,0,0.0,not_selected,0,0.0,0,0.0,8192,0,0,0,0,40,0,0,0.0,0.0,0,0,0.0,227.44337318355156,0,0.0,0.0,8.000000000001,0.0,0,measured_norm_ratio_not_a_convergence_threshold,0.9855994991958141,86,100,0,0,0,0,0,0,0,0,0,0,1,0.0,0.0,fixed_mode_dynamic_privacy,0.0,0.0,incomplete_cross_domain_protection,local_packet_or_secure_aggregate,cross_domain_model_update,[],observed_operations_not_a_security_proof,False,no_new_cloud_update,0.0,46,0.0,0.9970750994980335,100,100,0,scheduled,"{""dp_he"": 0, ""dp_only"": 0, ""he_only"": 0, ""neither"": 100}","{""dp_he"": 0, ""dp_only"": 0, ""he_only"": 0, ""neither"": 100}",0.6964437011629343,0.0,100,0.0,4.0,0.324,1.9835052347183229,0.3135,1.994137833595276,finite,0.011475600302219391,0.014837399125099182,0,0.0,0.0,1.0,0,0.0,0.0,0.0,0.0,0.0,0.0,0.0,0,0.0,0.0,0.0,0.0,0,0,0,0.0,0.0,0,0,0.0
1.0116213001310825,275.9713748868735,0.0,0.0,0.0,0,0,,,0.0,0.0,0.0,0.0,0,0.0,0,not_selected,0,0.0,not_selected,0.016881098970770836,0,0.324,0.0,0.0,0.0,0.0,0.0,0.0,0,135.77606450021267,0.0,0,0.0,0.0,0.0,0.0,recorded_dp_events_only,released_packet,private_experiment_logs_not_public_dp_outputs,5130,trainable_parameters_v1,tex_packet,0.0,not_established,0.24585260078310966,0.010607900097966194,legacy_per_link_selection,0,0.0,0.0,0.0,0,seal,0,seal_save_size_upper_bound,0,50;40,0.0,0,0,0.0,not_selected,0,0.0,0,0.0,8192,0,0,0,0,40,0,0,0.0,0.0,0,0,0.0,227.44337318355156,0,0.0,0.0,8.000000000001,0.0,0,measured_norm_ratio_not_a_convergence_threshold,1.0136943999677896,86,100,0,0,0,0,0,0,0,0,0,0,1,0.0,0.0,fixed_mode_dynamic_privacy,0.0,0.0,incomplete_cross_domain_protection,local_packet_or_secure_aggregate,cross_domain_model_update,[],observed_operations_not_a_security_proof,False,no_new_cloud_update,0.0,47,0.0,1.0246027000248432,100,100,0,scheduled,"{""dp_he"": 0, ""dp_only"": 0, ""he_only"": 0, ""neither"": 100}","{""dp_he"": 0, ""dp_only"": 0, ""he_only"": 0, ""neither"": 100}",0.7273714002221823,0.0,100,0.0,4.0,0.324,1.9835052347183229,0.315,1.9868464260101317,finite,0.010908300057053566,0.012981399893760681,0,0.0,0.0,1.0,0,0.0,0.0,0.0,0.0,0.0,0.0,0.0,0,0.0,0.0,0.0,0.0,0,0,0,0.0,0.0,0,0,0.0
1.0423407014459372,276.73224718758775,0.0,0.0,0.0,0,0,,,0.0,0.0,0.0,0.0,0,0.0,0,not_selected,0,0.0,not_selected,0.01746310107409954,0,0.324,0.0,0.0,0.0,0.0,0.0,0.0,0,137.11907649971545,0.0,0,0.0,0.0,0.0,0.0,recorded_dp_events_only,released_packet,private_experiment_logs_not_public_dp_outputs,5130,trainable_parameters_v1,tex_packet,0.0,not_established,0.24320289865136147,0.010250400751829147,legacy_per_link_selection,0,0.0,0.0,0.0,0,seal,0,seal_save_size_upper_bound,0,50;40,0.0,0,0,0.0,not_selected,0,0.0,0,0.0,8192,0,0,0,0,40,0,0,0.0,0.0,0,0,0.0,227.44337318355156,0,0.0,0.0,8.000000000001,0.0,0,measured_norm_ratio_not_a_convergence_threshold,1.0465339999645948,86,100,0,0,0,0,0,0,0,0,0,0,1,0.0,0.0,fixed_mode_dynamic_privacy,0.0,0.0,incomplete_cross_domain_protection,local_packet_or_secure_aggregate,cross_domain_model_update,[],observed_operations_not_a_security_proof,False,no_new_cloud_update,0.0,48,0.0,1.0570860002189875,100,100,0,scheduled,"{""dp_he"": 0, ""dp_only"": 0, ""he_only"": 0, ""neither"": 100}","{""dp_he"": 0, ""dp_only"": 0, ""he_only"": 0, ""neither"": 100}",0.7608723007142544,0.0,100,0.0,4.0,0.324,1.9835052347183229,0.3235,1.9884646997451783,finite,0.010552000254392624,0.014745298773050308,0,0.0,0.0,1.0,0,0.0,0.0,0.0,0.0,0.0,0.0,0.0,0,0.0,0.0,0.0,0.0,0,0,0,0.0,0.0,0,0,0.0
0.9898112993687391,277.4386363875301,0.0,0.0,0.0,0,0,,,0.0,0.0,0.0,0.0,0,0.0,0,not_selected,0,0.0,not_selected,0.017420999705791473,0,0.324,0.0,0.0,0.0,0.0,0.0,0.0,0,138.37729059904814,0.0,0,0.0,0.0,0.0,0.0,recorded_dp_events_only,released_packet,private_experiment_logs_not_public_dp_outputs,5130,trainable_parameters_v1,tex_packet,0.0,not_established,0.24378149956464767,0.010220998898148537,legacy_per_link_selection,0,0.0,0.0,0.0,0,seal,0,seal_save_size_upper_bound,0,50;40,0.0,0,0,0.0,not_selected,0,0.0,0,0.0,8192,0,0,0,0,40,0,0,0.0,0.0,0,0,0.0,227.44337318355156,0,0.0,0.0,8.000000000001,0.0,0,measured_norm_ratio_not_a_convergence_threshold,0.9902070984244347,86,100,0,0,0,0,0,0,0,0,0,0,1,0.0,0.0,fixed_mode_dynamic_privacy,0.0,0.0,incomplete_cross_domain_protection,local_packet_or_secure_aggregate,cross_domain_model_update,[],observed_operations_not_a_security_proof,False,no_new_cloud_update,0.0,49,0.0,1.0022056996822357,100,100,0,scheduled,"{""dp_he"": 0, ""dp_only"": 0, ""he_only"": 0, ""neither"": 100}","{""dp_he"": 0, ""dp_only"": 0, ""he_only"": 0, ""neither"": 100}",0.7063891999423504,0.0,100,0.0,4.0,0.324,1.9835052347183229,0.3195,1.982741720199585,finite,0.011998601257801056,0.01239440031349659,0,0.0,0.0,1.0,0,0.0,0.0,0.0,0.0,0.0,0.0,0.0,0,0.0,0.0,0.0,0.0,0,0,0,0.0,0.0,0,0,0.0
1.0416545998305082,278.18643128575695,0.0,0.0,0.0,0,0,,,0.0,0.0,0.0,0.0,0,0.0,0,not_selected,0,0.0,not_selected,0.018575800582766533,0,0.324,0.0,0.0,0.0,0.0,0.0,0.0,0,139.71813689917326,0.0,0,0.0,0.0,0.0,0.0,recorded_dp_events_only,released_packet,private_experiment_logs_not_public_dp_outputs,5130,trainable_parameters_v1,tex_packet,0.0,not_established,0.2529068011790514,0.01123110018670559,legacy_per_link_selection,0,0.0,0.0,0.0,0,seal,0,seal_save_size_upper_bound,0,50;40,0.0,0,0,0.0,not_selected,0,0.0,0,0.0,8192,0,0,0,0,40,0,0,0.0,0.0,0,0,0.0,227.44337318355156,0,0.0,0.0,8.000000000001,0.0,0,measured_norm_ratio_not_a_convergence_threshold,1.0450419001281261,86,100,0,0,0,0,0,0,0,0,0,0,1,0.0,0.0,fixed_mode_dynamic_privacy,0.0,0.0,incomplete_cross_domain_protection,local_packet_or_secure_aggregate,cross_domain_model_update,[],observed_operations_not_a_security_proof,False,no_new_cloud_update,0.0,50,0.0,1.0561878997832537,100,100,0,scheduled,"{""dp_he"": 0, ""dp_only"": 0, ""he_only"": 0, ""neither"": 100}","{""dp_he"": 0, ""dp_only"": 0, ""he_only"": 0, ""neither"": 100}",0.7477948982268572,0.0,100,0.0,4.0,0.324,1.9835052347183229,0.32,1.9892293481826782,finite,0.011145999655127525,0.014533299952745438,0,0.0,0.0,1.0,0,0.0,0.0,0.0,0.0,0.0,0.0,0.0,0,0.0,0.0,0.0,0.0,0,0,0,0.0,0.0,0,0,0.0
1.0245870985090733,278.9180548850627,0.0,0.0,0.0,0,0,,,0.0,0.0,0.0,0.0,0,0.0,0,not_selected,0,0.0,not_selected,0.017111700028181076,0,0.324,0.0,0.0,0.0,0.0,0.0,0.0,0,141.04868009872735,0.0,0,0.0,0.0,0.0,0.0,recorded_dp_events_only,released_packet,private_experiment_logs_not_public_dp_outputs,5130,trainable_parameters_v1,tex_packet,0.0,not_established,0.2521304003894329,0.011347498744726181,legacy_per_link_selection,0,0.0,0.0,0.0,0,seal,0,seal_save_size_upper_bound,0,50;40,0.0,0,0,0.0,not_selected,0,0.0,0,0.0,8192,0,0,0,0,40,0,0,0.0,0.0,0,0,0.0,227.44337318355156,0,0.0,0.0,8.000000000001,0.0,0,measured_norm_ratio_not_a_convergence_threshold,1.0273151006549597,86,100,0,0,0,0,0,0,0,0,0,0,1,0.0,0.0,fixed_mode_dynamic_privacy,0.0,0.0,incomplete_cross_domain_protection,local_packet_or_secure_aggregate,cross_domain_model_update,[],observed_operations_not_a_security_proof,False,no_new_cloud_update,0.0,51,0.0,1.0396890006959438,100,100,0,scheduled,"{""dp_he"": 0, ""dp_only"": 0, ""he_only"": 0, ""neither"": 100}","{""dp_he"": 0, ""dp_only"": 0, ""he_only"": 0, ""neither"": 100}",0.7316235993057489,0.0,100,0.0,4.0,0.324,1.9835052347183229,0.3205,1.9902481393814087,finite,0.012373900040984154,0.015101902186870575,0,0.0,0.0,1.0,0,0.0,0.0,0.0,0.0,0.0,0.0,0.0,0,0.0,0.0,0.0,0.0,0,0,0,0.0,0.0,0,0,0.0
1.019200798124075,279.6556720853032,0.0,0.0,0.0,0,0,,,0.0,0.0,0.0,0.0,0,0.0,0,not_selected,0,0.0,not_selected,0.01670979894697666,0,0.324,0.0,0.0,0.0,0.0,0.0,0.0,0,142.38515449874103,0.0,0,0.0,0.0,0.0,0.0,recorded_dp_events_only,released_packet,private_experiment_logs_not_public_dp_outputs,5130,trainable_parameters_v1,tex_packet,0.0,not_established,0.24314210005104542,0.010525299236178398,legacy_per_link_selection,0,0.0,0.0,0.0,0,seal,0,seal_save_size_upper_bound,0,50;40,0.0,0,0,0.0,not_selected,0,0.0,0,0.0,8192,0,0,0,0,40,0,0,0.0,0.0,0,0,0.0,227.44337318355156,0,0.0,0.0,8.000000000001,0.0,0,measured_norm_ratio_not_a_convergence_threshold,1.0212517995387316,86,100,0,0,0,0,0,0,0,0,0,0,1,0.0,0.0,fixed_mode_dynamic_privacy,0.0,0.0,incomplete_cross_domain_protection,local_packet_or_secure_aggregate,cross_domain_model_update,[],observed_operations_not_a_security_proof,False,no_new_cloud_update,0.0,52,0.0,1.0324581991881132,100,100,0,scheduled,"{""dp_he"": 0, ""dp_only"": 0, ""he_only"": 0, ""neither"": 100}","{""dp_he"": 0, ""dp_only"": 0, ""he_only"": 0, ""neither"": 100}",0.7376172002404928,0.0,100,0.0,4.0,0.324,1.9835052347183229,0.327,1.9754529333114623,finite,0.011206399649381638,0.013257401064038277,0,0.0,0.0,1.0,0,0.0,0.0,0.0,0.0,0.0,0.0,0.0,0,0.0,0.0,0.0,0.0,0,0,0,0.0,0.0,0,0,0.0
0.9799413029104471,280.3533501856209,0.0,0.0,0.0,0,0,,,0.0,0.0,0.0,0.0,0,0.0,0,not_selected,0,0.0,not_selected,0.01730000041425228,0,0.324,0.0,0.0,0.0,0.0,0.0,0.0,0,143.6391796991229,0.0,0,0.0,0.0,0.0,0.0,recorded_dp_events_only,released_packet,private_experiment_logs_not_public_dp_outputs,5130,trainable_parameters_v1,tex_packet,0.0,not_established,0.24343669973313808,0.011125201359391212,legacy_per_link_selection,0,0.0,0.0,0.0,0,seal,0,seal_save_size_upper_bound,0,50;40,0.0,0,0,0.0,not_selected,0,0.0,0,0.0,8192,0,0,0,0,40,0,0,0.0,0.0,0,0,0.0,227.44337318355156,0,0.0,0.0,8.000000000001,0.0,0,measured_norm_ratio_not_a_convergence_threshold,0.9830545000731945,86,100,0,0,0,0,0,0,0,0,0,0,1,0.0,0.0,fixed_mode_dynamic_privacy,0.0,0.0,incomplete_cross_domain_protection,local_packet_or_secure_aggregate,cross_domain_model_update,[],observed_operations_not_a_security_proof,False,no_new_cloud_update,0.0,53,0.0,0.9934558011591434,100,100,0,scheduled,"{""dp_he"": 0, ""dp_only"": 0, ""he_only"": 0, ""neither"": 100}","{""dp_he"": 0, ""dp_only"": 0, ""he_only"": 0, ""neither"": 100}",0.6976781003177166,0.0,100,0.0,4.0,0.324,1.9835052347183229,0.3175,1.987822862625122,finite,0.010401301085948944,0.013514498248696327,0,0.0,0.0,1.0,0,0.0,0.0,0.0,0.0,0.0,0.0,0.0,0,0.0,0.0,0.0,0.0,0,0,0,0.0,0.0,0,0,0.0
1.0649615991860628,281.1185444843204,0.0,0.0,0.0,0,0,,,0.0,0.0,0.0,0.0,0,0.0,0,not_selected,0,0.0,not_selected,0.018369900062680244,0,0.324,0.0,0.0,0.0,0.0,0.0,0.0,0,144.98873410001397,0.0,0,0.0,0.0,0.0,0.0,recorded_dp_events_only,released_packet,private_experiment_logs_not_public_dp_outputs,5130,trainable_parameters_v1,tex_packet,0.0,not_established,0.2533082999289036,0.014511000365018845,legacy_per_link_selection,0,0.0,0.0,0.0,0,seal,0,seal_save_size_upper_bound,0,50;40,0.0,0,0,0.0,not_selected,0,0.0,0,0.0,8192,0,0,0,0,40,0,0,0.0,0.0,0,0,0.0,227.44337318355156,0,0.0,0.0,8.000000000001,0.0,0,measured_norm_ratio_not_a_convergence_threshold,1.0659791994839907,86,100,0,0,0,0,0,0,0,0,0,0,1,0.0,0.0,fixed_mode_dynamic_privacy,0.0,0.0,incomplete_cross_domain_protection,local_packet_or_secure_aggregate,cross_domain_model_update,[],observed_operations_not_a_security_proof,False,no_new_cloud_update,0.0,54,0.0,1.0795572996139526,100,100,0,scheduled,"{""dp_he"": 0, ""dp_only"": 0, ""he_only"": 0, ""neither"": 100}","{""dp_he"": 0, ""dp_only"": 0, ""he_only"": 0, ""neither"": 100}",0.7651942986994982,0.0,100,0.0,4.0,0.324,1.9835052347183229,0.303,2.005413372039795,finite,0.013578100129961967,0.014595700427889824,0,0.0,0.0,1.0,0,0.0,0.0,0.0,0.0,0.0,0.0,0.0,0,0.0,0.0,0.0,0.0,0,0,0,0.0,0.0,0,0,0.0
0.9999797008931637,281.82662758493734,0.0,0.0,0.0,0,0,,,0.0,0.0,0.0,0.0,0,0.0,0,not_selected,0,0.0,not_selected,0.019618701189756393,0,0.324,0.0,0.0,0.0,0.0,0.0,0.0,0,146.2899254988879,0.0,0,0.0,0.0,0.0,0.0,recorded_dp_events_only,released_packet,private_experiment_logs_not_public_dp_outputs,5130,trainable_parameters_v1,tex_packet,0.0,not_established,0.2493733987212181,0.012126000598073006,legacy_per_link_selection,0,0.0,0.0,0.0,0,seal,0,seal_save_size_upper_bound,0,50;40,0.0,0,0,0.0,not_selected,0,0.0,0,0.0,8192,0,0,0,0,40,0,0,0.0,0.0,0,0,0.0,227.44337318355156,0,0.0,0.0,8.000000000001,0.0,0,measured_norm_ratio_not_a_convergence_threshold,1.0041006989777088,86,100,0,0,0,0,0,0,0,0,0,0,1,0.0,0.0,fixed_mode_dynamic_privacy,0.0,0.0,incomplete_cross_domain_protection,local_packet_or_secure_aggregate,cross_domain_model_update,[],observed_operations_not_a_security_proof,False,no_new_cloud_update,0.0,55,0.0,1.014879198744893,100,100,0,scheduled,"{""dp_he"": 0, ""dp_only"": 0, ""he_only"": 0, ""neither"": 100}","{""dp_he"": 0, ""dp_only"": 0, ""he_only"": 0, ""neither"": 100}",0.7080831006169319,0.0,100,0.0,4.0,0.324,1.9835052347183229,0.3135,2.007296085357666,finite,0.010778499767184258,0.014899497851729393,0,0.0,0.0,1.0,0,0.0,0.0,0.0,0.0,0.0,0.0,0.0,0,0.0,0.0,0.0,0.0,0,0,0,0.0,0.0,0,0,0.0
1.0080353990197182,282.5552637845458,0.0,0.0,0.0,0,0,,,0.0,0.0,0.0,0.0,0,0.0,0,not_selected,0,0.0,not_selected,0.01711999997496605,0,0.324,0.0,0.0,0.0,0.0,0.0,0.0,0,147.60316049866378,0.0,0,0.0,0.0,0.0,0.0,recorded_dp_events_only,released_packet,private_experiment_logs_not_public_dp_outputs,5130,trainable_parameters_v1,tex_packet,0.0,not_established,0.24084770120680332,0.010706698521971703,legacy_per_link_selection,0,0.0,0.0,0.0,0,seal,0,seal_save_size_upper_bound,0,50;40,0.0,0,0,0.0,not_selected,0,0.0,0,0.0,8192,0,0,0,0,40,0,0,0.0,0.0,0,0,0.0,227.44337318355156,0,0.0,0.0,8.000000000001,0.0,0,measured_norm_ratio_not_a_convergence_threshold,1.0111034996807575,86,100,0,0,0,0,0,0,0,0,0,0,1,0.0,0.0,fixed_mode_dynamic_privacy,0.0,0.0,incomplete_cross_domain_protection,local_packet_or_secure_aggregate,cross_domain_model_update,[],observed_operations_not_a_security_proof,False,no_new_cloud_update,0.0,56,0.0,1.0218282993882895,100,100,0,scheduled,"{""dp_he"": 0, ""dp_only"": 0, ""he_only"": 0, ""neither"": 100}","{""dp_he"": 0, ""dp_only"": 0, ""he_only"": 0, ""neither"": 100}",0.7286361996084452,0.0,100,0.0,4.0,0.324,1.9835052347183229,0.317,1.9848697681427,finite,0.010724799707531929,0.013792900368571281,0,0.0,0.0,1.0,0,0.0,0.0,0.0,0.0,0.0,0.0,0.0,0,0.0,0.0,0.0,0.0,0,0,0,0.0,0.0,0,0,0.0
0.9776153974235058,283.2549740828754,0.0,0.0,0.0,0,0,,,0.0,0.0,0.0,0.0,0,0.0,0,not_selected,0,0.0,not_selected,0.017139000818133354,0,0.324,0.0,0.0,0.0,0.0,0.0,0.0,0,148.87368839979172,0.0,0,0.0,0.0,0.0,0.0,recorded_dp_events_only,released_packet,private_experiment_logs_not_public_dp_outputs,5130,trainable_parameters_v1,tex_packet,0.0,not_established,0.23954739980399609,0.01039549894630909,legacy_per_link_selection,0,0.0,0.0,0.0,0,seal,0,seal_save_size_upper_bound,0,50;40,0.0,0,0,0.0,not_selected,0,0.0,0,0.0,8192,0,0,0,0,40,0,0,0.0,0.0,0,0,0.0,227.44337318355156,0,0.0,0.0,8.000000000001,0.0,0,measured_norm_ratio_not_a_convergence_threshold,0.980400001630187,86,100,0,0,0,0,0,0,0,0,0,0,1,0.0,0.0,fixed_mode_dynamic_privacy,0.0,0.0,incomplete_cross_domain_protection,local_packet_or_secure_aggregate,cross_domain_model_update,[],observed_operations_not_a_security_proof,False,no_new_cloud_update,0.0,57,0.0,0.9912232011556625,100,100,0,scheduled,"{""dp_he"": 0, ""dp_only"": 0, ""he_only"": 0, ""neither"": 100}","{""dp_he"": 0, ""dp_only"": 0, ""he_only"": 0, ""neither"": 100}",0.6997102983295918,0.0,100,0.0,4.0,0.324,1.9835052347183229,0.3255,1.9837137212753295,finite,0.010823199525475502,0.013607803732156754,0,0.0,0.0,1.0,0,0.0,0.0,0.0,0.0,0.0,0.0,0.0,0,0.0,0.0,0.0,0.0,0,0,0,0.0,0.0,0,0,0.0
1.128626899793744,284.0753254823567,0.0,0.0,0.0,0,0,,,0.0,0.0,0.0,0.0,0,0.0,0,not_selected,0,0.0,not_selected,0.020589100196957588,0,0.324,0.0,0.0,0.0,0.0,0.0,0.0,0,150.29940360039473,0.0,0,0.0,0.0,0.0,0.0,recorded_dp_events_only,released_packet,private_experiment_logs_not_public_dp_outputs,5130,trainable_parameters_v1,tex_packet,0.0,not_established,0.2575949002057314,0.015192201361060143,legacy_per_link_selection,0,0.0,0.0,0.0,0,seal,0,seal_save_size_upper_bound,0,50;40,0.0,0,0,0.0,not_selected,0,0.0,0,0.0,8192,0,0,0,0,40,0,0,0.0,0.0,0,0,0.0,227.44337318355156,0,0.0,0.0,8.000000000001,0.0,0,measured_norm_ratio_not_a_convergence_threshold,1.1285960003733635,86,100,0,0,0,0,0,0,0,0,0,0,1,0.0,0.0,fixed_mode_dynamic_privacy,0.0,0.0,incomplete_cross_domain_protection,local_packet_or_secure_aggregate,cross_domain_model_update,[],observed_operations_not_a_security_proof,False,no_new_cloud_update,0.0,58,0.0,1.143495298922062,100,100,0,scheduled,"{""dp_he"": 0, ""dp_only"": 0, ""he_only"": 0, ""neither"": 100}","{""dp_he"": 0, ""dp_only"": 0, ""he_only"": 0, ""neither"": 100}",0.8203513994812965,0.0,100,0.0,4.0,0.324,1.9835052347183229,0.306,1.9950567207336425,finite,0.014899298548698425,0.014868399128317833,0,0.0,0.0,1.0,0,0.0,0.0,0.0,0.0,0.0,0.0,0.0,0,0.0,0.0,0.0,0.0,0,0,0,0.0,0.0,0,0,0.0
1.3472844995558262,285.14145748207284,0.0,0.0,0.0,0,0,,,0.0,0.0,0.0,0.0,0,0.0,0,not_selected,0,0.0,not_selected,0.016975300386548042,0,0.324,0.0,0.0,0.0,0.0,0.0,0.0,0,151.9539687000215,0.0,0,0.0,0.0,0.0,0.0,recorded_dp_events_only,released_packet,private_experiment_logs_not_public_dp_outputs,5130,trainable_parameters_v1,tex_packet,0.0,not_established,0.24152199923992157,0.011337000876665115,legacy_per_link_selection,0,0.0,0.0,0.0,0,seal,0,seal_save_size_upper_bound,0,50;40,0.0,0,0,0.0,not_selected,0,0.0,0,0.0,8192,0,0,0,0,40,0,0,0.0,0.0,0,0,0.0,227.44337318355156,0,0.0,0.0,8.000000000001,0.0,0,measured_norm_ratio_not_a_convergence_threshold,1.3545203004032373,86,100,0,0,0,0,0,0,0,0,0,0,1,0.0,0.0,fixed_mode_dynamic_privacy,0.0,0.0,incomplete_cross_domain_protection,local_packet_or_secure_aggregate,cross_domain_model_update,[],observed_operations_not_a_security_proof,False,no_new_cloud_update,0.0,59,0.0,1.3658384997397661,100,100,0,scheduled,"{""dp_he"": 0, ""dp_only"": 0, ""he_only"": 0, ""neither"": 100}","{""dp_he"": 0, ""dp_only"": 0, ""he_only"": 0, ""neither"": 100}",1.0661319997161627,0.0,100,0.0,4.0,0.324,1.9835052347183229,0.325,1.9807876653671264,finite,0.011318199336528778,0.018554000183939934,0,0.0,0.0,1.0,0,0.0,0.0,0.0,0.0,0.0,0.0,0.0,0,0.0,0.0,0.0,0.0,0,0,0,0.0,0.0,0,0,0.0
0.9673258997499943,285.8342434808792,0.0,0.0,0.0,0,0,,,0.0,0.0,0.0,0.0,0,0.0,0,not_selected,0,0.0,not_selected,0.01618190109729767,0,0.324,0.0,0.0,0.0,0.0,0.0,0.0,0,153.21385120041668,0.0,0,0.0,0.0,0.0,0.0,recorded_dp_events_only,released_packet,private_experiment_logs_not_public_dp_outputs,5130,trainable_parameters_v1,tex_packet,0.0,not_established,0.2368302997201681,0.010243000462651253,legacy_per_link_selection,0,0.0,0.0,0.0,0,seal,0,seal_save_size_upper_bound,0,50;40,0.0,0,0,0.0,not_selected,0,0.0,0,0.0,8192,0,0,0,0,40,0,0,0.0,0.0,0,0,0.0,227.44337318355156,0,0.0,0.0,8.000000000001,0.0,0,measured_norm_ratio_not_a_convergence_threshold,0.9686753004789352,86,100,0,0,0,0,0,0,0,0,0,0,1,0.0,0.0,fixed_mode_dynamic_privacy,0.0,0.0,incomplete_cross_domain_protection,local_packet_or_secure_aggregate,cross_domain_model_update,[],observed_operations_not_a_security_proof,False,no_new_cloud_update,0.0,60,0.0,0.9799600001424551,100,100,0,scheduled,"{""dp_he"": 0, ""dp_only"": 0, ""he_only"": 0, ""neither"": 100}","{""dp_he"": 0, ""dp_only"": 0, ""he_only"": 0, ""neither"": 100}",0.6927859988063574,0.0,100,0.0,4.0,0.324,1.9835052347183229,0.3425,1.9837385091781616,finite,0.01128469966351986,0.012634100392460823,0,0.0,0.0,1.0,0,0.0,0.0,0.0,0.0,0.0,0.0,0.0,0,0.0,0.0,0.0,0.0,0,0,0,0.0,0.0,0,0,0.0
0.9990402031689882,286.5469770811678,0.0,0.0,0.0,0,0,,,0.0,0.0,0.0,0.0,0,0.0,0,not_selected,0,0.0,not_selected,0.016459299251437187,0,0.324,0.0,0.0,0.0,0.0,0.0,0.0,0,154.51206759922206,0.0,0,0.0,0.0,0.0,0.0,recorded_dp_events_only,released_packet,private_experiment_logs_not_public_dp_outputs,5130,trainable_parameters_v1,tex_packet,0.0,not_established,0.24792100116610527,0.011334501206874847,legacy_per_link_selection,0,0.0,0.0,0.0,0,seal,0,seal_save_size_upper_bound,0,50;40,0.0,0,0,0.0,not_selected,0,0.0,0,0.0,8192,0,0,0,0,40,0,0,0.0,0.0,0,0,0.0,227.44337318355156,0,0.0,0.0,8.000000000001,0.0,0,measured_norm_ratio_not_a_convergence_threshold,1.0015832986682653,86,100,0,0,0,0,0,0,0,0,0,0,1,0.0,0.0,fixed_mode_dynamic_privacy,0.0,0.0,incomplete_cross_domain_protection,local_packet_or_secure_aggregate,cross_domain_model_update,[],observed_operations_not_a_security_proof,False,no_new_cloud_update,0.0,61,0.0,1.0121750999242067,100,100,0,scheduled,"{""dp_he"": 0, ""dp_only"": 0, ""he_only"": 0, ""neither"": 100}","{""dp_he"": 0, ""dp_only"": 0, ""he_only"": 0, ""neither"": 100}",0.7127336002886295,0.0,100,0.0,4.0,0.324,1.9835052347183229,0.3375,1.9668003120422364,finite,0.010591801255941391,0.013134896755218506,0,0.0,0.0,1.0,0,0.0,0.0,0.0,0.0,0.0,0.0,0.0,0,0.0,0.0,0.0,0.0,0,0,0,0.0,0.0,0,0,0.0
1.0350393000990152,287.292820180598,0.0,0.0,0.0,0,0,,,0.0,0.0,0.0,0.0,0,0.0,0,not_selected,0,0.0,not_selected,0.01714410074055195,0,0.324,0.0,0.0,0.0,0.0,0.0,0.0,0,155.87514030002058,0.0,0,0.0,0.0,0.0,0.0,recorded_dp_events_only,released_packet,private_experiment_logs_not_public_dp_outputs,5130,trainable_parameters_v1,tex_packet,0.0,not_established,0.2504472993314266,0.010648800060153008,legacy_per_link_selection,0,0.0,0.0,0.0,0,seal,0,seal_save_size_upper_bound,0,50;40,0.0,0,0,0.0,not_selected,0,0.0,0,0.0,8192,0,0,0,0,40,0,0,0.0,0.0,0,0,0.0,227.44337318355156,0,0.0,0.0,8.000000000001,0.0,0,measured_norm_ratio_not_a_convergence_threshold,1.0383908990770578,86,100,0,0,0,0,0,0,0,0,0,0,1,0.0,0.0,fixed_mode_dynamic_privacy,0.0,0.0,incomplete_cross_domain_protection,local_packet_or_secure_aggregate,cross_domain_model_update,[],observed_operations_not_a_security_proof,False,no_new_cloud_update,0.0,62,0.0,1.049346899613738,100,100,0,scheduled,"{""dp_he"": 0, ""dp_only"": 0, ""he_only"": 0, ""neither"": 100}","{""dp_he"": 0, ""dp_only"": 0, ""he_only"": 0, ""neither"": 100}",0.7458430994302034,0.0,100,0.0,4.0,0.324,1.9835052347183229,0.3225,2.001344620704651,finite,0.010956000536680222,0.014307599514722824,0,0.0,0.0,1.0,0,0.0,0.0,0.0,0.0,0.0,0.0,0.0,0,0.0,0.0,0.0,0.0,0,0,0,0.0,0.0,0,0,0.0
1.0255919974297285,288.0382704798312,0.0,0.0,0.0,0,0,,,0.0,0.0,0.0,0.0,0,0.0,0,not_selected,0,0.0,not_selected,0.01652649976313114,0,0.324,0.0,0.0,0.0,0.0,0.0,0.0,0,157.23776550032198,0.0,0,0.0,0.0,0.0,0.0,recorded_dp_events_only,released_packet,private_experiment_logs_not_public_dp_outputs,5130,trainable_parameters_v1,tex_packet,0.0,not_established,0.24175799824297428,0.010901600122451782,legacy_per_link_selection,0,0.0,0.0,0.0,0,seal,0,seal_save_size_upper_bound,0,50;40,0.0,0,0,0.0,not_selected,0,0.0,0,0.0,8192,0,0,0,0,40,0,0,0.0,0.0,0,0,0.0,227.44337318355156,0,0.0,0.0,8.000000000001,0.0,0,measured_norm_ratio_not_a_convergence_threshold,1.027844401076436,86,100,0,0,0,0,0,0,0,0,0,0,1,0.0,0.0,fixed_mode_dynamic_privacy,0.0,0.0,incomplete_cross_domain_protection,local_packet_or_secure_aggregate,cross_domain_model_update,[],observed_operations_not_a_security_proof,False,no_new_cloud_update,0.0,63,0.0,1.0388000011444092,100,100,0,scheduled,"{""dp_he"": 0, ""dp_only"": 0, ""he_only"": 0, ""neither"": 100}","{""dp_he"": 0, ""dp_only"": 0, ""he_only"": 0, ""neither"": 100}",0.7454502992331982,0.0,100,0.0,4.0,0.324,1.9835052347183229,0.321,1.9722031326293945,finite,0.010955600067973137,0.013208003714680672,0,0.0,0.0,1.0,0,0.0,0.0,0.0,0.0,0.0,0.0,0.0,0,0.0,0.0,0.0,0.0,0,0,0,0.0,0.0,0,0,0.0
0.9799623973667622,288.7382742788823,0.0,0.0,0.0,0,0,,,0.0,0.0,0.0,0.0,0,0.0,0,not_selected,0,0.0,not_selected,0.017201200127601624,0,0.324,0.0,0.0,0.0,0.0,0.0,0.0,0,158.5316845998168,0.0,0,0.0,0.0,0.0,0.0,recorded_dp_events_only,released_packet,private_experiment_logs_not_public_dp_outputs,5130,trainable_parameters_v1,tex_packet,0.0,not_established,0.23996900022029877,0.011896498501300812,legacy_per_link_selection,0,0.0,0.0,0.0,0,seal,0,seal_save_size_upper_bound,0,50;40,0.0,0,0,0.0,not_selected,0,0.0,0,0.0,8192,0,0,0,0,40,0,0,0.0,0.0,0,0,0.0,227.44337318355156,0,0.0,0.0,8.000000000001,0.0,0,measured_norm_ratio_not_a_convergence_threshold,0.9819566011428833,86,100,0,0,0,0,0,0,0,0,0,0,1,0.0,0.0,fixed_mode_dynamic_privacy,0.0,0.0,incomplete_cross_domain_protection,local_packet_or_secure_aggregate,cross_domain_model_update,[],observed_operations_not_a_security_proof,False,no_new_cloud_update,0.0,64,0.0,0.9928485006093979,100,100,0,scheduled,"{""dp_he"": 0, ""dp_only"": 0, ""he_only"": 0, ""neither"": 100}","{""dp_he"": 0, ""dp_only"": 0, ""he_only"": 0, ""neither"": 100}",0.7000037990510464,0.0,100,0.0,4.0,0.324,1.9835052347183229,0.3165,1.991085373878479,finite,0.010891899466514587,0.012886103242635727,0,0.0,0.0,1.0,0,0.0,0.0,0.0,0.0,0.0,0.0,0.0,0,0.0,0.0,0.0,0.0,0,0,0,0.0,0.0,0,0,0.0
0.9981027003377676,289.44030597882283,0.0,0.0,0.0,0,0,,,0.0,0.0,0.0,0.0,0,0.0,0,not_selected,0,0.0,not_selected,0.018015099689364433,0,0.324,0.0,0.0,0.0,0.0,0.0,0.0,0,159.90958970040083,0.0,0,0.0,0.0,0.0,0.0,recorded_dp_events_only,released_packet,private_experiment_logs_not_public_dp_outputs,5130,trainable_parameters_v1,tex_packet,0.0,not_established,0.2529431004077196,0.011682899668812752,legacy_per_link_selection,0,0.0,0.0,0.0,0,seal,0,seal_save_size_upper_bound,0,50;40,0.0,0,0,0.0,not_selected,0,0.0,0,0.0,8192,0,0,0,0,40,0,0,0.0,0.0,0,0,0.0,227.44337318355156,0,0.0,0.0,8.000000000001,0.0,0,measured_norm_ratio_not_a_convergence_threshold,1.0027797985821962,86,100,0,0,0,0,0,0,0,0,0,0,1,0.0,0.0,fixed_mode_dynamic_privacy,0.0,0.0,incomplete_cross_domain_protection,local_packet_or_secure_aggregate,cross_domain_model_update,[],observed_operations_not_a_security_proof,False,no_new_cloud_update,0.0,65,0.0,1.0162096992135048,100,100,0,scheduled,"{""dp_he"": 0, ""dp_only"": 0, ""he_only"": 0, ""neither"": 100}","{""dp_he"": 0, ""dp_only"": 0, ""he_only"": 0, ""neither"": 100}",0.7020316999405622,0.0,100,0.0,4.0,0.324,1.9835052347183229,0.334,1.9834343948364257,finite,0.013429900631308556,0.01810699887573719,0,0.0,0.0,1.0,0,0.0,0.0,0.0,0.0,0.0,0.0,0.0,0,0.0,0.0,0.0,0.0,0,0,0,0.0,0.0,0,0,0.0
1.1076119001954794,290.24096017965985,0.0,0.0,0.0,0,0,,,0.0,0.0,0.0,0.0,0,0.0,0,not_selected,0,0.0,not_selected,0.023164700716733932,0,0.324,0.0,0.0,0.0,0.0,0.0,0.0,0,161.34792319871485,0.0,0,0.0,0.0,0.0,0.0,recorded_dp_events_only,released_packet,private_experiment_logs_not_public_dp_outputs,5130,trainable_parameters_v1,tex_packet,0.0,not_established,0.26077659986913204,0.011364299803972244,legacy_per_link_selection,0,0.0,0.0,0.0,0,seal,0,seal_save_size_upper_bound,0,50;40,0.0,0,0,0.0,not_selected,0,0.0,0,0.0,8192,0,0,0,0,40,0,0,0.0,0.0,0,0,0.0,227.44337318355156,0,0.0,0.0,8.000000000001,0.0,0,measured_norm_ratio_not_a_convergence_threshold,1.1108400020748377,86,100,0,0,0,0,0,0,0,0,0,0,1,0.0,0.0,fixed_mode_dynamic_privacy,0.0,0.0,incomplete_cross_domain_protection,local_packet_or_secure_aggregate,cross_domain_model_update,[],observed_operations_not_a_security_proof,False,no_new_cloud_update,0.0,66,0.0,1.1224921010434628,100,100,0,scheduled,"{""dp_he"": 0, ""dp_only"": 0, ""he_only"": 0, ""neither"": 100}","{""dp_he"": 0, ""dp_only"": 0, ""he_only"": 0, ""neither"": 100}",0.8006542008370161,0.0,100,0.0,4.0,0.324,1.9835052347183229,0.304,1.9892309494018554,finite,0.011652098968625069,0.01488020084798336,0,0.0,0.0,1.0,0,0.0,0.0,0.0,0.0,0.0,0.0,0.0,0,0.0,0.0,0.0,0.0,0,0,0,0.0,0.0,0,0,0.0
0.9919433016330004,290.9423086799861,0.0,0.0,0.0,0,0,,,0.0,0.0,0.0,0.0,0,0.0,0,not_selected,0,0.0,not_selected,0.016510799527168274,0,0.324,0.0,0.0,0.0,0.0,0.0,0.0,0,162.68375870026648,0.0,0,0.0,0.0,0.0,0.0,recorded_dp_events_only,released_packet,private_experiment_logs_not_public_dp_outputs,5130,trainable_parameters_v1,tex_packet,0.0,not_established,0.2530473005026579,0.010677600279450417,legacy_per_link_selection,0,0.0,0.0,0.0,0,seal,0,seal_save_size_upper_bound,0,50;40,0.0,0,0,0.0,not_selected,0,0.0,0,0.0,8192,0,0,0,0,40,0,0,0.0,0.0,0,0,0.0,227.44337318355156,0,0.0,0.0,8.000000000001,0.0,0,measured_norm_ratio_not_a_convergence_threshold,0.9951558988541365,86,100,0,0,0,0,0,0,0,0,0,0,1,0.0,0.0,fixed_mode_dynamic_privacy,0.0,0.0,incomplete_cross_domain_protection,local_packet_or_secure_aggregate,cross_domain_model_update,[],observed_operations_not_a_security_proof,False,no_new_cloud_update,0.0,67,0.0,1.0055149998515844,100,100,0,scheduled,"{""dp_he"": 0, ""dp_only"": 0, ""he_only"": 0, ""neither"": 100}","{""dp_he"": 0, ""dp_only"": 0, ""he_only"": 0, ""neither"": 100}",0.7013485003262758,0.0,100,0.0,4.0,0.324,1.9835052347183229,0.329,1.973262809753418,finite,0.010359100997447968,0.01357169821858406,0,0.0,0.0,1.0,0,0.0,0.0,0.0,0.0,0.0,0.0,0.0,0,0.0,0.0,0.0,0.0,0,0,0,0.0,0.0,0,0,0.0
0.9864160008728504,291.65140188002897,0.0,0.0,0.0,0,0,,,0.0,0.0,0.0,0.0,0,0.0,0,not_selected,0,0.0,not_selected,0.016693901270627975,0,0.324,0.0,0.0,0.0,0.0,0.0,0.0,0,163.9787032995373,0.0,0,0.0,0.0,0.0,0.0,recorded_dp_events_only,released_packet,private_experiment_logs_not_public_dp_outputs,5130,trainable_parameters_v1,tex_packet,0.0,not_established,0.23862509988248348,0.010147299617528915,legacy_per_link_selection,0,0.0,0.0,0.0,0,seal,0,seal_save_size_upper_bound,0,50;40,0.0,0,0,0.0,not_selected,0,0.0,0,0.0,8192,0,0,0,0,40,0,0,0.0,0.0,0,0,0.0,227.44337318355156,0,0.0,0.0,8.000000000001,0.0,0,measured_norm_ratio_not_a_convergence_threshold,0.9886613003909588,86,100,0,0,0,0,0,0,0,0,0,0,1,0.0,0.0,fixed_mode_dynamic_privacy,0.0,0.0,incomplete_cross_domain_protection,local_packet_or_secure_aggregate,cross_domain_model_update,[],observed_operations_not_a_security_proof,False,no_new_cloud_update,0.0,68,0.0,1.000517800450325,100,100,0,scheduled,"{""dp_he"": 0, ""dp_only"": 0, ""he_only"": 0, ""neither"": 100}","{""dp_he"": 0, ""dp_only"": 0, ""he_only"": 0, ""neither"": 100}",0.7090932000428438,0.0,100,0.0,4.0,0.324,1.9835052347183229,0.318,1.9869937992095947,finite,0.011856500059366226,0.014101799577474594,0,0.0,0.0,1.0,0,0.0,0.0,0.0,0.0,0.0,0.0,0.0,0,0.0,0.0,0.0,0.0,0,0,0,0.0,0.0,0,0,0.0
1.0510860979557037,292.4177804801793,0.0,0.0,0.0,0,0,,,0.0,0.0,0.0,0.0,0,0.0,0,not_selected,0,0.0,not_selected,0.017273299396038055,0,0.324,0.0,0.0,0.0,0.0,0.0,0.0,0,165.34499699994922,0.0,0,0.0,0.0,0.0,0.0,recorded_dp_events_only,released_packet,private_experiment_logs_not_public_dp_outputs,5130,trainable_parameters_v1,tex_packet,0.0,not_established,0.2441082987934351,0.011879900470376015,legacy_per_link_selection,0,0.0,0.0,0.0,0,seal,0,seal_save_size_upper_bound,0,50;40,0.0,0,0,0.0,not_selected,0,0.0,0,0.0,8192,0,0,0,0,40,0,0,0.0,0.0,0,0,0.0,227.44337318355156,0,0.0,0.0,8.000000000001,0.0,0,measured_norm_ratio_not_a_convergence_threshold,1.0545033998787403,86,100,0,0,0,0,0,0,0,0,0,0,1,0.0,0.0,fixed_mode_dynamic_privacy,0.0,0.0,incomplete_cross_domain_protection,local_packet_or_secure_aggregate,cross_domain_model_update,[],observed_operations_not_a_security_proof,False,no_new_cloud_update,0.0,69,0.0,1.0659493990242481,100,100,0,scheduled,"{""dp_he"": 0, ""dp_only"": 0, ""he_only"": 0, ""neither"": 100}","{""dp_he"": 0, ""dp_only"": 0, ""he_only"": 0, ""neither"": 100}",0.7663786001503468,0.0,100,0.0,4.0,0.324,1.9835052347183229,0.2945,2.002759199142456,finite,0.011445999145507812,0.014863301068544388,0,0.0,0.0,1.0,0,0.0,0.0,0.0,0.0,0.0,0.0,0.0,0,0.0,0.0,0.0,0.0,0,0,0,0.0,0.0,0,0,0.0
1.0309059973806143,293.1578928798617,0.0,0.0,0.0,0,0,,,0.0,0.0,0.0,0.0,0,0.0,0,not_selected,0,0.0,not_selected,0.020087098702788353,0,0.324,0.0,0.0,0.0,0.0,0.0,0.0,0,166.690969100222,0.0,0,0.0,0.0,0.0,0.0,recorded_dp_events_only,released_packet,private_experiment_logs_not_public_dp_outputs,5130,trainable_parameters_v1,tex_packet,0.0,not_established,0.2472456991672516,0.011251900345087051,legacy_per_link_selection,0,0.0,0.0,0.0,0,seal,0,seal_save_size_upper_bound,0,50;40,0.0,0,0,0.0,not_selected,0,0.0,0,0.0,8192,0,0,0,0,40,0,0,0.0,0.0,0,0,0.0,227.44337318355156,0,0.0,0.0,8.000000000001,0.0,0,measured_norm_ratio_not_a_convergence_threshold,1.0325253009796143,86,100,0,0,0,0,0,0,0,0,0,0,1,0.0,0.0,fixed_mode_dynamic_privacy,0.0,0.0,incomplete_cross_domain_protection,local_packet_or_secure_aggregate,cross_domain_model_update,[],observed_operations_not_a_security_proof,False,no_new_cloud_update,0.0,70,0.0,1.044734200462699,100,100,0,scheduled,"{""dp_he"": 0, ""dp_only"": 0, ""he_only"": 0, ""neither"": 100}","{""dp_he"": 0, ""dp_only"": 0, ""he_only"": 0, ""neither"": 100}",0.7401123996824026,0.0,100,0.0,4.0,0.324,1.9835052347183229,0.3135,1.993225109100342,finite,0.012208899483084679,0.013828203082084656,0,0.0,0.0,1.0,0,0.0,0.0,0.0,0.0,0.0,0.0,0.0,0,0.0,0.0,0.0,0.0,0,0,0,0.0,0.0,0,0,0.0
0.9871420990675688,293.8603747792722,0.0,0.0,0.0,0,0,,,0.0,0.0,0.0,0.0,0,0.0,0,not_selected,0,0.0,not_selected,0.017040299251675606,0,0.324,0.0,0.0,0.0,0.0,0.0,0.0,0,168.00409610010684,0.0,0,0.0,0.0,0.0,0.0,recorded_dp_events_only,released_packet,private_experiment_logs_not_public_dp_outputs,5130,trainable_parameters_v1,tex_packet,0.0,not_established,0.24607240036129951,0.010218199342489243,legacy_per_link_selection,0,0.0,0.0,0.0,0,seal,0,seal_save_size_upper_bound,0,50;40,0.0,0,0,0.0,not_selected,0,0.0,0,0.0,8192,0,0,0,0,40,0,0,0.0,0.0,0,0,0.0,227.44337318355156,0,0.0,0.0,8.000000000001,0.0,0,measured_norm_ratio_not_a_convergence_threshold,0.9886600989848375,86,100,0,0,0,0,0,0,0,0,0,0,1,0.0,0.0,fixed_mode_dynamic_privacy,0.0,0.0,incomplete_cross_domain_protection,local_packet_or_secure_aggregate,cross_domain_model_update,[],observed_operations_not_a_security_proof,False,no_new_cloud_update,0.0,71,0.0,0.9999893996864557,100,100,0,scheduled,"{""dp_he"": 0, ""dp_only"": 0, ""he_only"": 0, ""neither"": 100}","{""dp_he"": 0, ""dp_only"": 0, ""he_only"": 0, ""neither"": 100}",0.7024818994104862,0.0,100,0.0,4.0,0.324,1.9835052347183229,0.3445,1.9725786571502686,finite,0.011329300701618195,0.012847300618886948,0,0.0,0.0,1.0,0,0.0,0.0,0.0,0.0,0.0,0.0,0.0,0,0.0,0.0,0.0,0.0,0,0,0,0.0,0.0,0,0,0.0
1.0024125017225742,294.5812255803676,0.0,0.0,0.0,0,0,,,0.0,0.0,0.0,0.0,0,0.0,0,not_selected,0,0.0,not_selected,0.017473900690674782,0,0.324,0.0,0.0,0.0,0.0,0.0,0.0,0,169.4808887988329,0.0,0,0.0,0.0,0.0,0.0,recorded_dp_events_only,released_packet,private_experiment_logs_not_public_dp_outputs,5130,trainable_parameters_v1,tex_packet,0.0,not_established,0.24306439980864525,0.010600799694657326,legacy_per_link_selection,0,0.0,0.0,0.0,0,seal,0,seal_save_size_upper_bound,0,50;40,0.0,0,0,0.0,not_selected,0,0.0,0,0.0,8192,0,0,0,0,40,0,0,0.0,0.0,0,0,0.0,227.44337318355156,0,0.0,0.0,8.000000000001,0.0,0,measured_norm_ratio_not_a_convergence_threshold,1.0065026991069317,86,100,0,0,0,0,0,0,0,0,0,0,1,0.0,0.0,fixed_mode_dynamic_privacy,0.0,0.0,incomplete_cross_domain_protection,local_packet_or_secure_aggregate,cross_domain_model_update,[],observed_operations_not_a_security_proof,False,no_new_cloud_update,0.0,72,0.0,1.016925299540162,100,100,0,scheduled,"{""dp_he"": 0, ""dp_only"": 0, ""he_only"": 0, ""neither"": 100}","{""dp_he"": 0, ""dp_only"": 0, ""he_only"": 0, ""neither"": 100}",0.7208508010953665,0.0,100,0.0,4.0,0.324,1.9835052347183229,0.3135,1.9850484704971314,finite,0.0104226004332304,0.014512797817587852,0,0.0,0.0,1.0,0,0.0,0.0,0.0,0.0,0.0,0.0,0.0,0,0.0,0.0,0.0,0.0,0,0,0,0.0,0.0,0,0,0.0
1.095574302598834,295.38358918094946,0.0,0.0,0.0,0,0,,,0.0,0.0,0.0,0.0,0,0.0,0,not_selected,0,0.0,not_selected,0.018792100250720978,0,0.324,0.0,0.0,0.0,0.0,0.0,0.0,0,171.0152853988111,0.0,0,0.0,0.0,0.0,0.0,recorded_dp_events_only,released_packet,private_experiment_logs_not_public_dp_outputs,5130,trainable_parameters_v1,tex_packet,0.0,not_established,0.2508228998631239,0.01124110072851181,legacy_per_link_selection,0,0.0,0.0,0.0,0,seal,0,seal_save_size_upper_bound,0,50;40,0.0,0,0,0.0,not_selected,0,0.0,0,0.0,8192,0,0,0,0,40,0,0,0.0,0.0,0,0,0.0,227.44337318355156,0,0.0,0.0,8.000000000001,0.0,0,measured_norm_ratio_not_a_convergence_threshold,1.102913299575448,86,100,0,0,0,0,0,0,0,0,0,0,1,0.0,0.0,fixed_mode_dynamic_privacy,0.0,0.0,incomplete_cross_domain_protection,local_packet_or_secure_aggregate,cross_domain_model_update,[],observed_operations_not_a_security_proof,False,no_new_cloud_update,0.0,73,0.0,1.115267900750041,100,100,0,scheduled,"{""dp_he"": 0, ""dp_only"": 0, ""he_only"": 0, ""neither"": 100}","{""dp_he"": 0, ""dp_only"": 0, ""he_only"": 0, ""neither"": 100}",0.8023636005818844,0.0,100,0.0,4.0,0.324,1.9835052347183229,0.327,1.9957677164077758,finite,0.012354601174592972,0.01969359815120697,0,0.0,0.0,1.0,0,0.0,0.0,0.0,0.0,0.0,0.0,0.0,0,0.0,0.0,0.0,0.0,0,0,0,0.0,0.0,0,0,0.0
1.1103856023401022,296.1954712819488,0.0,0.0,0.0,0,0,,,0.0,0.0,0.0,0.0,0,0.0,0,not_selected,0,0.0,not_selected,0.01820170134305954,0,0.324,0.0,0.0,0.0,0.0,0.0,0.0,0,172.49648500047624,0.0,0,0.0,0.0,0.0,0.0,recorded_dp_events_only,released_packet,private_experiment_logs_not_public_dp_outputs,5130,trainable_parameters_v1,tex_packet,0.0,not_established,0.25134599953889847,0.013366099447011948,legacy_per_link_selection,0,0.0,0.0,0.0,0,seal,0,seal_save_size_upper_bound,0,50;40,0.0,0,0,0.0,not_selected,0,0.0,0,0.0,8192,0,0,0,0,40,0,0,0.0,0.0,0,0,0.0,227.44337318355156,0,0.0,0.0,8.000000000001,0.0,0,measured_norm_ratio_not_a_convergence_threshold,1.1104262974113226,86,100,0,0,0,0,0,0,0,0,0,0,1,0.0,0.0,fixed_mode_dynamic_privacy,0.0,0.0,incomplete_cross_domain_protection,local_packet_or_secure_aggregate,cross_domain_model_update,[],observed_operations_not_a_security_proof,False,no_new_cloud_update,0.0,74,0.0,1.1260159984230995,100,100,0,scheduled,"{""dp_he"": 0, ""dp_only"": 0, ""he_only"": 0, ""neither"": 100}","{""dp_he"": 0, ""dp_only"": 0, ""he_only"": 0, ""neither"": 100}",0.8118821009993553,0.0,100,0.0,4.0,0.324,1.9835052347183229,0.304,2.002031097412109,finite,0.015589701011776924,0.015630396082997322,0,0.0,0.0,1.0,0,0.0,0.0,0.0,0.0,0.0,0.0,0.0,0,0.0,0.0,0.0,0.0,0,0,0,0.0,0.0,0,0,0.0
0.9843809008598328,296.9037373818637,0.0,0.0,0.0,0,0,,,0.0,0.0,0.0,0.0,0,0.0,0,not_selected,0,0.0,not_selected,0.016709299758076668,0,0.324,0.0,0.0,0.0,0.0,0.0,0.0,0,173.7977662999183,0.0,0,0.0,0.0,0.0,0.0,recorded_dp_events_only,released_packet,private_experiment_logs_not_public_dp_outputs,5130,trainable_parameters_v1,tex_packet,0.0,not_established,0.23633110150694847,0.01163879968225956,legacy_per_link_selection,0,0.0,0.0,0.0,0,seal,0,seal_save_size_upper_bound,0,50;40,0.0,0,0,0.0,not_selected,0,0.0,0,0.0,8192,0,0,0,0,40,0,0,0.0,0.0,0,0,0.0,227.44337318355156,0,0.0,0.0,8.000000000001,0.0,0,measured_norm_ratio_not_a_convergence_threshold,0.9872899986803532,86,100,0,0,0,0,0,0,0,0,0,0,1,0.0,0.0,fixed_mode_dynamic_privacy,0.0,0.0,incomplete_cross_domain_protection,local_packet_or_secure_aggregate,cross_domain_model_update,[],observed_operations_not_a_security_proof,False,no_new_cloud_update,0.0,75,0.0,0.9987255986779928,100,100,0,scheduled,"{""dp_he"": 0, ""dp_only"": 0, ""he_only"": 0, ""neither"": 100}","{""dp_he"": 0, ""dp_only"": 0, ""he_only"": 0, ""neither"": 100}",0.7082660999149084,0.0,100,0.0,4.0,0.324,1.9835052347183229,0.325,1.9855046682357789,finite,0.011435599997639656,0.014344697818160057,0,0.0,0.0,1.0,0,0.0,0.0,0.0,0.0,0.0,0.0,0.0,0,0.0,0.0,0.0,0.0,0,0,0,0.0,0.0,0,0,0.0
1.0575705971568823,297.6546264819981,0.0,0.0,0.0,0,0,,,0.0,0.0,0.0,0.0,0,0.0,0,not_selected,0,0.0,not_selected,0.025412799790501595,0,0.324,0.0,0.0,0.0,0.0,0.0,0.0,0,175.20409799925983,0.0,0,0.0,0.0,0.0,0.0,recorded_dp_events_only,released_packet,private_experiment_logs_not_public_dp_outputs,5130,trainable_parameters_v1,tex_packet,0.0,not_established,0.2565089985728264,0.013506699353456497,legacy_per_link_selection,0,0.0,0.0,0.0,0,seal,0,seal_save_size_upper_bound,0,50;40,0.0,0,0,0.0,not_selected,0,0.0,0,0.0,8192,0,0,0,0,40,0,0,0.0,0.0,0,0,0.0,227.44337318355156,0,0.0,0.0,8.000000000001,0.0,0,measured_norm_ratio_not_a_convergence_threshold,1.0626763999462128,86,100,0,0,0,0,0,0,0,0,0,0,1,0.0,0.0,fixed_mode_dynamic_privacy,0.0,0.0,incomplete_cross_domain_protection,local_packet_or_secure_aggregate,cross_domain_model_update,[],observed_operations_not_a_security_proof,False,no_new_cloud_update,0.0,76,0.0,1.0739293992519379,100,100,0,scheduled,"{""dp_he"": 0, ""dp_only"": 0, ""he_only"": 0, ""neither"": 100}","{""dp_he"": 0, ""dp_only"": 0, ""he_only"": 0, ""neither"": 100}",0.7508891001343727,0.0,100,0.0,4.0,0.324,1.9835052347183229,0.316,1.986935393333435,finite,0.011252999305725098,0.01635880209505558,0,0.0,0.0,1.0,0,0.0,0.0,0.0,0.0,0.0,0.0,0.0,0,0.0,0.0,0.0,0.0,0,0,0,0.0,0.0,0,0,0.0
1.0467285998165607,298.40977578127695,0.0,0.0,0.0,0,0,,,0.0,0.0,0.0,0.0,0,0.0,0,not_selected,0,0.0,not_selected,0.017534499987959862,0,0.324,0.0,0.0,0.0,0.0,0.0,0.0,0,176.59015179984272,0.0,0,0.0,0.0,0.0,0.0,recorded_dp_events_only,released_packet,private_experiment_logs_not_public_dp_outputs,5130,trainable_parameters_v1,tex_packet,0.0,not_established,0.25068640150129795,0.012342199683189392,legacy_per_link_selection,0,0.0,0.0,0.0,0,seal,0,seal_save_size_upper_bound,0,50;40,0.0,0,0,0.0,not_selected,0,0.0,0,0.0,8192,0,0,0,0,40,0,0,0.0,0.0,0,0,0.0,227.44337318355156,0,0.0,0.0,8.000000000001,0.0,0,measured_norm_ratio_not_a_convergence_threshold,1.0550909005105495,86,100,0,0,0,0,0,0,0,0,0,0,1,0.0,0.0,fixed_mode_dynamic_privacy,0.0,0.0,incomplete_cross_domain_protection,local_packet_or_secure_aggregate,cross_domain_model_update,[],observed_operations_not_a_security_proof,False,no_new_cloud_update,0.0,77,0.0,1.0661070998758078,100,100,0,scheduled,"{""dp_he"": 0, ""dp_only"": 0, ""he_only"": 0, ""neither"": 100}","{""dp_he"": 0, ""dp_only"": 0, ""he_only"": 0, ""neither"": 100}",0.7551492992788553,0.0,100,0.0,4.0,0.324,1.9835052347183229,0.322,1.988425139427185,finite,0.011016199365258217,0.019378500059247017,0,0.0,0.0,1.0,0,0.0,0.0,0.0,0.0,0.0,0.0,0.0,0,0.0,0.0,0.0,0.0,0,0,0,0.0,0.0,0,0,0.0
0.9860685989260674,299.1136889819236,0.0,0.0,0.0,0,0,,,0.0,0.0,0.0,0.0,0,0.0,0,not_selected,0,0.0,not_selected,0.016840700060129166,0,0.324,0.0,0.0,0.0,0.0,0.0,0.0,0,177.90874109975994,0.0,0,0.0,0.0,0.0,0.0,recorded_dp_events_only,released_packet,private_experiment_logs_not_public_dp_outputs,5130,trainable_parameters_v1,tex_packet,0.0,not_established,0.24372310005128384,0.010730298236012459,legacy_per_link_selection,0,0.0,0.0,0.0,0,seal,0,seal_save_size_upper_bound,0,50;40,0.0,0,0,0.0,not_selected,0,0.0,0,0.0,8192,0,0,0,0,40,0,0,0.0,0.0,0,0,0.0,227.44337318355156,0,0.0,0.0,8.000000000001,0.0,0,measured_norm_ratio_not_a_convergence_threshold,0.989256301894784,86,100,0,0,0,0,0,0,0,0,0,0,1,0.0,0.0,fixed_mode_dynamic_privacy,0.0,0.0,incomplete_cross_domain_protection,local_packet_or_secure_aggregate,cross_domain_model_update,[],observed_operations_not_a_security_proof,False,no_new_cloud_update,0.0,78,0.0,1.000117601826787,100,100,0,scheduled,"{""dp_he"": 0, ""dp_only"": 0, ""he_only"": 0, ""neither"": 100}","{""dp_he"": 0, ""dp_only"": 0, ""he_only"": 0, ""neither"": 100}",0.7039132006466389,0.0,100,0.0,4.0,0.324,1.9835052347183229,0.3245,1.989188777923584,finite,0.010861299932003021,0.014049002900719643,0,0.0,0.0,1.0,0,0.0,0.0,0.0,0.0,0.0,0.0,0.0,0,0.0,0.0,0.0,0.0,0,0,0,0.0,0.0,0,0,0.0
0.9981587007641792,299.833895682189,0.0,0.0,0.0,0,0,,,0.0,0.0,0.0,0.0,0,0.0,0,not_selected,0,0.0,not_selected,0.016577400267124176,0,0.324,0.0,0.0,0.0,0.0,0.0,0.0,0,179.24234199896455,0.0,0,0.0,0.0,0.0,0.0,recorded_dp_events_only,released_packet,private_experiment_logs_not_public_dp_outputs,5130,trainable_parameters_v1,tex_packet,0.0,not_established,0.23855319991707802,0.011174900457262993,legacy_per_link_selection,0,0.0,0.0,0.0,0,seal,0,seal_save_size_upper_bound,0,50;40,0.0,0,0,0.0,not_selected,0,0.0,0,0.0,8192,0,0,0,0,40,0,0,0.0,0.0,0,0,0.0,227.44337318355156,0,0.0,0.0,8.000000000001,0.0,0,measured_norm_ratio_not_a_convergence_threshold,1.0045413002371788,86,100,0,0,0,0,0,0,0,0,0,0,1,0.0,0.0,fixed_mode_dynamic_privacy,0.0,0.0,incomplete_cross_domain_protection,local_packet_or_secure_aggregate,cross_domain_model_update,[],observed_operations_not_a_security_proof,False,no_new_cloud_update,0.0,79,0.0,1.0161878000944853,100,100,0,scheduled,"{""dp_he"": 0, ""dp_only"": 0, ""he_only"": 0, ""neither"": 100}","{""dp_he"": 0, ""dp_only"": 0, ""he_only"": 0, ""neither"": 100}",0.7202067002654076,0.0,100,0.0,4.0,0.324,1.9835052347183229,0.313,1.9906240558624269,finite,0.01164649985730648,0.018029099330306053,0,0.0,0.0,1.0,0,0.0,0.0,0.0,0.0,0.0,0.0,0.0,0,0.0,0.0,0.0,0.0,0,0,0,0.0,0.0,0,0,0.0
1.036941198632121,300.58665558213306,0.0,0.0,0.0,0,0,,,0.0,0.0,0.0,0.0,0,0.0,0,not_selected,0,0.0,not_selected,0.017463698983192444,0,0.324,0.0,0.0,0.0,0.0,0.0,0.0,0,180.63300910033286,0.0,0,0.0,0.0,0.0,0.0,recorded_dp_events_only,released_packet,private_experiment_logs_not_public_dp_outputs,5130,trainable_parameters_v1,tex_packet,0.0,not_established,0.2440996002405882,0.010535499081015587,legacy_per_link_selection,0,0.0,0.0,0.0,0,seal,0,seal_save_size_upper_bound,0,50;40,0.0,0,0,0.0,not_selected,0,0.0,0,0.0,8192,0,0,0,0,40,0,0,0.0,0.0,0,0,0.0,227.44337318355156,0,0.0,0.0,8.000000000001,0.0,0,measured_norm_ratio_not_a_convergence_threshold,1.039911499246955,86,100,0,0,0,0,0,0,0,0,0,0,1,0.0,0.0,fixed_mode_dynamic_privacy,0.0,0.0,incomplete_cross_domain_protection,local_packet_or_secure_aggregate,cross_domain_model_update,[],observed_operations_not_a_security_proof,False,no_new_cloud_update,0.0,80,0.0,1.0519939996302128,100,100,0,scheduled,"{""dp_he"": 0, ""dp_only"": 0, ""he_only"": 0, ""neither"": 100}","{""dp_he"": 0, ""dp_only"": 0, ""he_only"": 0, ""neither"": 100}",0.752759899944067,0.0,100,0.0,4.0,0.324,1.9835052347183229,0.315,1.9885644454956055,finite,0.012082500383257866,0.015052800998091698,0,0.0,0.0,1.0,0,0.0,0.0,0.0,0.0,0.0,0.0,0.0,0,0.0,0.0,0.0,0.0,0,0,0,0.0,0.0,0,0,0.0
1.045805599540472,301.35342538246823,0.0,0.0,0.0,0,0,,,0.0,0.0,0.0,0.0,0,0.0,0,not_selected,0,0.0,not_selected,0.016342800110578537,0,0.324,0.0,0.0,0.0,0.0,0.0,0.0,0,182.03070160001516,0.0,0,0.0,0.0,0.0,0.0,recorded_dp_events_only,released_packet,private_experiment_logs_not_public_dp_outputs,5130,trainable_parameters_v1,tex_packet,0.0,not_established,0.23993550054728985,0.011566899716854095,legacy_per_link_selection,0,0.0,0.0,0.0,0,seal,0,seal_save_size_upper_bound,0,50;40,0.0,0,0,0.0,not_selected,0,0.0,0,0.0,8192,0,0,0,0,40,0,0,0.0,0.0,0,0,0.0,227.44337318355156,0,0.0,0.0,8.000000000001,0.0,0,measured_norm_ratio_not_a_convergence_threshold,1.0478454008698463,86,100,0,0,0,0,0,0,0,0,0,0,1,0.0,0.0,fixed_mode_dynamic_privacy,0.0,0.0,incomplete_cross_domain_protection,local_packet_or_secure_aggregate,cross_domain_model_update,[],observed_operations_not_a_security_proof,False,no_new_cloud_update,0.0,81,0.0,1.059035999700427,100,100,0,scheduled,"{""dp_he"": 0, ""dp_only"": 0, ""he_only"": 0, ""neither"": 100}","{""dp_he"": 0, ""dp_only"": 0, ""he_only"": 0, ""neither"": 100}",0.7667698003351688,0.0,100,0.0,4.0,0.324,1.9835052347183229,0.3265,1.9760584774017333,finite,0.011190598830580711,0.013230400159955025,0,0.0,0.0,1.0,0,0.0,0.0,0.0,0.0,0.0,0.0,0.0,0,0.0,0.0,0.0,0.0,0,0,0,0.0,0.0,0,0,0.0
1.0202759001404047,302.0794492818595,0.0,0.0,0.0,0,0,,,0.0,0.0,0.0,0.0,0,0.0,0,not_selected,0,0.0,not_selected,0.01850000023841858,0,0.324,0.0,0.0,0.0,0.0,0.0,0.0,0,183.38806539960206,0.0,0,0.0,0.0,0.0,0.0,recorded_dp_events_only,released_packet,private_experiment_logs_not_public_dp_outputs,5130,trainable_parameters_v1,tex_packet,0.0,not_established,0.2533529996871948,0.011036500334739685,legacy_per_link_selection,0,0.0,0.0,0.0,0,seal,0,seal_save_size_upper_bound,0,50;40,0.0,0,0,0.0,not_selected,0,0.0,0,0.0,8192,0,0,0,0,40,0,0,0.0,0.0,0,0,0.0,227.44337318355156,0,0.0,0.0,8.000000000001,0.0,0,measured_norm_ratio_not_a_convergence_threshold,1.0245353989303112,86,100,0,0,0,0,0,0,0,0,0,0,1,0.0,0.0,fixed_mode_dynamic_privacy,0.0,0.0,incomplete_cross_domain_protection,local_packet_or_secure_aggregate,cross_domain_model_update,[],observed_operations_not_a_security_proof,False,no_new_cloud_update,0.0,82,0.0,1.0358978994190693,100,100,0,scheduled,"{""dp_he"": 0, ""dp_only"": 0, ""he_only"": 0, ""neither"": 100}","{""dp_he"": 0, ""dp_only"": 0, ""he_only"": 0, ""neither"": 100}",0.7260238993912935,0.0,100,0.0,4.0,0.324,1.9835052347183229,0.316,1.982875304222107,finite,0.011362500488758087,0.015621999278664589,0,0.0,0.0,1.0,0,0.0,0.0,0.0,0.0,0.0,0.0,0.0,0,0.0,0.0,0.0,0.0,0,0,0,0.0,0.0,0,0,0.0
1.0019825994968414,302.79554148094667,0.0,0.0,0.0,0,0,,,0.0,0.0,0.0,0.0,0,0.0,0,not_selected,0,0.0,not_selected,0.016799399629235268,0,0.324,0.0,0.0,0.0,0.0,0.0,0.0,0,184.73101309873164,0.0,0,0.0,0.0,0.0,0.0,recorded_dp_events_only,released_packet,private_experiment_logs_not_public_dp_outputs,5130,trainable_parameters_v1,tex_packet,0.0,not_established,0.24636270105838776,0.011461200192570686,legacy_per_link_selection,0,0.0,0.0,0.0,0,seal,0,seal_save_size_upper_bound,0,50;40,0.0,0,0,0.0,not_selected,0,0.0,0,0.0,8192,0,0,0,0,40,0,0,0.0,0.0,0,0,0.0,227.44337318355156,0,0.0,0.0,8.000000000001,0.0,0,measured_norm_ratio_not_a_convergence_threshold,1.0048903003335,86,100,0,0,0,0,0,0,0,0,0,0,1,0.0,0.0,fixed_mode_dynamic_privacy,0.0,0.0,incomplete_cross_domain_protection,local_packet_or_secure_aggregate,cross_domain_model_update,[],observed_operations_not_a_security_proof,False,no_new_cloud_update,0.0,83,0.0,1.0161573998630047,100,100,0,scheduled,"{""dp_he"": 0, ""dp_only"": 0, ""he_only"": 0, ""neither"": 100}","{""dp_he"": 0, ""dp_only"": 0, ""he_only"": 0, ""neither"": 100}",0.7160921990871429,0.0,100,0.0,4.0,0.324,1.9835052347183229,0.311,1.9964594898223877,finite,0.011267099529504776,0.014174800366163254,0,0.0,0.0,1.0,0,0.0,0.0,0.0,0.0,0.0,0.0,0.0,0,0.0,0.0,0.0,0.0,0,0,0,0.0,0.0,0,0,0.0
1.163203600794077,303.55074098037494,0.0,0.0,0.0,0,0,,,0.0,0.0,0.0,0.0,0,0.0,0,not_selected,0,0.0,not_selected,0.017977800220251083,0,0.324,0.0,0.0,0.0,0.0,0.0,0.0,0,186.8375923000276,0.0,0,0.0,0.0,0.0,0.0,recorded_dp_events_only,released_packet,private_experiment_logs_not_public_dp_outputs,5130,trainable_parameters_v1,tex_packet,0.0,not_established,0.36093430034816265,0.013374699279665947,legacy_per_link_selection,0,0.0,0.0,0.0,0,seal,0,seal_save_size_upper_bound,0,50;40,0.0,0,0,0.0,not_selected,0,0.0,0,0.0,8192,0,0,0,0,40,0,0,0.0,0.0,0,0,0.0,227.44337318355156,0,0.0,0.0,8.000000000001,0.0,0,measured_norm_ratio_not_a_convergence_threshold,1.1630117986351252,86,100,0,0,0,0,0,0,0,0,0,0,1,0.0,0.0,fixed_mode_dynamic_privacy,0.0,0.0,incomplete_cross_domain_protection,local_packet_or_secure_aggregate,cross_domain_model_update,[],observed_operations_not_a_security_proof,False,no_new_cloud_update,0.0,84,0.0,1.1787291001528502,100,100,0,scheduled,"{""dp_he"": 0, ""dp_only"": 0, ""he_only"": 0, ""neither"": 100}","{""dp_he"": 0, ""dp_only"": 0, ""he_only"": 0, ""neither"": 100}",0.7551994994282722,0.0,100,0.0,4.0,0.324,1.9835052347183229,0.331,1.9847101736068726,finite,0.01571730151772499,0.015525499358773232,0,0.0,0.0,1.0,0,0.0,0.0,0.0,0.0,0.0,0.0,0.0,0,0.0,0.0,0.0,0.0,0,0,0,0.0,0.0,0,0,0.0
0.9871519021689892,304.252284181136,0.0,0.0,0.0,0,0,,,0.0,0.0,0.0,0.0,0,0.0,0,not_selected,0,0.0,not_selected,0.016874000430107117,0,0.324,0.0,0.0,0.0,0.0,0.0,0.0,0,188.16798700019717,0.0,0,0.0,0.0,0.0,0.0,recorded_dp_events_only,released_packet,private_experiment_logs_not_public_dp_outputs,5130,trainable_parameters_v1,tex_packet,0.0,not_established,0.2474319003522396,0.010853700339794159,legacy_per_link_selection,0,0.0,0.0,0.0,0,seal,0,seal_save_size_upper_bound,0,50;40,0.0,0,0,0.0,not_selected,0,0.0,0,0.0,8192,0,0,0,0,40,0,0,0.0,0.0,0,0,0.0,227.44337318355156,0,0.0,0.0,8.000000000001,0.0,0,measured_norm_ratio_not_a_convergence_threshold,0.9910515993833542,86,100,0,0,0,0,0,0,0,0,0,0,1,0.0,0.0,fixed_mode_dynamic_privacy,0.0,0.0,incomplete_cross_domain_protection,local_packet_or_secure_aggregate,cross_domain_model_update,[],observed_operations_not_a_security_proof,False,no_new_cloud_update,0.0,85,0.0,1.0015006996691227,100,100,0,scheduled,"{""dp_he"": 0, ""dp_only"": 0, ""he_only"": 0, ""neither"": 100}","{""dp_he"": 0, ""dp_only"": 0, ""he_only"": 0, ""neither"": 100}",0.7015432007610798,0.0,100,0.0,4.0,0.324,1.9835052347183229,0.3195,1.9915894088745116,finite,0.010449100285768509,0.014348797500133514,0,0.0,0.0,1.0,0,0.0,0.0,0.0,0.0,0.0,0.0,0.0,0,0.0,0.0,0.0,0.0,0,0,0,0.0,0.0,0,0,0.0
1.0153227988630533,304.9862691804947,0.0,0.0,0.0,0,0,,,0.0,0.0,0.0,0.0,0,0.0,0,not_selected,0,0.0,not_selected,0.01730779930949211,0,0.324,0.0,0.0,0.0,0.0,0.0,0.0,0,189.54487329907715,0.0,0,0.0,0.0,0.0,0.0,recorded_dp_events_only,released_packet,private_experiment_logs_not_public_dp_outputs,5130,trainable_parameters_v1,tex_packet,0.0,not_established,0.24279339984059334,0.010587699711322784,legacy_per_link_selection,0,0.0,0.0,0.0,0,seal,0,seal_save_size_upper_bound,0,50;40,0.0,0,0,0.0,not_selected,0,0.0,0,0.0,8192,0,0,0,0,40,0,0,0.0,0.0,0,0,0.0,227.44337318355156,0,0.0,0.0,8.000000000001,0.0,0,measured_norm_ratio_not_a_convergence_threshold,1.01897850073874,86,100,0,0,0,0,0,0,0,0,0,0,1,0.0,0.0,fixed_mode_dynamic_privacy,0.0,0.0,incomplete_cross_domain_protection,local_packet_or_secure_aggregate,cross_domain_model_update,[],observed_operations_not_a_security_proof,False,no_new_cloud_update,0.0,86,0.0,1.029627401381731,100,100,0,scheduled,"{""dp_he"": 0, ""dp_only"": 0, ""he_only"": 0, ""neither"": 100}","{""dp_he"": 0, ""dp_only"": 0, ""he_only"": 0, ""neither"": 100}",0.733984999358654,0.0,100,0.0,4.0,0.324,1.9835052347183229,0.337,1.9645109615325929,finite,0.010648900642991066,0.014304602518677711,0,0.0,0.0,1.0,0,0.0,0.0,0.0,0.0,0.0,0.0,0.0,0,0.0,0.0,0.0,0.0,0,0,0,0.0,0.0,0,0,0.0
1.023488501086831,305.71367438027573,0.0,0.0,0.0,0,0,,,0.0,0.0,0.0,0.0,0,0.0,0,not_selected,0,0.0,not_selected,0.020656699314713478,0,0.324,0.0,0.0,0.0,0.0,0.0,0.0,0,190.97410850040615,0.0,0,0.0,0.0,0.0,0.0,recorded_dp_events_only,released_packet,private_experiment_logs_not_public_dp_outputs,5130,trainable_parameters_v1,tex_packet,0.0,not_established,0.252844100818038,0.011781301349401474,legacy_per_link_selection,0,0.0,0.0,0.0,0,seal,0,seal_save_size_upper_bound,0,50;40,0.0,0,0,0.0,not_selected,0,0.0,0,0.0,8192,0,0,0,0,40,0,0,0.0,0.0,0,0,0.0,227.44337318355156,0,0.0,0.0,8.000000000001,0.0,0,measured_norm_ratio_not_a_convergence_threshold,1.0258930008858442,86,100,0,0,0,0,0,0,0,0,0,0,1,0.0,0.0,fixed_mode_dynamic_privacy,0.0,0.0,incomplete_cross_domain_protection,local_packet_or_secure_aggregate,cross_domain_model_update,[],observed_operations_not_a_security_proof,False,no_new_cloud_update,0.0,87,0.0,1.0366942007094622,100,100,0,scheduled,"{""dp_he"": 0, ""dp_only"": 0, ""he_only"": 0, ""neither"": 100}","{""dp_he"": 0, ""dp_only"": 0, ""he_only"": 0, ""neither"": 100}",0.7274051997810602,0.0,100,0.0,4.0,0.324,1.9835052347183229,0.316,1.9812301807403565,finite,0.010801199823617935,0.013205699622631073,0,0.0,0.0,1.0,0,0.0,0.0,0.0,0.0,0.0,0.0,0.0,0,0.0,0.0,0.0,0.0,0,0,0,0.0,0.0,0,0,0.0
1.0084079969674349,306.43626887986375,0.0,0.0,0.0,0,0,,,0.0,0.0,0.0,0.0,0,0.0,0,not_selected,0,0.0,not_selected,0.021976398304104805,0,0.324,0.0,0.0,0.0,0.0,0.0,0.0,0,192.36802260018885,0.0,0,0.0,0.0,0.0,0.0,recorded_dp_events_only,released_packet,private_experiment_logs_not_public_dp_outputs,5130,trainable_parameters_v1,tex_packet,0.0,not_established,0.2414535004645586,0.01117979921400547,legacy_per_link_selection,0,0.0,0.0,0.0,0,seal,0,seal_save_size_upper_bound,0,50;40,0.0,0,0,0.0,not_selected,0,0.0,0,0.0,8192,0,0,0,0,40,0,0,0.0,0.0,0,0,0.0,227.44337318355156,0,0.0,0.0,8.000000000001,0.0,0,measured_norm_ratio_not_a_convergence_threshold,1.0115935001522303,86,100,0,0,0,0,0,0,0,0,0,0,1,0.0,0.0,fixed_mode_dynamic_privacy,0.0,0.0,incomplete_cross_domain_protection,local_packet_or_secure_aggregate,cross_domain_model_update,[],observed_operations_not_a_security_proof,False,no_new_cloud_update,0.0,88,0.0,1.0227972995489836,100,100,0,scheduled,"{""dp_he"": 0, ""dp_only"": 0, ""he_only"": 0, ""neither"": 100}","{""dp_he"": 0, ""dp_only"": 0, ""he_only"": 0, ""neither"": 100}",0.7225944995880127,0.0,100,0.0,4.0,0.324,1.9835052347183229,0.316,1.991877137184143,finite,0.011203799396753311,0.01438930258154869,0,0.0,0.0,1.0,0,0.0,0.0,0.0,0.0,0.0,0.0,0.0,0,0.0,0.0,0.0,0.0,0,0,0,0.0,0.0,0,0,0.0
0.9972473997622728,307.13907007949365,0.0,0.0,0.0,0,0,,,0.0,0.0,0.0,0.0,0,0.0,0,not_selected,0,0.0,not_selected,0.017419399693608284,0,0.324,0.0,0.0,0.0,0.0,0.0,0.0,0,193.72735899873078,0.0,0,0.0,0.0,0.0,0.0,recorded_dp_events_only,released_packet,private_experiment_logs_not_public_dp_outputs,5130,trainable_parameters_v1,tex_packet,0.0,not_established,0.2536724004894495,0.01106949895620346,legacy_per_link_selection,0,0.0,0.0,0.0,0,seal,0,seal_save_size_upper_bound,0,50;40,0.0,0,0,0.0,not_selected,0,0.0,0,0.0,8192,0,0,0,0,40,0,0,0.0,0.0,0,0,0.0,227.44337318355156,0,0.0,0.0,8.000000000001,0.0,0,measured_norm_ratio_not_a_convergence_threshold,1.0025281980633736,86,100,0,0,0,0,0,0,0,0,0,0,1,0.0,0.0,fixed_mode_dynamic_privacy,0.0,0.0,incomplete_cross_domain_protection,local_packet_or_secure_aggregate,cross_domain_model_update,[],observed_operations_not_a_security_proof,False,no_new_cloud_update,0.0,89,0.0,1.0148130990564823,100,100,0,scheduled,"{""dp_he"": 0, ""dp_only"": 0, ""he_only"": 0, ""neither"": 100}","{""dp_he"": 0, ""dp_only"": 0, ""he_only"": 0, ""neither"": 100}",0.7028011996299028,0.0,100,0.0,4.0,0.324,1.9835052347183229,0.3235,1.9764085159301759,finite,0.01228490099310875,0.01756569929420948,0,0.0,0.0,1.0,0,0.0,0.0,0.0,0.0,0.0,0.0,0.0,0,0.0,0.0,0.0,0.0,0,0,0,0.0,0.0,0,0,0.0
1.0525256022810936,307.8956827789725,0.0,0.0,0.0,0,0,,,0.0,0.0,0.0,0.0,0,0.0,0,not_selected,0,0.0,not_selected,0.02197520062327385,0,0.324,0.0,0.0,0.0,0.0,0.0,0.0,0,195.18770490027964,0.0,0,0.0,0.0,0.0,0.0,recorded_dp_events_only,released_packet,private_experiment_logs_not_public_dp_outputs,5130,trainable_parameters_v1,tex_packet,0.0,not_established,0.2513465005904436,0.011499401181936264,legacy_per_link_selection,0,0.0,0.0,0.0,0,seal,0,seal_save_size_upper_bound,0,50;40,0.0,0,0,0.0,not_selected,0,0.0,0,0.0,8192,0,0,0,0,40,0,0,0.0,0.0,0,0,0.0,227.44337318355156,0,0.0,0.0,8.000000000001,0.0,0,measured_norm_ratio_not_a_convergence_threshold,1.0579447001218796,86,100,0,0,0,0,0,0,0,0,0,0,1,0.0,0.0,fixed_mode_dynamic_privacy,0.0,0.0,incomplete_cross_domain_protection,local_packet_or_secure_aggregate,cross_domain_model_update,[],observed_operations_not_a_security_proof,False,no_new_cloud_update,0.0,90,0.0,1.0690365005284548,100,100,0,scheduled,"{""dp_he"": 0, ""dp_only"": 0, ""he_only"": 0, ""neither"": 100}","{""dp_he"": 0, ""dp_only"": 0, ""he_only"": 0, ""neither"": 100}",0.7566126994788647,0.0,100,0.0,4.0,0.324,1.9835052347183229,0.308,1.9856831130981445,finite,0.011091800406575203,0.016510898247361183,0,0.0,0.0,1.0,0,0.0,0.0,0.0,0.0,0.0,0.0,0.0,0,0.0,0.0,0.0,0.0,0,0,0,0.0,0.0,0,0,0.0
1.0369624979794025,308.64052937814904,0.0,0.0,0.0,0,0,,,0.0,0.0,0.0,0.0,0,0.0,0,not_selected,0,0.0,not_selected,0.017657900229096413,0,0.324,0.0,0.0,0.0,0.0,0.0,0.0,0,196.59615040011704,0.0,0,0.0,0.0,0.0,0.0,recorded_dp_events_only,released_packet,private_experiment_logs_not_public_dp_outputs,5130,trainable_parameters_v1,tex_packet,0.0,not_established,0.2515053004026413,0.011543098837137222,legacy_per_link_selection,0,0.0,0.0,0.0,0,seal,0,seal_save_size_upper_bound,0,50;40,0.0,0,0,0.0,not_selected,0,0.0,0,0.0,8192,0,0,0,0,40,0,0,0.0,0.0,0,0,0.0,227.44337318355156,0,0.0,0.0,8.000000000001,0.0,0,measured_norm_ratio_not_a_convergence_threshold,1.0402615014463663,86,100,0,0,0,0,0,0,0,0,0,0,1,0.0,0.0,fixed_mode_dynamic_privacy,0.0,0.0,incomplete_cross_domain_protection,local_packet_or_secure_aggregate,cross_domain_model_update,[],observed_operations_not_a_security_proof,False,no_new_cloud_update,0.0,91,0.0,1.0516711007803679,100,100,0,scheduled,"{""dp_he"": 0, ""dp_only"": 0, ""he_only"": 0, ""neither"": 100}","{""dp_he"": 0, ""dp_only"": 0, ""he_only"": 0, ""neither"": 100}",0.7448465991765261,0.0,100,0.0,4.0,0.324,1.9835052347183229,0.3305,1.9752490854263305,finite,0.011409599334001541,0.01470860280096531,0,0.0,0.0,1.0,0,0.0,0.0,0.0,0.0,0.0,0.0,0.0,0,0.0,0.0,0.0,0.0,0,0,0,0.0,0.0,0,0,0.0
0.9868944026529789,309.34485687950564,0.0,0.0,0.0,0,0,,,0.0,0.0,0.0,0.0,0,0.0,0,not_selected,0,0.0,not_selected,0.017508400604128838,0,0.324,0.0,0.0,0.0,0.0,0.0,0.0,0,197.94136769883335,0.0,0,0.0,0.0,0.0,0.0,recorded_dp_events_only,released_packet,private_experiment_logs_not_public_dp_outputs,5130,trainable_parameters_v1,tex_packet,0.0,not_established,0.24147100001573563,0.012410899624228477,legacy_per_link_selection,0,0.0,0.0,0.0,0,seal,0,seal_save_size_upper_bound,0,50;40,0.0,0,0,0.0,not_selected,0,0.0,0,0.0,8192,0,0,0,0,40,0,0,0.0,0.0,0,0,0.0,227.44337318355156,0,0.0,0.0,8.000000000001,0.0,0,measured_norm_ratio_not_a_convergence_threshold,0.990575797855854,86,100,0,0,0,0,0,0,0,0,0,0,1,0.0,0.0,fixed_mode_dynamic_privacy,0.0,0.0,incomplete_cross_domain_protection,local_packet_or_secure_aggregate,cross_domain_model_update,[],observed_operations_not_a_security_proof,False,no_new_cloud_update,0.0,92,0.0,1.0017523989081383,100,100,0,scheduled,"{""dp_he"": 0, ""dp_only"": 0, ""he_only"": 0, ""neither"": 100}","{""dp_he"": 0, ""dp_only"": 0, ""he_only"": 0, ""neither"": 100}",0.7043275013566017,0.0,100,0.0,4.0,0.324,1.9835052347183229,0.3195,1.9918565578460694,finite,0.01117660105228424,0.014857996255159378,0,0.0,0.0,1.0,0,0.0,0.0,0.0,0.0,0.0,0.0,0.0,0,0.0,0.0,0.0,0.0,0,0,0,0.0,0.0,0,0,0.0
0.9775901008397341,310.0453367781074,0.0,0.0,0.0,0,0,,,0.0,0.0,0.0,0.0,0,0.0,0,not_selected,0,0.0,not_selected,0.016665900126099586,0,0.324,0.0,0.0,0.0,0.0,0.0,0.0,0,199.2847275994718,0.0,0,0.0,0.0,0.0,0.0,recorded_dp_events_only,released_packet,private_experiment_logs_not_public_dp_outputs,5130,trainable_parameters_v1,tex_packet,0.0,not_established,0.23938450030982494,0.010737501084804535,legacy_per_link_selection,0,0.0,0.0,0.0,0,seal,0,seal_save_size_upper_bound,0,50;40,0.0,0,0,0.0,not_selected,0,0.0,0,0.0,8192,0,0,0,0,40,0,0,0.0,0.0,0,0,0.0,227.44337318355156,0,0.0,0.0,8.000000000001,0.0,0,measured_norm_ratio_not_a_convergence_threshold,0.9816241003572941,86,100,0,0,0,0,0,0,0,0,0,0,1,0.0,0.0,fixed_mode_dynamic_privacy,0.0,0.0,incomplete_cross_domain_protection,local_packet_or_secure_aggregate,cross_domain_model_update,[],observed_operations_not_a_security_proof,False,no_new_cloud_update,0.0,93,0.0,0.9919464010745287,100,100,0,scheduled,"{""dp_he"": 0, ""dp_only"": 0, ""he_only"": 0, ""neither"": 100}","{""dp_he"": 0, ""dp_only"": 0, ""he_only"": 0, ""neither"": 100}",0.7004798986017704,0.0,100,0.0,4.0,0.324,1.9835052347183229,0.3105,1.9950882606506348,finite,0.010322300717234612,0.014356300234794617,0,0.0,0.0,1.0,0,0.0,0.0,0.0,0.0,0.0,0.0,0.0,0,0.0,0.0,0.0,0.0,0,0,0,0.0,0.0,0,0,0.0
1.0480283983051777,310.81226237753344,0.0,0.0,0.0,0,0,,,0.0,0.0,0.0,0.0,0,0.0,0,not_selected,0,0.0,not_selected,0.017161499708890915,0,0.324,0.0,0.0,0.0,0.0,0.0,0.0,0,200.7434385996312,0.0,0,0.0,0.0,0.0,0.0,recorded_dp_events_only,released_packet,private_experiment_logs_not_public_dp_outputs,5130,trainable_parameters_v1,tex_packet,0.0,not_established,0.2417815998196602,0.011289099231362343,legacy_per_link_selection,0,0.0,0.0,0.0,0,seal,0,seal_save_size_upper_bound,0,50;40,0.0,0,0,0.0,not_selected,0,0.0,0,0.0,8192,0,0,0,0,40,0,0,0.0,0.0,0,0,0.0,227.44337318355156,0,0.0,0.0,8.000000000001,0.0,0,measured_norm_ratio_not_a_convergence_threshold,1.0519341006875038,86,100,0,0,0,0,0,0,0,0,0,0,1,0.0,0.0,fixed_mode_dynamic_privacy,0.0,0.0,incomplete_cross_domain_protection,local_packet_or_secure_aggregate,cross_domain_model_update,[],observed_operations_not_a_security_proof,False,no_new_cloud_update,0.0,94,0.0,1.062804700806737,100,100,0,scheduled,"{""dp_he"": 0, ""dp_only"": 0, ""he_only"": 0, ""neither"": 100}","{""dp_he"": 0, ""dp_only"": 0, ""he_only"": 0, ""neither"": 100}",0.7669255994260311,0.0,100,0.0,4.0,0.324,1.9835052347183229,0.3105,1.9975630149841308,finite,0.010870600119233131,0.014776302501559258,0,0.0,0.0,1.0,0,0.0,0.0,0.0,0.0,0.0,0.0,0.0,0,0.0,0.0,0.0,0.0,0,0,0,0.0,0.0,0,0,0.0
1.030951600521803,311.56344087684465,0.0,0.0,0.0,0,0,,,0.0,0.0,0.0,0.0,0,0.0,0,not_selected,0,0.0,not_selected,0.016824999824166298,0,0.324,0.0,0.0,0.0,0.0,0.0,0.0,0,202.18355069868267,0.0,0,0.0,0.0,0.0,0.0,recorded_dp_events_only,released_packet,private_experiment_logs_not_public_dp_outputs,5130,trainable_parameters_v1,tex_packet,0.0,not_established,0.24036489985883236,0.01199050061404705,legacy_per_link_selection,0,0.0,0.0,0.0,0,seal,0,seal_save_size_upper_bound,0,50;40,0.0,0,0,0.0,not_selected,0,0.0,0,0.0,8192,0,0,0,0,40,0,0,0.0,0.0,0,0,0.0,227.44337318355156,0,0.0,0.0,8.000000000001,0.0,0,measured_norm_ratio_not_a_convergence_threshold,1.0340260975062847,86,100,0,0,0,0,0,0,0,0,0,0,1,0.0,0.0,fixed_mode_dynamic_privacy,0.0,0.0,incomplete_cross_domain_protection,local_packet_or_secure_aggregate,cross_domain_model_update,[],observed_operations_not_a_security_proof,False,no_new_cloud_update,0.0,95,0.0,1.0446187984198332,100,100,0,scheduled,"{""dp_he"": 0, ""dp_only"": 0, ""he_only"": 0, ""neither"": 100}","{""dp_he"": 0, ""dp_only"": 0, ""he_only"": 0, ""neither"": 100}",0.7511784993112087,0.0,100,0.0,4.0,0.324,1.9835052347183229,0.327,1.9855799417495728,finite,0.01059270091354847,0.013667197898030281,0,0.0,0.0,1.0,0,0.0,0.0,0.0,0.0,0.0,0.0,0.0,0,0.0,0.0,0.0,0.0,0,0,0,0.0,0.0,0,0,0.0
1.0063428040593863,312.29268607759786,0.0,0.0,0.0,0,0,,,0.0,0.0,0.0,0.0,0,0.0,0,not_selected,0,0.0,not_selected,0.016611501574516296,0,0.324,0.0,0.0,0.0,0.0,0.0,0.0,0,203.5655767992139,0.0,0,0.0,0.0,0.0,0.0,recorded_dp_events_only,released_packet,private_experiment_logs_not_public_dp_outputs,5130,trainable_parameters_v1,tex_packet,0.0,not_established,0.2378240004181862,0.01165120117366314,legacy_per_link_selection,0,0.0,0.0,0.0,0,seal,0,seal_save_size_upper_bound,0,50;40,0.0,0,0,0.0,not_selected,0,0.0,0,0.0,8192,0,0,0,0,40,0,0,0.0,0.0,0,0,0.0,227.44337318355156,0,0.0,0.0,8.000000000001,0.0,0,measured_norm_ratio_not_a_convergence_threshold,1.0091511998325586,86,100,0,0,0,0,0,0,0,0,0,0,1,0.0,0.0,fixed_mode_dynamic_privacy,0.0,0.0,incomplete_cross_domain_protection,local_packet_or_secure_aggregate,cross_domain_model_update,[],observed_operations_not_a_security_proof,False,no_new_cloud_update,0.0,96,0.0,1.0201620999723673,100,100,0,scheduled,"{""dp_he"": 0, ""dp_only"": 0, ""he_only"": 0, ""neither"": 100}","{""dp_he"": 0, ""dp_only"": 0, ""he_only"": 0, ""neither"": 100}",0.729245200753212,0.0,100,0.0,4.0,0.324,1.9835052347183229,0.316,1.9857315788269043,finite,0.011010900139808655,0.013819295912981033,0,0.0,0.0,1.0,0,0.0,0.0,0.0,0.0,0.0,0.0,0.0,0,0.0,0.0,0.0,0.0,0,0,0,0.0,0.0,0,0,0.0
1.0855239983648062,313.0644791767181,0.0,0.0,0.0,0,0,,,0.0,0.0,0.0,0.0,0,0.0,0,not_selected,0,0.0,not_selected,0.020954899489879608,0,0.324,0.0,0.0,0.0,0.0,0.0,0.0,0,205.0300340987742,0.0,0,0.0,0.0,0.0,0.0,recorded_dp_events_only,released_packet,private_experiment_logs_not_public_dp_outputs,5130,trainable_parameters_v1,tex_packet,0.0,not_established,0.26619370095431805,0.013054899871349335,legacy_per_link_selection,0,0.0,0.0,0.0,0,seal,0,seal_save_size_upper_bound,0,50;40,0.0,0,0,0.0,not_selected,0,0.0,0,0.0,8192,0,0,0,0,40,0,0,0.0,0.0,0,0,0.0,227.44337318355156,0,0.0,0.0,8.000000000001,0.0,0,measured_norm_ratio_not_a_convergence_threshold,1.0908514000475407,86,100,0,0,0,0,0,0,0,0,0,0,1,0.0,0.0,fixed_mode_dynamic_privacy,0.0,0.0,incomplete_cross_domain_protection,local_packet_or_secure_aggregate,cross_domain_model_update,[],observed_operations_not_a_security_proof,False,no_new_cloud_update,0.0,97,0.0,1.1043787989765406,100,100,0,scheduled,"{""dp_he"": 0, ""dp_only"": 0, ""he_only"": 0, ""neither"": 100}","{""dp_he"": 0, ""dp_only"": 0, ""he_only"": 0, ""neither"": 100}",0.7717930991202593,0.0,100,0.0,4.0,0.324,1.9835052347183229,0.314,1.9970647497177123,finite,0.0135273989289999,0.01885480061173439,0,0.0,0.0,1.0,0,0.0,0.0,0.0,0.0,0.0,0.0,0.0,0,0.0,0.0,0.0,0.0,0,0,0,0.0,0.0,0,0,0.0
1.0598866008222103,313.827135777864,0.0,0.0,0.0,0,0,,,0.0,0.0,0.0,0.0,0,0.0,0,not_selected,0,0.0,not_selected,0.018144700676202774,0,0.324,0.0,0.0,0.0,0.0,0.0,0.0,0,206.55340549908578,0.0,0,0.0,0.0,0.0,0.0,recorded_dp_events_only,released_packet,private_experiment_logs_not_public_dp_outputs,5130,trainable_parameters_v1,tex_packet,0.0,not_established,0.25536809861660004,0.011346699669957161,legacy_per_link_selection,0,0.0,0.0,0.0,0,seal,0,seal_save_size_upper_bound,0,50;40,0.0,0,0,0.0,not_selected,0,0.0,0,0.0,8192,0,0,0,0,40,0,0,0.0,0.0,0,0,0.0,227.44337318355156,0,0.0,0.0,8.000000000001,0.0,0,measured_norm_ratio_not_a_convergence_threshold,1.0613641999661922,86,100,0,0,0,0,0,0,0,0,0,0,1,0.0,0.0,fixed_mode_dynamic_privacy,0.0,0.0,incomplete_cross_domain_protection,local_packet_or_secure_aggregate,cross_domain_model_update,[],observed_operations_not_a_security_proof,False,no_new_cloud_update,0.0,98,0.0,1.073734700679779,100,100,0,scheduled,"{""dp_he"": 0, ""dp_only"": 0, ""he_only"": 0, ""neither"": 100}","{""dp_he"": 0, ""dp_only"": 0, ""he_only"": 0, ""neither"": 100}",0.7626566011458635,0.0,100,0.0,4.0,0.324,1.9835052347183229,0.3185,1.995489447593689,finite,0.012370500713586807,0.01384809985756874,0,0.0,0.0,1.0,0,0.0,0.0,0.0,0.0,0.0,0.0,0.0,0,0.0,0.0,0.0,0.0,0,0,0,0.0,0.0,0,0,0.0
0.9834492020308971,314.53273687774254,0.0,0.0,0.0,0,0,,,0.0,0.0,0.0,0.0,0,0.0,0,not_selected,0,0.0,not_selected,0.017902201041579247,0,0.324,0.0,0.0,0.0,0.0,0.0,0.0,0,207.91973499953747,0.0,0,0.0,0.0,0.0,0.0,recorded_dp_events_only,released_packet,private_experiment_logs_not_public_dp_outputs,5130,trainable_parameters_v1,tex_packet,0.0,not_established,0.2376489993184805,0.010778101161122322,legacy_per_link_selection,0,0.0,0.0,0.0,0,seal,0,seal_save_size_upper_bound,0,50;40,0.0,0,0,0.0,not_selected,0,0.0,0,0.0,8192,0,0,0,0,40,0,0,0.0,0.0,0,0,0.0,227.44337318355156,0,0.0,0.0,8.000000000001,0.0,0,measured_norm_ratio_not_a_convergence_threshold,0.9863817989826202,86,100,0,0,0,0,0,0,0,0,0,0,1,0.0,0.0,fixed_mode_dynamic_privacy,0.0,0.0,incomplete_cross_domain_protection,local_packet_or_secure_aggregate,cross_domain_model_update,[],observed_operations_not_a_security_proof,False,no_new_cloud_update,0.0,99,0.0,0.9979005996137857,100,100,0,scheduled,"{""dp_he"": 0, ""dp_only"": 0, ""he_only"": 0, ""neither"": 100}","{""dp_he"": 0, ""dp_only"": 0, ""he_only"": 0, ""neither"": 100}",0.7056010998785496,0.0,100,0.0,4.0,0.324,1.9835052347183229,0.32,1.9883465480804443,finite,0.011518800631165504,0.014451397582888603,0,0.0,0.0,1.0,0,0.0,0.0,0.0,0.0,0.0,0.0,0.0,0,0.0,0.0,0.0,0.0,0,0,0,0.0,0.0,0,0,0.0
