accounted_phase_wall_time_sec,accounted_system_time_sec,accuracy_change_from_previous,actual_cloud_fusion_ratio,actual_cloud_share_of_admitted,actual_local_batches,actual_optimizer_steps,admitted_client_ids_actual,admitted_client_ids_objective,admitted_update_norm_max,admitted_update_norm_mean,aggregate_dp_max_client_weight,aggregate_dp_noise_norm,aggregate_dp_noise_share_count,aggregate_dp_noise_std,aggregate_dp_protected_packets,aggregate_dp_protocol,aggregate_dp_release,aggregate_dp_sensitivity,aggregate_dp_transport,aggregation_wall_time_sec,all_cross_domain_updates_protected,best_accuracy,cloud_aggregation_time,cloud_edge_sample_ratio_max,cloud_edge_sample_ratio_min,cloud_fusion_ratio,cloud_input_update_norm_max,cloud_input_update_norm_mean,communication_volume,cumulative_wall_time_sec,direction_aggregate_to_mean_client_norm_ratio,direction_client_count,direction_mean_client_cosine,direction_mean_client_norm,direction_negative_cosine_fraction,direction_raw_aggregate_norm,dp_accountant_scope,dp_clipping_unit,dp_diagnostic_scope,dp_parameter_count,dp_parameter_scope,dp_release_calibration,edge_aggregation_time,end_to_end_dp_status,evaluation_wall_time_sec,flow_wall_time_sec,global_release_contract,global_release_count,global_release_epsilon,global_update_norm,he_addition_time_sec,he_aggregation_calls,he_backend,he_ciphertext_bytes,he_ciphertext_bytes_semantics,he_ciphertext_count,he_coeff_mod_bit_sizes,he_decryption_time_sec,he_encrypted_parameter_values,he_encrypted_updates,he_encryption_time_sec,he_execution_status,he_failures,he_key_setup_time_sec,he_mapped_update_bytes,he_max_abs_error,he_poly_modulus_degree,he_process_chunks_per_task,he_process_fallbacks,he_process_tasks,he_process_workers,he_scale_bits,he_selected_but_profiled_clients,he_shared_memory_bytes,he_wall_time_sec,he_worker_cpu_time_sec,infeasible_clients,local_packet_dp_release_count,local_packet_dp_released_noise_norm,logical_time,mainline_fusion,max_feature_epsilon,max_risk,max_update_epsilon,min_remaining_epsilon,multi_edge_loop_client_cycles,noise_ratio_semantics,non_training_wall_time_sec,num_budget_exhausted_clients,num_clients,num_edge_only_update_clients,num_effective_clients,num_effective_edges,num_feature_dp_clients,num_global_update_clients,num_he_clients,num_update_dp_clients,num_update_dp_he_clients,num_update_dp_only_clients,num_update_he_only_clients,numerically_valid,omega_feature_clip_excess_sq_max,omega_feature_clip_excess_sq_mean,policy,post_to_pre_update_norm_ratio,pre_dp_global_update_norm,privacy_guarantee,privacy_mechanism_scope,protected_object,protection_release_audit,protection_rule_scope,real_he_used,released_model_dp_coverage,return_time,round,round_duration,round_wall_time_sec,selection_pool_candidates_after_stability,selection_pool_candidates_before_stability,selection_stability_removed_candidates,selection_trigger,selection_update_mechanisms_after_stability,selection_update_mechanisms_before_stability,selection_wall_time_sec,selector_cloud_fusion_ratio,skipped_clients,system_latency_objective,system_omega_objective,test_accuracy,test_loss,train_accuracy,train_loss,training_health,training_wall_time_sec,unattributed_wall_time_sec,uniform_update_dp,update_dp_clip_fraction,update_dp_clip_scale_mean,update_dp_clip_scale_min,update_dp_clipped_clients,update_dp_coverage,update_dp_max_client_fraction,update_dp_noise_norm,update_dp_noise_norm_max,update_dp_noise_norm_mean,update_dp_noise_std,update_dp_noise_to_signal_ratio,update_dp_preclip_norm_count,update_dp_preclip_norm_max,update_dp_preclip_norm_mean,update_dp_preclip_norm_p50,update_dp_preclip_norm_p90,update_dp_protected_clients,update_dp_release,update_dp_release_count,update_dp_sensitivity,update_he_coverage,update_packets_with_real_he_pending_isolation,update_packets_without_dp_calibration,waiting_time
76.59338650107384,241.52571192483256,0.0,0.8648479147068047,1.0,298,298,0;1;2;3;4;6;7;9;10;11;13;14;15;16;17;18;19;21;22;23;24;25;26;27;28;29;30;31;33;34;35;36;37;38;39;40;41;42;43;44;45;47;48;49;50;51;52;53;55;56;57;58;59;61;62;63;64;66;67;68;70;71;73;74;75;76;78;79;80;81;82;83;84;86;88;89;90;92;93;94;95;96;97;99,0;1;2;3;4;6;7;9;10;11;12;13;14;15;16;17;18;19;21;22;23;24;25;26;27;28;29;30;31;33;34;35;36;37;38;39;40;41;42;43;44;45;47;48;49;50;51;52;53;55;56;57;58;59;61;62;63;64;66;67;68;70;71;73;74;75;76;78;79;80;81;82;83;84;86;87;88;89;90;92;93;94;95;96;97;99,0.0,0.0,0.0,0.0,0,0.0,0,not_selected,0,0.0,not_selected,55.497548600658774,1,0.3375,53.98024100799998,1.0,0.6538860103626943,0.8650569666562141,0.4366905814205385,0.3926149968117281,60262.78866047987,76.97881399840117,0.0,0,0.0,0.0,0.0,0.0,recorded_dp_events_only,released_packet,private_experiment_logs_not_public_dp_outputs,5130,trainable_parameters_v1,tex_packet,113.31095135999999,not_established,0.42989510111510754,0.003528200089931488,legacy_per_link_selection,0,0.0,0.2898798807028915,1.75369094312191,1,seal,3581350500,seal_save_size_upper_bound,27300,50;40,1.072421995922923,111816420,10,83.20912559144199,real,0,0.046971701085567474,447265680,6.076130218652713e-08,8192,32,0,86,4,40,0,0,30.526846799999475,86.03523853048682,0,0,0.0,227.46050932544122,0,0.0,0.58,8.000000000001,0.0,252,measured_norm_ratio_not_a_convergence_threshold,70.00907250121236,84,100,0,84,10,0,84,84,84,84,0,0,1,0.0,0.0,fixed_mode_dynamic_privacy,1.0,0.2898798807028915,uniform_secure_aggregate_dp,local_packet_or_secure_aggregate,cross_domain_model_update,"[{""aggregate_only_decryption_enforced"": false, ""client_ids"": ""0;10;30;40;50;70;80;90"", ""destination"": ""cloud"", ""dp_budget_ok"": true, ""dp_event_observed"": false, ""formal_dp_status"": ""not_established"", ""he_crypto_observed"": true, ""he_execution"": ""real"", ""key_isolation_enforced"": false, ""mechanism"": ""dp_he3"", ""mode"": ""LIIEIIIC"", ""noise_location"": ""none"", ""object"": ""model_update"", ""packet_index"": 0, ""packet_protection_status"": ""real_he_pending_role_isolation"", ""released_model_dp_status"": ""no_valid_dp_calibration_for_contribution"", ""round"": 0, ""source"": ""edge"", ""source_domain"": 0}, {""aggregate_only_decryption_enforced"": false, ""client_ids"": ""1;11;21;31;41;51;61;71;81"", ""destination"": ""cloud"", ""dp_budget_ok"": true, ""dp_event_observed"": false, ""formal_dp_status"": ""not_established"", ""he_crypto_observed"": true, ""he_execution"": ""real"", ""key_isolation_enforced"": false, ""mechanism"": ""dp_he3"", ""mode"": ""LIIEIIIC"", ""noise_location"": ""none"", ""object"": ""model_update"", ""packet_index"": 1, ""packet_protection_status"": ""real_he_pending_role_isolation"", ""released_model_dp_status"": ""no_valid_dp_calibration_for_contribution"", ""round"": 0, ""source"": ""edge"", ""source_domain"": 1}, {""aggregate_only_decryption_enforced"": false, ""client_ids"": ""2;22;42;52;62;82;92"", ""destination"": ""cloud"", ""dp_budget_ok"": true, ""dp_event_observed"": false, ""formal_dp_status"": ""not_established"", ""he_crypto_observed"": true, ""he_execution"": ""real"", ""key_isolation_enforced"": false, ""mechanism"": ""dp_he3"", ""mode"": ""LIIEIIIC"", ""noise_location"": ""none"", ""object"": ""model_update"", ""packet_index"": 2, ""packet_protection_status"": ""real_he_pending_role_isolation"", ""released_model_dp_status"": ""no_valid_dp_calibration_for_contribution"", ""round"": 0, ""source"": ""edge"", ""source_domain"": 2}, {""aggregate_only_decryption_enforced"": false, ""client_ids"": ""3;13;23;33;43;53;63;73;83;93"", ""destination"": ""cloud"", ""dp_budget_ok"": true, ""dp_event_observed"": false, ""formal_dp_status"": ""not_established"", ""he_crypto_observed"": true, ""he_execution"": ""real"", ""key_isolation_enforced"": false, ""mechanism"": ""dp_he3"", ""mode"": ""LIIEIIIC"", ""noise_location"": ""none"", ""object"": ""model_update"", ""packet_index"": 3, ""packet_protection_status"": ""real_he_pending_role_isolation"", ""released_model_dp_status"": ""no_valid_dp_calibration_for_contribution"", ""round"": 0, ""source"": ""edge"", ""source_domain"": 3}, {""aggregate_only_decryption_enforced"": false, ""client_ids"": ""4;14;24;34;44;64;74;84;94"", ""destination"": ""cloud"", ""dp_budget_ok"": true, ""dp_event_observed"": false, ""formal_dp_status"": ""not_established"", ""he_crypto_observed"": true, ""he_execution"": ""real"", ""key_isolation_enforced"": false, ""mechanism"": ""dp_he3"", ""mode"": ""LIIEIIIC"", ""noise_location"": ""none"", ""object"": ""model_update"", ""packet_index"": 4, ""packet_protection_status"": ""real_he_pending_role_isolation"", ""released_model_dp_status"": ""no_valid_dp_calibration_for_contribution"", ""round"": 0, ""source"": ""edge"", ""source_domain"": 4}, {""aggregate_only_decryption_enforced"": false, ""client_ids"": ""6;16;26;36;56;66;76;86;96"", ""destination"": ""cloud"", ""dp_budget_ok"": true, ""dp_event_observed"": false, ""formal_dp_status"": ""not_established"", ""he_crypto_observed"": true, ""he_execution"": ""real"", ""key_isolation_enforced"": false, ""mechanism"": ""dp_he3"", ""mode"": ""LIIEIIIC"", ""noise_location"": ""none"", ""object"": ""model_update"", ""packet_index"": 5, ""packet_protection_status"": ""real_he_pending_role_isolation"", ""released_model_dp_status"": ""no_valid_dp_calibration_for_contribution"", ""round"": 0, ""source"": ""edge"", ""source_domain"": 6}, {""aggregate_only_decryption_enforced"": false, ""client_ids"": ""7;17;27;37;47;57;67;97"", ""destination"": ""cloud"", ""dp_budget_ok"": true, ""dp_event_observed"": false, ""formal_dp_status"": ""not_established"", ""he_crypto_observed"": true, ""he_execution"": ""real"", ""key_isolation_enforced"": false, ""mechanism"": ""dp_he3"", ""mode"": ""LIIEIIIC"", ""noise_location"": ""none"", ""object"": ""model_update"", ""packet_index"": 6, ""packet_protection_status"": ""real_he_pending_role_isolation"", ""released_model_dp_status"": ""no_valid_dp_calibration_for_contribution"", ""round"": 0, ""source"": ""edge"", ""source_domain"": 7}, {""aggregate_only_decryption_enforced"": false, ""client_ids"": ""9;19;29;39;49;59;79;89;99"", ""destination"": ""cloud"", ""dp_budget_ok"": true, ""dp_event_observed"": false, ""formal_dp_status"": ""not_established"", ""he_crypto_observed"": true, ""he_execution"": ""real"", ""key_isolation_enforced"": false, ""mechanism"": ""dp_he3"", ""mode"": ""LIIEIIIC"", ""noise_location"": ""none"", ""object"": ""model_update"", ""packet_index"": 7, ""packet_protection_status"": ""real_he_pending_role_isolation"", ""released_model_dp_status"": ""no_valid_dp_calibration_for_contribution"", ""round"": 0, ""source"": ""edge"", ""source_domain"": 9}, {""aggregate_only_decryption_enforced"": false, ""client_ids"": ""15;25;35;45;55;75;95"", ""destination"": ""cloud"", ""dp_budget_ok"": true, ""dp_event_observed"": false, ""formal_dp_status"": ""not_established"", ""he_crypto_observed"": true, ""he_execution"": ""real"", ""key_isolation_enforced"": false, ""mechanism"": ""dp_he3"", ""mode"": ""LIIEIIIC"", ""noise_location"": ""none"", ""object"": ""model_update"", ""packet_index"": 8, ""packet_protection_status"": ""real_he_pending_role_isolation"", ""released_model_dp_status"": ""no_valid_dp_calibration_for_contribution"", ""round"": 0, ""source"": ""edge"", ""source_domain"": 5}, {""aggregate_only_decryption_enforced"": false, ""client_ids"": ""18;28;38;48;58;68;78;88"", ""destination"": ""cloud"", ""dp_budget_ok"": true, ""dp_event_observed"": false, ""formal_dp_status"": ""not_established"", ""he_crypto_observed"": true, ""he_execution"": ""real"", ""key_isolation_enforced"": false, ""mechanism"": ""dp_he3"", ""mode"": ""LIIEIIIC"", ""noise_location"": ""none"", ""object"": ""model_update"", ""packet_index"": 9, ""packet_protection_status"": ""real_he_pending_role_isolation"", ""released_model_dp_status"": ""no_valid_dp_calibration_for_contribution"", ""round"": 0, ""source"": ""edge"", ""source_domain"": 8}]",observed_operations_not_a_security_proof,True,some_contributions_without_dp_calibration,17.730042724264212,0,227.46050932544122,76.60628450103104,358,358,0,scheduled,"{""dp_he"": 344, ""dp_only"": 0, ""he_only"": 0, ""neither"": 14}","{""dp_he"": 344, ""dp_only"": 0, ""he_only"": 0, ""neither"": 14}",14.065202599391341,0.8650569666562141,14,227.46050932544122,1367.2089121190359,0.3375,2.0057973012924193,0.3145,2.0369418354034425,finite,6.597211999818683,0.012897999957203865,1,0.0,0.0,1.0,0,1.0,0.0,0.0,0.0,0.0,0.0,0.0,0,0.0,0.0,0.0,0.0,84,0,0,0.0,1.0,10,10,807.7686515343755
1.054221099242568,242.3270177255089,0.0,0.0,0.0,0,0,,,0.0,0.0,0.0,0.0,0,0.0,0,not_selected,0,0.0,not_selected,0.009578799828886986,0,0.3375,0.0,0.0,0.0,0.0,0.0,0.0,0,78.24099539965391,0.0,0,0.0,0.0,0.0,0.0,recorded_dp_events_only,released_packet,private_experiment_logs_not_public_dp_outputs,5130,trainable_parameters_v1,tex_packet,0.0,not_established,0.23443089984357357,0.003878999501466751,legacy_per_link_selection,0,0.0,0.0,0.0,0,seal,0,seal_save_size_upper_bound,0,50;40,0.0,0,0,0.0,not_selected,0,0.0,0,0.0,8192,0,0,0,0,40,0,0,0.0,0.0,0,0,0.0,227.46050932544122,0,0.0,0.0,8.000000000001,0.0,0,measured_norm_ratio_not_a_convergence_threshold,1.0607725009322166,84,100,0,0,0,0,0,0,0,0,0,0,1,0.0,0.0,fixed_mode_dynamic_privacy,0.0,0.0,incomplete_cross_domain_protection,local_packet_or_secure_aggregate,cross_domain_model_update,[],observed_operations_not_a_security_proof,False,no_new_cloud_update,0.0,1,0.0,1.0657991003245115,106,106,0,scheduled,"{""dp_he"": 8, ""dp_only"": 0, ""he_only"": 0, ""neither"": 98}","{""dp_he"": 8, ""dp_only"": 0, ""he_only"": 0, ""neither"": 98}",0.8013058006763458,0.0,100,0.0,4.0,0.3375,2.0057973012924193,0.3165,2.035403594970703,finite,0.005026599392294884,0.011578001081943512,0,0.0,0.0,1.0,0,0.0,0.0,0.0,0.0,0.0,0.0,0.0,0,0.0,0.0,0.0,0.0,0,0,0,0.0,0.0,0,0,0.0
0.9996396005153656,243.07885862427602,0.0,0.0,0.0,0,0,,,0.0,0.0,0.0,0.0,0,0.0,0,not_selected,0,0.0,not_selected,0.009282801300287247,0,0.3375,0.0,0.0,0.0,0.0,0.0,0.0,0,79.41013869829476,0.0,0,0.0,0.0,0.0,0.0,recorded_dp_events_only,released_packet,private_experiment_logs_not_public_dp_outputs,5130,trainable_parameters_v1,tex_packet,0.0,not_established,0.2317309007048607,0.0032902993261814117,legacy_per_link_selection,0,0.0,0.0,0.0,0,seal,0,seal_save_size_upper_bound,0,50;40,0.0,0,0,0.0,not_selected,0,0.0,0,0.0,8192,0,0,0,0,40,0,0,0.0,0.0,0,0,0.0,227.46050932544122,0,0.0,0.0,8.000000000001,0.0,0,measured_norm_ratio_not_a_convergence_threshold,1.0088020004332066,84,100,0,0,0,0,0,0,0,0,0,0,1,0.0,0.0,fixed_mode_dynamic_privacy,0.0,0.0,incomplete_cross_domain_protection,local_packet_or_secure_aggregate,cross_domain_model_update,[],observed_operations_not_a_security_proof,False,no_new_cloud_update,0.0,2,0.0,1.0122967008501291,106,106,0,scheduled,"{""dp_he"": 8, ""dp_only"": 0, ""he_only"": 0, ""neither"": 98}","{""dp_he"": 8, ""dp_only"": 0, ""he_only"": 0, ""neither"": 98}",0.7518408987671137,0.0,100,0.0,4.0,0.3375,2.0057973012924193,0.3205,2.0135785846710204,finite,0.0034947004169225693,0.012657100334763527,0,0.0,0.0,1.0,0,0.0,0.0,0.0,0.0,0.0,0.0,0.0,0,0.0,0.0,0.0,0.0,0,0,0,0.0,0.0,0,0,0.0
1.0908012986183167,243.90464592452,0.0,0.0,0.0,0,0,,,0.0,0.0,0.0,0.0,0,0.0,0,not_selected,0,0.0,not_selected,0.012134399265050888,0,0.3375,0.0,0.0,0.0,0.0,0.0,0.0,0,80.68002489954233,0.0,0,0.0,0.0,0.0,0.0,recorded_dp_events_only,released_packet,private_experiment_logs_not_public_dp_outputs,5130,trainable_parameters_v1,tex_packet,0.0,not_established,0.24376219883561134,0.004410400986671448,legacy_per_link_selection,0,0.0,0.0,0.0,0,seal,0,seal_save_size_upper_bound,0,50;40,0.0,0,0,0.0,not_selected,0,0.0,0,0.0,8192,0,0,0,0,40,0,0,0.0,0.0,0,0,0.0,227.46050932544122,0,0.0,0.0,8.000000000001,0.0,0,measured_norm_ratio_not_a_convergence_threshold,1.098878800868988,84,100,0,0,0,0,0,0,0,0,0,0,1,0.0,0.0,fixed_mode_dynamic_privacy,0.0,0.0,incomplete_cross_domain_protection,local_packet_or_secure_aggregate,cross_domain_model_update,[],observed_operations_not_a_security_proof,False,no_new_cloud_update,0.0,3,0.0,1.1035858001559973,106,106,0,scheduled,"{""dp_he"": 8, ""dp_only"": 0, ""he_only"": 0, ""neither"": 98}","{""dp_he"": 8, ""dp_only"": 0, ""he_only"": 0, ""neither"": 98}",0.8257873002439737,0.0,100,0.0,4.0,0.3375,2.0057973012924193,0.313,2.028906883239746,finite,0.004706999287009239,0.012784501537680626,0,0.0,0.0,1.0,0,0.0,0.0,0.0,0.0,0.0,0.0,0.0,0,0.0,0.0,0.0,0.0,0,0,0,0.0,0.0,0,0,0.0
1.0252861008048058,244.6683641253675,0.0,0.0,0.0,0,0,,,0.0,0.0,0.0,0.0,0,0.0,0,not_selected,0,0.0,not_selected,0.01016560010612011,0,0.3375,0.0,0.0,0.0,0.0,0.0,0.0,0,81.89271769858897,0.0,0,0.0,0.0,0.0,0.0,recorded_dp_events_only,released_packet,private_experiment_logs_not_public_dp_outputs,5130,trainable_parameters_v1,tex_packet,0.0,not_established,0.24349189922213554,0.004159299656748772,legacy_per_link_selection,0,0.0,0.0,0.0,0,seal,0,seal_save_size_upper_bound,0,50;40,0.0,0,0,0.0,not_selected,0,0.0,0,0.0,8192,0,0,0,0,40,0,0,0.0,0.0,0,0,0.0,227.46050932544122,0,0.0,0.0,8.000000000001,0.0,0,measured_norm_ratio_not_a_convergence_threshold,1.034197099506855,84,100,0,0,0,0,0,0,0,0,0,0,1,0.0,0.0,fixed_mode_dynamic_privacy,0.0,0.0,incomplete_cross_domain_protection,local_packet_or_secure_aggregate,cross_domain_model_update,[],observed_operations_not_a_security_proof,False,no_new_cloud_update,0.0,4,0.0,1.0379482004791498,106,106,0,scheduled,"{""dp_he"": 8, ""dp_only"": 0, ""he_only"": 0, ""neither"": 98}","{""dp_he"": 8, ""dp_only"": 0, ""he_only"": 0, ""neither"": 98}",0.7637182008475065,0.0,100,0.0,4.0,0.3375,2.0057973012924193,0.315,2.0361167058944702,finite,0.0037511009722948074,0.012662099674344063,0,0.0,0.0,1.0,0,0.0,0.0,0.0,0.0,0.0,0.0,0.0,0,0.0,0.0,0.0,0.0,0,0,0,0.0,0.0,0,0,0.0
1.1396779008209705,245.53987322474669,0.0,0.0,0.0,0,0,,,0.0,0.0,0.0,0.0,0,0.0,0,not_selected,0,0.0,not_selected,0.01547430083155632,0,0.3375,0.0,0.0,0.0,0.0,0.0,0.0,0,83.23792289942503,0.0,0,0.0,0.0,0.0,0.0,recorded_dp_events_only,released_packet,private_experiment_logs_not_public_dp_outputs,5130,trainable_parameters_v1,tex_packet,0.0,not_established,0.24240959994494915,0.004378201439976692,legacy_per_link_selection,0,0.0,0.0,0.0,0,seal,0,seal_save_size_upper_bound,0,50;40,0.0,0,0,0.0,not_selected,0,0.0,0,0.0,8192,0,0,0,0,40,0,0,0.0,0.0,0,0,0.0,227.46050932544122,0,0.0,0.0,8.000000000001,0.0,0,measured_norm_ratio_not_a_convergence_threshold,1.1488650999963284,84,100,0,0,0,0,0,0,0,0,0,0,1,0.0,0.0,fixed_mode_dynamic_privacy,0.0,0.0,incomplete_cross_domain_protection,local_packet_or_secure_aggregate,cross_domain_model_update,[],observed_operations_not_a_security_proof,False,no_new_cloud_update,0.0,5,0.0,1.1547717992216349,106,106,0,scheduled,"{""dp_he"": 8, ""dp_only"": 0, ""he_only"": 0, ""neither"": 98}","{""dp_he"": 8, ""dp_only"": 0, ""he_only"": 0, ""neither"": 98}",0.8715090993791819,0.0,100,0.0,4.0,0.3375,2.0057973012924193,0.3155,2.0267369861602784,finite,0.005906699225306511,0.01509389840066433,0,0.0,0.0,1.0,0,0.0,0.0,0.0,0.0,0.0,0.0,0.0,0,0.0,0.0,0.0,0.0,0,0,0,0.0,0.0,0,0,0.0
1.0366312004625797,246.3239977257962,0.0,0.0,0.0,0,0,,,0.0,0.0,0.0,0.0,0,0.0,0,not_selected,0,0.0,not_selected,0.011468999087810516,0,0.3375,0.0,0.0,0.0,0.0,0.0,0.0,0,84.45492089912295,0.0,0,0.0,0.0,0.0,0.0,recorded_dp_events_only,released_packet,private_experiment_logs_not_public_dp_outputs,5130,trainable_parameters_v1,tex_packet,0.0,not_established,0.2317586001008749,0.004592800512909889,legacy_per_link_selection,0,0.0,0.0,0.0,0,seal,0,seal_save_size_upper_bound,0,50;40,0.0,0,0,0.0,not_selected,0,0.0,0,0.0,8192,0,0,0,0,40,0,0,0.0,0.0,0,0,0.0,227.46050932544122,0,0.0,0.0,8.000000000001,0.0,0,measured_norm_ratio_not_a_convergence_threshold,1.0437364000827074,84,100,0,0,0,0,0,0,0,0,0,0,1,0.0,0.0,fixed_mode_dynamic_privacy,0.0,0.0,incomplete_cross_domain_protection,local_packet_or_secure_aggregate,cross_domain_model_update,[],observed_operations_not_a_security_proof,False,no_new_cloud_update,0.0,6,0.0,1.0484226997941732,106,106,0,scheduled,"{""dp_he"": 8, ""dp_only"": 0, ""he_only"": 0, ""neither"": 98}","{""dp_he"": 8, ""dp_only"": 0, ""he_only"": 0, ""neither"": 98}",0.7841245010495186,0.0,100,0.0,4.0,0.3375,2.0057973012924193,0.329,2.023105430603027,finite,0.004686299711465836,0.011791499331593513,0,0.0,0.0,1.0,0,0.0,0.0,0.0,0.0,0.0,0.0,0.0,0,0.0,0.0,0.0,0.0,0,0,0,0.0,0.0,0,0,0.0
1.1057016998529434,247.15580012562523,0.0,0.0,0.0,0,0,,,0.0,0.0,0.0,0.0,0,0.0,0,not_selected,0,0.0,not_selected,0.01299550011754036,0,0.3375,0.0,0.0,0.0,0.0,0.0,0.0,0,85.76063429936767,0.0,0,0.0,0.0,0.0,0.0,recorded_dp_events_only,released_packet,private_experiment_logs_not_public_dp_outputs,5130,trainable_parameters_v1,tex_packet,0.0,not_established,0.2482712995260954,0.006519800052046776,legacy_per_link_selection,0,0.0,0.0,0.0,0,seal,0,seal_save_size_upper_bound,0,50;40,0.0,0,0,0.0,not_selected,0,0.0,0,0.0,8192,0,0,0,0,40,0,0,0.0,0.0,0,0,0.0,227.46050932544122,0,0.0,0.0,8.000000000001,0.0,0,measured_norm_ratio_not_a_convergence_threshold,1.117790499702096,84,100,0,0,0,0,0,0,0,0,0,0,1,0.0,0.0,fixed_mode_dynamic_privacy,0.0,0.0,incomplete_cross_domain_protection,local_packet_or_secure_aggregate,cross_domain_model_update,[],observed_operations_not_a_security_proof,False,no_new_cloud_update,0.0,7,0.0,1.1239032000303268,106,106,0,scheduled,"{""dp_he"": 8, ""dp_only"": 0, ""he_only"": 0, ""neither"": 98}","{""dp_he"": 8, ""dp_only"": 0, ""he_only"": 0, ""neither"": 98}",0.83180239982903,0.0,100,0.0,4.0,0.3375,2.0057973012924193,0.319,2.010884939193726,finite,0.006112700328230858,0.018201500177383423,0,0.0,0.0,1.0,0,0.0,0.0,0.0,0.0,0.0,0.0,0.0,0,0.0,0.0,0.0,0.0,0,0,0,0.0,0.0,0,0,0.0
1.0569661986082792,247.93310912425468,0.0,0.0,0.0,0,0,,,0.0,0.0,0.0,0.0,0,0.0,0,not_selected,0,0.0,not_selected,0.016127100214362144,0,0.3375,0.0,0.0,0.0,0.0,0.0,0.0,0,87.00939969904721,0.0,0,0.0,0.0,0.0,0.0,recorded_dp_events_only,released_packet,private_experiment_logs_not_public_dp_outputs,5130,trainable_parameters_v1,tex_packet,0.0,not_established,0.2509269993752241,0.005491800606250763,legacy_per_link_selection,0,0.0,0.0,0.0,0,seal,0,seal_save_size_upper_bound,0,50;40,0.0,0,0,0.0,not_selected,0,0.0,0,0.0,8192,0,0,0,0,40,0,0,0.0,0.0,0,0,0.0,227.46050932544122,0,0.0,0.0,8.000000000001,0.0,0,measured_norm_ratio_not_a_convergence_threshold,1.0626705009490252,84,100,0,0,0,0,0,0,0,0,0,0,1,0.0,0.0,fixed_mode_dynamic_privacy,0.0,0.0,incomplete_cross_domain_protection,local_packet_or_secure_aggregate,cross_domain_model_update,[],observed_operations_not_a_security_proof,False,no_new_cloud_update,0.0,8,0.0,1.0697818007320166,106,106,0,scheduled,"{""dp_he"": 8, ""dp_only"": 0, ""he_only"": 0, ""neither"": 98}","{""dp_he"": 8, ""dp_only"": 0, ""he_only"": 0, ""neither"": 98}",0.7773089986294508,0.0,100,0.0,4.0,0.3375,2.0057973012924193,0.318,2.033298755645752,finite,0.007111299782991409,0.012815602123737335,0,0.0,0.0,1.0,0,0.0,0.0,0.0,0.0,0.0,0.0,0.0,0,0.0,0.0,0.0,0.0,0,0,0,0.0,0.0,0,0,0.0
1.065351800993085,248.73226122285078,0.0,0.0,0.0,0,0,,,0.0,0.0,0.0,0.0,0,0.0,0,not_selected,0,0.0,not_selected,0.012809401378035545,0,0.3375,0.0,0.0,0.0,0.0,0.0,0.0,0,88.28425739891827,0.0,0,0.0,0.0,0.0,0.0,recorded_dp_events_only,released_packet,private_experiment_logs_not_public_dp_outputs,5130,trainable_parameters_v1,tex_packet,0.0,not_established,0.24050620011985302,0.006672300398349762,legacy_per_link_selection,0,0.0,0.0,0.0,0,seal,0,seal_save_size_upper_bound,0,50;40,0.0,0,0,0.0,not_selected,0,0.0,0,0.0,8192,0,0,0,0,40,0,0,0.0,0.0,0,0,0.0,227.46050932544122,0,0.0,0.0,8.000000000001,0.0,0,measured_norm_ratio_not_a_convergence_threshold,1.0710792988538742,84,100,0,0,0,0,0,0,0,0,0,0,1,0.0,0.0,fixed_mode_dynamic_privacy,0.0,0.0,incomplete_cross_domain_protection,local_packet_or_secure_aggregate,cross_domain_model_update,[],observed_operations_not_a_security_proof,False,no_new_cloud_update,0.0,9,0.0,1.0772910993546247,106,106,0,scheduled,"{""dp_he"": 8, ""dp_only"": 0, ""he_only"": 0, ""neither"": 98}","{""dp_he"": 8, ""dp_only"": 0, ""he_only"": 0, ""neither"": 98}",0.799152098596096,0.0,100,0.0,4.0,0.3375,2.0057973012924193,0.3265,2.0170926971435548,finite,0.006211800500750542,0.01193929836153984,0,0.0,0.0,1.0,0,0.0,0.0,0.0,0.0,0.0,0.0,0.0,0,0.0,0.0,0.0,0.0,0,0,0,0.0,0.0,0,0,0.0
1.0354700982570648,249.5029630223925,0.0,0.0,0.0,0,0,,,0.0,0.0,0.0,0.0,0,0.0,0,not_selected,0,0.0,not_selected,0.012507699429988861,0,0.3375,0.0,0.0,0.0,0.0,0.0,0.0,0,89.5140027999878,0.0,0,0.0,0.0,0.0,0.0,recorded_dp_events_only,released_packet,private_experiment_logs_not_public_dp_outputs,5130,trainable_parameters_v1,tex_packet,0.0,not_established,0.23808989860117435,0.0066126007586717606,legacy_per_link_selection,0,0.0,0.0,0.0,0,seal,0,seal_save_size_upper_bound,0,50;40,0.0,0,0,0.0,not_selected,0,0.0,0,0.0,8192,0,0,0,0,40,0,0,0.0,0.0,0,0,0.0,227.46050932544122,0,0.0,0.0,8.000000000001,0.0,0,measured_norm_ratio_not_a_convergence_threshold,1.0405090991407633,84,100,0,0,0,0,0,0,0,0,0,0,1,0.0,0.0,fixed_mode_dynamic_privacy,0.0,0.0,incomplete_cross_domain_protection,local_packet_or_secure_aggregate,cross_domain_model_update,[],observed_operations_not_a_security_proof,False,no_new_cloud_update,0.0,10,0.0,1.0480671990662813,106,106,0,scheduled,"{""dp_he"": 8, ""dp_only"": 0, ""he_only"": 0, ""neither"": 98}","{""dp_he"": 8, ""dp_only"": 0, ""he_only"": 0, ""neither"": 98}",0.7707017995417118,0.0,100,0.0,4.0,0.3375,2.0057973012924193,0.331,2.028971981048584,finite,0.007558099925518036,0.0125971008092165,0,0.0,0.0,1.0,0,0.0,0.0,0.0,0.0,0.0,0.0,0.0,0,0.0,0.0,0.0,0.0,0,0,0,0.0,0.0,0,0,0.0
1.0922337993979454,250.3161854232366,0.0,0.0,0.0,0,0,,,0.0,0.0,0.0,0.0,0,0.0,0,not_selected,0,0.0,not_selected,0.013741200789809227,0,0.3375,0.0,0.0,0.0,0.0,0.0,0.0,0,90.80697899870574,0.0,0,0.0,0.0,0.0,0.0,recorded_dp_events_only,released_packet,private_experiment_logs_not_public_dp_outputs,5130,trainable_parameters_v1,tex_packet,0.0,not_established,0.24485559947788715,0.008769599720835686,legacy_per_link_selection,0,0.0,0.0,0.0,0,seal,0,seal_save_size_upper_bound,0,50;40,0.0,0,0,0.0,not_selected,0,0.0,0,0.0,8192,0,0,0,0,40,0,0,0.0,0.0,0,0,0.0,227.46050932544122,0,0.0,0.0,8.000000000001,0.0,0,measured_norm_ratio_not_a_convergence_threshold,1.095226000994444,84,100,0,0,0,0,0,0,0,0,0,0,1,0.0,0.0,fixed_mode_dynamic_privacy,0.0,0.0,incomplete_cross_domain_protection,local_packet_or_secure_aggregate,cross_domain_model_update,[],observed_operations_not_a_security_proof,False,no_new_cloud_update,0.0,11,0.0,1.10687099955976,106,106,0,scheduled,"{""dp_he"": 8, ""dp_only"": 0, ""he_only"": 0, ""neither"": 98}","{""dp_he"": 8, ""dp_only"": 0, ""he_only"": 0, ""neither"": 98}",0.8132224008440971,0.0,100,0.0,4.0,0.3375,2.0057973012924193,0.3145,2.025440383911133,finite,0.0116449985653162,0.01463720016181469,0,0.0,0.0,1.0,0,0.0,0.0,0.0,0.0,0.0,0.0,0.0,0,0.0,0.0,0.0,0.0,0,0,0,0.0,0.0,0,0,0.0
1.0668756011873484,251.10497622291396,0.0,0.0,0.0,0,0,,,0.0,0.0,0.0,0.0,0,0.0,0,not_selected,0,0.0,not_selected,0.013968000188469887,0,0.3375,0.0,0.0,0.0,0.0,0.0,0.0,0,92.06867959909141,0.0,0,0.0,0.0,0.0,0.0,recorded_dp_events_only,released_packet,private_experiment_logs_not_public_dp_outputs,5130,trainable_parameters_v1,tex_packet,0.0,not_established,0.247927600517869,0.008243000134825706,legacy_per_link_selection,0,0.0,0.0,0.0,0,seal,0,seal_save_size_upper_bound,0,50;40,0.0,0,0,0.0,not_selected,0,0.0,0,0.0,8192,0,0,0,0,40,0,0,0.0,0.0,0,0,0.0,227.46050932544122,0,0.0,0.0,8.000000000001,0.0,0,measured_norm_ratio_not_a_convergence_threshold,1.0731544010341167,84,100,0,0,0,0,0,0,0,0,0,0,1,0.0,0.0,fixed_mode_dynamic_privacy,0.0,0.0,incomplete_cross_domain_protection,local_packet_or_secure_aggregate,cross_domain_model_update,[],observed_operations_not_a_security_proof,False,no_new_cloud_update,0.0,12,0.0,1.0811006017029285,106,106,0,scheduled,"{""dp_he"": 8, ""dp_only"": 0, ""he_only"": 0, ""neither"": 98}","{""dp_he"": 8, ""dp_only"": 0, ""he_only"": 0, ""neither"": 98}",0.788790799677372,0.0,100,0.0,4.0,0.3375,2.0057973012924193,0.336,2.0225911350250243,finite,0.007946200668811798,0.014225000515580177,0,0.0,0.0,1.0,0,0.0,0.0,0.0,0.0,0.0,0.0,0.0,0,0.0,0.0,0.0,0.0,0,0,0,0.0,0.0,0,0,0.0
1.0940875001251698,251.9163553221787,0.0,0.0,0.0,0,0,,,0.0,0.0,0.0,0.0,0,0.0,0,not_selected,0,0.0,not_selected,0.01543630100786686,0,0.3375,0.0,0.0,0.0,0.0,0.0,0.0,0,93.39062349870801,0.0,0,0.0,0.0,0.0,0.0,recorded_dp_events_only,released_packet,private_experiment_logs_not_public_dp_outputs,5130,trainable_parameters_v1,tex_packet,0.0,not_established,0.2505425997078419,0.008471500128507614,legacy_per_link_selection,0,0.0,0.0,0.0,0,seal,0,seal_save_size_upper_bound,0,50;40,0.0,0,0,0.0,not_selected,0,0.0,0,0.0,8192,0,0,0,0,40,0,0,0.0,0.0,0,0,0.0,227.46050932544122,0,0.0,0.0,8.000000000001,0.0,0,measured_norm_ratio_not_a_convergence_threshold,1.0980597995221615,84,100,0,0,0,0,0,0,0,0,0,0,1,0.0,0.0,fixed_mode_dynamic_privacy,0.0,0.0,incomplete_cross_domain_protection,local_packet_or_secure_aggregate,cross_domain_model_update,[],observed_operations_not_a_security_proof,False,no_new_cloud_update,0.0,13,0.0,1.106317799538374,106,106,0,scheduled,"{""dp_he"": 8, ""dp_only"": 0, ""he_only"": 0, ""neither"": 98}","{""dp_he"": 8, ""dp_only"": 0, ""he_only"": 0, ""neither"": 98}",0.8113790992647409,0.0,100,0.0,4.0,0.3375,2.0057973012924193,0.311,2.0434940547943117,finite,0.008258000016212463,0.012230299413204193,0,0.0,0.0,1.0,0,0.0,0.0,0.0,0.0,0.0,0.0,0.0,0,0.0,0.0,0.0,0.0,0,0,0,0.0,0.0,0,0,0.0
1.08902139775455,252.73351302283655,0.0,0.0,0.0,0,0,,,0.0,0.0,0.0,0.0,0,0.0,0,not_selected,0,0.0,not_selected,0.015077698975801468,0,0.3375,0.0,0.0,0.0,0.0,0.0,0.0,0,94.721461199224,0.0,0,0.0,0.0,0.0,0.0,recorded_dp_events_only,released_packet,private_experiment_logs_not_public_dp_outputs,5130,trainable_parameters_v1,tex_packet,0.0,not_established,0.23932229913771152,0.00871419906616211,legacy_per_link_selection,0,0.0,0.0,0.0,0,seal,0,seal_save_size_upper_bound,0,50;40,0.0,0,0,0.0,not_selected,0,0.0,0,0.0,8192,0,0,0,0,40,0,0,0.0,0.0,0,0,0.0,227.46050932544122,0,0.0,0.0,8.000000000001,0.0,0,measured_norm_ratio_not_a_convergence_threshold,1.0952594000846148,84,100,0,0,0,0,0,0,0,0,0,0,1,0.0,0.0,fixed_mode_dynamic_privacy,0.0,0.0,incomplete_cross_domain_protection,local_packet_or_secure_aggregate,cross_domain_model_update,[],observed_operations_not_a_security_proof,False,no_new_cloud_update,0.0,14,0.0,1.104008900001645,106,106,0,scheduled,"{""dp_he"": 8, ""dp_only"": 0, ""he_only"": 0, ""neither"": 98}","{""dp_he"": 8, ""dp_only"": 0, ""he_only"": 0, ""neither"": 98}",0.8171577006578445,0.0,100,0.0,4.0,0.3375,2.0057973012924193,0.332,2.026932041168213,finite,0.008749499917030334,0.014987502247095108,0,0.0,0.0,1.0,0,0.0,0.0,0.0,0.0,0.0,0.0,0.0,0,0.0,0.0,0.0,0.0,0,0,0,0.0,0.0,0,0,0.0
1.7138915974646807,254.17539192276845,0.0,0.0,0.0,0,0,,,0.0,0.0,0.0,0.0,0,0.0,0,not_selected,0,0.0,not_selected,0.01535629853606224,0,0.3375,0.0,0.0,0.0,0.0,0.0,0.0,0,96.65631919912994,0.0,0,0.0,0.0,0.0,0.0,recorded_dp_events_only,released_packet,private_experiment_logs_not_public_dp_outputs,5130,trainable_parameters_v1,tex_packet,0.0,not_established,0.2397536002099514,0.00849979929625988,legacy_per_link_selection,0,0.0,0.0,0.0,0,seal,0,seal_save_size_upper_bound,0,50;40,0.0,0,0,0.0,not_selected,0,0.0,0,0.0,8192,0,0,0,0,40,0,0,0.0,0.0,0,0,0.0,227.46050932544122,0,0.0,0.0,8.000000000001,0.0,0,measured_norm_ratio_not_a_convergence_threshold,1.717815300449729,84,100,0,0,0,0,0,0,0,0,0,0,1,0.0,0.0,fixed_mode_dynamic_privacy,0.0,0.0,incomplete_cross_domain_protection,local_packet_or_secure_aggregate,cross_domain_model_update,[],observed_operations_not_a_security_proof,False,no_new_cloud_update,0.0,15,0.0,1.7262182999402285,106,106,0,scheduled,"{""dp_he"": 8, ""dp_only"": 0, ""he_only"": 0, ""neither"": 98}","{""dp_he"": 8, ""dp_only"": 0, ""he_only"": 0, ""neither"": 98}",1.4418788999319077,0.0,100,0.0,4.0,0.3375,2.0057973012924193,0.3095,2.0269045009613036,finite,0.008402999490499496,0.01232670247554779,0,0.0,0.0,1.0,0,0.0,0.0,0.0,0.0,0.0,0.0,0.0,0,0.0,0.0,0.0,0.0,0,0,0,0.0,0.0,0,0,0.0
1.109899504110217,255.0133599239106,0.0,0.0,0.0,0,0,,,0.0,0.0,0.0,0.0,0,0.0,0,not_selected,0,0.0,not_selected,0.01602570153772831,0,0.3375,0.0,0.0,0.0,0.0,0.0,0.0,0,98.00662539899349,0.0,0,0.0,0.0,0.0,0.0,recorded_dp_events_only,released_packet,private_experiment_logs_not_public_dp_outputs,5130,trainable_parameters_v1,tex_packet,0.0,not_established,0.23800590075552464,0.009311100468039513,legacy_per_link_selection,0,0.0,0.0,0.0,0,seal,0,seal_save_size_upper_bound,0,50;40,0.0,0,0,0.0,not_selected,0,0.0,0,0.0,8192,0,0,0,0,40,0,0,0.0,0.0,0,0,0.0,227.46050932544122,0,0.0,0.0,8.000000000001,0.0,0,measured_norm_ratio_not_a_convergence_threshold,1.1182894986122847,84,100,0,0,0,0,0,0,0,0,0,0,1,0.0,0.0,fixed_mode_dynamic_privacy,0.0,0.0,incomplete_cross_domain_protection,local_packet_or_secure_aggregate,cross_domain_model_update,[],observed_operations_not_a_security_proof,False,no_new_cloud_update,0.0,16,0.0,1.126878298819065,106,106,0,scheduled,"{""dp_he"": 8, ""dp_only"": 0, ""he_only"": 0, ""neither"": 98}","{""dp_he"": 8, ""dp_only"": 0, ""he_only"": 0, ""neither"": 98}",0.8379680011421442,0.0,100,0.0,4.0,0.3375,2.0057973012924193,0.326,2.0330995655059816,finite,0.008588800206780434,0.016978794708848,0,0.0,0.0,1.0,0,0.0,0.0,0.0,0.0,0.0,0.0,0.0,0,0.0,0.0,0.0,0.0,0,0,0,0.0,0.0,0,0,0.0
1.039886798709631,255.77909882466147,0.0,0.0,0.0,0,0,,,0.0,0.0,0.0,0.0,0,0.0,0,not_selected,0,0.0,not_selected,0.016663799062371254,0,0.3375,0.0,0.0,0.0,0.0,0.0,0.0,0,99.2512039989233,0.0,0,0.0,0.0,0.0,0.0,recorded_dp_events_only,released_packet,private_experiment_logs_not_public_dp_outputs,5130,trainable_parameters_v1,tex_packet,0.0,not_established,0.2376232985407114,0.009428700432181358,legacy_per_link_selection,0,0.0,0.0,0.0,0,seal,0,seal_save_size_upper_bound,0,50;40,0.0,0,0,0.0,not_selected,0,0.0,0,0.0,8192,0,0,0,0,40,0,0,0.0,0.0,0,0,0.0,227.46050932544122,0,0.0,0.0,8.000000000001,0.0,0,measured_norm_ratio_not_a_convergence_threshold,1.042214399203658,84,100,0,0,0,0,0,0,0,0,0,0,1,0.0,0.0,fixed_mode_dynamic_privacy,0.0,0.0,incomplete_cross_domain_protection,local_packet_or_secure_aggregate,cross_domain_model_update,[],observed_operations_not_a_security_proof,False,no_new_cloud_update,0.0,17,0.0,1.0526464991271496,106,106,0,scheduled,"{""dp_he"": 8, ""dp_only"": 0, ""he_only"": 0, ""neither"": 98}","{""dp_he"": 8, ""dp_only"": 0, ""he_only"": 0, ""neither"": 98}",0.7657389007508755,0.0,100,0.0,4.0,0.3375,2.0057973012924193,0.342,2.0056543827056883,finite,0.010432099923491478,0.012759700417518616,0,0.0,0.0,1.0,0,0.0,0.0,0.0,0.0,0.0,0.0,0.0,0,0.0,0.0,0.0,0.0,0,0,0,0.0,0.0,0,0,0.0
1.1130280029028654,256.59863832506187,0.0,0.0,0.0,0,0,,,0.0,0.0,0.0,0.0,0,0.0,0,not_selected,0,0.0,not_selected,0.018900001421570778,0,0.3375,0.0,0.0,0.0,0.0,0.0,0.0,0,100.59083859995008,0.0,0,0.0,0.0,0.0,0.0,recorded_dp_events_only,released_packet,private_experiment_logs_not_public_dp_outputs,5130,trainable_parameters_v1,tex_packet,0.0,not_established,0.2506590001285076,0.012064801529049873,legacy_per_link_selection,0,0.0,0.0,0.0,0,seal,0,seal_save_size_upper_bound,0,50;40,0.0,0,0,0.0,not_selected,0,0.0,0,0.0,8192,0,0,0,0,40,0,0,0.0,0.0,0,0,0.0,227.46050932544122,0,0.0,0.0,8.000000000001,0.0,0,measured_norm_ratio_not_a_convergence_threshold,1.1143472995609045,84,100,0,0,0,0,0,0,0,0,0,0,1,0.0,0.0,fixed_mode_dynamic_privacy,0.0,0.0,incomplete_cross_domain_protection,local_packet_or_secure_aggregate,cross_domain_model_update,[],observed_operations_not_a_security_proof,False,no_new_cloud_update,0.0,18,0.0,1.1262119989842176,106,106,0,scheduled,"{""dp_he"": 8, ""dp_only"": 0, ""he_only"": 0, ""neither"": 98}","{""dp_he"": 8, ""dp_only"": 0, ""he_only"": 0, ""neither"": 98}",0.819539500400424,0.0,100,0.0,4.0,0.3375,2.0057973012924193,0.3285,2.0276516857147215,finite,0.011864699423313141,0.013183996081352234,0,0.0,0.0,1.0,0,0.0,0.0,0.0,0.0,0.0,0.0,0.0,0,0.0,0.0,0.0,0.0,0,0,0,0.0,0.0,0,0,0.0
1.4298965986818075,257.7295197239781,0.0,0.0,0.0,0,0,,,0.0,0.0,0.0,0.0,0,0.0,0,not_selected,0,0.0,not_selected,0.019293200224637985,0,0.3375,0.0,0.0,0.0,0.0,0.0,0.0,0,102.24837889894843,0.0,0,0.0,0.0,0.0,0.0,recorded_dp_events_only,released_packet,private_experiment_logs_not_public_dp_outputs,5130,trainable_parameters_v1,tex_packet,0.0,not_established,0.2531780991703272,0.015726499259471893,legacy_per_link_selection,0,0.0,0.0,0.0,0,seal,0,seal_save_size_upper_bound,0,50;40,0.0,0,0,0.0,not_selected,0,0.0,0,0.0,8192,0,0,0,0,40,0,0,0.0,0.0,0,0,0.0,227.46050932544122,0,0.0,0.0,8.000000000001,0.0,0,measured_norm_ratio_not_a_convergence_threshold,1.4320031981915236,84,100,0,0,0,0,0,0,0,0,0,0,1,0.0,0.0,fixed_mode_dynamic_privacy,0.0,0.0,incomplete_cross_domain_protection,local_packet_or_secure_aggregate,cross_domain_model_update,[],observed_operations_not_a_security_proof,False,no_new_cloud_update,0.0,19,0.0,1.4428205993026495,106,106,0,scheduled,"{""dp_he"": 8, ""dp_only"": 0, ""he_only"": 0, ""neither"": 98}","{""dp_he"": 8, ""dp_only"": 0, ""he_only"": 0, ""neither"": 98}",1.1308813989162445,0.0,100,0.0,4.0,0.3375,2.0057973012924193,0.329,2.021122575759888,finite,0.010817401111125946,0.01292400062084198,0,0.0,0.0,1.0,0,0.0,0.0,0.0,0.0,0.0,0.0,0.0,0,0.0,0.0,0.0,0.0,0,0,0,0.0,0.0,0,0,0.0
1.0869616996496916,258.5357277235652,0.0,0.0,0.0,0,0,,,0.0,0.0,0.0,0.0,0,0.0,0,not_selected,0,0.0,not_selected,0.017006900161504745,0,0.3375,0.0,0.0,0.0,0.0,0.0,0.0,0,103.5796632990241,0.0,0,0.0,0.0,0.0,0.0,recorded_dp_events_only,released_packet,private_experiment_logs_not_public_dp_outputs,5130,trainable_parameters_v1,tex_packet,0.0,not_established,0.24034090153872967,0.012710999697446823,legacy_per_link_selection,0,0.0,0.0,0.0,0,seal,0,seal_save_size_upper_bound,0,50;40,0.0,0,0,0.0,not_selected,0,0.0,0,0.0,8192,0,0,0,0,40,0,0,0.0,0.0,0,0,0.0,227.46050932544122,0,0.0,0.0,8.000000000001,0.0,0,measured_norm_ratio_not_a_convergence_threshold,1.0887674018740654,84,100,0,0,0,0,0,0,0,0,0,0,1,0.0,0.0,fixed_mode_dynamic_privacy,0.0,0.0,incomplete_cross_domain_protection,local_packet_or_secure_aggregate,cross_domain_model_update,[],observed_operations_not_a_security_proof,False,no_new_cloud_update,0.0,20,0.0,1.0994623005390167,106,106,0,scheduled,"{""dp_he"": 8, ""dp_only"": 0, ""he_only"": 0, ""neither"": 98}","{""dp_he"": 8, ""dp_only"": 0, ""he_only"": 0, ""neither"": 98}",0.806207999587059,0.0,100,0.0,4.0,0.3375,2.0057973012924193,0.3155,2.029288637161255,finite,0.010694898664951324,0.012500600889325142,0,0.0,0.0,1.0,0,0.0,0.0,0.0,0.0,0.0,0.0,0.0,0,0.0,0.0,0.0,0.0,0,0,0,0.0,0.0,0,0,0.0
1.114326000213623,259.3500511227811,0.0,0.0,0.0,0,0,,,0.0,0.0,0.0,0.0,0,0.0,0,not_selected,0,0.0,not_selected,0.01751610077917576,0,0.3375,0.0,0.0,0.0,0.0,0.0,0.0,0,104.91295969858766,0.0,0,0.0,0.0,0.0,0.0,recorded_dp_events_only,released_packet,private_experiment_logs_not_public_dp_outputs,5130,trainable_parameters_v1,tex_packet,0.0,not_established,0.26037649996578693,0.011311100795865059,legacy_per_link_selection,0,0.0,0.0,0.0,0,seal,0,seal_save_size_upper_bound,0,50;40,0.0,0,0,0.0,not_selected,0,0.0,0,0.0,8192,0,0,0,0,40,0,0,0.0,0.0,0,0,0.0,227.46050932544122,0,0.0,0.0,8.000000000001,0.0,0,measured_norm_ratio_not_a_convergence_threshold,1.1165398005396128,84,100,0,0,0,0,0,0,0,0,0,0,1,0.0,0.0,fixed_mode_dynamic_privacy,0.0,0.0,incomplete_cross_domain_protection,local_packet_or_secure_aggregate,cross_domain_model_update,[],observed_operations_not_a_security_proof,False,no_new_cloud_update,0.0,21,0.0,1.1273386999964714,106,106,0,scheduled,"{""dp_he"": 8, ""dp_only"": 0, ""he_only"": 0, ""neither"": 98}","{""dp_he"": 8, ""dp_only"": 0, ""he_only"": 0, ""neither"": 98}",0.8143233992159367,0.0,100,0.0,4.0,0.3375,2.0057973012924193,0.3225,2.0318792552948,finite,0.010798899456858635,0.013012699782848358,0,0.0,0.0,1.0,0,0.0,0.0,0.0,0.0,0.0,0.0,0.0,0,0.0,0.0,0.0,0.0,0,0,0,0.0,0.0,0,0,0.0
1.1152679026126862,260.18316612305887,0.0,0.0,0.0,0,0,,,0.0,0.0,0.0,0.0,0,0.0,0,not_selected,0,0.0,not_selected,0.018068300560116768,0,0.3375,0.0,0.0,0.0,0.0,0.0,0.0,0,106.29081259854138,0.0,0,0.0,0.0,0.0,0.0,recorded_dp_events_only,released_packet,private_experiment_logs_not_public_dp_outputs,5130,trainable_parameters_v1,tex_packet,0.0,not_established,0.2423087004572153,0.01117660105228424,legacy_per_link_selection,0,0.0,0.0,0.0,0,seal,0,seal_save_size_upper_bound,0,50;40,0.0,0,0,0.0,not_selected,0,0.0,0,0.0,8192,0,0,0,0,40,0,0,0.0,0.0,0,0,0.0,227.46050932544122,0,0.0,0.0,8.000000000001,0.0,0,measured_norm_ratio_not_a_convergence_threshold,1.1170559991151094,84,100,0,0,0,0,0,0,0,0,0,0,1,0.0,0.0,fixed_mode_dynamic_privacy,0.0,0.0,incomplete_cross_domain_protection,local_packet_or_secure_aggregate,cross_domain_model_update,[],observed_operations_not_a_security_proof,False,no_new_cloud_update,0.0,22,0.0,1.1276552993804216,106,106,0,scheduled,"{""dp_he"": 8, ""dp_only"": 0, ""he_only"": 0, ""neither"": 98}","{""dp_he"": 8, ""dp_only"": 0, ""he_only"": 0, ""neither"": 98}",0.8331150002777576,0.0,100,0.0,4.0,0.3375,2.0057973012924193,0.329,2.0127090530395506,finite,0.010599300265312195,0.012387396767735481,0,0.0,0.0,1.0,0,0.0,0.0,0.0,0.0,0.0,0.0,0.0,0,0.0,0.0,0.0,0.0,0,0,0,0.0,0.0,0,0,0.0
1.2528594993054867,261.14503082359977,0.0,0.0,0.0,0,0,,,0.0,0.0,0.0,0.0,0,0.0,0,not_selected,0,0.0,not_selected,0.018730999901890755,0,0.3375,0.0,0.0,0.0,0.0,0.0,0.0,0,107.76431159861386,0.0,0,0.0,0.0,0.0,0.0,recorded_dp_events_only,released_packet,private_experiment_logs_not_public_dp_outputs,5130,trainable_parameters_v1,tex_packet,0.0,not_established,0.24805969931185246,0.010880401358008385,legacy_per_link_selection,0,0.0,0.0,0.0,0,seal,0,seal_save_size_upper_bound,0,50;40,0.0,0,0,0.0,not_selected,0,0.0,0,0.0,8192,0,0,0,0,40,0,0,0.0,0.0,0,0,0.0,227.46050932544122,0,0.0,0.0,8.000000000001,0.0,0,measured_norm_ratio_not_a_convergence_threshold,1.2527884021401405,84,100,0,0,0,0,0,0,0,0,0,0,1,0.0,0.0,fixed_mode_dynamic_privacy,0.0,0.0,incomplete_cross_domain_protection,local_packet_or_secure_aggregate,cross_domain_model_update,[],observed_operations_not_a_security_proof,False,no_new_cloud_update,0.0,23,0.0,1.2661121003329754,106,106,0,scheduled,"{""dp_he"": 8, ""dp_only"": 0, ""he_only"": 0, ""neither"": 98}","{""dp_he"": 8, ""dp_only"": 0, ""he_only"": 0, ""neither"": 98}",0.9618647005409002,0.0,100,0.0,4.0,0.3375,2.0057973012924193,0.322,2.0250238485336305,finite,0.013323698192834854,0.013252601027488708,0,0.0,0.0,1.0,0,0.0,0.0,0.0,0.0,0.0,0.0,0.0,0,0.0,0.0,0.0,0.0,0,0,0,0.0,0.0,0,0,0.0
1.077879199758172,261.93075942347593,0.0,0.0,0.0,0,0,,,0.0,0.0,0.0,0.0,0,0.0,0,not_selected,0,0.0,not_selected,0.01697700098156929,0,0.3375,0.0,0.0,0.0,0.0,0.0,0.0,0,109.06861219927669,0.0,0,0.0,0.0,0.0,0.0,recorded_dp_events_only,released_packet,private_experiment_logs_not_public_dp_outputs,5130,trainable_parameters_v1,tex_packet,0.0,not_established,0.2510346993803978,0.011633699759840965,legacy_per_link_selection,0,0.0,0.0,0.0,0,seal,0,seal_save_size_upper_bound,0,50;40,0.0,0,0,0.0,not_selected,0,0.0,0,0.0,8192,0,0,0,0,40,0,0,0.0,0.0,0,0,0.0,227.46050932544122,0,0.0,0.0,8.000000000001,0.0,0,measured_norm_ratio_not_a_convergence_threshold,1.0782405007630587,84,100,0,0,0,0,0,0,0,0,0,0,1,0.0,0.0,fixed_mode_dynamic_privacy,0.0,0.0,incomplete_cross_domain_protection,local_packet_or_secure_aggregate,cross_domain_model_update,[],observed_operations_not_a_security_proof,False,no_new_cloud_update,0.0,24,0.0,1.0907457005232573,106,106,0,scheduled,"{""dp_he"": 8, ""dp_only"": 0, ""he_only"": 0, ""neither"": 98}","{""dp_he"": 8, ""dp_only"": 0, ""he_only"": 0, ""neither"": 98}",0.7857285998761654,0.0,100,0.0,4.0,0.3375,2.0057973012924193,0.315,2.0379987468719483,finite,0.012505199760198593,0.01286650076508522,0,0.0,0.0,1.0,0,0.0,0.0,0.0,0.0,0.0,0.0,0.0,0,0.0,0.0,0.0,0.0,0,0,0,0.0,0.0,0,0,0.0
1.0888397973030806,262.72643162223346,0.0,0.0,0.0,0,0,,,0.0,0.0,0.0,0.0,0,0.0,0,not_selected,0,0.0,not_selected,0.017724700272083282,0,0.3375,0.0,0.0,0.0,0.0,0.0,0.0,0,110.40844679996371,0.0,0,0.0,0.0,0.0,0.0,recorded_dp_events_only,released_packet,private_experiment_logs_not_public_dp_outputs,5130,trainable_parameters_v1,tex_packet,0.0,not_established,0.2525084987282753,0.011579899117350578,legacy_per_link_selection,0,0.0,0.0,0.0,0,seal,0,seal_save_size_upper_bound,0,50;40,0.0,0,0,0.0,not_selected,0,0.0,0,0.0,8192,0,0,0,0,40,0,0,0.0,0.0,0,0,0.0,227.46050932544122,0,0.0,0.0,8.000000000001,0.0,0,measured_norm_ratio_not_a_convergence_threshold,1.0907451994717121,84,100,0,0,0,0,0,0,0,0,0,0,1,0.0,0.0,fixed_mode_dynamic_privacy,0.0,0.0,incomplete_cross_domain_protection,local_packet_or_secure_aggregate,cross_domain_model_update,[],observed_operations_not_a_security_proof,False,no_new_cloud_update,0.0,25,0.0,1.1020996998995543,106,106,0,scheduled,"{""dp_he"": 8, ""dp_only"": 0, ""he_only"": 0, ""neither"": 98}","{""dp_he"": 8, ""dp_only"": 0, ""he_only"": 0, ""neither"": 98}",0.7956721987575293,0.0,100,0.0,4.0,0.3375,2.0057973012924193,0.3205,2.0165499935150146,finite,0.01135450042784214,0.013259902596473694,0,0.0,0.0,1.0,0,0.0,0.0,0.0,0.0,0.0,0.0,0.0,0,0.0,0.0,0.0,0.0,0,0,0,0.0,0.0,0,0,0.0
1.0917595997452736,263.5378076220567,0.0,0.0,0.0,0,0,,,0.0,0.0,0.0,0.0,0,0.0,0,not_selected,0,0.0,not_selected,0.016131900250911713,0,0.3375,0.0,0.0,0.0,0.0,0.0,0.0,0,111.75169249996543,0.0,0,0.0,0.0,0.0,0.0,recorded_dp_events_only,released_packet,private_experiment_logs_not_public_dp_outputs,5130,trainable_parameters_v1,tex_packet,0.0,not_established,0.24297850020229816,0.011207200586795807,legacy_per_link_selection,0,0.0,0.0,0.0,0,seal,0,seal_save_size_upper_bound,0,50;40,0.0,0,0,0.0,not_selected,0,0.0,0,0.0,8192,0,0,0,0,40,0,0,0.0,0.0,0,0,0.0,227.46050932544122,0,0.0,0.0,8.000000000001,0.0,0,measured_norm_ratio_not_a_convergence_threshold,1.0943209007382393,84,100,0,0,0,0,0,0,0,0,0,0,1,0.0,0.0,fixed_mode_dynamic_privacy,0.0,0.0,incomplete_cross_domain_protection,local_packet_or_secure_aggregate,cross_domain_model_update,[],observed_operations_not_a_security_proof,False,no_new_cloud_update,0.0,26,0.0,1.1043868996202946,106,106,0,scheduled,"{""dp_he"": 8, ""dp_only"": 0, ""he_only"": 0, ""neither"": 98}","{""dp_he"": 8, ""dp_only"": 0, ""he_only"": 0, ""neither"": 98}",0.8113759998232126,0.0,100,0.0,4.0,0.3375,2.0057973012924193,0.3135,2.023418659210205,finite,0.010065998882055283,0.01262729987502098,0,0.0,0.0,1.0,0,0.0,0.0,0.0,0.0,0.0,0.0,0.0,0,0.0,0.0,0.0,0.0,0,0,0,0.0,0.0,0,0,0.0
1.1276333965361118,264.3760326216633,0.0,0.0,0.0,0,0,,,0.0,0.0,0.0,0.0,0,0.0,0,not_selected,0,0.0,not_selected,0.02104109898209572,0,0.3375,0.0,0.0,0.0,0.0,0.0,0.0,0,113.14786130003631,0.0,0,0.0,0.0,0.0,0.0,recorded_dp_events_only,released_packet,private_experiment_logs_not_public_dp_outputs,5130,trainable_parameters_v1,tex_packet,0.0,not_established,0.24551599845290184,0.011758599430322647,legacy_per_link_selection,0,0.0,0.0,0.0,0,seal,0,seal_save_size_upper_bound,0,50;40,0.0,0,0,0.0,not_selected,0,0.0,0,0.0,8192,0,0,0,0,40,0,0,0.0,0.0,0,0,0.0,227.46050932544122,0,0.0,0.0,8.000000000001,0.0,0,measured_norm_ratio_not_a_convergence_threshold,1.1294213999062777,84,100,0,0,0,0,0,0,0,0,0,0,1,0.0,0.0,fixed_mode_dynamic_privacy,0.0,0.0,incomplete_cross_domain_protection,local_packet_or_secure_aggregate,cross_domain_model_update,[],observed_operations_not_a_security_proof,False,no_new_cloud_update,0.0,27,0.0,1.14051409997046,106,106,0,scheduled,"{""dp_he"": 8, ""dp_only"": 0, ""he_only"": 0, ""neither"": 98}","{""dp_he"": 8, ""dp_only"": 0, ""he_only"": 0, ""neither"": 98}",0.8382249996066093,0.0,100,0.0,4.0,0.3375,2.0057973012924193,0.3195,2.0198296737670898,finite,0.011092700064182281,0.012880703434348106,0,0.0,0.0,1.0,0,0.0,0.0,0.0,0.0,0.0,0.0,0.0,0,0.0,0.0,0.0,0.0,0,0,0,0.0,0.0,0,0,0.0
1.064893301576376,265.15637772257276,0.0,0.0,0.0,0,0,,,0.0,0.0,0.0,0.0,0,0.0,0,not_selected,0,0.0,not_selected,0.017300700768828392,0,0.3375,0.0,0.0,0.0,0.0,0.0,0.0,0,114.45049740001559,0.0,0,0.0,0.0,0.0,0.0,recorded_dp_events_only,released_packet,private_experiment_logs_not_public_dp_outputs,5130,trainable_parameters_v1,tex_packet,0.0,not_established,0.2449353002011776,0.011046599596738815,legacy_per_link_selection,0,0.0,0.0,0.0,0,seal,0,seal_save_size_upper_bound,0,50;40,0.0,0,0,0.0,not_selected,0,0.0,0,0.0,8192,0,0,0,0,40,0,0,0.0,0.0,0,0,0.0,227.46050932544122,0,0.0,0.0,8.000000000001,0.0,0,measured_norm_ratio_not_a_convergence_threshold,1.0670209992676973,84,100,0,0,0,0,0,0,0,0,0,0,1,0.0,0.0,fixed_mode_dynamic_privacy,0.0,0.0,incomplete_cross_domain_protection,local_packet_or_secure_aggregate,cross_domain_model_update,[],observed_operations_not_a_security_proof,False,no_new_cloud_update,0.0,28,0.0,1.078286599367857,106,106,0,scheduled,"{""dp_he"": 8, ""dp_only"": 0, ""he_only"": 0, ""neither"": 98}","{""dp_he"": 8, ""dp_only"": 0, ""he_only"": 0, ""neither"": 98}",0.7803451009094715,0.0,100,0.0,4.0,0.3375,2.0057973012924193,0.3125,2.0412789850234985,finite,0.011265600100159645,0.013393297791481018,0,0.0,0.0,1.0,0,0.0,0.0,0.0,0.0,0.0,0.0,0.0,0,0.0,0.0,0.0,0.0,0,0,0,0.0,0.0,0,0,0.0
1.209213100373745,266.0584993223364,0.0,0.0,0.0,0,0,,,0.0,0.0,0.0,0.0,0,0.0,0,not_selected,0,0.0,not_selected,0.020501499995589256,0,0.3375,0.0,0.0,0.0,0.0,0.0,0.0,0,115.90190289914608,0.0,0,0.0,0.0,0.0,0.0,recorded_dp_events_only,released_packet,private_experiment_logs_not_public_dp_outputs,5130,trainable_parameters_v1,tex_packet,0.0,not_established,0.26009489968419075,0.013048401102423668,legacy_per_link_selection,0,0.0,0.0,0.0,0,seal,0,seal_save_size_upper_bound,0,50;40,0.0,0,0,0.0,not_selected,0,0.0,0,0.0,8192,0,0,0,0,40,0,0,0.0,0.0,0,0,0.0,227.46050932544122,0,0.0,0.0,8.000000000001,0.0,0,measured_norm_ratio_not_a_convergence_threshold,1.2095005996525288,84,100,0,0,0,0,0,0,0,0,0,0,1,0.0,0.0,fixed_mode_dynamic_privacy,0.0,0.0,incomplete_cross_domain_protection,local_packet_or_secure_aggregate,cross_domain_model_update,[],observed_operations_not_a_security_proof,False,no_new_cloud_update,0.0,29,0.0,1.2229472994804382,106,106,0,scheduled,"{""dp_he"": 8, ""dp_only"": 0, ""he_only"": 0, ""neither"": 98}","{""dp_he"": 8, ""dp_only"": 0, ""he_only"": 0, ""neither"": 98}",0.9021215997636318,0.0,100,0.0,4.0,0.3375,2.0057973012924193,0.333,2.012152105331421,finite,0.01344669982790947,0.013734199106693268,0,0.0,0.0,1.0,0,0.0,0.0,0.0,0.0,0.0,0.0,0.0,0,0.0,0.0,0.0,0.0,0,0,0,0.0,0.0,0,0,0.0
1.0872171986848116,266.8598987227941,0.0,0.0,0.0,0,0,,,0.0,0.0,0.0,0.0,0,0.0,0,not_selected,0,0.0,not_selected,0.017541199922561646,0,0.3375,0.0,0.0,0.0,0.0,0.0,0.0,0,117.24562769941986,0.0,0,0.0,0.0,0.0,0.0,recorded_dp_events_only,released_packet,private_experiment_logs_not_public_dp_outputs,5130,trainable_parameters_v1,tex_packet,0.0,not_established,0.24598109908401966,0.0112248994410038,legacy_per_link_selection,0,0.0,0.0,0.0,0,seal,0,seal_save_size_upper_bound,0,50;40,0.0,0,0,0.0,not_selected,0,0.0,0,0.0,8192,0,0,0,0,40,0,0,0.0,0.0,0,0,0.0,227.46050932544122,0,0.0,0.0,8.000000000001,0.0,0,measured_norm_ratio_not_a_convergence_threshold,1.0896880999207497,84,100,0,0,0,0,0,0,0,0,0,0,1,0.0,0.0,fixed_mode_dynamic_privacy,0.0,0.0,incomplete_cross_domain_protection,local_packet_or_secure_aggregate,cross_domain_model_update,[],observed_operations_not_a_security_proof,False,no_new_cloud_update,0.0,30,0.0,1.1007586997002363,106,106,0,scheduled,"{""dp_he"": 8, ""dp_only"": 0, ""he_only"": 0, ""neither"": 98}","{""dp_he"": 8, ""dp_only"": 0, ""he_only"": 0, ""neither"": 98}",0.8013994004577398,0.0,100,0.0,4.0,0.3375,2.0057973012924193,0.3375,1.998628821372986,finite,0.011070599779486656,0.013541501015424728,0,0.0,0.0,1.0,0,0.0,0.0,0.0,0.0,0.0,0.0,0.0,0,0.0,0.0,0.0,0.0,0,0,0,0.0,0.0,0,0,0.0
1.09356290102005,267.66969042370863,0.0,0.0,0.0,0,0,,,0.0,0.0,0.0,0.0,0,0.0,0,not_selected,0,0.0,not_selected,0.017419200390577316,0,0.3375,0.0,0.0,0.0,0.0,0.0,0.0,0,118.60219560004771,0.0,0,0.0,0.0,0.0,0.0,recorded_dp_events_only,released_packet,private_experiment_logs_not_public_dp_outputs,5130,trainable_parameters_v1,tex_packet,0.0,not_established,0.24264740012586117,0.011405099183321,legacy_per_link_selection,0,0.0,0.0,0.0,0,seal,0,seal_save_size_upper_bound,0,50;40,0.0,0,0,0.0,not_selected,0,0.0,0,0.0,8192,0,0,0,0,40,0,0,0.0,0.0,0,0,0.0,227.46050932544122,0,0.0,0.0,8.000000000001,0.0,0,measured_norm_ratio_not_a_convergence_threshold,1.093962598592043,84,100,0,0,0,0,0,0,0,0,0,0,1,0.0,0.0,fixed_mode_dynamic_privacy,0.0,0.0,incomplete_cross_domain_protection,local_packet_or_secure_aggregate,cross_domain_model_update,[],observed_operations_not_a_security_proof,False,no_new_cloud_update,0.0,31,0.0,1.1062620989978313,106,106,0,scheduled,"{""dp_he"": 8, ""dp_only"": 0, ""he_only"": 0, ""neither"": 98}","{""dp_he"": 8, ""dp_only"": 0, ""he_only"": 0, ""neither"": 98}",0.8097917009145021,0.0,100,0.0,4.0,0.3375,2.0057973012924193,0.348,1.996014335632324,finite,0.012299500405788422,0.012699197977781296,0,0.0,0.0,1.0,0,0.0,0.0,0.0,0.0,0.0,0.0,0.0,0,0.0,0.0,0.0,0.0,0,0,0,0.0,0.0,0,0,0.0
1.0699090976268053,268.4530389225746,0.0,0.0,0.0,0,0,,,0.0,0.0,0.0,0.0,0,0.0,0,not_selected,0,0.0,not_selected,0.017518300563097,0,0.3375,0.0,0.0,0.0,0.0,0.0,0.0,0,119.91461639851332,0.0,0,0.0,0.0,0.0,0.0,recorded_dp_events_only,released_packet,private_experiment_logs_not_public_dp_outputs,5130,trainable_parameters_v1,tex_packet,0.0,not_established,0.24776769988238811,0.010286599397659302,legacy_per_link_selection,0,0.0,0.0,0.0,0,seal,0,seal_save_size_upper_bound,0,50;40,0.0,0,0,0.0,not_selected,0,0.0,0,0.0,8192,0,0,0,0,40,0,0,0.0,0.0,0,0,0.0,227.46050932544122,0,0.0,0.0,8.000000000001,0.0,0,measured_norm_ratio_not_a_convergence_threshold,1.0716083012521267,84,100,0,0,0,0,0,0,0,0,0,0,1,0.0,0.0,fixed_mode_dynamic_privacy,0.0,0.0,incomplete_cross_domain_protection,local_packet_or_secure_aggregate,cross_domain_model_update,[],observed_operations_not_a_security_proof,False,no_new_cloud_update,0.0,32,0.0,1.0825963001698256,106,106,0,scheduled,"{""dp_he"": 8, ""dp_only"": 0, ""he_only"": 0, ""neither"": 98}","{""dp_he"": 8, ""dp_only"": 0, ""he_only"": 0, ""neither"": 98}",0.783348498865962,0.0,100,0.0,4.0,0.3375,2.0057973012924193,0.3125,2.0194505844116213,finite,0.01098799891769886,0.012687202543020248,0,0.0,0.0,1.0,0,0.0,0.0,0.0,0.0,0.0,0.0,0.0,0,0.0,0.0,0.0,0.0,0,0,0,0.0,0.0,0,0,0.0
1.1118349973112345,269.277030521136,0.0,0.0,0.0,0,0,,,0.0,0.0,0.0,0.0,0,0.0,0,not_selected,0,0.0,not_selected,0.021853899583220482,0,0.3375,0.0,0.0,0.0,0.0,0.0,0.0,0,121.29790619947016,0.0,0,0.0,0.0,0.0,0.0,recorded_dp_events_only,released_packet,private_experiment_logs_not_public_dp_outputs,5130,trainable_parameters_v1,tex_packet,0.0,not_established,0.24239759892225266,0.010844498872756958,legacy_per_link_selection,0,0.0,0.0,0.0,0,seal,0,seal_save_size_upper_bound,0,50;40,0.0,0,0,0.0,not_selected,0,0.0,0,0.0,8192,0,0,0,0,40,0,0,0.0,0.0,0,0,0.0,227.46050932544122,0,0.0,0.0,8.000000000001,0.0,0,measured_norm_ratio_not_a_convergence_threshold,1.1122459974139929,84,100,0,0,0,0,0,0,0,0,0,0,1,0.0,0.0,fixed_mode_dynamic_privacy,0.0,0.0,incomplete_cross_domain_protection,local_packet_or_secure_aggregate,cross_domain_model_update,[],observed_operations_not_a_security_proof,False,no_new_cloud_update,0.0,33,0.0,1.1249933987855911,106,106,0,scheduled,"{""dp_he"": 8, ""dp_only"": 0, ""he_only"": 0, ""neither"": 98}","{""dp_he"": 8, ""dp_only"": 0, ""he_only"": 0, ""neither"": 98}",0.8239915985614061,0.0,100,0.0,4.0,0.3375,2.0057973012924193,0.322,2.0195558700561524,finite,0.012747401371598244,0.013158401474356651,0,0.0,0.0,1.0,0,0.0,0.0,0.0,0.0,0.0,0.0,0.0,0,0.0,0.0,0.0,0.0,0,0,0,0.0,0.0,0,0,0.0
1.1183401010930538,270.10104972223587,0.0,0.0,0.0,0,0,,,0.0,0.0,0.0,0.0,0,0.0,0,not_selected,0,0.0,not_selected,0.017080500721931458,0,0.3375,0.0,0.0,0.0,0.0,0.0,0.0,0,122.67520709894598,0.0,0,0.0,0.0,0.0,0.0,recorded_dp_events_only,released_packet,private_experiment_logs_not_public_dp_outputs,5130,trainable_parameters_v1,tex_packet,0.0,not_established,0.2535343002527952,0.011857599020004272,legacy_per_link_selection,0,0.0,0.0,0.0,0,seal,0,seal_save_size_upper_bound,0,50;40,0.0,0,0,0.0,not_selected,0,0.0,0,0.0,8192,0,0,0,0,40,0,0,0.0,0.0,0,0,0.0,227.46050932544122,0,0.0,0.0,8.000000000001,0.0,0,measured_norm_ratio_not_a_convergence_threshold,1.1197932995855808,84,100,0,0,0,0,0,0,0,0,0,0,1,0.0,0.0,fixed_mode_dynamic_privacy,0.0,0.0,incomplete_cross_domain_protection,local_packet_or_secure_aggregate,cross_domain_model_update,[],observed_operations_not_a_security_proof,False,no_new_cloud_update,0.0,34,0.0,1.131641799584031,106,106,0,scheduled,"{""dp_he"": 8, ""dp_only"": 0, ""he_only"": 0, ""neither"": 98}","{""dp_he"": 8, ""dp_only"": 0, ""he_only"": 0, ""neither"": 98}",0.8240192010998726,0.0,100,0.0,4.0,0.3375,2.0057973012924193,0.31,2.0322919273376465,finite,0.01184849999845028,0.013301698490977287,0,0.0,0.0,1.0,0,0.0,0.0,0.0,0.0,0.0,0.0,0.0,0,0.0,0.0,0.0,0.0,0,0,0,0.0,0.0,0,0,0.0
1.051391201093793,270.8701488236601,0.0,0.0,0.0,0,0,,,0.0,0.0,0.0,0.0,0,0.0,0,not_selected,0,0.0,not_selected,0.01818550005555153,0,0.3375,0.0,0.0,0.0,0.0,0.0,0.0,0,123.97344469837844,0.0,0,0.0,0.0,0.0,0.0,recorded_dp_events_only,released_packet,private_experiment_logs_not_public_dp_outputs,5130,trainable_parameters_v1,tex_packet,0.0,not_established,0.2428831998258829,0.010637899860739708,legacy_per_link_selection,0,0.0,0.0,0.0,0,seal,0,seal_save_size_upper_bound,0,50;40,0.0,0,0,0.0,not_selected,0,0.0,0,0.0,8192,0,0,0,0,40,0,0,0.0,0.0,0,0,0.0,227.46050932544122,0,0.0,0.0,8.000000000001,0.0,0,measured_norm_ratio_not_a_convergence_threshold,1.0536036994308233,84,100,0,0,0,0,0,0,0,0,0,0,1,0.0,0.0,fixed_mode_dynamic_privacy,0.0,0.0,incomplete_cross_domain_protection,local_packet_or_secure_aggregate,cross_domain_model_update,[],observed_operations_not_a_security_proof,False,no_new_cloud_update,0.0,35,0.0,1.0641891993582249,106,106,0,scheduled,"{""dp_he"": 8, ""dp_only"": 0, ""he_only"": 0, ""neither"": 98}","{""dp_he"": 8, ""dp_only"": 0, ""he_only"": 0, ""neither"": 98}",0.7690991014242172,0.0,100,0.0,4.0,0.3375,2.0057973012924193,0.3185,2.0324496974945068,finite,0.010585499927401543,0.012797998264431953,0,0.0,0.0,1.0,0,0.0,0.0,0.0,0.0,0.0,0.0,0.0,0,0.0,0.0,0.0,0.0,0,0,0,0.0,0.0,0,0,0.0
1.1011430025100708,271.6804742245639,0.0,0.0,0.0,0,0,,,0.0,0.0,0.0,0.0,0,0.0,0,not_selected,0,0.0,not_selected,0.018840599805116653,0,0.3375,0.0,0.0,0.0,0.0,0.0,0.0,0,125.32417149841785,0.0,0,0.0,0.0,0.0,0.0,recorded_dp_events_only,released_packet,private_experiment_logs_not_public_dp_outputs,5130,trainable_parameters_v1,tex_packet,0.0,not_established,0.2500807009637356,0.010658200830221176,legacy_per_link_selection,0,0.0,0.0,0.0,0,seal,0,seal_save_size_upper_bound,0,50;40,0.0,0,0,0.0,not_selected,0,0.0,0,0.0,8192,0,0,0,0,40,0,0,0.0,0.0,0,0,0.0,227.46050932544122,0,0.0,0.0,8.000000000001,0.0,0,measured_norm_ratio_not_a_convergence_threshold,1.1029435005038977,84,100,0,0,0,0,0,0,0,0,0,0,1,0.0,0.0,fixed_mode_dynamic_privacy,0.0,0.0,incomplete_cross_domain_protection,local_packet_or_secure_aggregate,cross_domain_model_update,[],observed_operations_not_a_security_proof,False,no_new_cloud_update,0.0,36,0.0,1.114181600511074,106,106,0,scheduled,"{""dp_he"": 8, ""dp_only"": 0, ""he_only"": 0, ""neither"": 98}","{""dp_he"": 8, ""dp_only"": 0, ""he_only"": 0, ""neither"": 98}",0.810325400903821,0.0,100,0.0,4.0,0.3375,2.0057973012924193,0.323,2.018307264328003,finite,0.0112381000071764,0.013038598001003265,0,0.0,0.0,1.0,0,0.0,0.0,0.0,0.0,0.0,0.0,0.0,0,0.0,0.0,0.0,0.0,0,0,0,0.0,0.0,0,0,0.0
1.1062753032892942,272.49143312598414,0.0,0.0,0.0,0,0,,,0.0,0.0,0.0,0.0,0,0.0,0,not_selected,0,0.0,not_selected,0.01796630024909973,0,0.3375,0.0,0.0,0.0,0.0,0.0,0.0,0,126.7151801995933,0.0,0,0.0,0.0,0.0,0.0,recorded_dp_events_only,released_packet,private_experiment_logs_not_public_dp_outputs,5130,trainable_parameters_v1,tex_packet,0.0,not_established,0.2504040002822876,0.01097080111503601,legacy_per_link_selection,0,0.0,0.0,0.0,0,seal,0,seal_save_size_upper_bound,0,50;40,0.0,0,0,0.0,not_selected,0,0.0,0,0.0,8192,0,0,0,0,40,0,0,0.0,0.0,0,0,0.0,227.46050932544122,0,0.0,0.0,8.000000000001,0.0,0,measured_norm_ratio_not_a_convergence_threshold,1.1071393005549908,84,100,0,0,0,0,0,0,0,0,0,0,1,0.0,0.0,fixed_mode_dynamic_privacy,0.0,0.0,incomplete_cross_domain_protection,local_packet_or_secure_aggregate,cross_domain_model_update,[],observed_operations_not_a_security_proof,False,no_new_cloud_update,0.0,37,0.0,1.123114600777626,106,106,0,scheduled,"{""dp_he"": 8, ""dp_only"": 0, ""he_only"": 0, ""neither"": 98}","{""dp_he"": 8, ""dp_only"": 0, ""he_only"": 0, ""neither"": 98}",0.8109589014202356,0.0,100,0.0,4.0,0.3375,2.0057973012924193,0.342,2.002176607131958,finite,0.01597530022263527,0.016839297488331795,0,0.0,0.0,1.0,0,0.0,0.0,0.0,0.0,0.0,0.0,0.0,0,0.0,0.0,0.0,0.0,0,0,0,0.0,0.0,0,0,0.0
1.1285968013107777,273.3373340266461,0.0,0.0,0.0,0,0,,,0.0,0.0,0.0,0.0,0,0.0,0,not_selected,0,0.0,not_selected,0.01656920090317726,0,0.3375,0.0,0.0,0.0,0.0,0.0,0.0,0,128.16737829893827,0.0,0,0.0,0.0,0.0,0.0,recorded_dp_events_only,released_packet,private_experiment_logs_not_public_dp_outputs,5130,trainable_parameters_v1,tex_packet,0.0,not_established,0.24464119970798492,0.01084510050714016,legacy_per_link_selection,0,0.0,0.0,0.0,0,seal,0,seal_save_size_upper_bound,0,50;40,0.0,0,0,0.0,not_selected,0,0.0,0,0.0,8192,0,0,0,0,40,0,0,0.0,0.0,0,0,0.0,227.46050932544122,0,0.0,0.0,8.000000000001,0.0,0,measured_norm_ratio_not_a_convergence_threshold,1.130256900563836,84,100,0,0,0,0,0,0,0,0,0,0,1,0.0,0.0,fixed_mode_dynamic_privacy,0.0,0.0,incomplete_cross_domain_protection,local_packet_or_secure_aggregate,cross_domain_model_update,[],observed_operations_not_a_security_proof,False,no_new_cloud_update,0.0,38,0.0,1.140897300094366,106,106,0,scheduled,"{""dp_he"": 8, ""dp_only"": 0, ""he_only"": 0, ""neither"": 98}","{""dp_he"": 8, ""dp_only"": 0, ""he_only"": 0, ""neither"": 98}",0.8459009006619453,0.0,100,0.0,4.0,0.3375,2.0057973012924193,0.332,2.0147272853851317,finite,0.010640399530529976,0.01230049878358841,0,0.0,0.0,1.0,0,0.0,0.0,0.0,0.0,0.0,0.0,0.0,0,0.0,0.0,0.0,0.0,0,0,0,0.0,0.0,0,0,0.0
1.057819800451398,274.11278262647636,0.0,0.0,0.0,0,0,,,0.0,0.0,0.0,0.0,0,0.0,0,not_selected,0,0.0,not_selected,0.018530601635575294,0,0.3375,0.0,0.0,0.0,0.0,0.0,0.0,0,129.48243739828467,0.0,0,0.0,0.0,0.0,0.0,recorded_dp_events_only,released_packet,private_experiment_logs_not_public_dp_outputs,5130,trainable_parameters_v1,tex_packet,0.0,not_established,0.24054529890418053,0.011303700506687164,legacy_per_link_selection,0,0.0,0.0,0.0,0,seal,0,seal_save_size_upper_bound,0,50;40,0.0,0,0,0.0,not_selected,0,0.0,0,0.0,8192,0,0,0,0,40,0,0,0.0,0.0,0,0,0.0,227.46050932544122,0,0.0,0.0,8.000000000001,0.0,0,measured_norm_ratio_not_a_convergence_threshold,1.0583446007221937,84,100,0,0,0,0,0,0,0,0,0,0,1,0.0,0.0,fixed_mode_dynamic_privacy,0.0,0.0,incomplete_cross_domain_protection,local_packet_or_secure_aggregate,cross_domain_model_update,[],observed_operations_not_a_security_proof,False,no_new_cloud_update,0.0,39,0.0,1.0703362002968788,106,106,0,scheduled,"{""dp_he"": 8, ""dp_only"": 0, ""he_only"": 0, ""neither"": 98}","{""dp_he"": 8, ""dp_only"": 0, ""he_only"": 0, ""neither"": 98}",0.7754485998302698,0.0,100,0.0,4.0,0.3375,2.0057973012924193,0.33,2.013921298980713,finite,0.011991599574685097,0.012516399845480919,0,0.0,0.0,1.0,0,0.0,0.0,0.0,0.0,0.0,0.0,0.0,0,0.0,0.0,0.0,0.0,0,0,0,0.0,0.0,0,0,0.0
1.1225306019186974,274.9438241264487,0.0,0.0,0.0,0,0,,,0.0,0.0,0.0,0.0,0,0.0,0,not_selected,0,0.0,not_selected,0.0170787014067173,0,0.3375,0.0,0.0,0.0,0.0,0.0,0.0,0,130.8619399983436,0.0,0,0.0,0.0,0.0,0.0,recorded_dp_events_only,released_packet,private_experiment_logs_not_public_dp_outputs,5130,trainable_parameters_v1,tex_packet,0.0,not_established,0.25008879974484444,0.012432700023055077,legacy_per_link_selection,0,0.0,0.0,0.0,0,seal,0,seal_save_size_upper_bound,0,50;40,0.0,0,0,0.0,not_selected,0,0.0,0,0.0,8192,0,0,0,0,40,0,0,0.0,0.0,0,0,0.0,227.46050932544122,0,0.0,0.0,8.000000000001,0.0,0,measured_norm_ratio_not_a_convergence_threshold,1.1236118003726006,84,100,0,0,0,0,0,0,0,0,0,0,1,0.0,0.0,fixed_mode_dynamic_privacy,0.0,0.0,incomplete_cross_domain_protection,local_packet_or_secure_aggregate,cross_domain_model_update,[],observed_operations_not_a_security_proof,False,no_new_cloud_update,0.0,40,0.0,1.1355007011443377,106,106,0,scheduled,"{""dp_he"": 8, ""dp_only"": 0, ""he_only"": 0, ""neither"": 98}","{""dp_he"": 8, ""dp_only"": 0, ""he_only"": 0, ""neither"": 98}",0.8310414999723434,0.0,100,0.0,4.0,0.3375,2.0057973012924193,0.332,2.008431594848633,finite,0.011888900771737099,0.012970099225640297,0,0.0,0.0,1.0,0,0.0,0.0,0.0,0.0,0.0,0.0,0.0,0,0.0,0.0,0.0,0.0,0,0,0,0.0,0.0,0,0,0.0
1.0916981995105743,275.73939222569413,0.0,0.0,0.0,0,0,,,0.0,0.0,0.0,0.0,0,0.0,0,not_selected,0,0.0,not_selected,0.02016429975628853,0,0.3375,0.0,0.0,0.0,0.0,0.0,0.0,0,132.2257292997092,0.0,0,0.0,0.0,0.0,0.0,recorded_dp_events_only,released_packet,private_experiment_logs_not_public_dp_outputs,5130,trainable_parameters_v1,tex_packet,0.0,not_established,0.25363139994442463,0.011193901300430298,legacy_per_link_selection,0,0.0,0.0,0.0,0,seal,0,seal_save_size_upper_bound,0,50;40,0.0,0,0,0.0,not_selected,0,0.0,0,0.0,8192,0,0,0,0,40,0,0,0.0,0.0,0,0,0.0,227.46050932544122,0,0.0,0.0,8.000000000001,0.0,0,measured_norm_ratio_not_a_convergence_threshold,1.0989108011126518,84,100,0,0,0,0,0,0,0,0,0,0,1,0.0,0.0,fixed_mode_dynamic_privacy,0.0,0.0,incomplete_cross_domain_protection,local_packet_or_secure_aggregate,cross_domain_model_update,[],observed_operations_not_a_security_proof,False,no_new_cloud_update,0.0,41,0.0,1.1100513003766537,106,106,0,scheduled,"{""dp_he"": 8, ""dp_only"": 0, ""he_only"": 0, ""neither"": 98}","{""dp_he"": 8, ""dp_only"": 0, ""he_only"": 0, ""neither"": 98}",0.795568099245429,0.0,100,0.0,4.0,0.3375,2.0057973012924193,0.323,2.033275071144104,finite,0.011140499264001846,0.01835310086607933,0,0.0,0.0,1.0,0,0.0,0.0,0.0,0.0,0.0,0.0,0.0,0,0.0,0.0,0.0,0.0,0,0,0,0.0,0.0,0,0,0.0
1.0832124017179012,276.5435200250412,0.0,0.0,0.0,0,0,,,0.0,0.0,0.0,0.0,0,0.0,0,not_selected,0,0.0,not_selected,0.01685290038585663,0,0.3375,0.0,0.0,0.0,0.0,0.0,0.0,0,133.6022407989949,0.0,0,0.0,0.0,0.0,0.0,recorded_dp_events_only,released_packet,private_experiment_logs_not_public_dp_outputs,5130,trainable_parameters_v1,tex_packet,0.0,not_established,0.2398358006030321,0.01041250117123127,legacy_per_link_selection,0,0.0,0.0,0.0,0,seal,0,seal_save_size_upper_bound,0,50;40,0.0,0,0,0.0,not_selected,0,0.0,0,0.0,8192,0,0,0,0,40,0,0,0.0,0.0,0,0,0.0,227.46050932544122,0,0.0,0.0,8.000000000001,0.0,0,measured_norm_ratio_not_a_convergence_threshold,1.0841317996382713,84,100,0,0,0,0,0,0,0,0,0,0,1,0.0,0.0,fixed_mode_dynamic_privacy,0.0,0.0,incomplete_cross_domain_protection,local_packet_or_secure_aggregate,cross_domain_model_update,[],observed_operations_not_a_security_proof,False,no_new_cloud_update,0.0,42,0.0,1.0961151998490095,106,106,0,scheduled,"{""dp_he"": 8, ""dp_only"": 0, ""he_only"": 0, ""neither"": 98}","{""dp_he"": 8, ""dp_only"": 0, ""he_only"": 0, ""neither"": 98}",0.804127799347043,0.0,100,0.0,4.0,0.3375,2.0057973012924193,0.3195,2.0150522079467774,finite,0.011983400210738182,0.012902798131108284,0,0.0,0.0,1.0,0,0.0,0.0,0.0,0.0,0.0,0.0,0.0,0,0.0,0.0,0.0,0.0,0,0,0,0.0,0.0,0,0,0.0
1.0651957020163536,277.3265389251227,0.0,0.0,0.0,0,0,,,0.0,0.0,0.0,0.0,0,0.0,0,not_selected,0,0.0,not_selected,0.01646840013563633,0,0.3375,0.0,0.0,0.0,0.0,0.0,0.0,0,134.93447349965572,0.0,0,0.0,0.0,0.0,0.0,recorded_dp_events_only,released_packet,private_experiment_logs_not_public_dp_outputs,5130,trainable_parameters_v1,tex_packet,0.0,not_established,0.24296560138463974,0.011664200574159622,legacy_per_link_selection,0,0.0,0.0,0.0,0,seal,0,seal_save_size_upper_bound,0,50;40,0.0,0,0,0.0,not_selected,0,0.0,0,0.0,8192,0,0,0,0,40,0,0,0.0,0.0,0,0,0.0,227.46050932544122,0,0.0,0.0,8.000000000001,0.0,0,measured_norm_ratio_not_a_convergence_threshold,1.0678689014166594,84,100,0,0,0,0,0,0,0,0,0,0,1,0.0,0.0,fixed_mode_dynamic_privacy,0.0,0.0,incomplete_cross_domain_protection,local_packet_or_secure_aggregate,cross_domain_model_update,[],observed_operations_not_a_security_proof,False,no_new_cloud_update,0.0,43,0.0,1.078947501257062,106,106,0,scheduled,"{""dp_he"": 8, ""dp_only"": 0, ""he_only"": 0, ""neither"": 98}","{""dp_he"": 8, ""dp_only"": 0, ""he_only"": 0, ""neither"": 98}",0.7830189000815153,0.0,100,0.0,4.0,0.3375,2.0057973012924193,0.342,2.0172228708267212,finite,0.011078599840402603,0.013751799240708351,0,0.0,0.0,1.0,0,0.0,0.0,0.0,0.0,0.0,0.0,0.0,0,0.0,0.0,0.0,0.0,0,0,0,0.0,0.0,0,0,0.0
1.1762034017592669,278.2181686247403,0.0,0.0,0.0,0,0,,,0.0,0.0,0.0,0.0,0,0.0,0,not_selected,0,0.0,not_selected,0.01622910052537918,0,0.3375,0.0,0.0,0.0,0.0,0.0,0.0,0,136.3920190986246,0.0,0,0.0,0.0,0.0,0.0,recorded_dp_events_only,released_packet,private_experiment_logs_not_public_dp_outputs,5130,trainable_parameters_v1,tex_packet,0.0,not_established,0.24539750069379807,0.011556200683116913,legacy_per_link_selection,0,0.0,0.0,0.0,0,seal,0,seal_save_size_upper_bound,0,50;40,0.0,0,0,0.0,not_selected,0,0.0,0,0.0,8192,0,0,0,0,40,0,0,0.0,0.0,0,0,0.0,227.46050932544122,0,0.0,0.0,8.000000000001,0.0,0,measured_norm_ratio_not_a_convergence_threshold,1.178234301507473,84,100,0,0,0,0,0,0,0,0,0,0,1,0.0,0.0,fixed_mode_dynamic_privacy,0.0,0.0,incomplete_cross_domain_protection,local_packet_or_secure_aggregate,cross_domain_model_update,[],observed_operations_not_a_security_proof,False,no_new_cloud_update,0.0,44,0.0,1.1896252017468214,106,106,0,scheduled,"{""dp_he"": 8, ""dp_only"": 0, ""he_only"": 0, ""neither"": 98}","{""dp_he"": 8, ""dp_only"": 0, ""he_only"": 0, ""neither"": 98}",0.8916296996176243,0.0,100,0.0,4.0,0.3375,2.0057973012924193,0.32,2.015917190551758,finite,0.011390900239348412,0.01342179998755455,0,0.0,0.0,1.0,0,0.0,0.0,0.0,0.0,0.0,0.0,0.0,0,0.0,0.0,0.0,0.0,0,0,0,0.0,0.0,0,0,0.0
1.179799597710371,279.08508182416506,0.0,0.0,0.0,0,0,,,0.0,0.0,0.0,0.0,0,0.0,0,not_selected,0,0.0,not_selected,0.021777698770165443,0,0.3375,0.0,0.0,0.0,0.0,0.0,0.0,0,137.84150759875774,0.0,0,0.0,0.0,0.0,0.0,recorded_dp_events_only,released_packet,private_experiment_logs_not_public_dp_outputs,5130,trainable_parameters_v1,tex_packet,0.0,not_established,0.2634025998413563,0.01612369902431965,legacy_per_link_selection,0,0.0,0.0,0.0,0,seal,0,seal_save_size_upper_bound,0,50;40,0.0,0,0,0.0,not_selected,0,0.0,0,0.0,8192,0,0,0,0,40,0,0,0.0,0.0,0,0,0.0,227.46050932544122,0,0.0,0.0,8.000000000001,0.0,0,measured_norm_ratio_not_a_convergence_threshold,1.1830321997404099,84,100,0,0,0,0,0,0,0,0,0,0,1,0.0,0.0,fixed_mode_dynamic_privacy,0.0,0.0,incomplete_cross_domain_protection,local_packet_or_secure_aggregate,cross_domain_model_update,[],observed_operations_not_a_security_proof,False,no_new_cloud_update,0.0,45,0.0,1.1946146003901958,106,106,0,scheduled,"{""dp_he"": 8, ""dp_only"": 0, ""he_only"": 0, ""neither"": 98}","{""dp_he"": 8, ""dp_only"": 0, ""he_only"": 0, ""neither"": 98}",0.8669131994247437,0.0,100,0.0,4.0,0.3375,2.0057973012924193,0.306,2.022932683944702,finite,0.011582400649785995,0.014815002679824829,0,0.0,0.0,1.0,0,0.0,0.0,0.0,0.0,0.0,0.0,0.0,0,0.0,0.0,0.0,0.0,0,0,0,0.0,0.0,0,0,0.0
1.0805008988827467,279.87920722464867,0.0,0.0,0.0,0,0,,,0.0,0.0,0.0,0.0,0,0.0,0,not_selected,0,0.0,not_selected,0.01656319946050644,0,0.3375,0.0,0.0,0.0,0.0,0.0,0.0,0,139.21884300000966,0.0,0,0.0,0.0,0.0,0.0,recorded_dp_events_only,released_packet,private_experiment_logs_not_public_dp_outputs,5130,trainable_parameters_v1,tex_packet,0.0,not_established,0.24636089988052845,0.012169899418950081,legacy_per_link_selection,0,0.0,0.0,0.0,0,seal,0,seal_save_size_upper_bound,0,50;40,0.0,0,0,0.0,not_selected,0,0.0,0,0.0,8192,0,0,0,0,40,0,0,0.0,0.0,0,0,0.0,227.46050932544122,0,0.0,0.0,8.000000000001,0.0,0,measured_norm_ratio_not_a_convergence_threshold,1.0818204004317522,84,100,0,0,0,0,0,0,0,0,0,0,1,0.0,0.0,fixed_mode_dynamic_privacy,0.0,0.0,incomplete_cross_domain_protection,local_packet_or_secure_aggregate,cross_domain_model_update,[],observed_operations_not_a_security_proof,False,no_new_cloud_update,0.0,46,0.0,1.0931019000709057,106,106,0,scheduled,"{""dp_he"": 8, ""dp_only"": 0, ""he_only"": 0, ""neither"": 98}","{""dp_he"": 8, ""dp_only"": 0, ""he_only"": 0, ""neither"": 98}",0.7941254004836082,0.0,100,0.0,4.0,0.3375,2.0057973012924193,0.325,2.0276471004486085,finite,0.01128149963915348,0.012601001188158989,0,0.0,0.0,1.0,0,0.0,0.0,0.0,0.0,0.0,0.0,0.0,0,0.0,0.0,0.0,0.0,0,0,0,0.0,0.0,0,0,0.0
1.1409607976675034,280.71753832424827,0.0,0.0,0.0,0,0,,,0.0,0.0,0.0,0.0,0,0.0,0,not_selected,0,0.0,not_selected,0.018275899812579155,0,0.3375,0.0,0.0,0.0,0.0,0.0,0.0,0,140.82802779972553,0.0,0,0.0,0.0,0.0,0.0,recorded_dp_events_only,released_packet,private_experiment_logs_not_public_dp_outputs,5130,trainable_parameters_v1,tex_packet,0.0,not_established,0.25548809953033924,0.01319349929690361,legacy_per_link_selection,0,0.0,0.0,0.0,0,seal,0,seal_save_size_upper_bound,0,50;40,0.0,0,0,0.0,not_selected,0,0.0,0,0.0,8192,0,0,0,0,40,0,0,0.0,0.0,0,0,0.0,227.46050932544122,0,0.0,0.0,8.000000000001,0.0,0,measured_norm_ratio_not_a_convergence_threshold,1.144360400736332,84,100,0,0,0,0,0,0,0,0,0,0,1,0.0,0.0,fixed_mode_dynamic_privacy,0.0,0.0,incomplete_cross_domain_protection,local_packet_or_secure_aggregate,cross_domain_model_update,[],observed_operations_not_a_security_proof,False,no_new_cloud_update,0.0,47,0.0,1.1600326001644135,106,106,0,scheduled,"{""dp_he"": 8, ""dp_only"": 0, ""he_only"": 0, ""neither"": 98}","{""dp_he"": 8, ""dp_only"": 0, ""he_only"": 0, ""neither"": 98}",0.8383310995995998,0.0,100,0.0,4.0,0.3375,2.0057973012924193,0.3285,2.017595302581787,finite,0.015672199428081512,0.019071802496910095,0,0.0,0.0,1.0,0,0.0,0.0,0.0,0.0,0.0,0.0,0.0,0,0.0,0.0,0.0,0.0,0,0,0,0.0,0.0,0,0,0.0
1.0890480019152164,281.5133123240138,0.0,0.0,0.0,0,0,,,0.0,0.0,0.0,0.0,0,0.0,0,not_selected,0,0.0,not_selected,0.01858700066804886,0,0.3375,0.0,0.0,0.0,0.0,0.0,0.0,0,142.24435859918594,0.0,0,0.0,0.0,0.0,0.0,recorded_dp_events_only,released_packet,private_experiment_logs_not_public_dp_outputs,5130,trainable_parameters_v1,tex_packet,0.0,not_established,0.2522306013852358,0.011391200125217438,legacy_per_link_selection,0,0.0,0.0,0.0,0,seal,0,seal_save_size_upper_bound,0,50;40,0.0,0,0,0.0,not_selected,0,0.0,0,0.0,8192,0,0,0,0,40,0,0,0.0,0.0,0,0,0.0,227.46050932544122,0,0.0,0.0,8.000000000001,0.0,0,measured_norm_ratio_not_a_convergence_threshold,1.0964187998324633,84,100,0,0,0,0,0,0,0,0,0,0,1,0.0,0.0,fixed_mode_dynamic_privacy,0.0,0.0,incomplete_cross_domain_protection,local_packet_or_secure_aggregate,cross_domain_model_update,[],observed_operations_not_a_security_proof,False,no_new_cloud_update,0.0,48,0.0,1.1074839998036623,106,106,0,scheduled,"{""dp_he"": 8, ""dp_only"": 0, ""he_only"": 0, ""neither"": 98}","{""dp_he"": 8, ""dp_only"": 0, ""he_only"": 0, ""neither"": 98}",0.7957739997655153,0.0,100,0.0,4.0,0.3375,2.0057973012924193,0.326,2.019181182861328,finite,0.011065199971199036,0.018435997888445854,0,0.0,0.0,1.0,0,0.0,0.0,0.0,0.0,0.0,0.0,0.0,0,0.0,0.0,0.0,0.0,0,0,0,0.0,0.0,0,0,0.0
1.0949196983128786,282.3198393239344,0.0,0.0,0.0,0,0,,,0.0,0.0,0.0,0.0,0,0.0,0,not_selected,0,0.0,not_selected,0.01783839985728264,0,0.3375,0.0,0.0,0.0,0.0,0.0,0.0,0,143.65229969844222,0.0,0,0.0,0.0,0.0,0.0,recorded_dp_events_only,released_packet,private_experiment_logs_not_public_dp_outputs,5130,trainable_parameters_v1,tex_packet,0.0,not_established,0.24924339912831783,0.009989399462938309,legacy_per_link_selection,0,0.0,0.0,0.0,0,seal,0,seal_save_size_upper_bound,0,50;40,0.0,0,0,0.0,not_selected,0,0.0,0,0.0,8192,0,0,0,0,40,0,0,0.0,0.0,0,0,0.0,227.46050932544122,0,0.0,0.0,8.000000000001,0.0,0,measured_norm_ratio_not_a_convergence_threshold,1.0964219998568296,84,100,0,0,0,0,0,0,0,0,0,0,1,0.0,0.0,fixed_mode_dynamic_privacy,0.0,0.0,incomplete_cross_domain_protection,local_packet_or_secure_aggregate,cross_domain_model_update,[],observed_operations_not_a_security_proof,False,no_new_cloud_update,0.0,49,0.0,1.1077434998005629,106,106,0,scheduled,"{""dp_he"": 8, ""dp_only"": 0, ""he_only"": 0, ""neither"": 98}","{""dp_he"": 8, ""dp_only"": 0, ""he_only"": 0, ""neither"": 98}",0.8065269999206066,0.0,100,0.0,4.0,0.3375,2.0057973012924193,0.3385,2.0106121311187746,finite,0.011321499943733215,0.01282380148768425,0,0.0,0.0,1.0,0,0.0,0.0,0.0,0.0,0.0,0.0,0.0,0,0.0,0.0,0.0,0.0,0,0,0,0.0,0.0,0,0,0.0
1.0550939999520779,283.0933542242909,0.0,0.0,0.0,0,0,,,0.0,0.0,0.0,0.0,0,0.0,0,not_selected,0,0.0,not_selected,0.017504500225186348,0,0.3375,0.0,0.0,0.0,0.0,0.0,0.0,0,144.98573419824243,0.0,0,0.0,0.0,0.0,0.0,recorded_dp_events_only,released_packet,private_experiment_logs_not_public_dp_outputs,5130,trainable_parameters_v1,tex_packet,0.0,not_established,0.24188349954783916,0.010979799553751945,legacy_per_link_selection,0,0.0,0.0,0.0,0,seal,0,seal_save_size_upper_bound,0,50;40,0.0,0,0,0.0,not_selected,0,0.0,0,0.0,8192,0,0,0,0,40,0,0,0.0,0.0,0,0,0.0,227.46050932544122,0,0.0,0.0,8.000000000001,0.0,0,measured_norm_ratio_not_a_convergence_threshold,1.0572231989353895,84,100,0,0,0,0,0,0,0,0,0,0,1,0.0,0.0,fixed_mode_dynamic_privacy,0.0,0.0,incomplete_cross_domain_protection,local_packet_or_secure_aggregate,cross_domain_model_update,[],observed_operations_not_a_security_proof,False,no_new_cloud_update,0.0,50,0.0,1.0684344992041588,106,106,0,scheduled,"{""dp_he"": 8, ""dp_only"": 0, ""he_only"": 0, ""neither"": 98}","{""dp_he"": 8, ""dp_only"": 0, ""he_only"": 0, ""neither"": 98}",0.7735149003565311,0.0,100,0.0,4.0,0.3375,2.0057973012924193,0.3385,2.020697233200073,finite,0.011211300268769264,0.013340499252080917,0,0.0,0.0,1.0,0,0.0,0.0,0.0,0.0,0.0,0.0,0.0,0,0.0,0.0,0.0,0.0,0,0,0,0.0,0.0,0,0,0.0
1.1253672018647194,283.9356332244987,0.0,0.0,0.0,0,0,,,0.0,0.0,0.0,0.0,0,0.0,0,not_selected,0,0.0,not_selected,0.01647080108523369,0,0.3375,0.0,0.0,0.0,0.0,0.0,0.0,0,146.4216940999031,0.0,0,0.0,0.0,0.0,0.0,recorded_dp_events_only,released_packet,private_experiment_logs_not_public_dp_outputs,5130,trainable_parameters_v1,tex_packet,0.0,not_established,0.24459460005164146,0.010343600064516068,legacy_per_link_selection,0,0.0,0.0,0.0,0,seal,0,seal_save_size_upper_bound,0,50;40,0.0,0,0,0.0,not_selected,0,0.0,0,0.0,8192,0,0,0,0,40,0,0,0.0,0.0,0,0,0.0,227.46050932544122,0,0.0,0.0,8.000000000001,0.0,0,measured_norm_ratio_not_a_convergence_threshold,1.1273368000984192,84,100,0,0,0,0,0,0,0,0,0,0,1,0.0,0.0,fixed_mode_dynamic_privacy,0.0,0.0,incomplete_cross_domain_protection,local_packet_or_secure_aggregate,cross_domain_model_update,[],observed_operations_not_a_security_proof,False,no_new_cloud_update,0.0,51,0.0,1.1390160005539656,106,106,0,scheduled,"{""dp_he"": 8, ""dp_only"": 0, ""he_only"": 0, ""neither"": 98}","{""dp_he"": 8, ""dp_only"": 0, ""he_only"": 0, ""neither"": 98}",0.8422790002077818,0.0,100,0.0,4.0,0.3375,2.0057973012924193,0.321,2.0266837539672853,finite,0.011679200455546379,0.013648798689246178,0,0.0,0.0,1.0,0,0.0,0.0,0.0,0.0,0.0,0.0,0.0,0,0.0,0.0,0.0,0.0,0,0,0,0.0,0.0,0,0,0.0
1.1303198002278805,284.77758622455246,0.0,0.0,0.0,0,0,,,0.0,0.0,0.0,0.0,0,0.0,0,not_selected,0,0.0,not_selected,0.018037300556898117,0,0.3375,0.0,0.0,0.0,0.0,0.0,0.0,0,147.849246699363,0.0,0,0.0,0.0,0.0,0.0,recorded_dp_events_only,released_packet,private_experiment_logs_not_public_dp_outputs,5130,trainable_parameters_v1,tex_packet,0.0,not_established,0.24738679826259613,0.011042101308703423,legacy_per_link_selection,0,0.0,0.0,0.0,0,seal,0,seal_save_size_upper_bound,0,50;40,0.0,0,0,0.0,not_selected,0,0.0,0,0.0,8192,0,0,0,0,40,0,0,0.0,0.0,0,0,0.0,227.46050932544122,0,0.0,0.0,8.000000000001,0.0,0,measured_norm_ratio_not_a_convergence_threshold,1.1330540999770164,84,100,0,0,0,0,0,0,0,0,0,0,1,0.0,0.0,fixed_mode_dynamic_privacy,0.0,0.0,incomplete_cross_domain_protection,local_packet_or_secure_aggregate,cross_domain_model_update,[],observed_operations_not_a_security_proof,False,no_new_cloud_update,0.0,52,0.0,1.1449547000229359,106,106,0,scheduled,"{""dp_he"": 8, ""dp_only"": 0, ""he_only"": 0, ""neither"": 98}","{""dp_he"": 8, ""dp_only"": 0, ""he_only"": 0, ""neither"": 98}",0.8419530000537634,0.0,100,0.0,4.0,0.3375,2.0057973012924193,0.3385,2.004385848045349,finite,0.011900600045919418,0.01463489979505539,0,0.0,0.0,1.0,0,0.0,0.0,0.0,0.0,0.0,0.0,0.0,0,0.0,0.0,0.0,0.0,0,0,0,0.0,0.0,0,0,0.0
1.1377120986580849,285.62408992375083,0.0,0.0,0.0,0,0,,,0.0,0.0,0.0,0.0,0,0.0,0,not_selected,0,0.0,not_selected,0.018880600109696388,0,0.3375,0.0,0.0,0.0,0.0,0.0,0.0,0,149.27926380001009,0.0,0,0.0,0.0,0.0,0.0,recorded_dp_events_only,released_packet,private_experiment_logs_not_public_dp_outputs,5130,trainable_parameters_v1,tex_packet,0.0,not_established,0.2496790997684002,0.010887298732995987,legacy_per_link_selection,0,0.0,0.0,0.0,0,seal,0,seal_save_size_upper_bound,0,50;40,0.0,0,0,0.0,not_selected,0,0.0,0,0.0,8192,0,0,0,0,40,0,0,0.0,0.0,0,0,0.0,227.46050932544122,0,0.0,0.0,8.000000000001,0.0,0,measured_norm_ratio_not_a_convergence_threshold,1.1396045982837677,84,100,0,0,0,0,0,0,0,0,0,0,1,0.0,0.0,fixed_mode_dynamic_privacy,0.0,0.0,incomplete_cross_domain_protection,local_packet_or_secure_aggregate,cross_domain_model_update,[],observed_operations_not_a_security_proof,False,no_new_cloud_update,0.0,53,0.0,1.1513659991323948,106,106,0,scheduled,"{""dp_he"": 8, ""dp_only"": 0, ""he_only"": 0, ""neither"": 98}","{""dp_he"": 8, ""dp_only"": 0, ""he_only"": 0, ""neither"": 98}",0.8465036991983652,0.0,100,0.0,4.0,0.3375,2.0057973012924193,0.3095,2.030065212249756,finite,0.01176140084862709,0.013653900474309921,0,0.0,0.0,1.0,0,0.0,0.0,0.0,0.0,0.0,0.0,0.0,0,0.0,0.0,0.0,0.0,0,0,0,0.0,0.0,0,0,0.0
1.1231734994798899,286.4484468242789,0.0,0.0,0.0,0,0,,,0.0,0.0,0.0,0.0,0,0.0,0,not_selected,0,0.0,not_selected,0.0197409987449646,0,0.3375,0.0,0.0,0.0,0.0,0.0,0.0,0,150.70086159929633,0.0,0,0.0,0.0,0.0,0.0,recorded_dp_events_only,released_packet,private_experiment_logs_not_public_dp_outputs,5130,trainable_parameters_v1,tex_packet,0.0,not_established,0.2511583995074034,0.013154800981283188,legacy_per_link_selection,0,0.0,0.0,0.0,0,seal,0,seal_save_size_upper_bound,0,50;40,0.0,0,0,0.0,not_selected,0,0.0,0,0.0,8192,0,0,0,0,40,0,0,0.0,0.0,0,0,0.0,227.46050932544122,0,0.0,0.0,8.000000000001,0.0,0,measured_norm_ratio_not_a_convergence_threshold,1.1223550997674465,84,100,0,0,0,0,0,0,0,0,0,0,1,0.0,0.0,fixed_mode_dynamic_privacy,0.0,0.0,incomplete_cross_domain_protection,local_packet_or_secure_aggregate,cross_domain_model_update,[],observed_operations_not_a_security_proof,False,no_new_cloud_update,0.0,54,0.0,1.137117499485612,106,106,0,scheduled,"{""dp_he"": 8, ""dp_only"": 0, ""he_only"": 0, ""neither"": 98}","{""dp_he"": 8, ""dp_only"": 0, ""he_only"": 0, ""neither"": 98}",0.8243569005280733,0.0,100,0.0,4.0,0.3375,2.0057973012924193,0.3095,2.0386213188171385,finite,0.014762399718165398,0.013944000005722046,0,0.0,0.0,1.0,0,0.0,0.0,0.0,0.0,0.0,0.0,0.0,0,0.0,0.0,0.0,0.0,0,0,0,0.0,0.0,0,0,0.0
1.0628515016287565,287.22177592391915,0.0,0.0,0.0,0,0,,,0.0,0.0,0.0,0.0,0,0.0,0,not_selected,0,0.0,not_selected,0.017525101080536842,0,0.3375,0.0,0.0,0.0,0.0,0.0,0.0,0,152.06658739969134,0.0,0,0.0,0.0,0.0,0.0,recorded_dp_events_only,released_packet,private_experiment_logs_not_public_dp_outputs,5130,trainable_parameters_v1,tex_packet,0.0,not_established,0.2508707996457815,0.010784400627017021,legacy_per_link_selection,0,0.0,0.0,0.0,0,seal,0,seal_save_size_upper_bound,0,50;40,0.0,0,0,0.0,not_selected,0,0.0,0,0.0,8192,0,0,0,0,40,0,0,0.0,0.0,0,0,0.0,227.46050932544122,0,0.0,0.0,8.000000000001,0.0,0,measured_norm_ratio_not_a_convergence_threshold,1.066466599702835,84,100,0,0,0,0,0,0,0,0,0,0,1,0.0,0.0,fixed_mode_dynamic_privacy,0.0,0.0,incomplete_cross_domain_protection,local_packet_or_secure_aggregate,cross_domain_model_update,[],observed_operations_not_a_security_proof,False,no_new_cloud_update,0.0,55,0.0,1.076808700338006,106,106,0,scheduled,"{""dp_he"": 8, ""dp_only"": 0, ""he_only"": 0, ""neither"": 98}","{""dp_he"": 8, ""dp_only"": 0, ""he_only"": 0, ""neither"": 98}",0.7733290996402502,0.0,100,0.0,4.0,0.3375,2.0057973012924193,0.329,2.037001127243042,finite,0.010342100635170937,0.013957198709249496,0,0.0,0.0,1.0,0,0.0,0.0,0.0,0.0,0.0,0.0,0.0,0,0.0,0.0,0.0,0.0,0,0,0,0.0,0.0,0,0,0.0
1.1130986995995045,288.0543297241146,0.0,0.0,0.0,0,0,,,0.0,0.0,0.0,0.0,0,0.0,0,not_selected,0,0.0,not_selected,0.01756950095295906,0,0.3375,0.0,0.0,0.0,0.0,0.0,0.0,0,153.52922849915922,0.0,0,0.0,0.0,0.0,0.0,recorded_dp_events_only,released_packet,private_experiment_logs_not_public_dp_outputs,5130,trainable_parameters_v1,tex_packet,0.0,not_established,0.24143889918923378,0.01068970002233982,legacy_per_link_selection,0,0.0,0.0,0.0,0,seal,0,seal_save_size_upper_bound,0,50;40,0.0,0,0,0.0,not_selected,0,0.0,0,0.0,8192,0,0,0,0,40,0,0,0.0,0.0,0,0,0.0,227.46050932544122,0,0.0,0.0,8.000000000001,0.0,0,measured_norm_ratio_not_a_convergence_threshold,1.1161732021719217,84,100,0,0,0,0,0,0,0,0,0,0,1,0.0,0.0,fixed_mode_dynamic_privacy,0.0,0.0,incomplete_cross_domain_protection,local_packet_or_secure_aggregate,cross_domain_model_update,[],observed_operations_not_a_security_proof,False,no_new_cloud_update,0.0,56,0.0,1.127020001411438,106,106,0,scheduled,"{""dp_he"": 8, ""dp_only"": 0, ""he_only"": 0, ""neither"": 98}","{""dp_he"": 8, ""dp_only"": 0, ""he_only"": 0, ""neither"": 98}",0.8325538001954556,0.0,100,0.0,4.0,0.3375,2.0057973012924193,0.3255,2.0219589939117433,finite,0.010846799239516258,0.013921301811933517,0,0.0,0.0,1.0,0,0.0,0.0,0.0,0.0,0.0,0.0,0.0,0,0.0,0.0,0.0,0.0,0,0,0,0.0,0.0,0,0,0.0
1.0624352991580963,288.83105222421534,0.0,0.0,0.0,0,0,,,0.0,0.0,0.0,0.0,0,0.0,0,not_selected,0,0.0,not_selected,0.01675259880721569,0,0.3375,0.0,0.0,0.0,0.0,0.0,0.0,0,154.88342419825494,0.0,0,0.0,0.0,0.0,0.0,recorded_dp_events_only,released_packet,private_experiment_logs_not_public_dp_outputs,5130,trainable_parameters_v1,tex_packet,0.0,not_established,0.24613559991121292,0.011000100523233414,legacy_per_link_selection,0,0.0,0.0,0.0,0,seal,0,seal_save_size_upper_bound,0,50;40,0.0,0,0,0.0,not_selected,0,0.0,0,0.0,8192,0,0,0,0,40,0,0,0.0,0.0,0,0,0.0,227.46050932544122,0,0.0,0.0,8.000000000001,0.0,0,measured_norm_ratio_not_a_convergence_threshold,1.064691400155425,84,100,0,0,0,0,0,0,0,0,0,0,1,0.0,0.0,fixed_mode_dynamic_privacy,0.0,0.0,incomplete_cross_domain_protection,local_packet_or_secure_aggregate,cross_domain_model_update,[],observed_operations_not_a_security_proof,False,no_new_cloud_update,0.0,57,0.0,1.0765158999711275,106,106,0,scheduled,"{""dp_he"": 8, ""dp_only"": 0, ""he_only"": 0, ""neither"": 98}","{""dp_he"": 8, ""dp_only"": 0, ""he_only"": 0, ""neither"": 98}",0.7767225001007318,0.0,100,0.0,4.0,0.3375,2.0057973012924193,0.332,2.0147035541534426,finite,0.011824499815702438,0.014080600813031197,0,0.0,0.0,1.0,0,0.0,0.0,0.0,0.0,0.0,0.0,0.0,0,0.0,0.0,0.0,0.0,0,0,0,0.0,0.0,0,0,0.0
1.1222340017557144,289.6734865243251,0.0,0.0,0.0,0,0,,,0.0,0.0,0.0,0.0,0,0.0,0,not_selected,0,0.0,not_selected,0.01651190035045147,0,0.3375,0.0,0.0,0.0,0.0,0.0,0.0,0,156.3209301996976,0.0,0,0.0,0.0,0.0,0.0,recorded_dp_events_only,released_packet,private_experiment_logs_not_public_dp_outputs,5130,trainable_parameters_v1,tex_packet,0.0,not_established,0.24101920053362846,0.011648301035165787,legacy_per_link_selection,0,0.0,0.0,0.0,0,seal,0,seal_save_size_upper_bound,0,50;40,0.0,0,0,0.0,not_selected,0,0.0,0,0.0,8192,0,0,0,0,40,0,0,0.0,0.0,0,0,0.0,227.46050932544122,0,0.0,0.0,8.000000000001,0.0,0,measured_norm_ratio_not_a_convergence_threshold,1.1247431002557278,84,100,0,0,0,0,0,0,0,0,0,0,1,0.0,0.0,fixed_mode_dynamic_privacy,0.0,0.0,incomplete_cross_domain_protection,local_packet_or_secure_aggregate,cross_domain_model_update,[],observed_operations_not_a_security_proof,False,no_new_cloud_update,0.0,58,0.0,1.1353633999824524,106,106,0,scheduled,"{""dp_he"": 8, ""dp_only"": 0, ""he_only"": 0, ""neither"": 98}","{""dp_he"": 8, ""dp_only"": 0, ""he_only"": 0, ""neither"": 98}",0.8424343001097441,0.0,100,0.0,4.0,0.3375,2.0057973012924193,0.3115,2.0324500732421873,finite,0.010620299726724625,0.013129398226737976,0,0.0,0.0,1.0,0,0.0,0.0,0.0,0.0,0.0,0.0,0.0,0,0.0,0.0,0.0,0.0,0,0,0,0.0,0.0,0,0,0.0
1.1347902975976467,290.5187388240064,0.0,0.0,0.0,0,0,,,0.0,0.0,0.0,0.0,0,0.0,0,not_selected,0,0.0,not_selected,0.018154999241232872,0,0.3375,0.0,0.0,0.0,0.0,0.0,0.0,0,157.84347479976714,0.0,0,0.0,0.0,0.0,0.0,recorded_dp_events_only,released_packet,private_experiment_logs_not_public_dp_outputs,5130,trainable_parameters_v1,tex_packet,0.0,not_established,0.24815480038523674,0.011437399312853813,legacy_per_link_selection,0,0.0,0.0,0.0,0,seal,0,seal_save_size_upper_bound,0,50;40,0.0,0,0,0.0,not_selected,0,0.0,0,0.0,8192,0,0,0,0,40,0,0,0.0,0.0,0,0,0.0,227.46050932544122,0,0.0,0.0,8.000000000001,0.0,0,measured_norm_ratio_not_a_convergence_threshold,1.1379038020968437,84,100,0,0,0,0,0,0,0,0,0,0,1,0.0,0.0,fixed_mode_dynamic_privacy,0.0,0.0,incomplete_cross_domain_protection,local_packet_or_secure_aggregate,cross_domain_model_update,[],observed_operations_not_a_security_proof,False,no_new_cloud_update,0.0,59,0.0,1.1496946010738611,106,106,0,scheduled,"{""dp_he"": 8, ""dp_only"": 0, ""he_only"": 0, ""neither"": 98}","{""dp_he"": 8, ""dp_only"": 0, ""he_only"": 0, ""neither"": 98}",0.8452522996813059,0.0,100,0.0,4.0,0.3375,2.0057973012924193,0.3435,2.005576473236084,finite,0.011790798977017403,0.014904303476214409,0,0.0,0.0,1.0,0,0.0,0.0,0.0,0.0,0.0,0.0,0.0,0,0.0,0.0,0.0,0.0,0,0,0,0.0,0.0,0,0,0.0
1.0708940979093313,291.30619812483735,0.0,0.0,0.0,0,0,,,0.0,0.0,0.0,0.0,0,0.0,0,not_selected,0,0.0,not_selected,0.017053700983524323,0,0.3375,0.0,0.0,0.0,0.0,0.0,0.0,0,159.23317709937692,0.0,0,0.0,0.0,0.0,0.0,recorded_dp_events_only,released_packet,private_experiment_logs_not_public_dp_outputs,5130,trainable_parameters_v1,tex_packet,0.0,not_established,0.24231349863111973,0.012098599225282669,legacy_per_link_selection,0,0.0,0.0,0.0,0,seal,0,seal_save_size_upper_bound,0,50;40,0.0,0,0,0.0,not_selected,0,0.0,0,0.0,8192,0,0,0,0,40,0,0,0.0,0.0,0,0,0.0,227.46050932544122,0,0.0,0.0,8.000000000001,0.0,0,measured_norm_ratio_not_a_convergence_threshold,1.0724639017134905,84,100,0,0,0,0,0,0,0,0,0,0,1,0.0,0.0,fixed_mode_dynamic_privacy,0.0,0.0,incomplete_cross_domain_protection,local_packet_or_secure_aggregate,cross_domain_model_update,[],observed_operations_not_a_security_proof,False,no_new_cloud_update,0.0,60,0.0,1.0844328999519348,106,106,0,scheduled,"{""dp_he"": 8, ""dp_only"": 0, ""he_only"": 0, ""neither"": 98}","{""dp_he"": 8, ""dp_only"": 0, ""he_only"": 0, ""neither"": 98}",0.7874593008309603,0.0,100,0.0,4.0,0.3375,2.0057973012924193,0.3415,2.0148936223983767,finite,0.011968998238444328,0.013538802042603493,0,0.0,0.0,1.0,0,0.0,0.0,0.0,0.0,0.0,0.0,0.0,0,0.0,0.0,0.0,0.0,0,0,0,0.0,0.0,0,0,0.0
1.1987071000039577,292.209128725406,0.0,0.0,0.0,0,0,,,0.0,0.0,0.0,0.0,0,0.0,0,not_selected,0,0.0,not_selected,0.01786939986050129,0,0.3375,0.0,0.0,0.0,0.0,0.0,0.0,0,160.77284249849617,0.0,0,0.0,0.0,0.0,0.0,recorded_dp_events_only,released_packet,private_experiment_logs_not_public_dp_outputs,5130,trainable_parameters_v1,tex_packet,0.0,not_established,0.25476119853556156,0.011151699349284172,legacy_per_link_selection,0,0.0,0.0,0.0,0,seal,0,seal_save_size_upper_bound,0,50;40,0.0,0,0,0.0,not_selected,0,0.0,0,0.0,8192,0,0,0,0,40,0,0,0.0,0.0,0,0,0.0,227.46050932544122,0,0.0,0.0,8.000000000001,0.0,0,measured_norm_ratio_not_a_convergence_threshold,1.2039378974586725,84,100,0,0,0,0,0,0,0,0,0,0,1,0.0,0.0,fixed_mode_dynamic_privacy,0.0,0.0,incomplete_cross_domain_protection,local_packet_or_secure_aggregate,cross_domain_model_update,[],observed_operations_not_a_security_proof,False,no_new_cloud_update,0.0,61,0.0,1.215932099148631,106,106,0,scheduled,"{""dp_he"": 8, ""dp_only"": 0, ""he_only"": 0, ""neither"": 98}","{""dp_he"": 8, ""dp_only"": 0, ""he_only"": 0, ""neither"": 98}",0.9029306005686522,0.0,100,0.0,4.0,0.3375,2.0057973012924193,0.3495,1.998908124923706,finite,0.011994201689958572,0.017224999144673347,0,0.0,0.0,1.0,0,0.0,0.0,0.0,0.0,0.0,0.0,0.0,0,0.0,0.0,0.0,0.0,0,0,0,0.0,0.0,0,0,0.0
1.083398699760437,293.00231742585845,0.0,0.0,0.0,0,0,,,0.0,0.0,0.0,0.0,0,0.0,0,not_selected,0,0.0,not_selected,0.01924999989569187,0,0.3375,0.0,0.0,0.0,0.0,0.0,0.0,0,162.16740869916975,0.0,0,0.0,0.0,0.0,0.0,recorded_dp_events_only,released_packet,private_experiment_logs_not_public_dp_outputs,5130,trainable_parameters_v1,tex_packet,0.0,not_established,0.24740450084209442,0.011054599657654762,legacy_per_link_selection,0,0.0,0.0,0.0,0,seal,0,seal_save_size_upper_bound,0,50;40,0.0,0,0,0.0,not_selected,0,0.0,0,0.0,8192,0,0,0,0,40,0,0,0.0,0.0,0,0,0.0,227.46050932544122,0,0.0,0.0,8.000000000001,0.0,0,measured_norm_ratio_not_a_convergence_threshold,1.0848427023738623,84,100,0,0,0,0,0,0,0,0,0,0,1,0.0,0.0,fixed_mode_dynamic_privacy,0.0,0.0,incomplete_cross_domain_protection,local_packet_or_secure_aggregate,cross_domain_model_update,[],observed_operations_not_a_security_proof,False,no_new_cloud_update,0.0,62,0.0,1.0973436012864113,106,106,0,scheduled,"{""dp_he"": 8, ""dp_only"": 0, ""he_only"": 0, ""neither"": 98}","{""dp_he"": 8, ""dp_only"": 0, ""he_only"": 0, ""neither"": 98}",0.7931887004524469,0.0,100,0.0,4.0,0.3375,2.0057973012924193,0.326,2.0324229164123535,finite,0.012500898912549019,0.013944901525974274,0,0.0,0.0,1.0,0,0.0,0.0,0.0,0.0,0.0,0.0,0.0,0,0.0,0.0,0.0,0.0,0,0,0,0.0,0.0,0,0,0.0
1.0735580995678902,293.79420682514854,0.0,0.0,0.0,0,0,,,0.0,0.0,0.0,0.0,0,0.0,0,not_selected,0,0.0,not_selected,0.016217101365327835,0,0.3375,0.0,0.0,0.0,0.0,0.0,0.0,0,163.5959367994219,0.0,0,0.0,0.0,0.0,0.0,recorded_dp_events_only,released_packet,private_experiment_logs_not_public_dp_outputs,5130,trainable_parameters_v1,tex_packet,0.0,not_established,0.2431250996887684,0.011445999145507812,legacy_per_link_selection,0,0.0,0.0,0.0,0,seal,0,seal_save_size_upper_bound,0,50;40,0.0,0,0,0.0,not_selected,0,0.0,0,0.0,8192,0,0,0,0,40,0,0,0.0,0.0,0,0,0.0,227.46050932544122,0,0.0,0.0,8.000000000001,0.0,0,measured_norm_ratio_not_a_convergence_threshold,1.0761278998106718,84,100,0,0,0,0,0,0,0,0,0,0,1,0.0,0.0,fixed_mode_dynamic_privacy,0.0,0.0,incomplete_cross_domain_protection,local_packet_or_secure_aggregate,cross_domain_model_update,[],observed_operations_not_a_security_proof,False,no_new_cloud_update,0.0,63,0.0,1.087008399888873,106,106,0,scheduled,"{""dp_he"": 8, ""dp_only"": 0, ""he_only"": 0, ""neither"": 98}","{""dp_he"": 8, ""dp_only"": 0, ""he_only"": 0, ""neither"": 98}",0.7918893992900848,0.0,100,0.0,4.0,0.3375,2.0057973012924193,0.3315,2.003083278656006,finite,0.010880500078201294,0.013450300320982933,0,0.0,0.0,1.0,0,0.0,0.0,0.0,0.0,0.0,0.0,0.0,0,0.0,0.0,0.0,0.0,0,0,0,0.0,0.0,0,0,0.0
1.072638699784875,294.58460852603264,0.0,0.0,0.0,0,0,,,0.0,0.0,0.0,0.0,0,0.0,0,not_selected,0,0.0,not_selected,0.01687919907271862,0,0.3375,0.0,0.0,0.0,0.0,0.0,0.0,0,164.97767999954522,0.0,0,0.0,0.0,0.0,0.0,recorded_dp_events_only,released_packet,private_experiment_logs_not_public_dp_outputs,5130,trainable_parameters_v1,tex_packet,0.0,not_established,0.2434884998947382,0.010527700185775757,legacy_per_link_selection,0,0.0,0.0,0.0,0,seal,0,seal_save_size_upper_bound,0,50;40,0.0,0,0,0.0,not_selected,0,0.0,0,0.0,8192,0,0,0,0,40,0,0,0.0,0.0,0,0,0.0,227.46050932544122,0,0.0,0.0,8.000000000001,0.0,0,measured_norm_ratio_not_a_convergence_threshold,1.0740808993577957,84,100,0,0,0,0,0,0,0,0,0,0,1,0.0,0.0,fixed_mode_dynamic_privacy,0.0,0.0,incomplete_cross_domain_protection,local_packet_or_secure_aggregate,cross_domain_model_update,[],observed_operations_not_a_security_proof,False,no_new_cloud_update,0.0,64,0.0,1.0854224991053343,106,106,0,scheduled,"{""dp_he"": 8, ""dp_only"": 0, ""he_only"": 0, ""neither"": 98}","{""dp_he"": 8, ""dp_only"": 0, ""he_only"": 0, ""neither"": 98}",0.7904017008841038,0.0,100,0.0,4.0,0.3375,2.0057973012924193,0.3185,2.033384521484375,finite,0.011341599747538567,0.012783799320459366,0,0.0,0.0,1.0,0,0.0,0.0,0.0,0.0,0.0,0.0,0.0,0,0.0,0.0,0.0,0.0,0,0,0,0.0,0.0,0,0,0.0
1.1275435015559196,295.4302534266079,0.0,0.0,0.0,0,0,,,0.0,0.0,0.0,0.0,0,0.0,0,not_selected,0,0.0,not_selected,0.016550900414586067,0,0.3375,0.0,0.0,0.0,0.0,0.0,0.0,0,166.4426060989499,0.0,0,0.0,0.0,0.0,0.0,recorded_dp_events_only,released_packet,private_experiment_logs_not_public_dp_outputs,5130,trainable_parameters_v1,tex_packet,0.0,not_established,0.24259390123188496,0.011459000408649445,legacy_per_link_selection,0,0.0,0.0,0.0,0,seal,0,seal_save_size_upper_bound,0,50;40,0.0,0,0,0.0,not_selected,0,0.0,0,0.0,8192,0,0,0,0,40,0,0,0.0,0.0,0,0,0.0,227.46050932544122,0,0.0,0.0,8.000000000001,0.0,0,measured_norm_ratio_not_a_convergence_threshold,1.1304752007126808,84,100,0,0,0,0,0,0,0,0,0,0,1,0.0,0.0,fixed_mode_dynamic_privacy,0.0,0.0,incomplete_cross_domain_protection,local_packet_or_secure_aggregate,cross_domain_model_update,[],observed_operations_not_a_security_proof,False,no_new_cloud_update,0.0,65,0.0,1.1417699996381998,106,106,0,scheduled,"{""dp_he"": 8, ""dp_only"": 0, ""he_only"": 0, ""neither"": 98}","{""dp_he"": 8, ""dp_only"": 0, ""he_only"": 0, ""neither"": 98}",0.8456449005752802,0.0,100,0.0,4.0,0.3375,2.0057973012924193,0.3355,2.0149865951538084,finite,0.01129479892551899,0.014226498082280159,0,0.0,0.0,1.0,0,0.0,0.0,0.0,0.0,0.0,0.0,0.0,0,0.0,0.0,0.0,0.0,0,0,0,0.0,0.0,0,0,0.0
1.1362699996680021,296.27456722694285,0.0,0.0,0.0,0,0,,,0.0,0.0,0.0,0.0,0,0.0,0,not_selected,0,0.0,not_selected,0.019029298797249794,0,0.3375,0.0,0.0,0.0,0.0,0.0,0.0,0,167.94434960000217,0.0,0,0.0,0.0,0.0,0.0,recorded_dp_events_only,released_packet,private_experiment_logs_not_public_dp_outputs,5130,trainable_parameters_v1,tex_packet,0.0,not_established,0.24822119995951653,0.012347700074315071,legacy_per_link_selection,0,0.0,0.0,0.0,0,seal,0,seal_save_size_upper_bound,0,50;40,0.0,0,0,0.0,not_selected,0,0.0,0,0.0,8192,0,0,0,0,40,0,0,0.0,0.0,0,0,0.0,227.46050932544122,0,0.0,0.0,8.000000000001,0.0,0,measured_norm_ratio_not_a_convergence_threshold,1.1383686996996403,84,100,0,0,0,0,0,0,0,0,0,0,1,0.0,0.0,fixed_mode_dynamic_privacy,0.0,0.0,incomplete_cross_domain_protection,local_packet_or_secure_aggregate,cross_domain_model_update,[],observed_operations_not_a_security_proof,False,no_new_cloud_update,0.0,66,0.0,1.1507267002016306,106,106,0,scheduled,"{""dp_he"": 8, ""dp_only"": 0, ""he_only"": 0, ""neither"": 98}","{""dp_he"": 8, ""dp_only"": 0, ""he_only"": 0, ""neither"": 98}",0.8443138003349304,0.0,100,0.0,4.0,0.3375,2.0057973012924193,0.322,2.021433647155762,finite,0.012358000501990318,0.014456700533628464,0,0.0,0.0,1.0,0,0.0,0.0,0.0,0.0,0.0,0.0,0.0,0,0.0,0.0,0.0,0.0,0,0,0,0.0,0.0,0,0,0.0
1.0719316992908716,297.0601650262887,0.0,0.0,0.0,0,0,,,0.0,0.0,0.0,0.0,0,0.0,0,not_selected,0,0.0,not_selected,0.017095699906349182,0,0.3375,0.0,0.0,0.0,0.0,0.0,0.0,0,169.32848249934614,0.0,0,0.0,0.0,0.0,0.0,recorded_dp_events_only,released_packet,private_experiment_logs_not_public_dp_outputs,5130,trainable_parameters_v1,tex_packet,0.0,not_established,0.24726800061762333,0.010711999610066414,legacy_per_link_selection,0,0.0,0.0,0.0,0,seal,0,seal_save_size_upper_bound,0,50;40,0.0,0,0,0.0,not_selected,0,0.0,0,0.0,8192,0,0,0,0,40,0,0,0.0,0.0,0,0,0.0,227.46050932544122,0,0.0,0.0,8.000000000001,0.0,0,measured_norm_ratio_not_a_convergence_threshold,1.0745820011943579,84,100,0,0,0,0,0,0,0,0,0,0,1,0.0,0.0,fixed_mode_dynamic_privacy,0.0,0.0,incomplete_cross_domain_protection,local_packet_or_secure_aggregate,cross_domain_model_update,[],observed_operations_not_a_security_proof,False,no_new_cloud_update,0.0,67,0.0,1.0858402010053396,106,106,0,scheduled,"{""dp_he"": 8, ""dp_only"": 0, ""he_only"": 0, ""neither"": 98}","{""dp_he"": 8, ""dp_only"": 0, ""he_only"": 0, ""neither"": 98}",0.785597799345851,0.0,100,0.0,4.0,0.3375,2.0057973012924193,0.328,2.0093050632476808,finite,0.01125819981098175,0.013908501714468002,0,0.0,0.0,1.0,0,0.0,0.0,0.0,0.0,0.0,0.0,0.0,0,0.0,0.0,0.0,0.0,0,0,0,0.0,0.0,0,0,0.0
1.133798798546195,297.8732388253028,0.0,0.0,0.0,0,0,,,0.0,0.0,0.0,0.0,0,0.0,0,not_selected,0,0.0,not_selected,0.02286989986896515,0,0.3375,0.0,0.0,0.0,0.0,0.0,0.0,0,170.7970952987671,0.0,0,0.0,0.0,0.0,0.0,recorded_dp_events_only,released_packet,private_experiment_logs_not_public_dp_outputs,5130,trainable_parameters_v1,tex_packet,0.0,not_established,0.2683630008250475,0.01556910015642643,legacy_per_link_selection,0,0.0,0.0,0.0,0,seal,0,seal_save_size_upper_bound,0,50;40,0.0,0,0,0.0,not_selected,0,0.0,0,0.0,8192,0,0,0,0,40,0,0,0.0,0.0,0,0,0.0,227.46050932544122,0,0.0,0.0,8.000000000001,0.0,0,measured_norm_ratio_not_a_convergence_threshold,1.1389121022075415,84,100,0,0,0,0,0,0,0,0,0,0,1,0.0,0.0,fixed_mode_dynamic_privacy,0.0,0.0,incomplete_cross_domain_protection,local_packet_or_secure_aggregate,cross_domain_model_update,[],observed_operations_not_a_security_proof,False,no_new_cloud_update,0.0,68,0.0,1.152835100889206,106,106,0,scheduled,"{""dp_he"": 8, ""dp_only"": 0, ""he_only"": 0, ""neither"": 98}","{""dp_he"": 8, ""dp_only"": 0, ""he_only"": 0, ""neither"": 98}",0.8130737990140915,0.0,100,0.0,4.0,0.3375,2.0057973012924193,0.313,2.0227866725921633,finite,0.013922998681664467,0.019036302343010902,0,0.0,0.0,1.0,0,0.0,0.0,0.0,0.0,0.0,0.0,0.0,0,0.0,0.0,0.0,0.0,0,0,0,0.0,0.0,0,0,0.0
1.132168898358941,298.6954150247092,0.0,0.0,0.0,0,0,,,0.0,0.0,0.0,0.0,0,0.0,0,not_selected,0,0.0,not_selected,0.019039800390601158,0,0.3375,0.0,0.0,0.0,0.0,0.0,0.0,0,172.31564599834383,0.0,0,0.0,0.0,0.0,0.0,recorded_dp_events_only,released_packet,private_experiment_logs_not_public_dp_outputs,5130,trainable_parameters_v1,tex_packet,0.0,not_established,0.26740099862217903,0.011495200917124748,legacy_per_link_selection,0,0.0,0.0,0.0,0,seal,0,seal_save_size_upper_bound,0,50;40,0.0,0,0,0.0,not_selected,0,0.0,0,0.0,8192,0,0,0,0,40,0,0,0.0,0.0,0,0,0.0,227.46050932544122,0,0.0,0.0,8.000000000001,0.0,0,measured_norm_ratio_not_a_convergence_threshold,1.1346105001866817,84,100,0,0,0,0,0,0,0,0,0,0,1,0.0,0.0,fixed_mode_dynamic_privacy,0.0,0.0,incomplete_cross_domain_protection,local_packet_or_secure_aggregate,cross_domain_model_update,[],observed_operations_not_a_security_proof,False,no_new_cloud_update,0.0,69,0.0,1.1466671992093325,106,106,0,scheduled,"{""dp_he"": 8, ""dp_only"": 0, ""he_only"": 0, ""neither"": 98}","{""dp_he"": 8, ""dp_only"": 0, ""he_only"": 0, ""neither"": 98}",0.8221761994063854,0.0,100,0.0,4.0,0.3375,2.0057973012924193,0.3095,2.03346311378479,finite,0.012056699022650719,0.014498300850391388,0,0.0,0.0,1.0,0,0.0,0.0,0.0,0.0,0.0,0.0,0.0,0,0.0,0.0,0.0,0.0,0,0,0,0.0,0.0,0,0,0.0
1.2927871998399496,299.4998958251143,0.0,0.0,0.0,0,0,,,0.0,0.0,0.0,0.0,0,0.0,0,not_selected,0,0.0,not_selected,0.01635720022022724,0,0.3375,0.0,0.0,0.0,0.0,0.0,0.0,0,173.98590689897537,0.0,0,0.0,0.0,0.0,0.0,recorded_dp_events_only,released_packet,private_experiment_logs_not_public_dp_outputs,5130,trainable_parameters_v1,tex_packet,0.0,not_established,0.45019320026040077,0.011153699830174446,legacy_per_link_selection,0,0.0,0.0,0.0,0,seal,0,seal_save_size_upper_bound,0,50;40,0.0,0,0,0.0,not_selected,0,0.0,0,0.0,8192,0,0,0,0,40,0,0,0.0,0.0,0,0,0.0,227.46050932544122,0,0.0,0.0,8.000000000001,0.0,0,measured_norm_ratio_not_a_convergence_threshold,1.2961069010198116,84,100,0,0,0,0,0,0,0,0,0,0,1,0.0,0.0,fixed_mode_dynamic_privacy,0.0,0.0,incomplete_cross_domain_protection,local_packet_or_secure_aggregate,cross_domain_model_update,[],observed_operations_not_a_security_proof,False,no_new_cloud_update,0.0,70,0.0,1.306709200143814,106,106,0,scheduled,"{""dp_he"": 8, ""dp_only"": 0, ""he_only"": 0, ""neither"": 98}","{""dp_he"": 8, ""dp_only"": 0, ""he_only"": 0, ""neither"": 98}",0.8044808004051447,0.0,100,0.0,4.0,0.3375,2.0057973012924193,0.317,2.0219420394897463,finite,0.010602299124002457,0.013922000303864479,0,0.0,0.0,1.0,0,0.0,0.0,0.0,0.0,0.0,0.0,0.0,0,0.0,0.0,0.0,0.0,0,0,0,0.0,0.0,0,0,0.0
1.0659791994839907,300.2754829237873,0.0,0.0,0.0,0,0,,,0.0,0.0,0.0,0.0,0,0.0,0,not_selected,0,0.0,not_selected,0.017553500831127167,0,0.3375,0.0,0.0,0.0,0.0,0.0,0.0,0,175.38199129886925,0.0,0,0.0,0.0,0.0,0.0,recorded_dp_events_only,released_packet,private_experiment_logs_not_public_dp_outputs,5130,trainable_parameters_v1,tex_packet,0.0,not_established,0.250577999278903,0.010817401111125946,legacy_per_link_selection,0,0.0,0.0,0.0,0,seal,0,seal_save_size_upper_bound,0,50;40,0.0,0,0,0.0,not_selected,0,0.0,0,0.0,8192,0,0,0,0,40,0,0,0.0,0.0,0,0,0.0,227.46050932544122,0,0.0,0.0,8.000000000001,0.0,0,measured_norm_ratio_not_a_convergence_threshold,1.0680128000676632,84,100,0,0,0,0,0,0,0,0,0,0,1,0.0,0.0,fixed_mode_dynamic_privacy,0.0,0.0,incomplete_cross_domain_protection,local_packet_or_secure_aggregate,cross_domain_model_update,[],observed_operations_not_a_security_proof,False,no_new_cloud_update,0.0,71,0.0,1.0794559996575117,106,106,0,scheduled,"{""dp_he"": 8, ""dp_only"": 0, ""he_only"": 0, ""neither"": 98}","{""dp_he"": 8, ""dp_only"": 0, ""he_only"": 0, ""neither"": 98}",0.775587098672986,0.0,100,0.0,4.0,0.3375,2.0057973012924193,0.344,2.0132136497497557,finite,0.011443199589848518,0.013476800173521042,0,0.0,0.0,1.0,0,0.0,0.0,0.0,0.0,0.0,0.0,0.0,0,0.0,0.0,0.0,0.0,0,0,0,0.0,0.0,0,0,0.0
1.120498899370432,301.11375652353115,0.0,0.0,0.0,0,0,,,0.0,0.0,0.0,0.0,0,0.0,0,not_selected,0,0.0,not_selected,0.017034700140357018,0,0.3375,0.0,0.0,0.0,0.0,0.0,0.0,0,176.8450408000499,0.0,0,0.0,0.0,0.0,0.0,recorded_dp_events_only,released_packet,private_experiment_logs_not_public_dp_outputs,5130,trainable_parameters_v1,tex_packet,0.0,not_established,0.24266299977898598,0.011692799627780914,legacy_per_link_selection,0,0.0,0.0,0.0,0,seal,0,seal_save_size_upper_bound,0,50;40,0.0,0,0,0.0,not_selected,0,0.0,0,0.0,8192,0,0,0,0,40,0,0,0.0,0.0,0,0,0.0,227.46050932544122,0,0.0,0.0,8.000000000001,0.0,0,measured_norm_ratio_not_a_convergence_threshold,1.1228509992361069,84,100,0,0,0,0,0,0,0,0,0,0,1,0.0,0.0,fixed_mode_dynamic_privacy,0.0,0.0,incomplete_cross_domain_protection,local_packet_or_secure_aggregate,cross_domain_model_update,[],observed_operations_not_a_security_proof,False,no_new_cloud_update,0.0,72,0.0,1.1336857993155718,106,106,0,scheduled,"{""dp_he"": 8, ""dp_only"": 0, ""he_only"": 0, ""neither"": 98}","{""dp_he"": 8, ""dp_only"": 0, ""he_only"": 0, ""neither"": 98}",0.8382735997438431,0.0,100,0.0,4.0,0.3375,2.0057973012924193,0.3275,2.0210843210220335,finite,0.010834800079464912,0.013186899945139885,0,0.0,0.0,1.0,0,0.0,0.0,0.0,0.0,0.0,0.0,0.0,0,0.0,0.0,0.0,0.0,0,0,0,0.0,0.0,0,0,0.0
1.1232858020812273,301.9487134246791,0.0,0.0,0.0,0,0,,,0.0,0.0,0.0,0.0,0,0.0,0,not_selected,0,0.0,not_selected,0.01752839982509613,0,0.3375,0.0,0.0,0.0,0.0,0.0,0.0,0,178.31648289971054,0.0,0,0.0,0.0,0.0,0.0,recorded_dp_events_only,released_packet,private_experiment_logs_not_public_dp_outputs,5130,trainable_parameters_v1,tex_packet,0.0,not_established,0.2450133003294468,0.015262801200151443,legacy_per_link_selection,0,0.0,0.0,0.0,0,seal,0,seal_save_size_upper_bound,0,50;40,0.0,0,0,0.0,not_selected,0,0.0,0,0.0,8192,0,0,0,0,40,0,0,0.0,0.0,0,0,0.0,227.46050932544122,0,0.0,0.0,8.000000000001,0.0,0,measured_norm_ratio_not_a_convergence_threshold,1.1267473008483648,84,100,0,0,0,0,0,0,0,0,0,0,1,0.0,0.0,fixed_mode_dynamic_privacy,0.0,0.0,incomplete_cross_domain_protection,local_packet_or_secure_aggregate,cross_domain_model_update,[],observed_operations_not_a_security_proof,False,no_new_cloud_update,0.0,73,0.0,1.1372717004269361,106,106,0,scheduled,"{""dp_he"": 8, ""dp_only"": 0, ""he_only"": 0, ""neither"": 98}","{""dp_he"": 8, ""dp_only"": 0, ""he_only"": 0, ""neither"": 98}",0.8349569011479616,0.0,100,0.0,4.0,0.3375,2.0057973012924193,0.3255,2.026724769592285,finite,0.01052439957857132,0.013985898345708847,0,0.0,0.0,1.0,0,0.0,0.0,0.0,0.0,0.0,0.0,0.0,0,0.0,0.0,0.0,0.0,0,0,0,0.0,0.0,0,0,0.0
1.069376701489091,302.7328099245841,0.0,0.0,0.0,0,0,,,0.0,0.0,0.0,0.0,0,0.0,0,not_selected,0,0.0,not_selected,0.016876399517059326,0,0.3375,0.0,0.0,0.0,0.0,0.0,0.0,0,179.72567279823124,0.0,0,0.0,0.0,0.0,0.0,recorded_dp_events_only,released_packet,private_experiment_logs_not_public_dp_outputs,5130,trainable_parameters_v1,tex_packet,0.0,not_established,0.24636320024728775,0.01057090051472187,legacy_per_link_selection,0,0.0,0.0,0.0,0,seal,0,seal_save_size_upper_bound,0,50;40,0.0,0,0,0.0,not_selected,0,0.0,0,0.0,8192,0,0,0,0,40,0,0,0.0,0.0,0,0,0.0,227.46050932544122,0,0.0,0.0,8.000000000001,0.0,0,measured_norm_ratio_not_a_convergence_threshold,1.0730288978666067,84,100,0,0,0,0,0,0,0,0,0,0,1,0.0,0.0,fixed_mode_dynamic_privacy,0.0,0.0,incomplete_cross_domain_protection,local_packet_or_secure_aggregate,cross_domain_model_update,[],observed_operations_not_a_security_proof,False,no_new_cloud_update,0.0,74,0.0,1.0844985991716385,106,106,0,scheduled,"{""dp_he"": 8, ""dp_only"": 0, ""he_only"": 0, ""neither"": 98}","{""dp_he"": 8, ""dp_only"": 0, ""he_only"": 0, ""neither"": 98}",0.7840964999049902,0.0,100,0.0,4.0,0.3375,2.0057973012924193,0.305,2.037538879394531,finite,0.011469701305031776,0.01512189768254757,0,0.0,0.0,1.0,0,0.0,0.0,0.0,0.0,0.0,0.0,0.0,0,0.0,0.0,0.0,0.0,0,0,0,0.0,0.0,0,0,0.0
1.1163638029247522,303.5600340245927,0.0,0.0,0.0,0,0,,,0.0,0.0,0.0,0.0,0,0.0,0,not_selected,0,0.0,not_selected,0.017851900309324265,0,0.3375,0.0,0.0,0.0,0.0,0.0,0.0,0,181.17809649929404,0.0,0,0.0,0.0,0.0,0.0,recorded_dp_events_only,released_packet,private_experiment_logs_not_public_dp_outputs,5130,trainable_parameters_v1,tex_packet,0.0,not_established,0.2456114012748003,0.011426400393247604,legacy_per_link_selection,0,0.0,0.0,0.0,0,seal,0,seal_save_size_upper_bound,0,50;40,0.0,0,0,0.0,not_selected,0,0.0,0,0.0,8192,0,0,0,0,40,0,0,0.0,0.0,0,0,0.0,227.46050932544122,0,0.0,0.0,8.000000000001,0.0,0,measured_norm_ratio_not_a_convergence_threshold,1.120431600138545,84,100,0,0,0,0,0,0,0,0,0,0,1,0.0,0.0,fixed_mode_dynamic_privacy,0.0,0.0,incomplete_cross_domain_protection,local_packet_or_secure_aggregate,cross_domain_model_update,[],observed_operations_not_a_security_proof,False,no_new_cloud_update,0.0,75,0.0,1.1346816010773182,106,106,0,scheduled,"{""dp_he"": 8, ""dp_only"": 0, ""he_only"": 0, ""neither"": 98}","{""dp_he"": 8, ""dp_only"": 0, ""he_only"": 0, ""neither"": 98}",0.8272241000086069,0.0,100,0.0,4.0,0.3375,2.0057973012924193,0.3285,2.0170714626312254,finite,0.014250000938773155,0.018317798152565956,0,0.0,0.0,1.0,0,0.0,0.0,0.0,0.0,0.0,0.0,0.0,0,0.0,0.0,0.0,0.0,0,0,0,0.0,0.0,0,0,0.0
1.1988692004233599,304.4553358248139,0.0,0.0,0.0,0,0,,,0.0,0.0,0.0,0.0,0,0.0,0,not_selected,0,0.0,not_selected,0.019806599244475365,0,0.3375,0.0,0.0,0.0,0.0,0.0,0.0,0,182.72677259892225,0.0,0,0.0,0.0,0.0,0.0,recorded_dp_events_only,released_packet,private_experiment_logs_not_public_dp_outputs,5130,trainable_parameters_v1,tex_packet,0.0,not_established,0.2569844014942646,0.012535599991679192,legacy_per_link_selection,0,0.0,0.0,0.0,0,seal,0,seal_save_size_upper_bound,0,50;40,0.0,0,0,0.0,not_selected,0,0.0,0,0.0,8192,0,0,0,0,40,0,0,0.0,0.0,0,0,0.0,227.46050932544122,0,0.0,0.0,8.000000000001,0.0,0,measured_norm_ratio_not_a_convergence_threshold,1.2028225995600224,84,100,0,0,0,0,0,0,0,0,0,0,1,0.0,0.0,fixed_mode_dynamic_privacy,0.0,0.0,incomplete_cross_domain_protection,local_packet_or_secure_aggregate,cross_domain_model_update,[],observed_operations_not_a_security_proof,False,no_new_cloud_update,0.0,76,0.0,1.2170633990317583,106,106,0,scheduled,"{""dp_he"": 8, ""dp_only"": 0, ""he_only"": 0, ""neither"": 98}","{""dp_he"": 8, ""dp_only"": 0, ""he_only"": 0, ""neither"": 98}",0.8953018002212048,0.0,100,0.0,4.0,0.3375,2.0057973012924193,0.3295,2.0165868034362795,finite,0.014240799471735954,0.018194198608398438,0,0.0,0.0,1.0,0,0.0,0.0,0.0,0.0,0.0,0.0,0.0,0,0.0,0.0,0.0,0.0,0,0,0,0.0,0.0,0,0,0.0
1.0703045018017292,305.2415341260547,0.0,0.0,0.0,0,0,,,0.0,0.0,0.0,0.0,0,0.0,0,not_selected,0,0.0,not_selected,0.01726270094513893,0,0.3375,0.0,0.0,0.0,0.0,0.0,0.0,0,184.1490121986717,0.0,0,0.0,0.0,0.0,0.0,recorded_dp_events_only,released_packet,private_experiment_logs_not_public_dp_outputs,5130,trainable_parameters_v1,tex_packet,0.0,not_established,0.24461250007152557,0.010354900732636452,legacy_per_link_selection,0,0.0,0.0,0.0,0,seal,0,seal_save_size_upper_bound,0,50;40,0.0,0,0,0.0,not_selected,0,0.0,0,0.0,8192,0,0,0,0,40,0,0,0.0,0.0,0,0,0.0,227.46050932544122,0,0.0,0.0,8.000000000001,0.0,0,measured_norm_ratio_not_a_convergence_threshold,1.071577399969101,84,100,0,0,0,0,0,0,0,0,0,0,1,0.0,0.0,fixed_mode_dynamic_privacy,0.0,0.0,incomplete_cross_domain_protection,local_packet_or_secure_aggregate,cross_domain_model_update,[],observed_operations_not_a_security_proof,False,no_new_cloud_update,0.0,77,0.0,1.0834534987807274,106,106,0,scheduled,"{""dp_he"": 8, ""dp_only"": 0, ""he_only"": 0, ""neither"": 98}","{""dp_he"": 8, ""dp_only"": 0, ""he_only"": 0, ""neither"": 98}",0.7861983012408018,0.0,100,0.0,4.0,0.3375,2.0057973012924193,0.3295,2.0220116968154906,finite,0.011876098811626434,0.013148996978998184,0,0.0,0.0,1.0,0,0.0,0.0,0.0,0.0,0.0,0.0,0.0,0,0.0,0.0,0.0,0.0,0,0,0,0.0,0.0,0,0,0.0
1.0778131000697613,306.02820812637754,0.0,0.0,0.0,0,0,,,0.0,0.0,0.0,0.0,0,0.0,0,not_selected,0,0.0,not_selected,0.01737849973142147,0,0.3375,0.0,0.0,0.0,0.0,0.0,0.0,0,185.5559169985354,0.0,0,0.0,0.0,0.0,0.0,recorded_dp_events_only,released_packet,private_experiment_logs_not_public_dp_outputs,5130,trainable_parameters_v1,tex_packet,0.0,not_established,0.25051469914615154,0.01181890070438385,legacy_per_link_selection,0,0.0,0.0,0.0,0,seal,0,seal_save_size_upper_bound,0,50;40,0.0,0,0,0.0,not_selected,0,0.0,0,0.0,8192,0,0,0,0,40,0,0,0.0,0.0,0,0,0.0,227.46050932544122,0,0.0,0.0,8.000000000001,0.0,0,measured_norm_ratio_not_a_convergence_threshold,1.081030698493123,84,100,0,0,0,0,0,0,0,0,0,0,1,0.0,0.0,fixed_mode_dynamic_privacy,0.0,0.0,incomplete_cross_domain_protection,local_packet_or_secure_aggregate,cross_domain_model_update,[],observed_operations_not_a_security_proof,False,no_new_cloud_update,0.0,78,0.0,1.0924576986581087,106,106,0,scheduled,"{""dp_he"": 8, ""dp_only"": 0, ""he_only"": 0, ""neither"": 98}","{""dp_he"": 8, ""dp_only"": 0, ""he_only"": 0, ""neither"": 98}",0.7866740003228188,0.0,100,0.0,4.0,0.3375,2.0057973012924193,0.3245,2.022113391876221,finite,0.011427000164985657,0.014644598588347435,0,0.0,0.0,1.0,0,0.0,0.0,0.0,0.0,0.0,0.0,0.0,0,0.0,0.0,0.0,0.0,0,0,0,0.0,0.0,0,0,0.0
1.0697023011744022,306.813578526553,0.0,0.0,0.0,0,0,,,0.0,0.0,0.0,0.0,0,0.0,0,not_selected,0,0.0,not_selected,0.016914699226617813,0,0.3375,0.0,0.0,0.0,0.0,0.0,0.0,0,187.0095220990479,0.0,0,0.0,0.0,0.0,0.0,recorded_dp_events_only,released_packet,private_experiment_logs_not_public_dp_outputs,5130,trainable_parameters_v1,tex_packet,0.0,not_established,0.24443640001118183,0.011346301063895226,legacy_per_link_selection,0,0.0,0.0,0.0,0,seal,0,seal_save_size_upper_bound,0,50;40,0.0,0,0,0.0,not_selected,0,0.0,0,0.0,8192,0,0,0,0,40,0,0,0.0,0.0,0,0,0.0,227.46050932544122,0,0.0,0.0,8.000000000001,0.0,0,measured_norm_ratio_not_a_convergence_threshold,1.072816800326109,84,100,0,0,0,0,0,0,0,0,0,0,1,0.0,0.0,fixed_mode_dynamic_privacy,0.0,0.0,incomplete_cross_domain_protection,local_packet_or_secure_aggregate,cross_domain_model_update,[],observed_operations_not_a_security_proof,False,no_new_cloud_update,0.0,79,0.0,1.084451301023364,106,106,0,scheduled,"{""dp_he"": 8, ""dp_only"": 0, ""he_only"": 0, ""neither"": 98}","{""dp_he"": 8, ""dp_only"": 0, ""he_only"": 0, ""neither"": 98}",0.7853704001754522,0.0,100,0.0,4.0,0.3375,2.0057973012924193,0.318,2.023823871612549,finite,0.011634500697255135,0.01474899984896183,0,0.0,0.0,1.0,0,0.0,0.0,0.0,0.0,0.0,0.0,0.0,0,0.0,0.0,0.0,0.0,0,0,0,0.0,0.0,0,0,0.0
1.1143518034368753,307.6376066273714,0.0,0.0,0.0,0,0,,,0.0,0.0,0.0,0.0,0,0.0,0,not_selected,0,0.0,not_selected,0.02293810062110424,0,0.3375,0.0,0.0,0.0,0.0,0.0,0.0,0,188.5214572995901,0.0,0,0.0,0.0,0.0,0.0,recorded_dp_events_only,released_packet,private_experiment_logs_not_public_dp_outputs,5130,trainable_parameters_v1,tex_packet,0.0,not_established,0.24429270066320896,0.011813400313258171,legacy_per_link_selection,0,0.0,0.0,0.0,0,seal,0,seal_save_size_upper_bound,0,50;40,0.0,0,0,0.0,not_selected,0,0.0,0,0.0,8192,0,0,0,0,40,0,0,0.0,0.0,0,0,0.0,227.46050932544122,0,0.0,0.0,8.000000000001,0.0,0,measured_norm_ratio_not_a_convergence_threshold,1.1168048977851868,84,100,0,0,0,0,0,0,0,0,0,0,1,0.0,0.0,fixed_mode_dynamic_privacy,0.0,0.0,incomplete_cross_domain_protection,local_packet_or_secure_aggregate,cross_domain_model_update,[],observed_operations_not_a_security_proof,False,no_new_cloud_update,0.0,80,0.0,1.1280843988060951,106,106,0,scheduled,"{""dp_he"": 8, ""dp_only"": 0, ""he_only"": 0, ""neither"": 98}","{""dp_he"": 8, ""dp_only"": 0, ""he_only"": 0, ""neither"": 98}",0.8240281008183956,0.0,100,0.0,4.0,0.3375,2.0057973012924193,0.3275,2.0176829519271853,finite,0.011279501020908356,0.01373259536921978,0,0.0,0.0,1.0,0,0.0,0.0,0.0,0.0,0.0,0.0,0.0,0,0.0,0.0,0.0,0.0,0,0,0,0.0,0.0,0,0,0.0
1.9292201027274132,309.06954712706454,0.0,0.0,0.0,0,0,,,0.0,0.0,0.0,0.0,0,0.0,0,not_selected,0,0.0,not_selected,0.02446330152451992,0,0.3375,0.0,0.0,0.0,0.0,0.0,0.0,0,190.80039809830487,0.0,0,0.0,0.0,0.0,0.0,recorded_dp_events_only,released_packet,private_experiment_logs_not_public_dp_outputs,5130,trainable_parameters_v1,tex_packet,0.0,not_established,0.44851670041680336,0.012193100526928902,legacy_per_link_selection,0,0.0,0.0,0.0,0,seal,0,seal_save_size_upper_bound,0,50;40,0.0,0,0,0.0,not_selected,0,0.0,0,0.0,8192,0,0,0,0,40,0,0,0.0,0.0,0,0,0.0,227.46050932544122,0,0.0,0.0,8.000000000001,0.0,0,measured_norm_ratio_not_a_convergence_threshold,1.9318732991814613,84,100,0,0,0,0,0,0,0,0,0,0,1,0.0,0.0,fixed_mode_dynamic_privacy,0.0,0.0,incomplete_cross_domain_protection,local_packet_or_secure_aggregate,cross_domain_model_update,[],observed_operations_not_a_security_proof,False,no_new_cloud_update,0.0,81,0.0,1.943979799747467,106,106,0,scheduled,"{""dp_he"": 8, ""dp_only"": 0, ""he_only"": 0, ""neither"": 98}","{""dp_he"": 8, ""dp_only"": 0, ""he_only"": 0, ""neither"": 98}",1.4319404996931553,0.0,100,0.0,4.0,0.3375,2.0057973012924193,0.3275,2.0122478885650636,finite,0.012106500566005707,0.014759697020053864,0,0.0,0.0,1.0,0,0.0,0.0,0.0,0.0,0.0,0.0,0.0,0,0.0,0.0,0.0,0.0,0,0,0,0.0,0.0,0,0,0.0
1.1022354997694492,309.8777546277905,0.0,0.0,0.0,0,0,,,0.0,0.0,0.0,0.0,0,0.0,0,not_selected,0,0.0,not_selected,0.01706009916961193,0,0.3375,0.0,0.0,0.0,0.0,0.0,0.0,0,192.26472890004516,0.0,0,0.0,0.0,0.0,0.0,recorded_dp_events_only,released_packet,private_experiment_logs_not_public_dp_outputs,5130,trainable_parameters_v1,tex_packet,0.0,not_established,0.2540137991309166,0.010870400816202164,legacy_per_link_selection,0,0.0,0.0,0.0,0,seal,0,seal_save_size_upper_bound,0,50;40,0.0,0,0,0.0,not_selected,0,0.0,0,0.0,8192,0,0,0,0,40,0,0,0.0,0.0,0,0,0.0,227.46050932544122,0,0.0,0.0,8.000000000001,0.0,0,measured_norm_ratio_not_a_convergence_threshold,1.1032351013273,84,100,0,0,0,0,0,0,0,0,0,0,1,0.0,0.0,fixed_mode_dynamic_privacy,0.0,0.0,incomplete_cross_domain_protection,local_packet_or_secure_aggregate,cross_domain_model_update,[],observed_operations_not_a_security_proof,False,no_new_cloud_update,0.0,82,0.0,1.115318801254034,106,106,0,scheduled,"{""dp_he"": 8, ""dp_only"": 0, ""he_only"": 0, ""neither"": 98}","{""dp_he"": 8, ""dp_only"": 0, ""he_only"": 0, ""neither"": 98}",0.8082075007259846,0.0,100,0.0,4.0,0.3375,2.0057973012924193,0.3245,2.02056272983551,finite,0.01208369992673397,0.013083301484584808,0,0.0,0.0,1.0,0,0.0,0.0,0.0,0.0,0.0,0.0,0.0,0,0.0,0.0,0.0,0.0,0,0,0,0.0,0.0,0,0,0.0
1.1598353013396263,310.7550975280518,0.0,0.0,0.0,0,0,,,0.0,0.0,0.0,0.0,0,0.0,0,not_selected,0,0.0,not_selected,0.016368700191378593,0,0.3375,0.0,0.0,0.0,0.0,0.0,0.0,0,193.81340439990163,0.0,0,0.0,0.0,0.0,0.0,recorded_dp_events_only,released_packet,private_experiment_logs_not_public_dp_outputs,5130,trainable_parameters_v1,tex_packet,0.0,not_established,0.2427556999027729,0.011591300368309021,legacy_per_link_selection,0,0.0,0.0,0.0,0,seal,0,seal_save_size_upper_bound,0,50;40,0.0,0,0,0.0,not_selected,0,0.0,0,0.0,8192,0,0,0,0,40,0,0,0.0,0.0,0,0,0.0,227.46050932544122,0,0.0,0.0,8.000000000001,0.0,0,measured_norm_ratio_not_a_convergence_threshold,1.1633678004145622,84,100,0,0,0,0,0,0,0,0,0,0,1,0.0,0.0,fixed_mode_dynamic_privacy,0.0,0.0,incomplete_cross_domain_protection,local_packet_or_secure_aggregate,cross_domain_model_update,[],observed_operations_not_a_security_proof,False,no_new_cloud_update,0.0,83,0.0,1.175144501030445,106,106,0,scheduled,"{""dp_he"": 8, ""dp_only"": 0, ""he_only"": 0, ""neither"": 98}","{""dp_he"": 8, ""dp_only"": 0, ""he_only"": 0, ""neither"": 98}",0.8773429002612829,0.0,100,0.0,4.0,0.3375,2.0057973012924193,0.309,2.0390483627319336,finite,0.011776700615882874,0.015309199690818787,0,0.0,0.0,1.0,0,0.0,0.0,0.0,0.0,0.0,0.0,0.0,0,0.0,0.0,0.0,0.0,0,0,0,0.0,0.0,0,0,0.0
1.0551326014101505,311.524423028406,0.0,0.0,0.0,0,0,,,0.0,0.0,0.0,0.0,0,0.0,0,not_selected,0,0.0,not_selected,0.017068801447749138,0,0.3375,0.0,0.0,0.0,0.0,0.0,0.0,0,195.21352239884436,0.0,0,0.0,0.0,0.0,0.0,recorded_dp_events_only,released_packet,private_experiment_logs_not_public_dp_outputs,5130,trainable_parameters_v1,tex_packet,0.0,not_established,0.24608339928090572,0.010686399415135384,legacy_per_link_selection,0,0.0,0.0,0.0,0,seal,0,seal_save_size_upper_bound,0,50;40,0.0,0,0,0.0,not_selected,0,0.0,0,0.0,8192,0,0,0,0,40,0,0,0.0,0.0,0,0,0.0,227.46050932544122,0,0.0,0.0,8.000000000001,0.0,0,measured_norm_ratio_not_a_convergence_threshold,1.0569202993065119,84,100,0,0,0,0,0,0,0,0,0,0,1,0.0,0.0,fixed_mode_dynamic_privacy,0.0,0.0,incomplete_cross_domain_protection,local_packet_or_secure_aggregate,cross_domain_model_update,[],observed_operations_not_a_security_proof,False,no_new_cloud_update,0.0,84,0.0,1.0688888002187014,106,106,0,scheduled,"{""dp_he"": 8, ""dp_only"": 0, ""he_only"": 0, ""neither"": 98}","{""dp_he"": 8, ""dp_only"": 0, ""he_only"": 0, ""neither"": 98}",0.7693255003541708,0.0,100,0.0,4.0,0.3375,2.0057973012924193,0.324,2.0176007680892942,finite,0.011968500912189484,0.013756198808550835,0,0.0,0.0,1.0,0,0.0,0.0,0.0,0.0,0.0,0.0,0.0,0,0.0,0.0,0.0,0.0,0,0,0,0.0,0.0,0,0,0.0
1.098439296707511,312.34054762783296,0.0,0.0,0.0,0,0,,,0.0,0.0,0.0,0.0,0,0.0,0,not_selected,0,0.0,not_selected,0.01673639938235283,0,0.3375,0.0,0.0,0.0,0.0,0.0,0.0,0,196.71394579857588,0.0,0,0.0,0.0,0.0,0.0,recorded_dp_events_only,released_packet,private_experiment_logs_not_public_dp_outputs,5130,trainable_parameters_v1,tex_packet,0.0,not_established,0.24299699999392033,0.010526198893785477,legacy_per_link_selection,0,0.0,0.0,0.0,0,seal,0,seal_save_size_upper_bound,0,50;40,0.0,0,0,0.0,not_selected,0,0.0,0,0.0,8192,0,0,0,0,40,0,0,0.0,0.0,0,0,0.0,227.46050932544122,0,0.0,0.0,8.000000000001,0.0,0,measured_norm_ratio_not_a_convergence_threshold,1.1009360011667013,84,100,0,0,0,0,0,0,0,0,0,0,1,0.0,0.0,fixed_mode_dynamic_privacy,0.0,0.0,incomplete_cross_domain_protection,local_packet_or_secure_aggregate,cross_domain_model_update,[],observed_operations_not_a_security_proof,False,no_new_cloud_update,0.0,85,0.0,1.1129911001771688,106,106,0,scheduled,"{""dp_he"": 8, ""dp_only"": 0, ""he_only"": 0, ""neither"": 98}","{""dp_he"": 8, ""dp_only"": 0, ""he_only"": 0, ""neither"": 98}",0.8161245994269848,0.0,100,0.0,4.0,0.3375,2.0057973012924193,0.319,2.0218170318603517,finite,0.01205509901046753,0.014551803469657898,0,0.0,0.0,1.0,0,0.0,0.0,0.0,0.0,0.0,0.0,0.0,0,0.0,0.0,0.0,0.0,0,0,0,0.0,0.0,0,0,0.0
1.1485038008540869,313.19754822837956,0.0,0.0,0.0,0,0,,,0.0,0.0,0.0,0.0,0,0.0,0,not_selected,0,0.0,not_selected,0.021059298887848854,0,0.3375,0.0,0.0,0.0,0.0,0.0,0.0,0,198.21815479919314,0.0,0,0.0,0.0,0.0,0.0,recorded_dp_events_only,released_packet,private_experiment_logs_not_public_dp_outputs,5130,trainable_parameters_v1,tex_packet,0.0,not_established,0.24639669992029667,0.01291009970009327,legacy_per_link_selection,0,0.0,0.0,0.0,0,seal,0,seal_save_size_upper_bound,0,50;40,0.0,0,0,0.0,not_selected,0,0.0,0,0.0,8192,0,0,0,0,40,0,0,0.0,0.0,0,0,0.0,227.46050932544122,0,0.0,0.0,8.000000000001,0.0,0,measured_norm_ratio_not_a_convergence_threshold,1.1516761984676123,84,100,0,0,0,0,0,0,0,0,0,0,1,0.0,0.0,fixed_mode_dynamic_privacy,0.0,0.0,incomplete_cross_domain_protection,local_packet_or_secure_aggregate,cross_domain_model_update,[],observed_operations_not_a_security_proof,False,no_new_cloud_update,0.0,86,0.0,1.162813300266862,106,106,0,scheduled,"{""dp_he"": 8, ""dp_only"": 0, ""he_only"": 0, ""neither"": 98}","{""dp_he"": 8, ""dp_only"": 0, ""he_only"": 0, ""neither"": 98}",0.8570006005465984,0.0,100,0.0,4.0,0.3375,2.0057973012924193,0.3395,1.993490358352661,finite,0.011137101799249649,0.01430949941277504,0,0.0,0.0,1.0,0,0.0,0.0,0.0,0.0,0.0,0.0,0.0,0,0.0,0.0,0.0,0.0,0,0,0,0.0,0.0,0,0,0.0
1.0678891018033028,313.97955862904735,0.0,0.0,0.0,0,0,,,0.0,0.0,0.0,0.0,0,0.0,0,not_selected,0,0.0,not_selected,0.021879000589251518,0,0.3375,0.0,0.0,0.0,0.0,0.0,0.0,0,200.04062469862401,0.0,0,0.0,0.0,0.0,0.0,recorded_dp_events_only,released_packet,private_experiment_logs_not_public_dp_outputs,5130,trainable_parameters_v1,tex_packet,0.0,not_established,0.2425548005849123,0.01001960039138794,legacy_per_link_selection,0,0.0,0.0,0.0,0,seal,0,seal_save_size_upper_bound,0,50;40,0.0,0,0,0.0,not_selected,0,0.0,0,0.0,8192,0,0,0,0,40,0,0,0.0,0.0,0,0,0.0,227.46050932544122,0,0.0,0.0,8.000000000001,0.0,0,measured_norm_ratio_not_a_convergence_threshold,1.0712225008755922,84,100,0,0,0,0,0,0,0,0,0,0,1,0.0,0.0,fixed_mode_dynamic_privacy,0.0,0.0,incomplete_cross_domain_protection,local_packet_or_secure_aggregate,cross_domain_model_update,[],observed_operations_not_a_security_proof,False,no_new_cloud_update,0.0,87,0.0,1.0826478004455566,106,106,0,scheduled,"{""dp_he"": 8, ""dp_only"": 0, ""he_only"": 0, ""neither"": 98}","{""dp_he"": 8, ""dp_only"": 0, ""he_only"": 0, ""neither"": 98}",0.7820104006677866,0.0,100,0.0,4.0,0.3375,2.0057973012924193,0.332,2.0149939136505126,finite,0.011425299569964409,0.014758698642253876,0,0.0,0.0,1.0,0,0.0,0.0,0.0,0.0,0.0,0.0,0.0,0,0.0,0.0,0.0,0.0,0,0,0,0.0,0.0,0,0,0.0
2.079764001071453,315.57275202969856,0.0,0.0,0.0,0,0,,,0.0,0.0,0.0,0.0,0,0.0,0,not_selected,0,0.0,not_selected,0.018164299428462982,0,0.3375,0.0,0.0,0.0,0.0,0.0,0.0,0,202.50817729905248,0.0,0,0.0,0.0,0.0,0.0,recorded_dp_events_only,released_packet,private_experiment_logs_not_public_dp_outputs,5130,trainable_parameters_v1,tex_packet,0.0,not_established,0.44682510010898113,0.010652299970388412,legacy_per_link_selection,0,0.0,0.0,0.0,0,seal,0,seal_save_size_upper_bound,0,50;40,0.0,0,0,0.0,not_selected,0,0.0,0,0.0,8192,0,0,0,0,40,0,0,0.0,0.0,0,0,0.0,227.46050932544122,0,0.0,0.0,8.000000000001,0.0,0,measured_norm_ratio_not_a_convergence_threshold,2.083084799349308,84,100,0,0,0,0,0,0,0,0,0,0,1,0.0,0.0,fixed_mode_dynamic_privacy,0.0,0.0,incomplete_cross_domain_protection,local_packet_or_secure_aggregate,cross_domain_model_update,[],observed_operations_not_a_security_proof,False,no_new_cloud_update,0.0,88,0.0,2.094013700261712,106,106,0,scheduled,"{""dp_he"": 8, ""dp_only"": 0, ""he_only"": 0, ""neither"": 98}","{""dp_he"": 8, ""dp_only"": 0, ""he_only"": 0, ""neither"": 98}",1.5931934006512165,0.0,100,0.0,4.0,0.3375,2.0057973012924193,0.323,2.0285338287353514,finite,0.01092890091240406,0.01424969919025898,0,0.0,0.0,1.0,0,0.0,0.0,0.0,0.0,0.0,0.0,0.0,0,0.0,0.0,0.0,0.0,0,0,0,0.0,0.0,0,0,0.0
1.113756200298667,316.391558730107,0.0,0.0,0.0,0,0,,,0.0,0.0,0.0,0.0,0,0.0,0,not_selected,0,0.0,not_selected,0.020348599180579185,0,0.3375,0.0,0.0,0.0,0.0,0.0,0.0,0,204.01292909868062,0.0,0,0.0,0.0,0.0,0.0,recorded_dp_events_only,released_packet,private_experiment_logs_not_public_dp_outputs,5130,trainable_parameters_v1,tex_packet,0.0,not_established,0.25152930058538914,0.011846400797367096,legacy_per_link_selection,0,0.0,0.0,0.0,0,seal,0,seal_save_size_upper_bound,0,50;40,0.0,0,0,0.0,not_selected,0,0.0,0,0.0,8192,0,0,0,0,40,0,0,0.0,0.0,0,0,0.0,227.46050932544122,0,0.0,0.0,8.000000000001,0.0,0,measured_norm_ratio_not_a_convergence_threshold,1.116498300805688,84,100,0,0,0,0,0,0,0,0,0,0,1,0.0,0.0,fixed_mode_dynamic_privacy,0.0,0.0,incomplete_cross_domain_protection,local_packet_or_secure_aggregate,cross_domain_model_update,[],observed_operations_not_a_security_proof,False,no_new_cloud_update,0.0,89,0.0,1.1277235001325607,106,106,0,scheduled,"{""dp_he"": 8, ""dp_only"": 0, ""he_only"": 0, ""neither"": 98}","{""dp_he"": 8, ""dp_only"": 0, ""he_only"": 0, ""neither"": 98}",0.8188067004084587,0.0,100,0.0,4.0,0.3375,2.0057973012924193,0.345,2.0086583337783814,finite,0.011225199326872826,0.013967299833893776,0,0.0,0.0,1.0,0,0.0,0.0,0.0,0.0,0.0,0.0,0.0,0,0.0,0.0,0.0,0.0,0,0,0,0.0,0.0,0,0,0.0
1.0874413009732962,317.1837793300564,0.0,0.0,0.0,0,0,,,0.0,0.0,0.0,0.0,0,0.0,0,not_selected,0,0.0,not_selected,0.018233099952340126,0,0.3375,0.0,0.0,0.0,0.0,0.0,0.0,0,205.49770239926875,0.0,0,0.0,0.0,0.0,0.0,recorded_dp_events_only,released_packet,private_experiment_logs_not_public_dp_outputs,5130,trainable_parameters_v1,tex_packet,0.0,not_established,0.2507022004574537,0.01479320041835308,legacy_per_link_selection,0,0.0,0.0,0.0,0,seal,0,seal_save_size_upper_bound,0,50;40,0.0,0,0,0.0,not_selected,0,0.0,0,0.0,8192,0,0,0,0,40,0,0,0.0,0.0,0,0,0.0,227.46050932544122,0,0.0,0.0,8.000000000001,0.0,0,measured_norm_ratio_not_a_convergence_threshold,1.090643499046564,84,100,0,0,0,0,0,0,0,0,0,0,1,0.0,0.0,fixed_mode_dynamic_privacy,0.0,0.0,incomplete_cross_domain_protection,local_packet_or_secure_aggregate,cross_domain_model_update,[],observed_operations_not_a_security_proof,False,no_new_cloud_update,0.0,90,0.0,1.1021356992423534,106,106,0,scheduled,"{""dp_he"": 8, ""dp_only"": 0, ""he_only"": 0, ""neither"": 98}","{""dp_he"": 8, ""dp_only"": 0, ""he_only"": 0, ""neither"": 98}",0.7922205999493599,0.0,100,0.0,4.0,0.3375,2.0057973012924193,0.329,2.017263174057007,finite,0.011492200195789337,0.014694398269057274,0,0.0,0.0,1.0,0,0.0,0.0,0.0,0.0,0.0,0.0,0.0,0,0.0,0.0,0.0,0.0,0,0,0,0.0,0.0,0,0,0.0
1.0785946007817984,317.9800378317649,0.0,0.0,0.0,0,0,,,0.0,0.0,0.0,0.0,0,0.0,0,not_selected,0,0.0,not_selected,0.017012400552630424,0,0.3375,0.0,0.0,0.0,0.0,0.0,0.0,0,206.98221709951758,0.0,0,0.0,0.0,0.0,0.0,recorded_dp_events_only,released_packet,private_experiment_logs_not_public_dp_outputs,5130,trainable_parameters_v1,tex_packet,0.0,not_established,0.24303239956498146,0.010571500286459923,legacy_per_link_selection,0,0.0,0.0,0.0,0,seal,0,seal_save_size_upper_bound,0,50;40,0.0,0,0,0.0,not_selected,0,0.0,0,0.0,8192,0,0,0,0,40,0,0,0.0,0.0,0,0,0.0,227.46050932544122,0,0.0,0.0,8.000000000001,0.0,0,measured_norm_ratio_not_a_convergence_threshold,1.084297101944685,84,100,0,0,0,0,0,0,0,0,0,0,1,0.0,0.0,fixed_mode_dynamic_privacy,0.0,0.0,incomplete_cross_domain_protection,local_packet_or_secure_aggregate,cross_domain_model_update,[],observed_operations_not_a_security_proof,False,no_new_cloud_update,0.0,91,0.0,1.096016900613904,106,106,0,scheduled,"{""dp_he"": 8, ""dp_only"": 0, ""he_only"": 0, ""neither"": 98}","{""dp_he"": 8, ""dp_only"": 0, ""he_only"": 0, ""neither"": 98}",0.7962585017085075,0.0,100,0.0,4.0,0.3375,2.0057973012924193,0.3305,2.0014137716293336,finite,0.011719798669219017,0.017422299832105637,0,0.0,0.0,1.0,0,0.0,0.0,0.0,0.0,0.0,0.0,0.0,0,0.0,0.0,0.0,0.0,0,0,0,0.0,0.0,0,0,0.0
1.1295585986226797,318.8253531316931,0.0,0.0,0.0,0,0,,,0.0,0.0,0.0,0.0,0,0.0,0,not_selected,0,0.0,not_selected,0.016910798847675323,0,0.3375,0.0,0.0,0.0,0.0,0.0,0.0,0,208.49478369951248,0.0,0,0.0,0.0,0.0,0.0,recorded_dp_events_only,released_packet,private_experiment_logs_not_public_dp_outputs,5130,trainable_parameters_v1,tex_packet,0.0,not_established,0.2458520010113716,0.010878099128603935,legacy_per_link_selection,0,0.0,0.0,0.0,0,seal,0,seal_save_size_upper_bound,0,50;40,0.0,0,0,0.0,not_selected,0,0.0,0,0.0,8192,0,0,0,0,40,0,0,0.0,0.0,0,0,0.0,227.46050932544122,0,0.0,0.0,8.000000000001,0.0,0,measured_norm_ratio_not_a_convergence_threshold,1.1334473993629217,84,100,0,0,0,0,0,0,0,0,0,0,1,0.0,0.0,fixed_mode_dynamic_privacy,0.0,0.0,incomplete_cross_domain_protection,local_packet_or_secure_aggregate,cross_domain_model_update,[],observed_operations_not_a_security_proof,False,no_new_cloud_update,0.0,92,0.0,1.1440497990697622,106,106,0,scheduled,"{""dp_he"": 8, ""dp_only"": 0, ""he_only"": 0, ""neither"": 98}","{""dp_he"": 8, ""dp_only"": 0, ""he_only"": 0, ""neither"": 98}",0.8453152999281883,0.0,100,0.0,4.0,0.3375,2.0057973012924193,0.329,2.0244869651794435,finite,0.010602399706840515,0.01449120044708252,0,0.0,0.0,1.0,0,0.0,0.0,0.0,0.0,0.0,0.0,0.0,0,0.0,0.0,0.0,0.0,0,0,0,0.0,0.0,0,0,0.0
1.066368604078889,319.61007203261204,0.0,0.0,0.0,0,0,,,0.0,0.0,0.0,0.0,0,0.0,0,not_selected,0,0.0,not_selected,0.01746400073170662,0,0.3375,0.0,0.0,0.0,0.0,0.0,0.0,0,209.9250980988145,0.0,0,0.0,0.0,0.0,0.0,recorded_dp_events_only,released_packet,private_experiment_logs_not_public_dp_outputs,5130,trainable_parameters_v1,tex_packet,0.0,not_established,0.24153640121221542,0.011219900101423264,legacy_per_link_selection,0,0.0,0.0,0.0,0,seal,0,seal_save_size_upper_bound,0,50;40,0.0,0,0,0.0,not_selected,0,0.0,0,0.0,8192,0,0,0,0,40,0,0,0.0,0.0,0,0,0.0,227.46050932544122,0,0.0,0.0,8.000000000001,0.0,0,measured_norm_ratio_not_a_convergence_threshold,1.068903598934412,84,100,0,0,0,0,0,0,0,0,0,0,1,0.0,0.0,fixed_mode_dynamic_privacy,0.0,0.0,incomplete_cross_domain_protection,local_packet_or_secure_aggregate,cross_domain_model_update,[],observed_operations_not_a_security_proof,False,no_new_cloud_update,0.0,93,0.0,1.080333000048995,106,106,0,scheduled,"{""dp_he"": 8, ""dp_only"": 0, ""he_only"": 0, ""neither"": 98}","{""dp_he"": 8, ""dp_only"": 0, ""he_only"": 0, ""neither"": 98}",0.7847189009189606,0.0,100,0.0,4.0,0.3375,2.0057973012924193,0.303,2.0351719551086425,finite,0.011429401114583015,0.013964395970106125,0,0.0,0.0,1.0,0,0.0,0.0,0.0,0.0,0.0,0.0,0.0,0,0.0,0.0,0.0,0.0,0,0,0,0.0,0.0,0,0,0.0
1.1401633992791176,320.4667277327443,0.0,0.0,0.0,0,0,,,0.0,0.0,0.0,0.0,0,0.0,0,not_selected,0,0.0,not_selected,0.016886500641703606,0,0.3375,0.0,0.0,0.0,0.0,0.0,0.0,0,211.45356779918075,0.0,0,0.0,0.0,0.0,0.0,recorded_dp_events_only,released_packet,private_experiment_logs_not_public_dp_outputs,5130,trainable_parameters_v1,tex_packet,0.0,not_established,0.24379939958453178,0.011593399569392204,legacy_per_link_selection,0,0.0,0.0,0.0,0,seal,0,seal_save_size_upper_bound,0,50;40,0.0,0,0,0.0,not_selected,0,0.0,0,0.0,8192,0,0,0,0,40,0,0,0.0,0.0,0,0,0.0,227.46050932544122,0,0.0,0.0,8.000000000001,0.0,0,measured_norm_ratio_not_a_convergence_threshold,1.145957700908184,84,100,0,0,0,0,0,0,0,0,0,0,1,0.0,0.0,fixed_mode_dynamic_privacy,0.0,0.0,incomplete_cross_domain_protection,local_packet_or_secure_aggregate,cross_domain_model_update,[],observed_operations_not_a_security_proof,False,no_new_cloud_update,0.0,94,0.0,1.1571861002594233,106,106,0,scheduled,"{""dp_he"": 8, ""dp_only"": 0, ""he_only"": 0, ""neither"": 98}","{""dp_he"": 8, ""dp_only"": 0, ""he_only"": 0, ""neither"": 98}",0.8566557001322508,0.0,100,0.0,4.0,0.3375,2.0057973012924193,0.3255,2.021429702758789,finite,0.011228399351239204,0.01702270098030567,0,0.0,0.0,1.0,0,0.0,0.0,0.0,0.0,0.0,0.0,0.0,0,0.0,0.0,0.0,0.0,0,0,0,0.0,0.0,0,0,0.0
1.1492117997258902,321.312804033112,0.0,0.0,0.0,0,0,,,0.0,0.0,0.0,0.0,0,0.0,0,not_selected,0,0.0,not_selected,0.022123999893665314,0,0.3375,0.0,0.0,0.0,0.0,0.0,0.0,0,212.97124579921365,0.0,0,0.0,0.0,0.0,0.0,recorded_dp_events_only,released_packet,private_experiment_logs_not_public_dp_outputs,5130,trainable_parameters_v1,tex_packet,0.0,not_established,0.2564445994794369,0.012317599728703499,legacy_per_link_selection,0,0.0,0.0,0.0,0,seal,0,seal_save_size_upper_bound,0,50;40,0.0,0,0,0.0,not_selected,0,0.0,0,0.0,8192,0,0,0,0,40,0,0,0.0,0.0,0,0,0.0,227.46050932544122,0,0.0,0.0,8.000000000001,0.0,0,measured_norm_ratio_not_a_convergence_threshold,1.1554288007318974,84,100,0,0,0,0,0,0,0,0,0,0,1,0.0,0.0,fixed_mode_dynamic_privacy,0.0,0.0,incomplete_cross_domain_protection,local_packet_or_secure_aggregate,cross_domain_model_update,[],observed_operations_not_a_security_proof,False,no_new_cloud_update,0.0,95,0.0,1.1676781009882689,106,106,0,scheduled,"{""dp_he"": 8, ""dp_only"": 0, ""he_only"": 0, ""neither"": 98}","{""dp_he"": 8, ""dp_only"": 0, ""he_only"": 0, ""neither"": 98}",0.846076300367713,0.0,100,0.0,4.0,0.3375,2.0057973012924193,0.333,2.0198547420501707,finite,0.012249300256371498,0.018466301262378693,0,0.0,0.0,1.0,0,0.0,0.0,0.0,0.0,0.0,0.0,0.0,0,0.0,0.0,0.0,0.0,0,0,0,0.0,0.0,0,0,0.0
1.0743851996958256,322.10211163299925,0.0,0.0,0.0,0,0,,,0.0,0.0,0.0,0.0,0,0.0,0,not_selected,0,0.0,not_selected,0.017277700826525688,0,0.3375,0.0,0.0,0.0,0.0,0.0,0.0,0,214.43661279976368,0.0,0,0.0,0.0,0.0,0.0,recorded_dp_events_only,released_packet,private_experiment_logs_not_public_dp_outputs,5130,trainable_parameters_v1,tex_packet,0.0,not_established,0.24608710035681725,0.011013198643922806,legacy_per_link_selection,0,0.0,0.0,0.0,0,seal,0,seal_save_size_upper_bound,0,50;40,0.0,0,0,0.0,not_selected,0,0.0,0,0.0,8192,0,0,0,0,40,0,0,0.0,0.0,0,0,0.0,227.46050932544122,0,0.0,0.0,8.000000000001,0.0,0,measured_norm_ratio_not_a_convergence_threshold,1.0781009010970592,84,100,0,0,0,0,0,0,0,0,0,0,1,0.0,0.0,fixed_mode_dynamic_privacy,0.0,0.0,incomplete_cross_domain_protection,local_packet_or_secure_aggregate,cross_domain_model_update,[],observed_operations_not_a_security_proof,False,no_new_cloud_update,0.0,96,0.0,1.0888005010783672,106,106,0,scheduled,"{""dp_he"": 8, ""dp_only"": 0, ""he_only"": 0, ""neither"": 98}","{""dp_he"": 8, ""dp_only"": 0, ""he_only"": 0, ""neither"": 98}",0.7893075998872519,0.0,100,0.0,4.0,0.3375,2.0057973012924193,0.33,2.0162887630462647,finite,0.010699599981307983,0.014415301382541656,0,0.0,0.0,1.0,0,0.0,0.0,0.0,0.0,0.0,0.0,0.0,0,0.0,0.0,0.0,0.0,0,0,0,0.0,0.0,0,0,0.0
1.3662896025925875,323.17707333254464,0.0,0.0,0.0,0,0,,,0.0,0.0,0.0,0.0,0,0.0,0,not_selected,0,0.0,not_selected,0.01788330078125,0,0.3375,0.0,0.0,0.0,0.0,0.0,0.0,0,216.21178769879043,0.0,0,0.0,0.0,0.0,0.0,recorded_dp_events_only,released_packet,private_experiment_logs_not_public_dp_outputs,5130,trainable_parameters_v1,tex_packet,0.0,not_established,0.25022670067846775,0.011549601331353188,legacy_per_link_selection,0,0.0,0.0,0.0,0,seal,0,seal_save_size_upper_bound,0,50;40,0.0,0,0,0.0,not_selected,0,0.0,0,0.0,8192,0,0,0,0,40,0,0,0.0,0.0,0,0,0.0,227.46050932544122,0,0.0,0.0,8.000000000001,0.0,0,measured_norm_ratio_not_a_convergence_threshold,1.3721666987985373,84,100,0,0,0,0,0,0,0,0,0,0,1,0.0,0.0,fixed_mode_dynamic_privacy,0.0,0.0,incomplete_cross_domain_protection,local_packet_or_secure_aggregate,cross_domain_model_update,[],observed_operations_not_a_security_proof,False,no_new_cloud_update,0.0,97,0.0,1.3838349990546703,106,106,0,scheduled,"{""dp_he"": 8, ""dp_only"": 0, ""he_only"": 0, ""neither"": 98}","{""dp_he"": 8, ""dp_only"": 0, ""he_only"": 0, ""neither"": 98}",1.0749616995453835,0.0,100,0.0,4.0,0.3375,2.0057973012924193,0.331,2.0332790298461916,finite,0.01166830025613308,0.017545396462082863,0,0.0,0.0,1.0,0,0.0,0.0,0.0,0.0,0.0,0.0,0.0,0,0.0,0.0,0.0,0.0,0,0,0,0.0,0.0,0,0,0.0
1.1041091978549957,323.9816626320297,0.0,0.0,0.0,0,0,,,0.0,0.0,0.0,0.0,0,0.0,0,not_selected,0,0.0,not_selected,0.018710101023316383,0,0.3375,0.0,0.0,0.0,0.0,0.0,0.0,0,217.7093070987612,0.0,0,0.0,0.0,0.0,0.0,recorded_dp_events_only,released_packet,private_experiment_logs_not_public_dp_outputs,5130,trainable_parameters_v1,tex_packet,0.0,not_established,0.2539436984807253,0.014855999499559402,legacy_per_link_selection,0,0.0,0.0,0.0,0,seal,0,seal_save_size_upper_bound,0,50;40,0.0,0,0,0.0,not_selected,0,0.0,0,0.0,8192,0,0,0,0,40,0,0,0.0,0.0,0,0,0.0,227.46050932544122,0,0.0,0.0,8.000000000001,0.0,0,measured_norm_ratio_not_a_convergence_threshold,1.106155101209879,84,100,0,0,0,0,0,0,0,0,0,0,1,0.0,0.0,fixed_mode_dynamic_privacy,0.0,0.0,incomplete_cross_domain_protection,local_packet_or_secure_aggregate,cross_domain_model_update,[],observed_operations_not_a_security_proof,False,no_new_cloud_update,0.0,98,0.0,1.1181652005761862,106,106,0,scheduled,"{""dp_he"": 8, ""dp_only"": 0, ""he_only"": 0, ""neither"": 98}","{""dp_he"": 8, ""dp_only"": 0, ""he_only"": 0, ""neither"": 98}",0.8045892994850874,0.0,100,0.0,4.0,0.3375,2.0057973012924193,0.3275,2.025306586265564,finite,0.012010099366307259,0.014056002721190453,0,0.0,0.0,1.0,0,0.0,0.0,0.0,0.0,0.0,0.0,0.0,0,0.0,0.0,0.0,0.0,0,0,0,0.0,0.0,0,0,0.0
1.064919302240014,324.7639572313691,0.0,0.0,0.0,0,0,,,0.0,0.0,0.0,0.0,0,0.0,0,not_selected,0,0.0,not_selected,0.018726499751210213,0,0.3375,0.0,0.0,0.0,0.0,0.0,0.0,0,219.18816509842873,0.0,0,0.0,0.0,0.0,0.0,recorded_dp_events_only,released_packet,private_experiment_logs_not_public_dp_outputs,5130,trainable_parameters_v1,tex_packet,0.0,not_established,0.2418419010937214,0.010761501267552376,legacy_per_link_selection,0,0.0,0.0,0.0,0,seal,0,seal_save_size_upper_bound,0,50;40,0.0,0,0,0.0,not_selected,0,0.0,0,0.0,8192,0,0,0,0,40,0,0,0.0,0.0,0,0,0.0,227.46050932544122,0,0.0,0.0,8.000000000001,0.0,0,measured_norm_ratio_not_a_convergence_threshold,1.069039499387145,84,100,0,0,0,0,0,0,0,0,0,0,1,0.0,0.0,fixed_mode_dynamic_privacy,0.0,0.0,incomplete_cross_domain_protection,local_packet_or_secure_aggregate,cross_domain_model_update,[],observed_operations_not_a_security_proof,False,no_new_cloud_update,0.0,99,0.0,1.0803343001753092,106,106,0,scheduled,"{""dp_he"": 8, ""dp_only"": 0, ""he_only"": 0, ""neither"": 98}","{""dp_he"": 8, ""dp_only"": 0, ""he_only"": 0, ""neither"": 98}",0.782294599339366,0.0,100,0.0,4.0,0.3375,2.0057973012924193,0.332,2.023558422088623,finite,0.011294800788164139,0.015414997935295105,0,0.0,0.0,1.0,0,0.0,0.0,0.0,0.0,0.0,0.0,0.0,0,0.0,0.0,0.0,0.0,0,0,0,0.0,0.0,0,0,0.0
