accounted_phase_wall_time_sec,accounted_system_time_sec,accuracy_change_from_previous,actual_cloud_fusion_ratio,actual_cloud_share_of_admitted,actual_local_batches,actual_optimizer_steps,admitted_client_ids_actual,admitted_client_ids_objective,admitted_update_norm_max,admitted_update_norm_mean,aggregate_dp_max_client_weight,aggregate_dp_noise_norm,aggregate_dp_noise_share_count,aggregate_dp_noise_std,aggregate_dp_protected_packets,aggregate_dp_protocol,aggregate_dp_release,aggregate_dp_sensitivity,aggregate_dp_transport,aggregation_wall_time_sec,all_cross_domain_updates_protected,best_accuracy,cloud_aggregation_time,cloud_edge_sample_ratio_max,cloud_edge_sample_ratio_min,cloud_fusion_ratio,cloud_input_update_norm_max,cloud_input_update_norm_mean,communication_volume,cumulative_wall_time_sec,direction_aggregate_to_mean_client_norm_ratio,direction_client_count,direction_mean_client_cosine,direction_mean_client_norm,direction_negative_cosine_fraction,direction_raw_aggregate_norm,dp_accountant_scope,dp_clipping_unit,dp_diagnostic_scope,dp_parameter_count,dp_parameter_scope,dp_release_calibration,edge_aggregation_time,end_to_end_dp_status,evaluation_wall_time_sec,flow_wall_time_sec,global_release_contract,global_release_count,global_release_epsilon,global_update_norm,he_addition_time_sec,he_aggregation_calls,he_backend,he_ciphertext_bytes,he_ciphertext_bytes_semantics,he_ciphertext_count,he_coeff_mod_bit_sizes,he_decryption_time_sec,he_encrypted_parameter_values,he_encrypted_updates,he_encryption_time_sec,he_execution_status,he_failures,he_key_setup_time_sec,he_mapped_update_bytes,he_max_abs_error,he_poly_modulus_degree,he_process_chunks_per_task,he_process_fallbacks,he_process_tasks,he_process_workers,he_scale_bits,he_selected_but_profiled_clients,he_shared_memory_bytes,he_wall_time_sec,he_worker_cpu_time_sec,infeasible_clients,local_packet_dp_release_count,local_packet_dp_released_noise_norm,logical_time,mainline_fusion,max_feature_epsilon,max_risk,max_update_epsilon,min_remaining_epsilon,multi_edge_loop_client_cycles,noise_ratio_semantics,non_training_wall_time_sec,num_budget_exhausted_clients,num_clients,num_edge_only_update_clients,num_effective_clients,num_effective_edges,num_feature_dp_clients,num_global_update_clients,num_he_clients,num_update_dp_clients,num_update_dp_he_clients,num_update_dp_only_clients,num_update_he_only_clients,numerically_valid,omega_feature_clip_excess_sq_max,omega_feature_clip_excess_sq_mean,policy,post_to_pre_update_norm_ratio,pre_dp_global_update_norm,privacy_guarantee,privacy_mechanism_scope,protected_object,protection_release_audit,protection_rule_scope,real_he_used,released_model_dp_coverage,return_time,round,round_duration,round_wall_time_sec,selection_pool_candidates_after_stability,selection_pool_candidates_before_stability,selection_stability_removed_candidates,selection_trigger,selection_update_mechanisms_after_stability,selection_update_mechanisms_before_stability,selection_wall_time_sec,selector_cloud_fusion_ratio,skipped_clients,system_latency_objective,system_omega_objective,test_accuracy,test_loss,train_accuracy,train_loss,training_health,training_wall_time_sec,unattributed_wall_time_sec,uniform_update_dp,update_dp_clip_fraction,update_dp_clip_scale_mean,update_dp_clip_scale_min,update_dp_clipped_clients,update_dp_coverage,update_dp_max_client_fraction,update_dp_noise_norm,update_dp_noise_norm_max,update_dp_noise_norm_mean,update_dp_noise_std,update_dp_noise_to_signal_ratio,update_dp_preclip_norm_count,update_dp_preclip_norm_max,update_dp_preclip_norm_mean,update_dp_preclip_norm_p50,update_dp_preclip_norm_p90,update_dp_protected_clients,update_dp_release,update_dp_release_count,update_dp_sensitivity,update_he_coverage,update_packets_with_real_he_pending_isolation,update_packets_without_dp_calibration,waiting_time
79.60386070050299,241.35575037701363,0.0,0.829462230592174,1.0,293,293,0;1;2;3;4;6;7;9;10;11;12;13;14;15;16;17;18;19;21;22;23;24;25;26;27;28;29;30;31;33;34;35;36;37;38;39;40;41;42;43;44;45;47;48;49;50;51;53;55;56;57;58;59;61;62;63;64;66;67;68;70;71;73;74;75;76;78;79;80;81;82;83;84;86;87;88;89;90;91;92;93;95;96;97;99,0;1;2;3;4;6;7;9;10;11;12;13;14;15;16;17;18;19;21;22;23;24;25;26;27;28;29;30;31;33;34;35;36;37;38;39;40;41;42;43;44;45;47;48;49;50;51;53;55;56;57;58;59;61;62;63;64;66;67;68;70;71;73;74;75;76;78;79;80;81;82;83;84;86;87;88;89;90;91;92;93;95;96;97;99,0.0,0.0,0.0,0.0,0,0.0,0,not_selected,0,0.0,not_selected,57.48007780127227,1,0.3305,53.98024100799998,1.0,0.6551724137931034,0.829462230592174,0.4550224053366822,0.36547596905276686,60980.202811199866,80.08686089888215,0.0,0,0.0,0.0,0.0,0.0,recorded_dp_events_only,released_packet,private_experiment_logs_not_public_dp_outputs,5130,trainable_parameters_v1,tex_packet,114.65274839999998,not_established,0.5042832996696234,0.0037904009222984314,legacy_per_link_selection,0,0.0,0.32829254529335467,1.856397021561861,1,seal,3581350500,seal_save_size_upper_bound,27300,50;40,1.126728830859065,111816420,10,86.8469009399414,real,0,0.04638659954071045,447265680,4.303098282949052e-08,8192,32,0,86,4,40,0,0,31.474812999367714,89.83002679236233,0,0,0.0,227.2977159774893,0,0.0,0.58,8.000000000001,0.0,255,measured_norm_ratio_not_a_convergence_threshold,72.05795910023153,85,100,0,85,10,0,85,85,85,85,0,0,1,0.0,0.0,fixed_mode_fixed_privacy,1.0,0.32829254529335467,uniform_secure_aggregate_dp,local_packet_or_secure_aggregate,cross_domain_model_update,"[{""aggregate_only_decryption_enforced"": false, ""client_ids"": ""0;10;30;40;50;70;80;90"", ""destination"": ""cloud"", ""dp_budget_ok"": true, ""dp_event_observed"": false, ""formal_dp_status"": ""not_established"", ""he_crypto_observed"": true, ""he_execution"": ""real"", ""key_isolation_enforced"": false, ""mechanism"": ""dp_he3"", ""mode"": ""LIIEIIIC"", ""noise_location"": ""none"", ""object"": ""model_update"", ""packet_index"": 0, ""packet_protection_status"": ""real_he_pending_role_isolation"", ""released_model_dp_status"": ""no_valid_dp_calibration_for_contribution"", ""round"": 0, ""source"": ""edge"", ""source_domain"": 0}, {""aggregate_only_decryption_enforced"": false, ""client_ids"": ""1;11;21;31;41;51;61;71;81;91"", ""destination"": ""cloud"", ""dp_budget_ok"": true, ""dp_event_observed"": false, ""formal_dp_status"": ""not_established"", ""he_crypto_observed"": true, ""he_execution"": ""real"", ""key_isolation_enforced"": false, ""mechanism"": ""dp_he3"", ""mode"": ""LIIEIIIC"", ""noise_location"": ""none"", ""object"": ""model_update"", ""packet_index"": 1, ""packet_protection_status"": ""real_he_pending_role_isolation"", ""released_model_dp_status"": ""no_valid_dp_calibration_for_contribution"", ""round"": 0, ""source"": ""edge"", ""source_domain"": 1}, {""aggregate_only_decryption_enforced"": false, ""client_ids"": ""2;12;22;42;62;82;92"", ""destination"": ""cloud"", ""dp_budget_ok"": true, ""dp_event_observed"": false, ""formal_dp_status"": ""not_established"", ""he_crypto_observed"": true, ""he_execution"": ""real"", ""key_isolation_enforced"": false, ""mechanism"": ""dp_he3"", ""mode"": ""LIIEIIIC"", ""noise_location"": ""none"", ""object"": ""model_update"", ""packet_index"": 2, ""packet_protection_status"": ""real_he_pending_role_isolation"", ""released_model_dp_status"": ""no_valid_dp_calibration_for_contribution"", ""round"": 0, ""source"": ""edge"", ""source_domain"": 2}, {""aggregate_only_decryption_enforced"": false, ""client_ids"": ""3;13;23;33;43;53;63;73;83;93"", ""destination"": ""cloud"", ""dp_budget_ok"": true, ""dp_event_observed"": false, ""formal_dp_status"": ""not_established"", ""he_crypto_observed"": true, ""he_execution"": ""real"", ""key_isolation_enforced"": false, ""mechanism"": ""dp_he3"", ""mode"": ""LIIEIIIC"", ""noise_location"": ""none"", ""object"": ""model_update"", ""packet_index"": 3, ""packet_protection_status"": ""real_he_pending_role_isolation"", ""released_model_dp_status"": ""no_valid_dp_calibration_for_contribution"", ""round"": 0, ""source"": ""edge"", ""source_domain"": 3}, {""aggregate_only_decryption_enforced"": false, ""client_ids"": ""4;14;24;34;44;64;74;84"", ""destination"": ""cloud"", ""dp_budget_ok"": true, ""dp_event_observed"": false, ""formal_dp_status"": ""not_established"", ""he_crypto_observed"": true, ""he_execution"": ""real"", ""key_isolation_enforced"": false, ""mechanism"": ""dp_he3"", ""mode"": ""LIIEIIIC"", ""noise_location"": ""none"", ""object"": ""model_update"", ""packet_index"": 4, ""packet_protection_status"": ""real_he_pending_role_isolation"", ""released_model_dp_status"": ""no_valid_dp_calibration_for_contribution"", ""round"": 0, ""source"": ""edge"", ""source_domain"": 4}, {""aggregate_only_decryption_enforced"": false, ""client_ids"": ""6;16;26;36;56;66;76;86;96"", ""destination"": ""cloud"", ""dp_budget_ok"": true, ""dp_event_observed"": false, ""formal_dp_status"": ""not_established"", ""he_crypto_observed"": true, ""he_execution"": ""real"", ""key_isolation_enforced"": false, ""mechanism"": ""dp_he3"", ""mode"": ""LIIEIIIC"", ""noise_location"": ""none"", ""object"": ""model_update"", ""packet_index"": 5, ""packet_protection_status"": ""real_he_pending_role_isolation"", ""released_model_dp_status"": ""no_valid_dp_calibration_for_contribution"", ""round"": 0, ""source"": ""edge"", ""source_domain"": 6}, {""aggregate_only_decryption_enforced"": false, ""client_ids"": ""7;17;27;37;47;57;67;87;97"", ""destination"": ""cloud"", ""dp_budget_ok"": true, ""dp_event_observed"": false, ""formal_dp_status"": ""not_established"", ""he_crypto_observed"": true, ""he_execution"": ""real"", ""key_isolation_enforced"": false, ""mechanism"": ""dp_he3"", ""mode"": ""LIIEIIIC"", ""noise_location"": ""none"", ""object"": ""model_update"", ""packet_index"": 6, ""packet_protection_status"": ""real_he_pending_role_isolation"", ""released_model_dp_status"": ""no_valid_dp_calibration_for_contribution"", ""round"": 0, ""source"": ""edge"", ""source_domain"": 7}, {""aggregate_only_decryption_enforced"": false, ""client_ids"": ""9;19;29;39;49;59;79;89;99"", ""destination"": ""cloud"", ""dp_budget_ok"": true, ""dp_event_observed"": false, ""formal_dp_status"": ""not_established"", ""he_crypto_observed"": true, ""he_execution"": ""real"", ""key_isolation_enforced"": false, ""mechanism"": ""dp_he3"", ""mode"": ""LIIEIIIC"", ""noise_location"": ""none"", ""object"": ""model_update"", ""packet_index"": 7, ""packet_protection_status"": ""real_he_pending_role_isolation"", ""released_model_dp_status"": ""no_valid_dp_calibration_for_contribution"", ""round"": 0, ""source"": ""edge"", ""source_domain"": 9}, {""aggregate_only_decryption_enforced"": false, ""client_ids"": ""15;25;35;45;55;75;95"", ""destination"": ""cloud"", ""dp_budget_ok"": true, ""dp_event_observed"": false, ""formal_dp_status"": ""not_established"", ""he_crypto_observed"": true, ""he_execution"": ""real"", ""key_isolation_enforced"": false, ""mechanism"": ""dp_he3"", ""mode"": ""LIIEIIIC"", ""noise_location"": ""none"", ""object"": ""model_update"", ""packet_index"": 8, ""packet_protection_status"": ""real_he_pending_role_isolation"", ""released_model_dp_status"": ""no_valid_dp_calibration_for_contribution"", ""round"": 0, ""source"": ""edge"", ""source_domain"": 5}, {""aggregate_only_decryption_enforced"": false, ""client_ids"": ""18;28;38;48;58;68;78;88"", ""destination"": ""cloud"", ""dp_budget_ok"": true, ""dp_event_observed"": false, ""formal_dp_status"": ""not_established"", ""he_crypto_observed"": true, ""he_execution"": ""real"", ""key_isolation_enforced"": false, ""mechanism"": ""dp_he3"", ""mode"": ""LIIEIIIC"", ""noise_location"": ""none"", ""object"": ""model_update"", ""packet_index"": 9, ""packet_protection_status"": ""real_he_pending_role_isolation"", ""released_model_dp_status"": ""no_valid_dp_calibration_for_contribution"", ""round"": 0, ""source"": ""edge"", ""source_domain"": 8}]",observed_operations_not_a_security_proof,True,some_contributions_without_dp_calibration,17.730042724264212,0,227.2977159774893,79.615633899346,355,355,0,scheduled,"{""dp_he"": 340, ""dp_only"": 0, ""he_only"": 0, ""neither"": 15}","{""dp_he"": 340, ""dp_only"": 0, ""he_only"": 0, ""neither"": 15}",14.058034399524331,0.829462230592174,15,227.2977159774893,1262.325355441256,0.3305,1.9464267444610597,0.324,1.9708387060165404,finite,7.557674799114466,0.01177319884300232,1,0.0,0.0,1.0,0,1.0,0.0,0.0,0.0,0.0,0.0,0.0,0,0.0,0.0,0.0,0.0,85,0,0,0.0,1.0,10,10,808.2597602557516
0.9675891976803541,242.0676179758304,0.0,0.0,0.0,0,0,,,0.0,0.0,0.0,0.0,0,0.0,0,not_selected,0,0.0,not_selected,0.009863199666142464,0,0.3305,0.0,0.0,0.0,0.0,0.0,0.0,0,81.24410310015082,0.0,0,0.0,0.0,0.0,0.0,recorded_dp_events_only,released_packet,private_experiment_logs_not_public_dp_outputs,5130,trainable_parameters_v1,tex_packet,0.0,not_established,0.23778319917619228,0.0038419999182224274,legacy_per_link_selection,0,0.0,0.0,0.0,0,seal,0,seal_save_size_upper_bound,0,50;40,0.0,0,0,0.0,not_selected,0,0.0,0,0.0,8192,0,0,0,0,40,0,0,0.0,0.0,0,0,0.0,227.2977159774893,0,0.0,0.0,8.000000000001,0.0,0,measured_norm_ratio_not_a_convergence_threshold,0.9752519000321627,85,100,0,0,0,0,0,0,0,0,0,0,1,0.0,0.0,fixed_mode_fixed_privacy,0.0,0.0,incomplete_cross_domain_protection,local_packet_or_secure_aggregate,cross_domain_model_update,[],observed_operations_not_a_security_proof,False,no_new_cloud_update,0.0,1,0.0,0.9794851001352072,100,100,0,scheduled,"{""dp_he"": 0, ""dp_only"": 0, ""he_only"": 0, ""neither"": 100}","{""dp_he"": 0, ""dp_only"": 0, ""he_only"": 0, ""neither"": 100}",0.7118675988167524,0.0,100,0.0,4.0,0.3305,1.9464267444610597,0.3235,1.9705321130752564,finite,0.00423320010304451,0.011895902454853058,0,0.0,0.0,1.0,0,0.0,0.0,0.0,0.0,0.0,0.0,0.0,0,0.0,0.0,0.0,0.0,0,0,0,0.0,0.0,0,0,0.0
0.9757678024470806,242.79012067681487,0.0,0.0,0.0,0,0,,,0.0,0.0,0.0,0.0,0,0.0,0,not_selected,0,0.0,not_selected,0.008965400978922844,0,0.3305,0.0,0.0,0.0,0.0,0.0,0.0,0,82.40281610004604,0.0,0,0.0,0.0,0.0,0.0,recorded_dp_events_only,released_packet,private_experiment_logs_not_public_dp_outputs,5130,trainable_parameters_v1,tex_packet,0.0,not_established,0.238442100584507,0.0028480999171733856,legacy_per_link_selection,0,0.0,0.0,0.0,0,seal,0,seal_save_size_upper_bound,0,50;40,0.0,0,0,0.0,not_selected,0,0.0,0,0.0,8192,0,0,0,0,40,0,0,0.0,0.0,0,0,0.0,227.2977159774893,0,0.0,0.0,8.000000000001,0.0,0,measured_norm_ratio_not_a_convergence_threshold,0.9842210002243519,85,100,0,0,0,0,0,0,0,0,0,0,1,0.0,0.0,fixed_mode_fixed_privacy,0.0,0.0,incomplete_cross_domain_protection,local_packet_or_secure_aggregate,cross_domain_model_update,[],observed_operations_not_a_security_proof,False,no_new_cloud_update,0.0,2,0.0,0.9872305002063513,100,100,0,scheduled,"{""dp_he"": 0, ""dp_only"": 0, ""he_only"": 0, ""neither"": 100}","{""dp_he"": 0, ""dp_only"": 0, ""he_only"": 0, ""neither"": 100}",0.722502700984478,0.0,100,0.0,4.0,0.3305,1.9464267444610597,0.337,1.945330231666565,finite,0.0030094999819993973,0.011462697759270668,0,0.0,0.0,1.0,0,0.0,0.0,0.0,0.0,0.0,0.0,0.0,0,0.0,0.0,0.0,0.0,0,0,0,0.0,0.0,0,0,0.0
1.1018306966871023,243.62623557513888,0.0,0.0,0.0,0,0,,,0.0,0.0,0.0,0.0,0,0.0,0,not_selected,0,0.0,not_selected,0.009410399943590164,0,0.3305,0.0,0.0,0.0,0.0,0.0,0.0,0,83.79624969884753,0.0,0,0.0,0.0,0.0,0.0,recorded_dp_events_only,released_packet,private_experiment_logs_not_public_dp_outputs,5130,trainable_parameters_v1,tex_packet,0.0,not_established,0.24719039909541607,0.0048364996910095215,legacy_per_link_selection,0,0.0,0.0,0.0,0,seal,0,seal_save_size_upper_bound,0,50;40,0.0,0,0,0.0,not_selected,0,0.0,0,0.0,8192,0,0,0,0,40,0,0,0.0,0.0,0,0,0.0,227.2977159774893,0,0.0,0.0,8.000000000001,0.0,0,measured_norm_ratio_not_a_convergence_threshold,1.1103805005550385,85,100,0,0,0,0,0,0,0,0,0,0,1,0.0,0.0,fixed_mode_fixed_privacy,0.0,0.0,incomplete_cross_domain_protection,local_packet_or_secure_aggregate,cross_domain_model_update,[],observed_operations_not_a_security_proof,False,no_new_cloud_update,0.0,3,0.0,1.1146590001881123,100,100,0,scheduled,"{""dp_he"": 0, ""dp_only"": 0, ""he_only"": 0, ""neither"": 100}","{""dp_he"": 0, ""dp_only"": 0, ""he_only"": 0, ""neither"": 100}",0.8361148983240128,0.0,100,0.0,4.0,0.3305,1.9464267444610597,0.3155,1.9590219249725342,finite,0.004278499633073807,0.012828303501009941,0,0.0,0.0,1.0,0,0.0,0.0,0.0,0.0,0.0,0.0,0.0,0,0.0,0.0,0.0,0.0,0,0,0,0.0,0.0,0,0,0.0
0.9705226011574268,244.33896107478375,0.0,0.0,0.0,0,0,,,0.0,0.0,0.0,0.0,0,0.0,0,not_selected,0,0.0,not_selected,0.010371500626206398,0,0.3305,0.0,0.0,0.0,0.0,0.0,0.0,0,84.96256159991026,0.0,0,0.0,0.0,0.0,0.0,recorded_dp_events_only,released_packet,private_experiment_logs_not_public_dp_outputs,5130,trainable_parameters_v1,tex_packet,0.0,not_established,0.2386199999600649,0.003673899918794632,legacy_per_link_selection,0,0.0,0.0,0.0,0,seal,0,seal_save_size_upper_bound,0,50;40,0.0,0,0,0.0,not_selected,0,0.0,0,0.0,8192,0,0,0,0,40,0,0,0.0,0.0,0,0,0.0,227.2977159774893,0,0.0,0.0,8.000000000001,0.0,0,measured_norm_ratio_not_a_convergence_threshold,0.9776030983775854,85,100,0,0,0,0,0,0,0,0,0,0,1,0.0,0.0,fixed_mode_fixed_privacy,0.0,0.0,incomplete_cross_domain_protection,local_packet_or_secure_aggregate,cross_domain_model_update,[],observed_operations_not_a_security_proof,False,no_new_cloud_update,0.0,4,0.0,0.9827347993850708,100,100,0,scheduled,"{""dp_he"": 0, ""dp_only"": 0, ""he_only"": 0, ""neither"": 100}","{""dp_he"": 0, ""dp_only"": 0, ""he_only"": 0, ""neither"": 100}",0.7127254996448755,0.0,100,0.0,4.0,0.3305,1.9464267444610597,0.324,1.9641784973144532,finite,0.00513170100748539,0.012212198227643967,0,0.0,0.0,1.0,0,0.0,0.0,0.0,0.0,0.0,0.0,0.0,0,0.0,0.0,0.0,0.0,0,0,0,0.0,0.0,0,0,0.0
0.966397400945425,245.04867377570207,0.0,0.0,0.0,0,0,,,0.0,0.0,0.0,0.0,0,0.0,0,not_selected,0,0.0,not_selected,0.009964000433683395,0,0.3305,0.0,0.0,0.0,0.0,0.0,0.0,0,86.12995239906013,0.0,0,0.0,0.0,0.0,0.0,recorded_dp_events_only,released_packet,private_experiment_logs_not_public_dp_outputs,5130,trainable_parameters_v1,tex_packet,0.0,not_established,0.23805849999189377,0.004151599481701851,legacy_per_link_selection,0,0.0,0.0,0.0,0,seal,0,seal_save_size_upper_bound,0,50;40,0.0,0,0,0.0,not_selected,0,0.0,0,0.0,8192,0,0,0,0,40,0,0,0.0,0.0,0,0,0.0,227.2977159774893,0,0.0,0.0,8.000000000001,0.0,0,measured_norm_ratio_not_a_convergence_threshold,0.9749886989593506,85,100,0,0,0,0,0,0,0,0,0,0,1,0.0,0.0,fixed_mode_fixed_privacy,0.0,0.0,incomplete_cross_domain_protection,local_packet_or_secure_aggregate,cross_domain_model_update,[],observed_operations_not_a_security_proof,False,no_new_cloud_update,0.0,5,0.0,0.9794992990791798,100,100,0,scheduled,"{""dp_he"": 0, ""dp_only"": 0, ""he_only"": 0, ""neither"": 100}","{""dp_he"": 0, ""dp_only"": 0, ""he_only"": 0, ""neither"": 100}",0.7097127009183168,0.0,100,0.0,4.0,0.3305,1.9464267444610597,0.313,1.9605625801086426,finite,0.004510600119829178,0.01310189813375473,0,0.0,0.0,1.0,0,0.0,0.0,0.0,0.0,0.0,0.0,0.0,0,0.0,0.0,0.0,0.0,0,0,0,0.0,0.0,0,0,0.0
1.027681402862072,245.8031986753487,0.0,0.0,0.0,0,0,,,0.0,0.0,0.0,0.0,0,0.0,0,not_selected,0,0.0,not_selected,0.012845201417803764,0,0.3305,0.0,0.0,0.0,0.0,0.0,0.0,0,87.49347939901054,0.0,0,0.0,0.0,0.0,0.0,recorded_dp_events_only,released_packet,private_experiment_logs_not_public_dp_outputs,5130,trainable_parameters_v1,tex_packet,0.0,not_established,0.25008990056812763,0.004721200093626976,legacy_per_link_selection,0,0.0,0.0,0.0,0,seal,0,seal_save_size_upper_bound,0,50;40,0.0,0,0,0.0,not_selected,0,0.0,0,0.0,8192,0,0,0,0,40,0,0,0.0,0.0,0,0,0.0,227.2977159774893,0,0.0,0.0,8.000000000001,0.0,0,measured_norm_ratio_not_a_convergence_threshold,1.035216297954321,85,100,0,0,0,0,0,0,0,0,0,0,1,0.0,0.0,fixed_mode_fixed_privacy,0.0,0.0,incomplete_cross_domain_protection,local_packet_or_secure_aggregate,cross_domain_model_update,[],observed_operations_not_a_security_proof,False,no_new_cloud_update,0.0,6,0.0,1.0407164990901947,100,100,0,scheduled,"{""dp_he"": 0, ""dp_only"": 0, ""he_only"": 0, ""neither"": 100}","{""dp_he"": 0, ""dp_only"": 0, ""he_only"": 0, ""neither"": 100}",0.7545248996466398,0.0,100,0.0,4.0,0.3305,1.9464267444610597,0.3335,1.9565321798324584,finite,0.0055002011358737946,0.013035096228122711,0,0.0,0.0,1.0,0,0.0,0.0,0.0,0.0,0.0,0.0,0.0,0,0.0,0.0,0.0,0.0,0,0,0,0.0,0.0,0,0,0.0
1.1208423003554344,246.652312875449,0.0,0.0,0.0,0,0,,,0.0,0.0,0.0,0.0,0,0.0,0,not_selected,0,0.0,not_selected,0.013276100158691406,0,0.3305,0.0,0.0,0.0,0.0,0.0,0.0,0,88.85461680032313,0.0,0,0.0,0.0,0.0,0.0,recorded_dp_events_only,released_packet,private_experiment_logs_not_public_dp_outputs,5130,trainable_parameters_v1,tex_packet,0.0,not_established,0.2471425998955965,0.005127400159835815,legacy_per_link_selection,0,0.0,0.0,0.0,0,seal,0,seal_save_size_upper_bound,0,50;40,0.0,0,0,0.0,not_selected,0,0.0,0,0.0,8192,0,0,0,0,40,0,0,0.0,0.0,0,0,0.0,227.2977159774893,0,0.0,0.0,8.000000000001,0.0,0,measured_norm_ratio_not_a_convergence_threshold,1.1310246996581554,85,100,0,0,0,0,0,0,0,0,0,0,1,0.0,0.0,fixed_mode_fixed_privacy,0.0,0.0,incomplete_cross_domain_protection,local_packet_or_secure_aggregate,cross_domain_model_update,[],observed_operations_not_a_security_proof,False,no_new_cloud_update,0.0,7,0.0,1.1372066996991634,100,100,0,scheduled,"{""dp_he"": 0, ""dp_only"": 0, ""he_only"": 0, ""neither"": 100}","{""dp_he"": 0, ""dp_only"": 0, ""he_only"": 0, ""neither"": 100}",0.8491142001003027,0.0,100,0.0,4.0,0.3305,1.9464267444610597,0.344,1.936240242958069,finite,0.006182000041007996,0.01636439934372902,0,0.0,0.0,1.0,0,0.0,0.0,0.0,0.0,0.0,0.0,0.0,0,0.0,0.0,0.0,0.0,0,0,0,0.0,0.0,0,0,0.0
0.9954868033528328,247.38991637593443,0.0,0.0,0.0,0,0,,,0.0,0.0,0.0,0.0,0,0.0,0,not_selected,0,0.0,not_selected,0.012629801407456398,0,0.3305,0.0,0.0,0.0,0.0,0.0,0.0,0,90.05503449961543,0.0,0,0.0,0.0,0.0,0.0,recorded_dp_events_only,released_packet,private_experiment_logs_not_public_dp_outputs,5130,trainable_parameters_v1,tex_packet,0.0,not_established,0.23367599956691265,0.005573701113462448,legacy_per_link_selection,0,0.0,0.0,0.0,0,seal,0,seal_save_size_upper_bound,0,50;40,0.0,0,0,0.0,not_selected,0,0.0,0,0.0,8192,0,0,0,0,40,0,0,0.0,0.0,0,0,0.0,227.2977159774893,0,0.0,0.0,8.000000000001,0.0,0,measured_norm_ratio_not_a_convergence_threshold,1.0028587989509106,85,100,0,0,0,0,0,0,0,0,0,0,1,0.0,0.0,fixed_mode_fixed_privacy,0.0,0.0,incomplete_cross_domain_protection,local_packet_or_secure_aggregate,cross_domain_model_update,[],observed_operations_not_a_security_proof,False,no_new_cloud_update,0.0,8,0.0,1.0088625997304916,100,100,0,scheduled,"{""dp_he"": 0, ""dp_only"": 0, ""he_only"": 0, ""neither"": 100}","{""dp_he"": 0, ""dp_only"": 0, ""he_only"": 0, ""neither"": 100}",0.7376035004854202,0.0,100,0.0,4.0,0.3305,1.9464267444610597,0.331,1.959239553451538,finite,0.00600380077958107,0.013375796377658844,0,0.0,0.0,1.0,0,0.0,0.0,0.0,0.0,0.0,0.0,0.0,0,0.0,0.0,0.0,0.0,0,0,0,0.0,0.0,0,0,0.0
0.9636352993547916,248.09527437454398,0.0,0.0,0.0,0,0,,,0.0,0.0,0.0,0.0,0,0.0,0,not_selected,0,0.0,not_selected,0.012705700471997261,0,0.3305,0.0,0.0,0.0,0.0,0.0,0.0,0,91.2132567986846,0.0,0,0.0,0.0,0.0,0.0,recorded_dp_events_only,released_packet,private_experiment_logs_not_public_dp_outputs,5130,trainable_parameters_v1,tex_packet,0.0,not_established,0.23286320082843304,0.005765799432992935,legacy_per_link_selection,0,0.0,0.0,0.0,0,seal,0,seal_save_size_upper_bound,0,50;40,0.0,0,0,0.0,not_selected,0,0.0,0,0.0,8192,0,0,0,0,40,0,0,0.0,0.0,0,0,0.0,227.2977159774893,0,0.0,0.0,8.000000000001,0.0,0,measured_norm_ratio_not_a_convergence_threshold,0.9687459003180265,85,100,0,0,0,0,0,0,0,0,0,0,1,0.0,0.0,fixed_mode_fixed_privacy,0.0,0.0,incomplete_cross_domain_protection,local_packet_or_secure_aggregate,cross_domain_model_update,[],observed_operations_not_a_security_proof,False,no_new_cloud_update,0.0,9,0.0,0.9756885003298521,100,100,0,scheduled,"{""dp_he"": 0, ""dp_only"": 0, ""he_only"": 0, ""neither"": 100}","{""dp_he"": 0, ""dp_only"": 0, ""he_only"": 0, ""neither"": 100}",0.7053579986095428,0.0,100,0.0,4.0,0.3305,1.9464267444610597,0.3265,1.953551911354065,finite,0.0069426000118255615,0.012053200975060463,0,0.0,0.0,1.0,0,0.0,0.0,0.0,0.0,0.0,0.0,0.0,0,0.0,0.0,0.0,0.0,0,0,0,0.0,0.0,0,0,0.0
1.00341409817338,248.8319130751335,0.0,0.0,0.0,0,0,,,0.0,0.0,0.0,0.0,0,0.0,0,not_selected,0,0.0,not_selected,0.013670999556779861,0,0.3305,0.0,0.0,0.0,0.0,0.0,0.0,0,92.41691539995372,0.0,0,0.0,0.0,0.0,0.0,recorded_dp_events_only,released_packet,private_experiment_logs_not_public_dp_outputs,5130,trainable_parameters_v1,tex_packet,0.0,not_established,0.23896680027246475,0.007378699257969856,legacy_per_link_selection,0,0.0,0.0,0.0,0,seal,0,seal_save_size_upper_bound,0,50;40,0.0,0,0,0.0,not_selected,0,0.0,0,0.0,8192,0,0,0,0,40,0,0,0.0,0.0,0,0,0.0,227.2977159774893,0,0.0,0.0,8.000000000001,0.0,0,measured_norm_ratio_not_a_convergence_threshold,1.01031550206244,85,100,0,0,0,0,0,0,0,0,0,0,1,0.0,0.0,fixed_mode_fixed_privacy,0.0,0.0,incomplete_cross_domain_protection,local_packet_or_secure_aggregate,cross_domain_model_update,[],observed_operations_not_a_security_proof,False,no_new_cloud_update,0.0,10,0.0,1.0170744005590677,100,100,0,scheduled,"{""dp_he"": 0, ""dp_only"": 0, ""he_only"": 0, ""neither"": 100}","{""dp_he"": 0, ""dp_only"": 0, ""he_only"": 0, ""neither"": 100}",0.7366387005895376,0.0,100,0.0,4.0,0.3305,1.9464267444610597,0.3355,1.955198080062866,finite,0.006758898496627808,0.013660302385687828,0,0.0,0.0,1.0,0,0.0,0.0,0.0,0.0,0.0,0.0,0.0,0,0.0,0.0,0.0,0.0,0,0,0,0.0,0.0,0,0,0.0
1.150763500481844,249.6754343758368,0.0,0.0,0.0,0,0,,,0.0,0.0,0.0,0.0,0,0.0,0,not_selected,0,0.0,not_selected,0.023016199469566345,0,0.3305,0.0,0.0,0.0,0.0,0.0,0.0,0,93.78532079979777,0.0,0,0.0,0.0,0.0,0.0,recorded_dp_events_only,released_packet,private_experiment_logs_not_public_dp_outputs,5130,trainable_parameters_v1,tex_packet,0.0,not_established,0.2617099992930889,0.010696999728679657,legacy_per_link_selection,0,0.0,0.0,0.0,0,seal,0,seal_save_size_upper_bound,0,50;40,0.0,0,0,0.0,not_selected,0,0.0,0,0.0,8192,0,0,0,0,40,0,0,0.0,0.0,0,0,0.0,227.2977159774893,0,0.0,0.0,8.000000000001,0.0,0,measured_norm_ratio_not_a_convergence_threshold,1.1590250972658396,85,100,0,0,0,0,0,0,0,0,0,0,1,0.0,0.0,fixed_mode_fixed_privacy,0.0,0.0,incomplete_cross_domain_protection,local_packet_or_secure_aggregate,cross_domain_model_update,[],observed_operations_not_a_security_proof,False,no_new_cloud_update,0.0,11,0.0,1.1708440985530615,100,100,0,scheduled,"{""dp_he"": 0, ""dp_only"": 0, ""he_only"": 0, ""neither"": 100}","{""dp_he"": 0, ""dp_only"": 0, ""he_only"": 0, ""neither"": 100}",0.8435213007032871,0.0,100,0.0,4.0,0.3305,1.9464267444610597,0.3285,1.9626746444702148,finite,0.011819001287221909,0.020080598071217537,0,0.0,0.0,1.0,0,0.0,0.0,0.0,0.0,0.0,0.0,0.0,0,0.0,0.0,0.0,0.0,0,0,0,0.0,0.0,0,0,0.0
1.0060690976679325,250.40977337463136,0.0,0.0,0.0,0,0,,,0.0,0.0,0.0,0.0,0,0.0,0,not_selected,0,0.0,not_selected,0.013987500220537186,0,0.3305,0.0,0.0,0.0,0.0,0.0,0.0,0,95.03929979912937,0.0,0,0.0,0.0,0.0,0.0,recorded_dp_events_only,released_packet,private_experiment_logs_not_public_dp_outputs,5130,trainable_parameters_v1,tex_packet,0.0,not_established,0.2424881998449564,0.007100299000740051,legacy_per_link_selection,0,0.0,0.0,0.0,0,seal,0,seal_save_size_upper_bound,0,50;40,0.0,0,0,0.0,not_selected,0,0.0,0,0.0,8192,0,0,0,0,40,0,0,0.0,0.0,0,0,0.0,227.2977159774893,0,0.0,0.0,8.000000000001,0.0,0,measured_norm_ratio_not_a_convergence_threshold,1.0159280002117157,85,100,0,0,0,0,0,0,0,0,0,0,1,0.0,0.0,fixed_mode_fixed_privacy,0.0,0.0,incomplete_cross_domain_protection,local_packet_or_secure_aggregate,cross_domain_model_update,[],observed_operations_not_a_security_proof,False,no_new_cloud_update,0.0,12,0.0,1.024082100018859,100,100,0,scheduled,"{""dp_he"": 0, ""dp_only"": 0, ""he_only"": 0, ""neither"": 100}","{""dp_he"": 0, ""dp_only"": 0, ""he_only"": 0, ""neither"": 100}",0.7343389987945557,0.0,100,0.0,4.0,0.3305,1.9464267444610597,0.341,1.9503551502227783,finite,0.008154099807143211,0.0180130023509264,0,0.0,0.0,1.0,0,0.0,0.0,0.0,0.0,0.0,0.0,0.0,0,0.0,0.0,0.0,0.0,0,0,0,0.0,0.0,0,0,0.0
0.9991658981889486,251.1416142738455,0.0,0.0,0.0,0,0,,,0.0,0.0,0.0,0.0,0,0.0,0,not_selected,0,0.0,not_selected,0.015033699572086334,0,0.3305,0.0,0.0,0.0,0.0,0.0,0.0,0,96.24510120041668,0.0,0,0.0,0.0,0.0,0.0,recorded_dp_events_only,released_packet,private_experiment_logs_not_public_dp_outputs,5130,trainable_parameters_v1,tex_packet,0.0,not_established,0.23625520057976246,0.007742399349808693,legacy_per_link_selection,0,0.0,0.0,0.0,0,seal,0,seal_save_size_upper_bound,0,50;40,0.0,0,0,0.0,not_selected,0,0.0,0,0.0,8192,0,0,0,0,40,0,0,0.0,0.0,0,0,0.0,227.2977159774893,0,0.0,0.0,8.000000000001,0.0,0,measured_norm_ratio_not_a_convergence_threshold,1.0041725002229214,85,100,0,0,0,0,0,0,0,0,0,0,1,0.0,0.0,fixed_mode_fixed_privacy,0.0,0.0,incomplete_cross_domain_protection,local_packet_or_secure_aggregate,cross_domain_model_update,[],observed_operations_not_a_security_proof,False,no_new_cloud_update,0.0,13,0.0,1.012466199696064,100,100,0,scheduled,"{""dp_he"": 0, ""dp_only"": 0, ""he_only"": 0, ""neither"": 100}","{""dp_he"": 0, ""dp_only"": 0, ""he_only"": 0, ""neither"": 100}",0.7318408992141485,0.0,100,0.0,4.0,0.3305,1.9464267444610597,0.3115,1.9808161182403565,finite,0.008293699473142624,0.013300301507115364,0,0.0,0.0,1.0,0,0.0,0.0,0.0,0.0,0.0,0.0,0.0,0,0.0,0.0,0.0,0.0,0,0,0,0.0,0.0,0,0,0.0
1.0416145995259285,251.90839577345486,0.0,0.0,0.0,0,0,,,0.0,0.0,0.0,0.0,0,0.0,0,not_selected,0,0.0,not_selected,0.015367500483989716,0,0.3305,0.0,0.0,0.0,0.0,0.0,0.0,0,97.49850139953196,0.0,0,0.0,0.0,0.0,0.0,recorded_dp_events_only,released_packet,private_experiment_logs_not_public_dp_outputs,5130,trainable_parameters_v1,tex_packet,0.0,not_established,0.24285619892179966,0.00830719992518425,legacy_per_link_selection,0,0.0,0.0,0.0,0,seal,0,seal_save_size_upper_bound,0,50;40,0.0,0,0,0.0,not_selected,0,0.0,0,0.0,8192,0,0,0,0,40,0,0,0.0,0.0,0,0,0.0,227.2977159774893,0,0.0,0.0,8.000000000001,0.0,0,measured_norm_ratio_not_a_convergence_threshold,1.0460302997380495,85,100,0,0,0,0,0,0,0,0,0,0,1,0.0,0.0,fixed_mode_fixed_privacy,0.0,0.0,incomplete_cross_domain_protection,local_packet_or_secure_aggregate,cross_domain_model_update,[],observed_operations_not_a_security_proof,False,no_new_cloud_update,0.0,14,0.0,1.0543325003236532,100,100,0,scheduled,"{""dp_he"": 0, ""dp_only"": 0, ""he_only"": 0, ""neither"": 100}","{""dp_he"": 0, ""dp_only"": 0, ""he_only"": 0, ""neither"": 100}",0.7667814996093512,0.0,100,0.0,4.0,0.3305,1.9464267444610597,0.331,1.9604842414855956,finite,0.008302200585603714,0.012717900797724724,0,0.0,0.0,1.0,0,0.0,0.0,0.0,0.0,0.0,0.0,0.0,0,0.0,0.0,0.0,0.0,0,0,0,0.0,0.0,0,0,0.0
1.1834022998809814,252.79513047328527,0.0,0.0,0.0,0,0,,,0.0,0.0,0.0,0.0,0,0.0,0,not_selected,0,0.0,not_selected,0.018941400572657585,0,0.3305,0.0,0.0,0.0,0.0,0.0,0.0,0,99.02711739949882,0.0,0,0.0,0.0,0.0,0.0,recorded_dp_events_only,released_packet,private_experiment_logs_not_public_dp_outputs,5130,trainable_parameters_v1,tex_packet,0.0,not_established,0.2553166002035141,0.011749200522899628,legacy_per_link_selection,0,0.0,0.0,0.0,0,seal,0,seal_save_size_upper_bound,0,50;40,0.0,0,0,0.0,not_selected,0,0.0,0,0.0,8192,0,0,0,0,40,0,0,0.0,0.0,0,0,0.0,227.2977159774893,0,0.0,0.0,8.000000000001,0.0,0,measured_norm_ratio_not_a_convergence_threshold,1.193104200065136,85,100,0,0,0,0,0,0,0,0,0,0,1,0.0,0.0,fixed_mode_fixed_privacy,0.0,0.0,incomplete_cross_domain_protection,local_packet_or_secure_aggregate,cross_domain_model_update,[],observed_operations_not_a_security_proof,False,no_new_cloud_update,0.0,15,0.0,1.2037645988166332,100,100,0,scheduled,"{""dp_he"": 0, ""dp_only"": 0, ""he_only"": 0, ""neither"": 100}","{""dp_he"": 0, ""dp_only"": 0, ""he_only"": 0, ""neither"": 100}",0.8867346998304129,0.0,100,0.0,4.0,0.3305,1.9464267444610597,0.331,1.9540964794158935,finite,0.010660398751497269,0.02036229893565178,0,0.0,0.0,1.0,0,0.0,0.0,0.0,0.0,0.0,0.0,0.0,0,0.0,0.0,0.0,0.0,0,0,0,0.0,0.0,0,0,0.0
1.020194798707962,253.5356655723446,0.0,0.0,0.0,0,0,,,0.0,0.0,0.0,0.0,0,0.0,0,not_selected,0,0.0,not_selected,0.015927599743008614,0,0.3305,0.0,0.0,0.0,0.0,0.0,0.0,0,100.29523720033467,0.0,0,0.0,0.0,0.0,0.0,recorded_dp_events_only,released_packet,private_experiment_logs_not_public_dp_outputs,5130,trainable_parameters_v1,tex_packet,0.0,not_established,0.24430439993739128,0.008920799940824509,legacy_per_link_selection,0,0.0,0.0,0.0,0,seal,0,seal_save_size_upper_bound,0,50;40,0.0,0,0,0.0,not_selected,0,0.0,0,0.0,8192,0,0,0,0,40,0,0,0.0,0.0,0,0,0.0,227.2977159774893,0,0.0,0.0,8.000000000001,0.0,0,measured_norm_ratio_not_a_convergence_threshold,1.023165499791503,85,100,0,0,0,0,0,0,0,0,0,0,1,0.0,0.0,fixed_mode_fixed_privacy,0.0,0.0,incomplete_cross_domain_protection,local_packet_or_secure_aggregate,cross_domain_model_update,[],observed_operations_not_a_security_proof,False,no_new_cloud_update,0.0,16,0.0,1.0336723998188972,100,100,0,scheduled,"{""dp_he"": 0, ""dp_only"": 0, ""he_only"": 0, ""neither"": 100}","{""dp_he"": 0, ""dp_only"": 0, ""he_only"": 0, ""neither"": 100}",0.7405350990593433,0.0,100,0.0,4.0,0.3305,1.9464267444610597,0.3325,1.9611931648254395,finite,0.010506900027394295,0.013477601110935211,0,0.0,0.0,1.0,0,0.0,0.0,0.0,0.0,0.0,0.0,0.0,0,0.0,0.0,0.0,0.0,0,0,0,0.0,0.0,0,0,0.0
0.9990076031535864,254.24998857332702,0.0,0.0,0.0,0,0,,,0.0,0.0,0.0,0.0,0,0.0,0,not_selected,0,0.0,not_selected,0.016259999945759773,0,0.3305,0.0,0.0,0.0,0.0,0.0,0.0,0,101.51789849996567,0.0,0,0.0,0.0,0.0,0.0,recorded_dp_events_only,released_packet,private_experiment_logs_not_public_dp_outputs,5130,trainable_parameters_v1,tex_packet,0.0,not_established,0.24773400090634823,0.010198600590229034,legacy_per_link_selection,0,0.0,0.0,0.0,0,seal,0,seal_save_size_upper_bound,0,50;40,0.0,0,0,0.0,not_selected,0,0.0,0,0.0,8192,0,0,0,0,40,0,0,0.0,0.0,0,0,0.0,227.2977159774893,0,0.0,0.0,8.000000000001,0.0,0,measured_norm_ratio_not_a_convergence_threshold,1.0012717004865408,85,100,0,0,0,0,0,0,0,0,0,0,1,0.0,0.0,fixed_mode_fixed_privacy,0.0,0.0,incomplete_cross_domain_protection,local_packet_or_secure_aggregate,cross_domain_model_update,[],observed_operations_not_a_security_proof,False,no_new_cloud_update,0.0,17,0.0,1.0117637012153864,100,100,0,scheduled,"{""dp_he"": 0, ""dp_only"": 0, ""he_only"": 0, ""neither"": 100}","{""dp_he"": 0, ""dp_only"": 0, ""he_only"": 0, ""neither"": 100}",0.7143230009824038,0.0,100,0.0,4.0,0.3305,1.9464267444610597,0.348,1.9350659542083741,finite,0.010492000728845596,0.012756098061800003,0,0.0,0.0,1.0,0,0.0,0.0,0.0,0.0,0.0,0.0,0.0,0,0.0,0.0,0.0,0.0,0,0,0,0.0,0.0,0,0,0.0
1.0099541004747152,254.96784957377548,0.0,0.0,0.0,0,0,,,0.0,0.0,0.0,0.0,0,0.0,0,not_selected,0,0.0,not_selected,0.01721860095858574,0,0.3305,0.0,0.0,0.0,0.0,0.0,0.0,0,102.74300859868526,0.0,0,0.0,0.0,0.0,0.0,recorded_dp_events_only,released_packet,private_experiment_logs_not_public_dp_outputs,5130,trainable_parameters_v1,tex_packet,0.0,not_established,0.25350069999694824,0.009671999141573906,legacy_per_link_selection,0,0.0,0.0,0.0,0,seal,0,seal_save_size_upper_bound,0,50;40,0.0,0,0,0.0,not_selected,0,0.0,0,0.0,8192,0,0,0,0,40,0,0,0.0,0.0,0,0,0.0,227.2977159774893,0,0.0,0.0,8.000000000001,0.0,0,measured_norm_ratio_not_a_convergence_threshold,1.0114029999822378,85,100,0,0,0,0,0,0,0,0,0,0,1,0.0,0.0,fixed_mode_fixed_privacy,0.0,0.0,incomplete_cross_domain_protection,local_packet_or_secure_aggregate,cross_domain_model_update,[],observed_operations_not_a_security_proof,False,no_new_cloud_update,0.0,18,0.0,1.0231047999113798,100,100,0,scheduled,"{""dp_he"": 0, ""dp_only"": 0, ""he_only"": 0, ""neither"": 100}","{""dp_he"": 0, ""dp_only"": 0, ""he_only"": 0, ""neither"": 100}",0.7178610004484653,0.0,100,0.0,4.0,0.3305,1.9464267444610597,0.3445,1.9557367782592774,finite,0.011701799929141998,0.013150699436664581,0,0.0,0.0,1.0,0,0.0,0.0,0.0,0.0,0.0,0.0,0.0,0,0.0,0.0,0.0,0.0,0,0,0,0.0,0.0,0,0,0.0
1.0925095975399017,255.7638960729384,0.0,0.0,0.0,0,0,,,0.0,0.0,0.0,0.0,0,0.0,0,not_selected,0,0.0,not_selected,0.017632799223065376,0,0.3305,0.0,0.0,0.0,0.0,0.0,0.0,0,104.08370159938931,0.0,0,0.0,0.0,0.0,0.0,recorded_dp_events_only,released_packet,private_experiment_logs_not_public_dp_outputs,5130,trainable_parameters_v1,tex_packet,0.0,not_established,0.2519940007477999,0.014270799234509468,legacy_per_link_selection,0,0.0,0.0,0.0,0,seal,0,seal_save_size_upper_bound,0,50;40,0.0,0,0,0.0,not_selected,0,0.0,0,0.0,8192,0,0,0,0,40,0,0,0.0,0.0,0,0,0.0,227.2977159774893,0,0.0,0.0,8.000000000001,0.0,0,measured_norm_ratio_not_a_convergence_threshold,1.0977510996162891,85,100,0,0,0,0,0,0,0,0,0,0,1,0.0,0.0,fixed_mode_fixed_privacy,0.0,0.0,incomplete_cross_domain_protection,local_packet_or_secure_aggregate,cross_domain_model_update,[],observed_operations_not_a_security_proof,False,no_new_cloud_update,0.0,19,0.0,1.1103165987879038,100,100,0,scheduled,"{""dp_he"": 0, ""dp_only"": 0, ""he_only"": 0, ""neither"": 100}","{""dp_he"": 0, ""dp_only"": 0, ""he_only"": 0, ""neither"": 100}",0.7960464991629124,0.0,100,0.0,4.0,0.3305,1.9464267444610597,0.3375,1.948862992286682,finite,0.012565499171614647,0.017807001248002052,0,0.0,0.0,1.0,0,0.0,0.0,0.0,0.0,0.0,0.0,0.0,0,0.0,0.0,0.0,0.0,0,0,0,0.0,0.0,0,0,0.0
1.0291814003139734,256.5079241736823,0.0,0.0,0.0,0,0,,,0.0,0.0,0.0,0.0,0,0.0,0,not_selected,0,0.0,not_selected,0.018419699743390083,0,0.3305,0.0,0.0,0.0,0.0,0.0,0.0,0,105.3663630001247,0.0,0,0.0,0.0,0.0,0.0,recorded_dp_events_only,released_packet,private_experiment_logs_not_public_dp_outputs,5130,trainable_parameters_v1,tex_packet,0.0,not_established,0.24303789995610714,0.01063540019094944,legacy_per_link_selection,0,0.0,0.0,0.0,0,seal,0,seal_save_size_upper_bound,0,50;40,0.0,0,0,0.0,not_selected,0,0.0,0,0.0,8192,0,0,0,0,40,0,0,0.0,0.0,0,0,0.0,227.2977159774893,0,0.0,0.0,8.000000000001,0.0,0,measured_norm_ratio_not_a_convergence_threshold,1.031725000590086,85,100,0,0,0,0,0,0,0,0,0,0,1,0.0,0.0,fixed_mode_fixed_privacy,0.0,0.0,incomplete_cross_domain_protection,local_packet_or_secure_aggregate,cross_domain_model_update,[],observed_operations_not_a_security_proof,False,no_new_cloud_update,0.0,20,0.0,1.044785300269723,100,100,0,scheduled,"{""dp_he"": 0, ""dp_only"": 0, ""he_only"": 0, ""neither"": 100}","{""dp_he"": 0, ""dp_only"": 0, ""he_only"": 0, ""neither"": 100}",0.7440281007438898,0.0,100,0.0,4.0,0.3305,1.9464267444610597,0.3195,1.9655584621429443,finite,0.013060299679636955,0.015603899955749512,0,0.0,0.0,1.0,0,0.0,0.0,0.0,0.0,0.0,0.0,0.0,0,0.0,0.0,0.0,0.0,0,0,0,0.0,0.0,0,0,0.0
1.018868202343583,257.2414392742359,0.0,0.0,0.0,0,0,,,0.0,0.0,0.0,0.0,0,0.0,0,not_selected,0,0.0,not_selected,0.01720390096306801,0,0.3305,0.0,0.0,0.0,0.0,0.0,0.0,0,106.61565610021353,0.0,0,0.0,0.0,0.0,0.0,recorded_dp_events_only,released_packet,private_experiment_logs_not_public_dp_outputs,5130,trainable_parameters_v1,tex_packet,0.0,not_established,0.2462195996195078,0.011318201199173927,legacy_per_link_selection,0,0.0,0.0,0.0,0,seal,0,seal_save_size_upper_bound,0,50;40,0.0,0,0,0.0,not_selected,0,0.0,0,0.0,8192,0,0,0,0,40,0,0,0.0,0.0,0,0,0.0,227.2977159774893,0,0.0,0.0,8.000000000001,0.0,0,measured_norm_ratio_not_a_convergence_threshold,1.0215725991874933,85,100,0,0,0,0,0,0,0,0,0,0,1,0.0,0.0,fixed_mode_fixed_privacy,0.0,0.0,incomplete_cross_domain_protection,local_packet_or_secure_aggregate,cross_domain_model_update,[],observed_operations_not_a_security_proof,False,no_new_cloud_update,0.0,21,0.0,1.032183999195695,100,100,0,scheduled,"{""dp_he"": 0, ""dp_only"": 0, ""he_only"": 0, ""neither"": 100}","{""dp_he"": 0, ""dp_only"": 0, ""he_only"": 0, ""neither"": 100}",0.7335151005536318,0.0,100,0.0,4.0,0.3305,1.9464267444610597,0.317,1.9625337963104248,finite,0.010611400008201599,0.013315796852111816,0,0.0,0.0,1.0,0,0.0,0.0,0.0,0.0,0.0,0.0,0.0,0,0.0,0.0,0.0,0.0,0,0,0,0.0,0.0,0,0,0.0
1.0107480008155107,257.9611549737894,0.0,0.0,0.0,0,0,,,0.0,0.0,0.0,0.0,0,0.0,0,not_selected,0,0.0,not_selected,0.018077699467539787,0,0.3305,0.0,0.0,0.0,0.0,0.0,0.0,0,107.8610816989094,0.0,0,0.0,0.0,0.0,0.0,recorded_dp_events_only,released_packet,private_experiment_logs_not_public_dp_outputs,5130,trainable_parameters_v1,tex_packet,0.0,not_established,0.24761000089347363,0.014420799911022186,legacy_per_link_selection,0,0.0,0.0,0.0,0,seal,0,seal_save_size_upper_bound,0,50;40,0.0,0,0,0.0,not_selected,0,0.0,0,0.0,8192,0,0,0,0,40,0,0,0.0,0.0,0,0,0.0,227.2977159774893,0,0.0,0.0,8.000000000001,0.0,0,measured_norm_ratio_not_a_convergence_threshold,1.0171642992645502,85,100,0,0,0,0,0,0,0,0,0,0,1,0.0,0.0,fixed_mode_fixed_privacy,0.0,0.0,incomplete_cross_domain_protection,local_packet_or_secure_aggregate,cross_domain_model_update,[],observed_operations_not_a_security_proof,False,no_new_cloud_update,0.0,22,0.0,1.0280881002545357,100,100,0,scheduled,"{""dp_he"": 0, ""dp_only"": 0, ""he_only"": 0, ""neither"": 100}","{""dp_he"": 0, ""dp_only"": 0, ""he_only"": 0, ""neither"": 100}",0.7197156995534897,0.0,100,0.0,4.0,0.3305,1.9464267444610597,0.3335,1.9463025150299071,finite,0.010923800989985466,0.017340099439024925,0,0.0,0.0,1.0,0,0.0,0.0,0.0,0.0,0.0,0.0,0.0,0,0.0,0.0,0.0,0.0,0,0,0,0.0,0.0,0,0,0.0
1.1525429002940655,258.8027032732063,0.0,0.0,0.0,0,0,,,0.0,0.0,0.0,0.0,0,0.0,0,not_selected,0,0.0,not_selected,0.02223540097475052,0,0.3305,0.0,0.0,0.0,0.0,0.0,0.0,0,109.26954029873013,0.0,0,0.0,0.0,0.0,0.0,recorded_dp_events_only,released_packet,private_experiment_logs_not_public_dp_outputs,5130,trainable_parameters_v1,tex_packet,0.0,not_established,0.2615527994930744,0.01407649926841259,legacy_per_link_selection,0,0.0,0.0,0.0,0,seal,0,seal_save_size_upper_bound,0,50;40,0.0,0,0,0.0,not_selected,0,0.0,0,0.0,8192,0,0,0,0,40,0,0,0.0,0.0,0,0,0.0,227.2977159774893,0,0.0,0.0,8.000000000001,0.0,0,measured_norm_ratio_not_a_convergence_threshold,1.1527406983077526,85,100,0,0,0,0,0,0,0,0,0,0,1,0.0,0.0,fixed_mode_fixed_privacy,0.0,0.0,incomplete_cross_domain_protection,local_packet_or_secure_aggregate,cross_domain_model_update,[],observed_operations_not_a_security_proof,False,no_new_cloud_update,0.0,23,0.0,1.1658705994486809,100,100,0,scheduled,"{""dp_he"": 0, ""dp_only"": 0, ""he_only"": 0, ""neither"": 100}","{""dp_he"": 0, ""dp_only"": 0, ""he_only"": 0, ""neither"": 100}",0.8415482994168997,0.0,100,0.0,4.0,0.3305,1.9464267444610597,0.3315,1.9496547012329102,finite,0.013129901140928268,0.013327699154615402,0,0.0,0.0,1.0,0,0.0,0.0,0.0,0.0,0.0,0.0,0.0,0,0.0,0.0,0.0,0.0,0,0,0,0.0,0.0,0,0,0.0
1.083585299551487,259.5946786726856,0.0,0.0,0.0,0,0,,,0.0,0.0,0.0,0.0,0,0.0,0,not_selected,0,0.0,not_selected,0.01670440100133419,0,0.3305,0.0,0.0,0.0,0.0,0.0,0.0,0,110.6578583996743,0.0,0,0.0,0.0,0.0,0.0,recorded_dp_events_only,released_packet,private_experiment_logs_not_public_dp_outputs,5130,trainable_parameters_v1,tex_packet,0.0,not_established,0.2481038998812437,0.011703899130225182,legacy_per_link_selection,0,0.0,0.0,0.0,0,seal,0,seal_save_size_upper_bound,0,50;40,0.0,0,0,0.0,not_selected,0,0.0,0,0.0,8192,0,0,0,0,40,0,0,0.0,0.0,0,0,0.0,227.2977159774893,0,0.0,0.0,8.000000000001,0.0,0,measured_norm_ratio_not_a_convergence_threshold,1.0820505991578102,85,100,0,0,0,0,0,0,0,0,0,0,1,0.0,0.0,fixed_mode_fixed_privacy,0.0,0.0,incomplete_cross_domain_protection,local_packet_or_secure_aggregate,cross_domain_model_update,[],observed_operations_not_a_security_proof,False,no_new_cloud_update,0.0,24,0.0,1.0971482992172241,100,100,0,scheduled,"{""dp_he"": 0, ""dp_only"": 0, ""he_only"": 0, ""neither"": 100}","{""dp_he"": 0, ""dp_only"": 0, ""he_only"": 0, ""neither"": 100}",0.79197539947927,0.0,100,0.0,4.0,0.3305,1.9464267444610597,0.336,1.9524099159240722,finite,0.01509770005941391,0.013562999665737152,0,0.0,0.0,1.0,0,0.0,0.0,0.0,0.0,0.0,0.0,0.0,0,0.0,0.0,0.0,0.0,0,0,0,0.0,0.0,0,0,0.0
1.0056760981678963,260.3193169727021,0.0,0.0,0.0,0,0,,,0.0,0.0,0.0,0.0,0,0.0,0,not_selected,0,0.0,not_selected,0.01748180016875267,0,0.3305,0.0,0.0,0.0,0.0,0.0,0.0,0,111.90475570037961,0.0,0,0.0,0.0,0.0,0.0,recorded_dp_events_only,released_packet,private_experiment_logs_not_public_dp_outputs,5130,trainable_parameters_v1,tex_packet,0.0,not_established,0.24054949916899204,0.010885398834943771,legacy_per_link_selection,0,0.0,0.0,0.0,0,seal,0,seal_save_size_upper_bound,0,50;40,0.0,0,0,0.0,not_selected,0,0.0,0,0.0,8192,0,0,0,0,40,0,0,0.0,0.0,0,0,0.0,227.2977159774893,0,0.0,0.0,8.000000000001,0.0,0,measured_norm_ratio_not_a_convergence_threshold,1.0070340000092983,85,100,0,0,0,0,0,0,0,0,0,0,1,0.0,0.0,fixed_mode_fixed_privacy,0.0,0.0,incomplete_cross_domain_protection,local_packet_or_secure_aggregate,cross_domain_model_update,[],observed_operations_not_a_security_proof,False,no_new_cloud_update,0.0,25,0.0,1.0191550999879837,100,100,0,scheduled,"{""dp_he"": 0, ""dp_only"": 0, ""he_only"": 0, ""neither"": 100}","{""dp_he"": 0, ""dp_only"": 0, ""he_only"": 0, ""neither"": 100}",0.7246383000165224,0.0,100,0.0,4.0,0.3305,1.9464267444610597,0.333,1.947509111404419,finite,0.012121099978685379,0.013479001820087433,0,0.0,0.0,1.0,0,0.0,0.0,0.0,0.0,0.0,0.0,0.0,0,0.0,0.0,0.0,0.0,0,0,0,0.0,0.0,0,0,0.0
1.0121731013059616,261.0405907711976,0.0,0.0,0.0,0,0,,,0.0,0.0,0.0,0.0,0,0.0,0,not_selected,0,0.0,not_selected,0.017429200932383537,0,0.3305,0.0,0.0,0.0,0.0,0.0,0.0,0,113.17602830007672,0.0,0,0.0,0.0,0.0,0.0,recorded_dp_events_only,released_packet,private_experiment_logs_not_public_dp_outputs,5130,trainable_parameters_v1,tex_packet,0.0,not_established,0.2513425014913082,0.011175999417901039,legacy_per_link_selection,0,0.0,0.0,0.0,0,seal,0,seal_save_size_upper_bound,0,50;40,0.0,0,0,0.0,not_selected,0,0.0,0,0.0,8192,0,0,0,0,40,0,0,0.0,0.0,0,0,0.0,227.2977159774893,0,0.0,0.0,8.000000000001,0.0,0,measured_norm_ratio_not_a_convergence_threshold,1.0147571992129087,85,100,0,0,0,0,0,0,0,0,0,0,1,0.0,0.0,fixed_mode_fixed_privacy,0.0,0.0,incomplete_cross_domain_protection,local_packet_or_secure_aggregate,cross_domain_model_update,[],observed_operations_not_a_security_proof,False,no_new_cloud_update,0.0,26,0.0,1.0257088001817465,100,100,0,scheduled,"{""dp_he"": 0, ""dp_only"": 0, ""he_only"": 0, ""neither"": 100}","{""dp_he"": 0, ""dp_only"": 0, ""he_only"": 0, ""neither"": 100}",0.7212737984955311,0.0,100,0.0,4.0,0.3305,1.9464267444610597,0.3405,1.9454466333389282,finite,0.010951600968837738,0.013535698875784874,0,0.0,0.0,1.0,0,0.0,0.0,0.0,0.0,0.0,0.0,0.0,0,0.0,0.0,0.0,0.0,0,0,0,0.0,0.0,0,0,0.0
1.09772340208292,261.8397851723277,0.0,0.0,0.0,0,0,,,0.0,0.0,0.0,0.0,0,0.0,0,not_selected,0,0.0,not_selected,0.020677801221609116,0,0.3305,0.0,0.0,0.0,0.0,0.0,0.0,0,114.54730989970267,0.0,0,0.0,0.0,0.0,0.0,recorded_dp_events_only,released_packet,private_experiment_logs_not_public_dp_outputs,5130,trainable_parameters_v1,tex_packet,0.0,not_established,0.253278199583292,0.012776399031281471,legacy_per_link_selection,0,0.0,0.0,0.0,0,seal,0,seal_save_size_upper_bound,0,50;40,0.0,0,0,0.0,not_selected,0,0.0,0,0.0,8192,0,0,0,0,40,0,0,0.0,0.0,0,0,0.0,227.2977159774893,0,0.0,0.0,8.000000000001,0.0,0,measured_norm_ratio_not_a_convergence_threshold,1.100392298772931,85,100,0,0,0,0,0,0,0,0,0,0,1,0.0,0.0,fixed_mode_fixed_privacy,0.0,0.0,incomplete_cross_domain_protection,local_packet_or_secure_aggregate,cross_domain_model_update,[],observed_operations_not_a_security_proof,False,no_new_cloud_update,0.0,27,0.0,1.1121888998895884,100,100,0,scheduled,"{""dp_he"": 0, ""dp_only"": 0, ""he_only"": 0, ""neither"": 100}","{""dp_he"": 0, ""dp_only"": 0, ""he_only"": 0, ""neither"": 100}",0.7991944011300802,0.0,100,0.0,4.0,0.3305,1.9464267444610597,0.334,1.9472323598861694,finite,0.011796601116657257,0.014465497806668282,0,0.0,0.0,1.0,0,0.0,0.0,0.0,0.0,0.0,0.0,0.0,0,0.0,0.0,0.0,0.0,0,0,0,0.0,0.0,0,0,0.0
1.0189374014735222,262.57293847268755,0.0,0.0,0.0,0,0,,,0.0,0.0,0.0,0.0,0,0.0,0,not_selected,0,0.0,not_selected,0.016899200156331062,0,0.3305,0.0,0.0,0.0,0.0,0.0,0.0,0,115.8329063989222,0.0,0,0.0,0.0,0.0,0.0,recorded_dp_events_only,released_packet,private_experiment_logs_not_public_dp_outputs,5130,trainable_parameters_v1,tex_packet,0.0,not_established,0.24671380035579205,0.011626599356532097,legacy_per_link_selection,0,0.0,0.0,0.0,0,seal,0,seal_save_size_upper_bound,0,50;40,0.0,0,0,0.0,not_selected,0,0.0,0,0.0,8192,0,0,0,0,40,0,0,0.0,0.0,0,0,0.0,227.2977159774893,0,0.0,0.0,8.000000000001,0.0,0,measured_norm_ratio_not_a_convergence_threshold,1.0215661004185677,85,100,0,0,0,0,0,0,0,0,0,0,1,0.0,0.0,fixed_mode_fixed_privacy,0.0,0.0,incomplete_cross_domain_protection,local_packet_or_secure_aggregate,cross_domain_model_update,[],observed_operations_not_a_security_proof,False,no_new_cloud_update,0.0,28,0.0,1.0321106016635895,100,100,0,scheduled,"{""dp_he"": 0, ""dp_only"": 0, ""he_only"": 0, ""neither"": 100}","{""dp_he"": 0, ""dp_only"": 0, ""he_only"": 0, ""neither"": 100}",0.7331533003598452,0.0,100,0.0,4.0,0.3305,1.9464267444610597,0.323,1.9615897970199585,finite,0.01054450124502182,0.013173200190067291,0,0.0,0.0,1.0,0,0.0,0.0,0.0,0.0,0.0,0.0,0.0,0,0.0,0.0,0.0,0.0,0,0,0,0.0,0.0,0,0,0.0
1.016133999451995,263.3049618720108,0.0,0.0,0.0,0,0,,,0.0,0.0,0.0,0.0,0,0.0,0,not_selected,0,0.0,not_selected,0.017459601163864136,0,0.3305,0.0,0.0,0.0,0.0,0.0,0.0,0,117.08785459958017,0.0,0,0.0,0.0,0.0,0.0,recorded_dp_events_only,released_packet,private_experiment_logs_not_public_dp_outputs,5130,trainable_parameters_v1,tex_packet,0.0,not_established,0.24536550045013428,0.0104816984385252,legacy_per_link_selection,0,0.0,0.0,0.0,0,seal,0,seal_save_size_upper_bound,0,50;40,0.0,0,0,0.0,not_selected,0,0.0,0,0.0,8192,0,0,0,0,40,0,0,0.0,0.0,0,0,0.0,227.2977159774893,0,0.0,0.0,8.000000000001,0.0,0,measured_norm_ratio_not_a_convergence_threshold,1.0193298999220133,85,100,0,0,0,0,0,0,0,0,0,0,1,0.0,0.0,fixed_mode_fixed_privacy,0.0,0.0,incomplete_cross_domain_protection,local_packet_or_secure_aggregate,cross_domain_model_update,[],observed_operations_not_a_security_proof,False,no_new_cloud_update,0.0,29,0.0,1.0301336999982595,100,100,0,scheduled,"{""dp_he"": 0, ""dp_only"": 0, ""he_only"": 0, ""neither"": 100}","{""dp_he"": 0, ""dp_only"": 0, ""he_only"": 0, ""neither"": 100}",0.732023399323225,0.0,100,0.0,4.0,0.3305,1.9464267444610597,0.3365,1.9522403936386108,finite,0.010803800076246262,0.013999700546264648,0,0.0,0.0,1.0,0,0.0,0.0,0.0,0.0,0.0,0.0,0.0,0,0.0,0.0,0.0,0.0,0,0,0,0.0,0.0,0,0,0.0
1.0221432000398636,264.03279777309234,0.0,0.0,0.0,0,0,,,0.0,0.0,0.0,0.0,0,0.0,0,not_selected,0,0.0,not_selected,0.01788949966430664,0,0.3305,0.0,0.0,0.0,0.0,0.0,0.0,0,118.34675399959087,0.0,0,0.0,0.0,0.0,0.0,recorded_dp_events_only,released_packet,private_experiment_logs_not_public_dp_outputs,5130,trainable_parameters_v1,tex_packet,0.0,not_established,0.25492529943585396,0.010918699204921722,legacy_per_link_selection,0,0.0,0.0,0.0,0,seal,0,seal_save_size_upper_bound,0,50;40,0.0,0,0,0.0,not_selected,0,0.0,0,0.0,8192,0,0,0,0,40,0,0,0.0,0.0,0,0,0.0,227.2977159774893,0,0.0,0.0,8.000000000001,0.0,0,measured_norm_ratio_not_a_convergence_threshold,1.024772398173809,85,100,0,0,0,0,0,0,0,0,0,0,1,0.0,0.0,fixed_mode_fixed_privacy,0.0,0.0,incomplete_cross_domain_protection,local_packet_or_secure_aggregate,cross_domain_model_update,[],observed_operations_not_a_security_proof,False,no_new_cloud_update,0.0,30,0.0,1.0353461988270283,100,100,0,scheduled,"{""dp_he"": 0, ""dp_only"": 0, ""he_only"": 0, ""neither"": 100}","{""dp_he"": 0, ""dp_only"": 0, ""he_only"": 0, ""neither"": 100}",0.727835901081562,0.0,100,0.0,4.0,0.3305,1.9464267444610597,0.3465,1.9235632848739623,finite,0.010573800653219223,0.013202998787164688,0,0.0,0.0,1.0,0,0.0,0.0,0.0,0.0,0.0,0.0,0.0,0,0.0,0.0,0.0,0.0,0,0,0,0.0,0.0,0,0,0.0
1.9063929002732038,265.4847349735939,0.0,0.0,0.0,0,0,,,0.0,0.0,0.0,0.0,0,0.0,0,not_selected,0,0.0,not_selected,0.016841601580381393,0,0.3305,0.0,0.0,0.0,0.0,0.0,0.0,0,120.52940489910543,0.0,0,0.0,0.0,0.0,0.0,recorded_dp_events_only,released_packet,private_experiment_logs_not_public_dp_outputs,5130,trainable_parameters_v1,tex_packet,0.0,not_established,0.415132500231266,0.01068049855530262,legacy_per_link_selection,0,0.0,0.0,0.0,0,seal,0,seal_save_size_upper_bound,0,50;40,0.0,0,0,0.0,not_selected,0,0.0,0,0.0,8192,0,0,0,0,40,0,0,0.0,0.0,0,0,0.0,227.2977159774893,0,0.0,0.0,8.000000000001,0.0,0,measured_norm_ratio_not_a_convergence_threshold,1.9073834996670485,85,100,0,0,0,0,0,0,0,0,0,0,1,0.0,0.0,fixed_mode_fixed_privacy,0.0,0.0,incomplete_cross_domain_protection,local_packet_or_secure_aggregate,cross_domain_model_update,[],observed_operations_not_a_security_proof,False,no_new_cloud_update,0.0,31,0.0,1.919184599071741,100,100,0,scheduled,"{""dp_he"": 0, ""dp_only"": 0, ""he_only"": 0, ""neither"": 100}","{""dp_he"": 0, ""dp_only"": 0, ""he_only"": 0, ""neither"": 100}",1.4519372005015612,0.0,100,0.0,4.0,0.3305,1.9464267444610597,0.351,1.9278062229156494,finite,0.01180109940469265,0.012791698798537254,0,0.0,0.0,1.0,0,0.0,0.0,0.0,0.0,0.0,0.0,0.0,0,0.0,0.0,0.0,0.0,0,0,0,0.0,0.0,0,0,0.0
1.044990999624133,266.24143777480657,0.0,0.0,0.0,0,0,,,0.0,0.0,0.0,0.0,0,0.0,0,not_selected,0,0.0,not_selected,0.016607699915766716,0,0.3305,0.0,0.0,0.0,0.0,0.0,0.0,0,121.85448990017176,0.0,0,0.0,0.0,0.0,0.0,recorded_dp_events_only,released_packet,private_experiment_logs_not_public_dp_outputs,5130,trainable_parameters_v1,tex_packet,0.0,not_established,0.2476764004677534,0.012162899598479271,legacy_per_link_selection,0,0.0,0.0,0.0,0,seal,0,seal_save_size_upper_bound,0,50;40,0.0,0,0,0.0,not_selected,0,0.0,0,0.0,8192,0,0,0,0,40,0,0,0.0,0.0,0,0,0.0,227.2977159774893,0,0.0,0.0,8.000000000001,0.0,0,measured_norm_ratio_not_a_convergence_threshold,1.0463415011763573,85,100,0,0,0,0,0,0,0,0,0,0,1,0.0,0.0,fixed_mode_fixed_privacy,0.0,0.0,incomplete_cross_domain_protection,local_packet_or_secure_aggregate,cross_domain_model_update,[],observed_operations_not_a_security_proof,False,no_new_cloud_update,0.0,32,0.0,1.0581826996058226,100,100,0,scheduled,"{""dp_he"": 0, ""dp_only"": 0, ""he_only"": 0, ""neither"": 100}","{""dp_he"": 0, ""dp_only"": 0, ""he_only"": 0, ""neither"": 100}",0.7567028012126684,0.0,100,0.0,4.0,0.3305,1.9464267444610597,0.333,1.9478419246673584,finite,0.011841198429465294,0.013191699981689453,0,0.0,0.0,1.0,0,0.0,0.0,0.0,0.0,0.0,0.0,0.0,0,0.0,0.0,0.0,0.0,0,0,0,0.0,0.0,0,0,0.0
1.004774197936058,266.95767217381234,0.0,0.0,0.0,0,0,,,0.0,0.0,0.0,0.0,0,0.0,0,not_selected,0,0.0,not_selected,0.017629001289606094,0,0.3305,0.0,0.0,0.0,0.0,0.0,0.0,0,123.1130138002336,0.0,0,0.0,0.0,0.0,0.0,recorded_dp_events_only,released_packet,private_experiment_logs_not_public_dp_outputs,5130,trainable_parameters_v1,tex_packet,0.0,not_established,0.24825789965689182,0.011339899152517319,legacy_per_link_selection,0,0.0,0.0,0.0,0,seal,0,seal_save_size_upper_bound,0,50;40,0.0,0,0,0.0,not_selected,0,0.0,0,0.0,8192,0,0,0,0,40,0,0,0.0,0.0,0,0,0.0,227.2977159774893,0,0.0,0.0,8.000000000001,0.0,0,measured_norm_ratio_not_a_convergence_threshold,1.0066864024847746,85,100,0,0,0,0,0,0,0,0,0,0,1,0.0,0.0,fixed_mode_fixed_privacy,0.0,0.0,incomplete_cross_domain_protection,local_packet_or_secure_aggregate,cross_domain_model_update,[],observed_operations_not_a_security_proof,False,no_new_cloud_update,0.0,33,0.0,1.0179994013160467,100,100,0,scheduled,"{""dp_he"": 0, ""dp_only"": 0, ""he_only"": 0, ""neither"": 100}","{""dp_he"": 0, ""dp_only"": 0, ""he_only"": 0, ""neither"": 100}",0.7162343990057707,0.0,100,0.0,4.0,0.3305,1.9464267444610597,0.3445,1.9476918630599975,finite,0.011312998831272125,0.01322520337998867,0,0.0,0.0,1.0,0,0.0,0.0,0.0,0.0,0.0,0.0,0.0,0,0.0,0.0,0.0,0.0,0,0,0,0.0,0.0,0,0,0.0
1.1716475021094084,267.82681147447164,0.0,0.0,0.0,0,0,,,0.0,0.0,0.0,0.0,0,0.0,0,not_selected,0,0.0,not_selected,0.022197701036930084,0,0.3305,0.0,0.0,0.0,0.0,0.0,0.0,0,124.55793139897287,0.0,0,0.0,0.0,0.0,0.0,recorded_dp_events_only,released_packet,private_experiment_logs_not_public_dp_outputs,5130,trainable_parameters_v1,tex_packet,0.0,not_established,0.2569833006709814,0.012235799804329872,legacy_per_link_selection,0,0.0,0.0,0.0,0,seal,0,seal_save_size_upper_bound,0,50;40,0.0,0,0,0.0,not_selected,0,0.0,0,0.0,8192,0,0,0,0,40,0,0,0.0,0.0,0,0,0.0,227.2977159774893,0,0.0,0.0,8.000000000001,0.0,0,measured_norm_ratio_not_a_convergence_threshold,1.175001299008727,85,100,0,0,0,0,0,0,0,0,0,0,1,0.0,0.0,fixed_mode_fixed_privacy,0.0,0.0,incomplete_cross_domain_protection,local_packet_or_secure_aggregate,cross_domain_model_update,[],observed_operations_not_a_security_proof,False,no_new_cloud_update,0.0,34,0.0,1.1860926989465952,100,100,0,scheduled,"{""dp_he"": 0, ""dp_only"": 0, ""he_only"": 0, ""neither"": 100}","{""dp_he"": 0, ""dp_only"": 0, ""he_only"": 0, ""neither"": 100}",0.8691393006592989,0.0,100,0.0,4.0,0.3305,1.9464267444610597,0.3285,1.9553293895721435,finite,0.011091399937868118,0.014445196837186813,0,0.0,0.0,1.0,0,0.0,0.0,0.0,0.0,0.0,0.0,0.0,0,0.0,0.0,0.0,0.0,0,0,0,0.0,0.0,0,0,0.0
1.0374470986425877,268.5766492734694,0.0,0.0,0.0,0,0,,,0.0,0.0,0.0,0.0,0,0.0,0,not_selected,0,0.0,not_selected,0.017057599499821663,0,0.3305,0.0,0.0,0.0,0.0,0.0,0.0,0,125.87958510033786,0.0,0,0.0,0.0,0.0,0.0,recorded_dp_events_only,released_packet,private_experiment_logs_not_public_dp_outputs,5130,trainable_parameters_v1,tex_packet,0.0,not_established,0.24868080019950867,0.010730201378464699,legacy_per_link_selection,0,0.0,0.0,0.0,0,seal,0,seal_save_size_upper_bound,0,50;40,0.0,0,0,0.0,not_selected,0,0.0,0,0.0,8192,0,0,0,0,40,0,0,0.0,0.0,0,0,0.0,227.2977159774893,0,0.0,0.0,8.000000000001,0.0,0,measured_norm_ratio_not_a_convergence_threshold,1.0396339017897844,85,100,0,0,0,0,0,0,0,0,0,0,1,0.0,0.0,fixed_mode_fixed_privacy,0.0,0.0,incomplete_cross_domain_protection,local_packet_or_secure_aggregate,cross_domain_model_update,[],observed_operations_not_a_security_proof,False,no_new_cloud_update,0.0,35,0.0,1.0507746003568172,100,100,0,scheduled,"{""dp_he"": 0, ""dp_only"": 0, ""he_only"": 0, ""neither"": 100}","{""dp_he"": 0, ""dp_only"": 0, ""he_only"": 0, ""neither"": 100}",0.7498377989977598,0.0,100,0.0,4.0,0.3305,1.9464267444610597,0.3255,1.9611028900146485,finite,0.011140698567032814,0.013327501714229584,0,0.0,0.0,1.0,0,0.0,0.0,0.0,0.0,0.0,0.0,0.0,0,0.0,0.0,0.0,0.0,0,0,0,0.0,0.0,0,0,0.0
1.024175502359867,269.31007657451863,0.0,0.0,0.0,0,0,,,0.0,0.0,0.0,0.0,0,0.0,0,not_selected,0,0.0,not_selected,0.016925299540162086,0,0.3305,0.0,0.0,0.0,0.0,0.0,0.0,0,127.15489189885557,0.0,0,0.0,0.0,0.0,0.0,recorded_dp_events_only,released_packet,private_experiment_logs_not_public_dp_outputs,5130,trainable_parameters_v1,tex_packet,0.0,not_established,0.2507560010999441,0.011105800047516823,legacy_per_link_selection,0,0.0,0.0,0.0,0,seal,0,seal_save_size_upper_bound,0,50;40,0.0,0,0,0.0,not_selected,0,0.0,0,0.0,8192,0,0,0,0,40,0,0,0.0,0.0,0,0,0.0,227.2977159774893,0,0.0,0.0,8.000000000001,0.0,0,measured_norm_ratio_not_a_convergence_threshold,1.0251860991120338,85,100,0,0,0,0,0,0,0,0,0,0,1,0.0,0.0,fixed_mode_fixed_privacy,0.0,0.0,incomplete_cross_domain_protection,local_packet_or_secure_aggregate,cross_domain_model_update,[],observed_operations_not_a_security_proof,False,no_new_cloud_update,0.0,36,0.0,1.0371471997350454,100,100,0,scheduled,"{""dp_he"": 0, ""dp_only"": 0, ""he_only"": 0, ""neither"": 100}","{""dp_he"": 0, ""dp_only"": 0, ""he_only"": 0, ""neither"": 100}",0.7334273010492325,0.0,100,0.0,4.0,0.3305,1.9464267444610597,0.328,1.957329782485962,finite,0.011961100623011589,0.012971697375178337,0,0.0,0.0,1.0,0,0.0,0.0,0.0,0.0,0.0,0.0,0.0,0,0.0,0.0,0.0,0.0,0,0,0,0.0,0.0,0,0,0.0
1.0134208984673023,270.0352797738307,0.0,0.0,0.0,0,0,,,0.0,0.0,0.0,0.0,0,0.0,0,not_selected,0,0.0,not_selected,0.017589401453733444,0,0.3305,0.0,0.0,0.0,0.0,0.0,0.0,0,128.44982459954917,0.0,0,0.0,0.0,0.0,0.0,recorded_dp_events_only,released_packet,private_experiment_logs_not_public_dp_outputs,5130,trainable_parameters_v1,tex_packet,0.0,not_established,0.24873779900372028,0.01101749949157238,legacy_per_link_selection,0,0.0,0.0,0.0,0,seal,0,seal_save_size_upper_bound,0,50;40,0.0,0,0,0.0,not_selected,0,0.0,0,0.0,8192,0,0,0,0,40,0,0,0.0,0.0,0,0,0.0,227.2977159774893,0,0.0,0.0,8.000000000001,0.0,0,measured_norm_ratio_not_a_convergence_threshold,1.0157163999974728,85,100,0,0,0,0,0,0,0,0,0,0,1,0.0,0.0,fixed_mode_fixed_privacy,0.0,0.0,incomplete_cross_domain_protection,local_packet_or_secure_aggregate,cross_domain_model_update,[],observed_operations_not_a_security_proof,False,no_new_cloud_update,0.0,37,0.0,1.026589399203658,100,100,0,scheduled,"{""dp_he"": 0, ""dp_only"": 0, ""he_only"": 0, ""neither"": 100}","{""dp_he"": 0, ""dp_only"": 0, ""he_only"": 0, ""neither"": 100}",0.7252031993120909,0.0,100,0.0,4.0,0.3305,1.9464267444610597,0.3545,1.9283597812652589,finite,0.010872999206185341,0.013168500736355782,0,0.0,0.0,1.0,0,0.0,0.0,0.0,0.0,0.0,0.0,0.0,0,0.0,0.0,0.0,0.0,0,0,0,0.0,0.0,0,0,0.0
1.0999639984220266,270.83797457320924,0.0,0.0,0.0,0,0,,,0.0,0.0,0.0,0.0,0,0.0,0,not_selected,0,0.0,not_selected,0.017696600407361984,0,0.3305,0.0,0.0,0.0,0.0,0.0,0.0,0,129.8349350988865,0.0,0,0.0,0.0,0.0,0.0,recorded_dp_events_only,released_packet,private_experiment_logs_not_public_dp_outputs,5130,trainable_parameters_v1,tex_packet,0.0,not_established,0.2524666991084814,0.013284198939800262,legacy_per_link_selection,0,0.0,0.0,0.0,0,seal,0,seal_save_size_upper_bound,0,50;40,0.0,0,0,0.0,not_selected,0,0.0,0,0.0,8192,0,0,0,0,40,0,0,0.0,0.0,0,0,0.0,227.2977159774893,0,0.0,0.0,8.000000000001,0.0,0,measured_norm_ratio_not_a_convergence_threshold,1.1018630992621183,85,100,0,0,0,0,0,0,0,0,0,0,1,0.0,0.0,fixed_mode_fixed_privacy,0.0,0.0,incomplete_cross_domain_protection,local_packet_or_secure_aggregate,cross_domain_model_update,[],observed_operations_not_a_security_proof,False,no_new_cloud_update,0.0,38,0.0,1.115684799849987,100,100,0,scheduled,"{""dp_he"": 0, ""dp_only"": 0, ""he_only"": 0, ""neither"": 100}","{""dp_he"": 0, ""dp_only"": 0, ""he_only"": 0, ""neither"": 100}",0.8026947993785143,0.0,100,0.0,4.0,0.3305,1.9464267444610597,0.339,1.954038019180298,finite,0.01382170058786869,0.015720801427960396,0,0.0,0.0,1.0,0,0.0,0.0,0.0,0.0,0.0,0.0,0.0,0,0.0,0.0,0.0,0.0,0,0,0,0.0,0.0,0,0,0.0
1.0197991989552975,271.569224673047,0.0,0.0,0.0,0,0,,,0.0,0.0,0.0,0.0,0,0.0,0,not_selected,0,0.0,not_selected,0.017176199704408646,0,0.3305,0.0,0.0,0.0,0.0,0.0,0.0,0,131.1646279003471,0.0,0,0.0,0.0,0.0,0.0,recorded_dp_events_only,released_packet,private_experiment_logs_not_public_dp_outputs,5130,trainable_parameters_v1,tex_packet,0.0,not_established,0.24865269847214222,0.012037200853228569,legacy_per_link_selection,0,0.0,0.0,0.0,0,seal,0,seal_save_size_upper_bound,0,50;40,0.0,0,0,0.0,not_selected,0,0.0,0,0.0,8192,0,0,0,0,40,0,0,0.0,0.0,0,0,0.0,227.2977159774893,0,0.0,0.0,8.000000000001,0.0,0,measured_norm_ratio_not_a_convergence_threshold,1.02150209993124,85,100,0,0,0,0,0,0,0,0,0,0,1,0.0,0.0,fixed_mode_fixed_privacy,0.0,0.0,incomplete_cross_domain_protection,local_packet_or_secure_aggregate,cross_domain_model_update,[],observed_operations_not_a_security_proof,False,no_new_cloud_update,0.0,39,0.0,1.0321851000189781,100,100,0,scheduled,"{""dp_he"": 0, ""dp_only"": 0, ""he_only"": 0, ""neither"": 100}","{""dp_he"": 0, ""dp_only"": 0, ""he_only"": 0, ""neither"": 100}",0.73125009983778,0.0,100,0.0,4.0,0.3305,1.9464267444610597,0.336,1.9464269466400146,finite,0.010683000087738037,0.012385901063680649,0,0.0,0.0,1.0,0,0.0,0.0,0.0,0.0,0.0,0.0,0.0,0,0.0,0.0,0.0,0.0,0,0,0,0.0,0.0,0,0,0.0
1.0738506987690926,272.3548304724538,0.0,0.0,0.0,0,0,,,0.0,0.0,0.0,0.0,0,0.0,0,not_selected,0,0.0,not_selected,0.01721789874136448,0,0.3305,0.0,0.0,0.0,0.0,0.0,0.0,0,132.54656869918108,0.0,0,0.0,0.0,0.0,0.0,recorded_dp_events_only,released_packet,private_experiment_logs_not_public_dp_outputs,5130,trainable_parameters_v1,tex_packet,0.0,not_established,0.2471523992717266,0.010732300579547882,legacy_per_link_selection,0,0.0,0.0,0.0,0,seal,0,seal_save_size_upper_bound,0,50;40,0.0,0,0,0.0,not_selected,0,0.0,0,0.0,8192,0,0,0,0,40,0,0,0.0,0.0,0,0,0.0,227.2977159774893,0,0.0,0.0,8.000000000001,0.0,0,measured_norm_ratio_not_a_convergence_threshold,1.078720398247242,85,100,0,0,0,0,0,0,0,0,0,0,1,0.0,0.0,fixed_mode_fixed_privacy,0.0,0.0,incomplete_cross_domain_protection,local_packet_or_secure_aggregate,cross_domain_model_update,[],observed_operations_not_a_security_proof,False,no_new_cloud_update,0.0,40,0.0,1.0918626990169287,100,100,0,scheduled,"{""dp_he"": 0, ""dp_only"": 0, ""he_only"": 0, ""neither"": 100}","{""dp_he"": 0, ""dp_only"": 0, ""he_only"": 0, ""neither"": 100}",0.7856057994067669,0.0,100,0.0,4.0,0.3305,1.9464267444610597,0.3425,1.9436834497451783,finite,0.013142300769686699,0.018012000247836113,0,0.0,0.0,1.0,0,0.0,0.0,0.0,0.0,0.0,0.0,0.0,0,0.0,0.0,0.0,0.0,0,0,0,0.0,0.0,0,0,0.0
1.0502867009490728,273.09745127214427,0.0,0.0,0.0,0,0,,,0.0,0.0,0.0,0.0,0,0.0,0,not_selected,0,0.0,not_selected,0.021138301119208336,0,0.3305,0.0,0.0,0.0,0.0,0.0,0.0,0,133.8714773990214,0.0,0,0.0,0.0,0.0,0.0,recorded_dp_events_only,released_packet,private_experiment_logs_not_public_dp_outputs,5130,trainable_parameters_v1,tex_packet,0.0,not_established,0.2600506991147995,0.013588199391961098,legacy_per_link_selection,0,0.0,0.0,0.0,0,seal,0,seal_save_size_upper_bound,0,50;40,0.0,0,0,0.0,not_selected,0,0.0,0,0.0,8192,0,0,0,0,40,0,0,0.0,0.0,0,0,0.0,227.2977159774893,0,0.0,0.0,8.000000000001,0.0,0,measured_norm_ratio_not_a_convergence_threshold,1.0510724987834692,85,100,0,0,0,0,0,0,0,0,0,0,1,0.0,0.0,fixed_mode_fixed_privacy,0.0,0.0,incomplete_cross_domain_protection,local_packet_or_secure_aggregate,cross_domain_model_update,[],observed_operations_not_a_security_proof,False,no_new_cloud_update,0.0,41,0.0,1.063961200416088,100,100,0,scheduled,"{""dp_he"": 0, ""dp_only"": 0, ""he_only"": 0, ""neither"": 100}","{""dp_he"": 0, ""dp_only"": 0, ""he_only"": 0, ""neither"": 100}",0.742620799690485,0.0,100,0.0,4.0,0.3305,1.9464267444610597,0.332,1.967314453125,finite,0.012888701632618904,0.013674499467015266,0,0.0,0.0,1.0,0,0.0,0.0,0.0,0.0,0.0,0.0,0.0,0,0.0,0.0,0.0,0.0,0,0,0,0.0,0.0,0,0,0.0
1.1290199980139732,273.9380732706779,0.0,0.0,0.0,0,0,,,0.0,0.0,0.0,0.0,0,0.0,0,not_selected,0,0.0,not_selected,0.017555098980665207,0,0.3305,0.0,0.0,0.0,0.0,0.0,0.0,0,135.32036940008402,0.0,0,0.0,0.0,0.0,0.0,recorded_dp_events_only,released_packet,private_experiment_logs_not_public_dp_outputs,5130,trainable_parameters_v1,tex_packet,0.0,not_established,0.24751280061900616,0.012144999578595161,legacy_per_link_selection,0,0.0,0.0,0.0,0,seal,0,seal_save_size_upper_bound,0,50;40,0.0,0,0,0.0,not_selected,0,0.0,0,0.0,8192,0,0,0,0,40,0,0,0.0,0.0,0,0,0.0,227.2977159774893,0,0.0,0.0,8.000000000001,0.0,0,measured_norm_ratio_not_a_convergence_threshold,1.1324744001030922,85,100,0,0,0,0,0,0,0,0,0,0,1,0.0,0.0,fixed_mode_fixed_privacy,0.0,0.0,incomplete_cross_domain_protection,local_packet_or_secure_aggregate,cross_domain_model_update,[],observed_operations_not_a_security_proof,False,no_new_cloud_update,0.0,42,0.0,1.1436595004051924,100,100,0,scheduled,"{""dp_he"": 0, ""dp_only"": 0, ""he_only"": 0, ""neither"": 100}","{""dp_he"": 0, ""dp_only"": 0, ""he_only"": 0, ""neither"": 100}",0.8406219985336065,0.0,100,0.0,4.0,0.3305,1.9464267444610597,0.339,1.9422603015899658,finite,0.011185100302100182,0.014639502391219139,0,0.0,0.0,1.0,0,0.0,0.0,0.0,0.0,0.0,0.0,0.0,0,0.0,0.0,0.0,0.0,0,0,0,0.0,0.0,0,0,0.0
1.0238389987498522,274.6798007699692,0.0,0.0,0.0,0,0,,,0.0,0.0,0.0,0.0,0,0.0,0,not_selected,0,0.0,not_selected,0.016677599400281906,0,0.3305,0.0,0.0,0.0,0.0,0.0,0.0,0,136.61999700032175,0.0,0,0.0,0.0,0.0,0.0,recorded_dp_events_only,released_packet,private_experiment_logs_not_public_dp_outputs,5130,trainable_parameters_v1,tex_packet,0.0,not_established,0.2429191004484892,0.011358199641108513,legacy_per_link_selection,0,0.0,0.0,0.0,0,seal,0,seal_save_size_upper_bound,0,50;40,0.0,0,0,0.0,not_selected,0,0.0,0,0.0,8192,0,0,0,0,40,0,0,0.0,0.0,0,0,0.0,227.2977159774893,0,0.0,0.0,8.000000000001,0.0,0,measured_norm_ratio_not_a_convergence_threshold,1.025934798642993,85,100,0,0,0,0,0,0,0,0,0,0,1,0.0,0.0,fixed_mode_fixed_privacy,0.0,0.0,incomplete_cross_domain_protection,local_packet_or_secure_aggregate,cross_domain_model_update,[],observed_operations_not_a_security_proof,False,no_new_cloud_update,0.0,43,0.0,1.0370913986116648,100,100,0,scheduled,"{""dp_he"": 0, ""dp_only"": 0, ""he_only"": 0, ""neither"": 100}","{""dp_he"": 0, ""dp_only"": 0, ""he_only"": 0, ""neither"": 100}",0.7417274992913008,0.0,100,0.0,4.0,0.3305,1.9464267444610597,0.3465,1.9486998424530029,finite,0.011156599968671799,0.013252399861812592,0,0.0,0.0,1.0,0,0.0,0.0,0.0,0.0,0.0,0.0,0.0,0,0.0,0.0,0.0,0.0,0,0,0,0.0,0.0,0,0,0.0
1.0098568983376026,275.4010137698644,0.0,0.0,0.0,0,0,,,0.0,0.0,0.0,0.0,0,0.0,0,not_selected,0,0.0,not_selected,0.016854800283908844,0,0.3305,0.0,0.0,0.0,0.0,0.0,0.0,0,137.89685729891062,0.0,0,0.0,0.0,0.0,0.0,recorded_dp_events_only,released_packet,private_experiment_logs_not_public_dp_outputs,5130,trainable_parameters_v1,tex_packet,0.0,not_established,0.24926209822297096,0.010854599997401237,legacy_per_link_selection,0,0.0,0.0,0.0,0,seal,0,seal_save_size_upper_bound,0,50;40,0.0,0,0,0.0,not_selected,0,0.0,0,0.0,8192,0,0,0,0,40,0,0,0.0,0.0,0,0,0.0,227.2977159774893,0,0.0,0.0,8.000000000001,0.0,0,measured_norm_ratio_not_a_convergence_threshold,1.0116569008678198,85,100,0,0,0,0,0,0,0,0,0,0,1,0.0,0.0,fixed_mode_fixed_privacy,0.0,0.0,incomplete_cross_domain_protection,local_packet_or_secure_aggregate,cross_domain_model_update,[],observed_operations_not_a_security_proof,False,no_new_cloud_update,0.0,44,0.0,1.0233293008059263,100,100,0,scheduled,"{""dp_he"": 0, ""dp_only"": 0, ""he_only"": 0, ""neither"": 100}","{""dp_he"": 0, ""dp_only"": 0, ""he_only"": 0, ""neither"": 100}",0.721212999895215,0.0,100,0.0,4.0,0.3305,1.9464267444610597,0.334,1.9417467184066772,finite,0.011672399938106537,0.013472402468323708,0,0.0,0.0,1.0,0,0.0,0.0,0.0,0.0,0.0,0.0,0.0,0,0.0,0.0,0.0,0.0,0,0,0,0.0,0.0,0,0,0.0
1.0391023997217417,276.14527426911826,0.0,0.0,0.0,0,0,,,0.0,0.0,0.0,0.0,0,0.0,0,not_selected,0,0.0,not_selected,0.018291400745511055,0,0.3305,0.0,0.0,0.0,0.0,0.0,0.0,0,139.20293390005827,0.0,0,0.0,0.0,0.0,0.0,recorded_dp_events_only,released_packet,private_experiment_logs_not_public_dp_outputs,5130,trainable_parameters_v1,tex_packet,0.0,not_established,0.25166749954223633,0.012666100636124611,legacy_per_link_selection,0,0.0,0.0,0.0,0,seal,0,seal_save_size_upper_bound,0,50;40,0.0,0,0,0.0,not_selected,0,0.0,0,0.0,8192,0,0,0,0,40,0,0,0.0,0.0,0,0,0.0,227.2977159774893,0,0.0,0.0,8.000000000001,0.0,0,measured_norm_ratio_not_a_convergence_threshold,1.0411641020327806,85,100,0,0,0,0,0,0,0,0,0,0,1,0.0,0.0,fixed_mode_fixed_privacy,0.0,0.0,incomplete_cross_domain_protection,local_packet_or_secure_aggregate,cross_domain_model_update,[],observed_operations_not_a_security_proof,False,no_new_cloud_update,0.0,45,0.0,1.0533810015767813,100,100,0,scheduled,"{""dp_he"": 0, ""dp_only"": 0, ""he_only"": 0, ""neither"": 100}","{""dp_he"": 0, ""dp_only"": 0, ""he_only"": 0, ""neither"": 100}",0.7442604992538691,0.0,100,0.0,4.0,0.3305,1.9464267444610597,0.335,1.946471788406372,finite,0.012216899544000626,0.014278601855039597,0,0.0,0.0,1.0,0,0.0,0.0,0.0,0.0,0.0,0.0,0.0,0,0.0,0.0,0.0,0.0,0,0,0,0.0,0.0,0,0,0.0
1.0445938017219305,276.904476268872,0.0,0.0,0.0,0,0,,,0.0,0.0,0.0,0.0,0,0.0,0,not_selected,0,0.0,not_selected,0.017029300332069397,0,0.3305,0.0,0.0,0.0,0.0,0.0,0.0,0,140.57945189997554,0.0,0,0.0,0.0,0.0,0.0,recorded_dp_events_only,released_packet,private_experiment_logs_not_public_dp_outputs,5130,trainable_parameters_v1,tex_packet,0.0,not_established,0.24579960107803345,0.01075349934399128,legacy_per_link_selection,0,0.0,0.0,0.0,0,seal,0,seal_save_size_upper_bound,0,50;40,0.0,0,0,0.0,not_selected,0,0.0,0,0.0,8192,0,0,0,0,40,0,0,0.0,0.0,0,0,0.0,227.2977159774893,0,0.0,0.0,8.000000000001,0.0,0,measured_norm_ratio_not_a_convergence_threshold,1.045117698609829,85,100,0,0,0,0,0,0,0,0,0,0,1,0.0,0.0,fixed_mode_fixed_privacy,0.0,0.0,incomplete_cross_domain_protection,local_packet_or_secure_aggregate,cross_domain_model_update,[],observed_operations_not_a_security_proof,False,no_new_cloud_update,0.0,46,0.0,1.0569270998239517,100,100,0,scheduled,"{""dp_he"": 0, ""dp_only"": 0, ""he_only"": 0, ""neither"": 100}","{""dp_he"": 0, ""dp_only"": 0, ""he_only"": 0, ""neither"": 100}",0.7592019997537136,0.0,100,0.0,4.0,0.3305,1.9464267444610597,0.327,1.958091962814331,finite,0.011809401214122772,0.012333298102021217,0,0.0,0.0,1.0,0,0.0,0.0,0.0,0.0,0.0,0.0,0.0,0,0.0,0.0,0.0,0.0,0,0,0,0.0,0.0,0,0,0.0
1.0240642987191677,277.65011486849124,0.0,0.0,0.0,0,0,,,0.0,0.0,0.0,0.0,0,0.0,0,not_selected,0,0.0,not_selected,0.017924100160598755,0,0.3305,0.0,0.0,0.0,0.0,0.0,0.0,0,141.8769882004708,0.0,0,0.0,0.0,0.0,0.0,recorded_dp_events_only,released_packet,private_experiment_logs_not_public_dp_outputs,5130,trainable_parameters_v1,tex_packet,0.0,not_established,0.23841849900782108,0.010149400681257248,legacy_per_link_selection,0,0.0,0.0,0.0,0,seal,0,seal_save_size_upper_bound,0,50;40,0.0,0,0,0.0,not_selected,0,0.0,0,0.0,8192,0,0,0,0,40,0,0,0.0,0.0,0,0,0.0,227.2977159774893,0,0.0,0.0,8.000000000001,0.0,0,measured_norm_ratio_not_a_convergence_threshold,1.0255558006465435,85,100,0,0,0,0,0,0,0,0,0,0,1,0.0,0.0,fixed_mode_fixed_privacy,0.0,0.0,incomplete_cross_domain_protection,local_packet_or_secure_aggregate,cross_domain_model_update,[],observed_operations_not_a_security_proof,False,no_new_cloud_update,0.0,47,0.0,1.0374894998967648,100,100,0,scheduled,"{""dp_he"": 0, ""dp_only"": 0, ""he_only"": 0, ""neither"": 100}","{""dp_he"": 0, ""dp_only"": 0, ""he_only"": 0, ""neither"": 100}",0.7456385996192694,0.0,100,0.0,4.0,0.3305,1.9464267444610597,0.3315,1.9523188638687134,finite,0.011933699250221252,0.013425201177597046,0,0.0,0.0,1.0,0,0.0,0.0,0.0,0.0,0.0,0.0,0.0,0,0.0,0.0,0.0,0.0,0,0,0,0.0,0.0,0,0,0.0
1.0448445975780487,278.40085986880894,0.0,0.0,0.0,0,0,,,0.0,0.0,0.0,0.0,0,0.0,0,not_selected,0,0.0,not_selected,0.017409298568964005,0,0.3305,0.0,0.0,0.0,0.0,0.0,0.0,0,143.206437099725,0.0,0,0.0,0.0,0.0,0.0,recorded_dp_events_only,released_packet,private_experiment_logs_not_public_dp_outputs,5130,trainable_parameters_v1,tex_packet,0.0,not_established,0.2495523989200592,0.011216800659894943,legacy_per_link_selection,0,0.0,0.0,0.0,0,seal,0,seal_save_size_upper_bound,0,50;40,0.0,0,0,0.0,not_selected,0,0.0,0,0.0,8192,0,0,0,0,40,0,0,0.0,0.0,0,0,0.0,227.2977159774893,0,0.0,0.0,8.000000000001,0.0,0,measured_norm_ratio_not_a_convergence_threshold,1.043230701237917,85,100,0,0,0,0,0,0,0,0,0,0,1,0.0,0.0,fixed_mode_fixed_privacy,0.0,0.0,incomplete_cross_domain_protection,local_packet_or_secure_aggregate,cross_domain_model_update,[],observed_operations_not_a_security_proof,False,no_new_cloud_update,0.0,48,0.0,1.0591518003493547,100,100,0,scheduled,"{""dp_he"": 0, ""dp_only"": 0, ""he_only"": 0, ""neither"": 100}","{""dp_he"": 0, ""dp_only"": 0, ""he_only"": 0, ""neither"": 100}",0.7507450003176928,0.0,100,0.0,4.0,0.3305,1.9464267444610597,0.345,1.9507291793823243,finite,0.015921099111437798,0.014307202771306038,0,0.0,0.0,1.0,0,0.0,0.0,0.0,0.0,0.0,0.0,0.0,0,0.0,0.0,0.0,0.0,0,0,0,0.0,0.0,0,0,0.0
1.090835401788354,279.18461686810787,0.0,0.0,0.0,0,0,,,0.0,0.0,0.0,0.0,0,0.0,0,not_selected,0,0.0,not_selected,0.019994299858808517,0,0.3305,0.0,0.0,0.0,0.0,0.0,0.0,0,144.60207640007138,0.0,0,0.0,0.0,0.0,0.0,recorded_dp_events_only,released_packet,private_experiment_logs_not_public_dp_outputs,5130,trainable_parameters_v1,tex_packet,0.0,not_established,0.257633700966835,0.01359650120139122,legacy_per_link_selection,0,0.0,0.0,0.0,0,seal,0,seal_save_size_upper_bound,0,50;40,0.0,0,0,0.0,not_selected,0,0.0,0,0.0,8192,0,0,0,0,40,0,0,0.0,0.0,0,0,0.0,227.2977159774893,0,0.0,0.0,8.000000000001,0.0,0,measured_norm_ratio_not_a_convergence_threshold,1.0925409998744726,85,100,0,0,0,0,0,0,0,0,0,0,1,0.0,0.0,fixed_mode_fixed_privacy,0.0,0.0,incomplete_cross_domain_protection,local_packet_or_secure_aggregate,cross_domain_model_update,[],observed_operations_not_a_security_proof,False,no_new_cloud_update,0.0,49,0.0,1.1083949003368616,100,100,0,scheduled,"{""dp_he"": 0, ""dp_only"": 0, ""he_only"": 0, ""neither"": 100}","{""dp_he"": 0, ""dp_only"": 0, ""he_only"": 0, ""neither"": 100}",0.7837569992989302,0.0,100,0.0,4.0,0.3305,1.9464267444610597,0.3315,1.9485046148300171,finite,0.015853900462388992,0.01755949854850769,0,0.0,0.0,1.0,0,0.0,0.0,0.0,0.0,0.0,0.0,0.0,0,0.0,0.0,0.0,0.0,0,0,0,0.0,0.0,0,0,0.0
1.0225014984607697,279.92867716839845,0.0,0.0,0.0,0,0,,,0.0,0.0,0.0,0.0,0,0.0,0,not_selected,0,0.0,not_selected,0.01702999882400036,0,0.3305,0.0,0.0,0.0,0.0,0.0,0.0,0,145.93950160034,0.0,0,0.0,0.0,0.0,0.0,recorded_dp_events_only,released_packet,private_experiment_logs_not_public_dp_outputs,5130,trainable_parameters_v1,tex_packet,0.0,not_established,0.24015050008893013,0.010642999783158302,legacy_per_link_selection,0,0.0,0.0,0.0,0,seal,0,seal_save_size_upper_bound,0,50;40,0.0,0,0,0.0,not_selected,0,0.0,0,0.0,8192,0,0,0,0,40,0,0,0.0,0.0,0,0,0.0,227.2977159774893,0,0.0,0.0,8.000000000001,0.0,0,measured_norm_ratio_not_a_convergence_threshold,1.0260410010814667,85,100,0,0,0,0,0,0,0,0,0,0,1,0.0,0.0,fixed_mode_fixed_privacy,0.0,0.0,incomplete_cross_domain_protection,local_packet_or_secure_aggregate,cross_domain_model_update,[],observed_operations_not_a_security_proof,False,no_new_cloud_update,0.0,50,0.0,1.036658700555563,100,100,0,scheduled,"{""dp_he"": 0, ""dp_only"": 0, ""he_only"": 0, ""neither"": 100}","{""dp_he"": 0, ""dp_only"": 0, ""he_only"": 0, ""neither"": 100}",0.7440603002905846,0.0,100,0.0,4.0,0.3305,1.9464267444610597,0.333,1.9544398136138916,finite,0.010617699474096298,0.01415720209479332,0,0.0,0.0,1.0,0,0.0,0.0,0.0,0.0,0.0,0.0,0.0,0,0.0,0.0,0.0,0.0,0,0,0,0.0,0.0,0,0,0.0
0.9813639987260103,280.62995846821303,0.0,0.0,0.0,0,0,,,0.0,0.0,0.0,0.0,0,0.0,0,not_selected,0,0.0,not_selected,0.01762939989566803,0,0.3305,0.0,0.0,0.0,0.0,0.0,0.0,0,147.21212320029736,0.0,0,0.0,0.0,0.0,0.0,recorded_dp_events_only,released_packet,private_experiment_logs_not_public_dp_outputs,5130,trainable_parameters_v1,tex_packet,0.0,not_established,0.24017169885337353,0.01153700053691864,legacy_per_link_selection,0,0.0,0.0,0.0,0,seal,0,seal_save_size_upper_bound,0,50;40,0.0,0,0,0.0,not_selected,0,0.0,0,0.0,8192,0,0,0,0,40,0,0,0.0,0.0,0,0,0.0,227.2977159774893,0,0.0,0.0,8.000000000001,0.0,0,measured_norm_ratio_not_a_convergence_threshold,0.9842429012060165,85,100,0,0,0,0,0,0,0,0,0,0,1,0.0,0.0,fixed_mode_fixed_privacy,0.0,0.0,incomplete_cross_domain_protection,local_packet_or_secure_aggregate,cross_domain_model_update,[],observed_operations_not_a_security_proof,False,no_new_cloud_update,0.0,51,0.0,0.9949875008314848,100,100,0,scheduled,"{""dp_he"": 0, ""dp_only"": 0, ""he_only"": 0, ""neither"": 100}","{""dp_he"": 0, ""dp_only"": 0, ""he_only"": 0, ""neither"": 100}",0.7012812998145819,0.0,100,0.0,4.0,0.3305,1.9464267444610597,0.338,1.9545011157989503,finite,0.010744599625468254,0.013623502105474472,0,0.0,0.0,1.0,0,0.0,0.0,0.0,0.0,0.0,0.0,0.0,0,0.0,0.0,0.0,0.0,0,0,0,0.0,0.0,0,0,0.0
0.9890079982578754,281.3370914689296,0.0,0.0,0.0,0,0,,,0.0,0.0,0.0,0.0,0,0.0,0,not_selected,0,0.0,not_selected,0.016560399904847145,0,0.3305,0.0,0.0,0.0,0.0,0.0,0.0,0,148.48874579928815,0.0,0,0.0,0.0,0.0,0.0,recorded_dp_events_only,released_packet,private_experiment_logs_not_public_dp_outputs,5130,trainable_parameters_v1,tex_packet,0.0,not_established,0.2427577991038561,0.01137399859726429,legacy_per_link_selection,0,0.0,0.0,0.0,0,seal,0,seal_save_size_upper_bound,0,50;40,0.0,0,0,0.0,not_selected,0,0.0,0,0.0,8192,0,0,0,0,40,0,0,0.0,0.0,0,0,0.0,227.2977159774893,0,0.0,0.0,8.000000000001,0.0,0,measured_norm_ratio_not_a_convergence_threshold,0.990778299048543,85,100,0,0,0,0,0,0,0,0,0,0,1,0.0,0.0,fixed_mode_fixed_privacy,0.0,0.0,incomplete_cross_domain_protection,local_packet_or_secure_aggregate,cross_domain_model_update,[],observed_operations_not_a_security_proof,False,no_new_cloud_update,0.0,52,0.0,1.0019610989838839,100,100,0,scheduled,"{""dp_he"": 0, ""dp_only"": 0, ""he_only"": 0, ""neither"": 100}","{""dp_he"": 0, ""dp_only"": 0, ""he_only"": 0, ""neither"": 100}",0.707133000716567,0.0,100,0.0,4.0,0.3305,1.9464267444610597,0.3395,1.940914342880249,finite,0.011182799935340881,0.012953100726008415,0,0.0,0.0,1.0,0,0.0,0.0,0.0,0.0,0.0,0.0,0.0,0,0.0,0.0,0.0,0.0,0,0,0,0.0,0.0,0,0,0.0
1.086294800043106,282.12713446906145,0.0,0.0,0.0,0,0,,,0.0,0.0,0.0,0.0,0,0.0,0,not_selected,0,0.0,not_selected,0.02072729915380478,0,0.3305,0.0,0.0,0.0,0.0,0.0,0.0,0,149.8887580987066,0.0,0,0.0,0.0,0.0,0.0,recorded_dp_events_only,released_packet,private_experiment_logs_not_public_dp_outputs,5130,trainable_parameters_v1,tex_packet,0.0,not_established,0.24911310151219368,0.01494619995355606,legacy_per_link_selection,0,0.0,0.0,0.0,0,seal,0,seal_save_size_upper_bound,0,50;40,0.0,0,0,0.0,not_selected,0,0.0,0,0.0,8192,0,0,0,0,40,0,0,0.0,0.0,0,0,0.0,227.2977159774893,0,0.0,0.0,8.000000000001,0.0,0,measured_norm_ratio_not_a_convergence_threshold,1.093894300982356,85,100,0,0,0,0,0,0,0,0,0,0,1,0.0,0.0,fixed_mode_fixed_privacy,0.0,0.0,incomplete_cross_domain_protection,local_packet_or_secure_aggregate,cross_domain_model_update,[],observed_operations_not_a_security_proof,False,no_new_cloud_update,0.0,53,0.0,1.1053595002740622,100,100,0,scheduled,"{""dp_he"": 0, ""dp_only"": 0, ""he_only"": 0, ""neither"": 100}","{""dp_he"": 0, ""dp_only"": 0, ""he_only"": 0, ""neither"": 100}",0.7900430001318455,0.0,100,0.0,4.0,0.3305,1.9464267444610597,0.323,1.9541808700561523,finite,0.011465199291706085,0.019064700230956078,0,0.0,0.0,1.0,0,0.0,0.0,0.0,0.0,0.0,0.0,0.0,0,0.0,0.0,0.0,0.0,0,0,0,0.0,0.0,0,0,0.0
1.0049064010381699,282.8500596682572,0.0,0.0,0.0,0,0,,,0.0,0.0,0.0,0.0,0,0.0,0,not_selected,0,0.0,not_selected,0.016647599637508392,0,0.3305,0.0,0.0,0.0,0.0,0.0,0.0,0,151.2147589996457,0.0,0,0.0,0.0,0.0,0.0,recorded_dp_events_only,released_packet,private_experiment_logs_not_public_dp_outputs,5130,trainable_parameters_v1,tex_packet,0.0,not_established,0.24356730096042156,0.010525600984692574,legacy_per_link_selection,0,0.0,0.0,0.0,0,seal,0,seal_save_size_upper_bound,0,50;40,0.0,0,0,0.0,not_selected,0,0.0,0,0.0,8192,0,0,0,0,40,0,0,0.0,0.0,0,0,0.0,227.2977159774893,0,0.0,0.0,8.000000000001,0.0,0,measured_norm_ratio_not_a_convergence_threshold,1.006778098642826,85,100,0,0,0,0,0,0,0,0,0,0,1,0.0,0.0,fixed_mode_fixed_privacy,0.0,0.0,incomplete_cross_domain_protection,local_packet_or_secure_aggregate,cross_domain_model_update,[],observed_operations_not_a_security_proof,False,no_new_cloud_update,0.0,54,0.0,1.0180187989026308,100,100,0,scheduled,"{""dp_he"": 0, ""dp_only"": 0, ""he_only"": 0, ""neither"": 100}","{""dp_he"": 0, ""dp_only"": 0, ""he_only"": 0, ""neither"": 100}",0.7229251991957426,0.0,100,0.0,4.0,0.3305,1.9464267444610597,0.3205,1.9665649948120116,finite,0.011240700259804726,0.013112397864460945,0,0.0,0.0,1.0,0,0.0,0.0,0.0,0.0,0.0,0.0,0.0,0,0.0,0.0,0.0,0.0,0,0,0,0.0,0.0,0,0,0.0
0.9886384010314941,283.5545318692022,0.0,0.0,0.0,0,0,,,0.0,0.0,0.0,0.0,0,0.0,0,not_selected,0,0.0,not_selected,0.017307300120592117,0,0.3305,0.0,0.0,0.0,0.0,0.0,0.0,0,152.49405749887228,0.0,0,0.0,0.0,0.0,0.0,recorded_dp_events_only,released_packet,private_experiment_logs_not_public_dp_outputs,5130,trainable_parameters_v1,tex_packet,0.0,not_established,0.24454710073769093,0.010510599240660667,legacy_per_link_selection,0,0.0,0.0,0.0,0,seal,0,seal_save_size_upper_bound,0,50;40,0.0,0,0,0.0,not_selected,0,0.0,0,0.0,8192,0,0,0,0,40,0,0,0.0,0.0,0,0,0.0,227.2977159774893,0,0.0,0.0,8.000000000001,0.0,0,measured_norm_ratio_not_a_convergence_threshold,0.9908826015889645,85,100,0,0,0,0,0,0,0,0,0,0,1,0.0,0.0,fixed_mode_fixed_privacy,0.0,0.0,incomplete_cross_domain_protection,local_packet_or_secure_aggregate,cross_domain_model_update,[],observed_operations_not_a_security_proof,False,no_new_cloud_update,0.0,55,0.0,1.0026838015764952,100,100,0,scheduled,"{""dp_he"": 0, ""dp_only"": 0, ""he_only"": 0, ""neither"": 100}","{""dp_he"": 0, ""dp_only"": 0, ""he_only"": 0, ""neither"": 100}",0.7044722009450197,0.0,100,0.0,4.0,0.3305,1.9464267444610597,0.325,1.9688491859436035,finite,0.011801199987530708,0.01404540054500103,0,0.0,0.0,1.0,0,0.0,0.0,0.0,0.0,0.0,0.0,0.0,0,0.0,0.0,0.0,0.0,0,0,0,0.0,0.0,0,0,0.0
1.0151147972792387,284.2721139683419,0.0,0.0,0.0,0,0,,,0.0,0.0,0.0,0.0,0,0.0,0,not_selected,0,0.0,not_selected,0.01749360002577305,0,0.3305,0.0,0.0,0.0,0.0,0.0,0.0,0,153.80157999880612,0.0,0,0.0,0.0,0.0,0.0,recorded_dp_events_only,released_packet,private_experiment_logs_not_public_dp_outputs,5130,trainable_parameters_v1,tex_packet,0.0,not_established,0.2542039006948471,0.012560898438096046,legacy_per_link_selection,0,0.0,0.0,0.0,0,seal,0,seal_save_size_upper_bound,0,50;40,0.0,0,0,0.0,not_selected,0,0.0,0,0.0,8192,0,0,0,0,40,0,0,0.0,0.0,0,0,0.0,227.2977159774893,0,0.0,0.0,8.000000000001,0.0,0,measured_norm_ratio_not_a_convergence_threshold,1.0164685025811195,85,100,0,0,0,0,0,0,0,0,0,0,1,0.0,0.0,fixed_mode_fixed_privacy,0.0,0.0,incomplete_cross_domain_protection,local_packet_or_secure_aggregate,cross_domain_model_update,[],observed_operations_not_a_security_proof,False,no_new_cloud_update,0.0,56,0.0,1.0297428015619516,100,100,0,scheduled,"{""dp_he"": 0, ""dp_only"": 0, ""he_only"": 0, ""neither"": 100}","{""dp_he"": 0, ""dp_only"": 0, ""he_only"": 0, ""neither"": 100}",0.7175820991396904,0.0,100,0.0,4.0,0.3305,1.9464267444610597,0.3365,1.946466194152832,finite,0.0132742989808321,0.014628004282712936,0,0.0,0.0,1.0,0,0.0,0.0,0.0,0.0,0.0,0.0,0.0,0,0.0,0.0,0.0,0.0,0,0,0,0.0,0.0,0,0,0.0
1.102493803948164,285.0803515694135,0.0,0.0,0.0,0,0,,,0.0,0.0,0.0,0.0,0,0.0,0,not_selected,0,0.0,not_selected,0.018184000626206398,0,0.3305,0.0,0.0,0.0,0.0,0.0,0.0,0,155.27025450021029,0.0,0,0.0,0.0,0.0,0.0,recorded_dp_events_only,released_packet,private_experiment_logs_not_public_dp_outputs,5130,trainable_parameters_v1,tex_packet,0.0,not_established,0.2531144004315138,0.011646300554275513,legacy_per_link_selection,0,0.0,0.0,0.0,0,seal,0,seal_save_size_upper_bound,0,50;40,0.0,0,0,0.0,not_selected,0,0.0,0,0.0,8192,0,0,0,0,40,0,0,0.0,0.0,0,0,0.0,227.2977159774893,0,0.0,0.0,8.000000000001,0.0,0,measured_norm_ratio_not_a_convergence_threshold,1.1092632003128529,85,100,0,0,0,0,0,0,0,0,0,0,1,0.0,0.0,fixed_mode_fixed_privacy,0.0,0.0,incomplete_cross_domain_protection,local_packet_or_secure_aggregate,cross_domain_model_update,[],observed_operations_not_a_security_proof,False,no_new_cloud_update,0.0,57,0.0,1.120574701577425,100,100,0,scheduled,"{""dp_he"": 0, ""dp_only"": 0, ""he_only"": 0, ""neither"": 100}","{""dp_he"": 0, ""dp_only"": 0, ""he_only"": 0, ""neither"": 100}",0.8082376010715961,0.0,100,0.0,4.0,0.3305,1.9464267444610597,0.339,1.9494322452545165,finite,0.011311501264572144,0.018080897629261017,0,0.0,0.0,1.0,0,0.0,0.0,0.0,0.0,0.0,0.0,0.0,0,0.0,0.0,0.0,0.0,0,0,0,0.0,0.0,0,0,0.0
0.9925881009548903,285.7909551697814,0.0,0.0,0.0,0,0,,,0.0,0.0,0.0,0.0,0,0.0,0,not_selected,0,0.0,not_selected,0.017538201063871384,0,0.3305,0.0,0.0,0.0,0.0,0.0,0.0,0,156.56324649974704,0.0,0,0.0,0.0,0.0,0.0,recorded_dp_events_only,released_packet,private_experiment_logs_not_public_dp_outputs,5130,trainable_parameters_v1,tex_packet,0.0,not_established,0.24264179915189743,0.010873500257730484,legacy_per_link_selection,0,0.0,0.0,0.0,0,seal,0,seal_save_size_upper_bound,0,50;40,0.0,0,0,0.0,not_selected,0,0.0,0,0.0,8192,0,0,0,0,40,0,0,0.0,0.0,0,0,0.0,227.2977159774893,0,0.0,0.0,8.000000000001,0.0,0,measured_norm_ratio_not_a_convergence_threshold,0.9938133992254734,85,100,0,0,0,0,0,0,0,0,0,0,1,0.0,0.0,fixed_mode_fixed_privacy,0.0,0.0,incomplete_cross_domain_protection,local_packet_or_secure_aggregate,cross_domain_model_update,[],observed_operations_not_a_security_proof,False,no_new_cloud_update,0.0,58,0.0,1.0047443993389606,100,100,0,scheduled,"{""dp_he"": 0, ""dp_only"": 0, ""he_only"": 0, ""neither"": 100}","{""dp_he"": 0, ""dp_only"": 0, ""he_only"": 0, ""neither"": 100}",0.7106036003679037,0.0,100,0.0,4.0,0.3305,1.9464267444610597,0.327,1.9554350728988648,finite,0.010931000113487244,0.012156298384070396,0,0.0,0.0,1.0,0,0.0,0.0,0.0,0.0,0.0,0.0,0.0,0,0.0,0.0,0.0,0.0,0,0,0,0.0,0.0,0,0,0.0
0.9907060004770756,286.5011206685596,0.0,0.0,0.0,0,0,,,0.0,0.0,0.0,0.0,0,0.0,0,not_selected,0,0.0,not_selected,0.017352301627397537,0,0.3305,0.0,0.0,0.0,0.0,0.0,0.0,0,157.86121390014887,0.0,0,0.0,0.0,0.0,0.0,recorded_dp_events_only,released_packet,private_experiment_logs_not_public_dp_outputs,5130,trainable_parameters_v1,tex_packet,0.0,not_established,0.24001670069992542,0.010784000158309937,legacy_per_link_selection,0,0.0,0.0,0.0,0,seal,0,seal_save_size_upper_bound,0,50;40,0.0,0,0,0.0,not_selected,0,0.0,0,0.0,8192,0,0,0,0,40,0,0,0.0,0.0,0,0,0.0,227.2977159774893,0,0.0,0.0,8.000000000001,0.0,0,measured_norm_ratio_not_a_convergence_threshold,0.9914795011281967,85,100,0,0,0,0,0,0,0,0,0,0,1,0.0,0.0,fixed_mode_fixed_privacy,0.0,0.0,incomplete_cross_domain_protection,local_packet_or_secure_aggregate,cross_domain_model_update,[],observed_operations_not_a_security_proof,False,no_new_cloud_update,0.0,59,0.0,1.0038670003414154,100,100,0,scheduled,"{""dp_he"": 0, ""dp_only"": 0, ""he_only"": 0, ""neither"": 100}","{""dp_he"": 0, ""dp_only"": 0, ""he_only"": 0, ""neither"": 100}",0.710165498778224,0.0,100,0.0,4.0,0.3305,1.9464267444610597,0.3375,1.9479690322875975,finite,0.012387499213218689,0.013160999864339828,0,0.0,0.0,1.0,0,0.0,0.0,0.0,0.0,0.0,0.0,0.0,0,0.0,0.0,0.0,0.0,0,0,0,0.0,0.0,0,0,0.0
1.0227762013673782,287.21689346870716,0.0,0.0,0.0,0,0,,,0.0,0.0,0.0,0.0,0,0.0,0,not_selected,0,0.0,not_selected,0.02543560042977333,0,0.3305,0.0,0.0,0.0,0.0,0.0,0.0,0,159.19415749982,0.0,0,0.0,0.0,0.0,0.0,recorded_dp_events_only,released_packet,private_experiment_logs_not_public_dp_outputs,5130,trainable_parameters_v1,tex_packet,0.0,not_established,0.25830320082604885,0.011565499007701874,legacy_per_link_selection,0,0.0,0.0,0.0,0,seal,0,seal_save_size_upper_bound,0,50;40,0.0,0,0,0.0,not_selected,0,0.0,0,0.0,8192,0,0,0,0,40,0,0,0.0,0.0,0,0,0.0,227.2977159774893,0,0.0,0.0,8.000000000001,0.0,0,measured_norm_ratio_not_a_convergence_threshold,1.0251086000353098,85,100,0,0,0,0,0,0,0,0,0,0,1,0.0,0.0,fixed_mode_fixed_privacy,0.0,0.0,incomplete_cross_domain_protection,local_packet_or_secure_aggregate,cross_domain_model_update,[],observed_operations_not_a_security_proof,False,no_new_cloud_update,0.0,60,0.0,1.0368077009916306,100,100,0,scheduled,"{""dp_he"": 0, ""dp_only"": 0, ""he_only"": 0, ""neither"": 100}","{""dp_he"": 0, ""dp_only"": 0, ""he_only"": 0, ""neither"": 100}",0.7157728001475334,0.0,100,0.0,4.0,0.3305,1.9464267444610597,0.3495,1.948043662071228,finite,0.011699100956320763,0.01403149962425232,0,0.0,0.0,1.0,0,0.0,0.0,0.0,0.0,0.0,0.0,0.0,0,0.0,0.0,0.0,0.0,0,0,0,0.0,0.0,0,0,0.0
1.1276757027953863,288.05901986984844,0.0,0.0,0.0,0,0,,,0.0,0.0,0.0,0.0,0,0.0,0,not_selected,0,0.0,not_selected,0.017339499667286873,0,0.3305,0.0,0.0,0.0,0.0,0.0,0.0,0,160.68761209957302,0.0,0,0.0,0.0,0.0,0.0,recorded_dp_events_only,released_packet,private_experiment_logs_not_public_dp_outputs,5130,trainable_parameters_v1,tex_packet,0.0,not_established,0.2410615012049675,0.013048900291323662,legacy_per_link_selection,0,0.0,0.0,0.0,0,seal,0,seal_save_size_upper_bound,0,50;40,0.0,0,0,0.0,not_selected,0,0.0,0,0.0,8192,0,0,0,0,40,0,0,0.0,0.0,0,0,0.0,227.2977159774893,0,0.0,0.0,8.000000000001,0.0,0,measured_norm_ratio_not_a_convergence_threshold,1.129305299371481,85,100,0,0,0,0,0,0,0,0,0,0,1,0.0,0.0,fixed_mode_fixed_privacy,0.0,0.0,incomplete_cross_domain_protection,local_packet_or_secure_aggregate,cross_domain_model_update,[],observed_operations_not_a_security_proof,False,no_new_cloud_update,0.0,61,0.0,1.1434046998620033,100,100,0,scheduled,"{""dp_he"": 0, ""dp_only"": 0, ""he_only"": 0, ""neither"": 100}","{""dp_he"": 0, ""dp_only"": 0, ""he_only"": 0, ""neither"": 100}",0.8421264011412859,0.0,100,0.0,4.0,0.3305,1.9464267444610597,0.3555,1.931025001525879,finite,0.014099400490522385,0.015728997066617012,0,0.0,0.0,1.0,0,0.0,0.0,0.0,0.0,0.0,0.0,0.0,0,0.0,0.0,0.0,0.0,0,0,0,0.0,0.0,0,0,0.0
0.9945490006357431,288.77200676938827,0.0,0.0,0.0,0,0,,,0.0,0.0,0.0,0.0,0,0.0,0,not_selected,0,0.0,not_selected,0.016902901232242584,0,0.3305,0.0,0.0,0.0,0.0,0.0,0.0,0,161.97995209880173,0.0,0,0.0,0.0,0.0,0.0,recorded_dp_events_only,released_packet,private_experiment_logs_not_public_dp_outputs,5130,trainable_parameters_v1,tex_packet,0.0,not_established,0.2430505994707346,0.011159900575876236,legacy_per_link_selection,0,0.0,0.0,0.0,0,seal,0,seal_save_size_upper_bound,0,50;40,0.0,0,0,0.0,not_selected,0,0.0,0,0.0,8192,0,0,0,0,40,0,0,0.0,0.0,0,0,0.0,227.2977159774893,0,0.0,0.0,8.000000000001,0.0,0,measured_norm_ratio_not_a_convergence_threshold,0.9977928996086121,85,100,0,0,0,0,0,0,0,0,0,0,1,0.0,0.0,fixed_mode_fixed_privacy,0.0,0.0,incomplete_cross_domain_protection,local_packet_or_secure_aggregate,cross_domain_model_update,[],observed_operations_not_a_security_proof,False,no_new_cloud_update,0.0,62,0.0,1.0082415994256735,100,100,0,scheduled,"{""dp_he"": 0, ""dp_only"": 0, ""he_only"": 0, ""neither"": 100}","{""dp_he"": 0, ""dp_only"": 0, ""he_only"": 0, ""neither"": 100}",0.7129868995398283,0.0,100,0.0,4.0,0.3305,1.9464267444610597,0.342,1.965582420349121,finite,0.010448699817061424,0.013692598789930344,0,0.0,0.0,1.0,0,0.0,0.0,0.0,0.0,0.0,0.0,0.0,0,0.0,0.0,0.0,0.0,0,0,0,0.0,0.0,0,0,0.0
0.9939573984593153,289.4855240683102,0.0,0.0,0.0,0,0,,,0.0,0.0,0.0,0.0,0,0.0,0,not_selected,0,0.0,not_selected,0.017803000286221504,0,0.3305,0.0,0.0,0.0,0.0,0.0,0.0,0,163.2827067002654,0.0,0,0.0,0.0,0.0,0.0,recorded_dp_events_only,released_packet,private_experiment_logs_not_public_dp_outputs,5130,trainable_parameters_v1,tex_packet,0.0,not_established,0.2391051985323429,0.01135290041565895,legacy_per_link_selection,0,0.0,0.0,0.0,0,seal,0,seal_save_size_upper_bound,0,50;40,0.0,0,0,0.0,not_selected,0,0.0,0,0.0,8192,0,0,0,0,40,0,0,0.0,0.0,0,0,0.0,227.2977159774893,0,0.0,0.0,8.000000000001,0.0,0,measured_norm_ratio_not_a_convergence_threshold,0.994845800101757,85,100,0,0,0,0,0,0,0,0,0,0,1,0.0,0.0,fixed_mode_fixed_privacy,0.0,0.0,incomplete_cross_domain_protection,local_packet_or_secure_aggregate,cross_domain_model_update,[],observed_operations_not_a_security_proof,False,no_new_cloud_update,0.0,63,0.0,1.0070248004049063,100,100,0,scheduled,"{""dp_he"": 0, ""dp_only"": 0, ""he_only"": 0, ""neither"": 100}","{""dp_he"": 0, ""dp_only"": 0, ""he_only"": 0, ""neither"": 100}",0.7135172989219427,0.0,100,0.0,4.0,0.3305,1.9464267444610597,0.342,1.931102668762207,finite,0.012179000303149223,0.013067401945590973,0,0.0,0.0,1.0,0,0.0,0.0,0.0,0.0,0.0,0.0,0.0,0,0.0,0.0,0.0,0.0,0,0,0,0.0,0.0,0,0,0.0
1.0632821004837751,290.2288397687518,0.0,0.0,0.0,0,0,,,0.0,0.0,0.0,0.0,0,0.0,0,not_selected,0,0.0,not_selected,0.023606600239872932,0,0.3305,0.0,0.0,0.0,0.0,0.0,0.0,0,164.65563710033894,0.0,0,0.0,0.0,0.0,0.0,recorded_dp_events_only,released_packet,private_experiment_logs_not_public_dp_outputs,5130,trainable_parameters_v1,tex_packet,0.0,not_established,0.2692604009062052,0.012220699340105057,legacy_per_link_selection,0,0.0,0.0,0.0,0,seal,0,seal_save_size_upper_bound,0,50;40,0.0,0,0,0.0,not_selected,0,0.0,0,0.0,8192,0,0,0,0,40,0,0,0.0,0.0,0,0,0.0,227.2977159774893,0,0.0,0.0,8.000000000001,0.0,0,measured_norm_ratio_not_a_convergence_threshold,1.0623674001544714,85,100,0,0,0,0,0,0,0,0,0,0,1,0.0,0.0,fixed_mode_fixed_privacy,0.0,0.0,incomplete_cross_domain_protection,local_packet_or_secure_aggregate,cross_domain_model_update,[],observed_operations_not_a_security_proof,False,no_new_cloud_update,0.0,64,0.0,1.0772460997104645,100,100,0,scheduled,"{""dp_he"": 0, ""dp_only"": 0, ""he_only"": 0, ""neither"": 100}","{""dp_he"": 0, ""dp_only"": 0, ""he_only"": 0, ""neither"": 100}",0.7433157004415989,0.0,100,0.0,4.0,0.3305,1.9464267444610597,0.327,1.958304009437561,finite,0.01487869955599308,0.013963999226689339,0,0.0,0.0,1.0,0,0.0,0.0,0.0,0.0,0.0,0.0,0.0,0,0.0,0.0,0.0,0.0,0,0,0,0.0,0.0,0,0,0.0
1.0742595009505749,291.0198737687462,0.0,0.0,0.0,0,0,,,0.0,0.0,0.0,0.0,0,0.0,0,not_selected,0,0.0,not_selected,0.017195099964737892,0,0.3305,0.0,0.0,0.0,0.0,0.0,0.0,0,166.1084185987711,0.0,0,0.0,0.0,0.0,0.0,recorded_dp_events_only,released_packet,private_experiment_logs_not_public_dp_outputs,5130,trainable_parameters_v1,tex_packet,0.0,not_established,0.24294880032539368,0.01112929917871952,legacy_per_link_selection,0,0.0,0.0,0.0,0,seal,0,seal_save_size_upper_bound,0,50;40,0.0,0,0,0.0,not_selected,0,0.0,0,0.0,8192,0,0,0,0,40,0,0,0.0,0.0,0,0,0.0,227.2977159774893,0,0.0,0.0,8.000000000001,0.0,0,measured_norm_ratio_not_a_convergence_threshold,1.0765419974923134,85,100,0,0,0,0,0,0,0,0,0,0,1,0.0,0.0,fixed_mode_fixed_privacy,0.0,0.0,incomplete_cross_domain_protection,local_packet_or_secure_aggregate,cross_domain_model_update,[],observed_operations_not_a_security_proof,False,no_new_cloud_update,0.0,65,0.0,1.08849429897964,100,100,0,scheduled,"{""dp_he"": 0, ""dp_only"": 0, ""he_only"": 0, ""neither"": 100}","{""dp_he"": 0, ""dp_only"": 0, ""he_only"": 0, ""neither"": 100}",0.7910339999943972,0.0,100,0.0,4.0,0.3305,1.9464267444610597,0.347,1.9481553230285644,finite,0.011952301487326622,0.014234798029065132,0,0.0,0.0,1.0,0,0.0,0.0,0.0,0.0,0.0,0.0,0.0,0,0.0,0.0,0.0,0.0,0,0,0,0.0,0.0,0,0,0.0
0.9866300020366907,291.72991806892986,0.0,0.0,0.0,0,0,,,0.0,0.0,0.0,0.0,0,0.0,0,not_selected,0,0.0,not_selected,0.017775900661945343,0,0.3305,0.0,0.0,0.0,0.0,0.0,0.0,0,167.42191989906132,0.0,0,0.0,0.0,0.0,0.0,recorded_dp_events_only,released_packet,private_experiment_logs_not_public_dp_outputs,5130,trainable_parameters_v1,tex_packet,0.0,not_established,0.23745880089700222,0.010782400146126747,legacy_per_link_selection,0,0.0,0.0,0.0,0,seal,0,seal_save_size_upper_bound,0,50;40,0.0,0,0,0.0,not_selected,0,0.0,0,0.0,8192,0,0,0,0,40,0,0,0.0,0.0,0,0,0.0,227.2977159774893,0,0.0,0.0,8.000000000001,0.0,0,measured_norm_ratio_not_a_convergence_threshold,0.9895647000521421,85,100,0,0,0,0,0,0,0,0,0,0,1,0.0,0.0,fixed_mode_fixed_privacy,0.0,0.0,incomplete_cross_domain_protection,local_packet_or_secure_aggregate,cross_domain_model_update,[],observed_operations_not_a_security_proof,False,no_new_cloud_update,0.0,66,0.0,1.0001333002001047,100,100,0,scheduled,"{""dp_he"": 0, ""dp_only"": 0, ""he_only"": 0, ""neither"": 100}","{""dp_he"": 0, ""dp_only"": 0, ""he_only"": 0, ""neither"": 100}",0.7100443001836538,0.0,100,0.0,4.0,0.3305,1.9464267444610597,0.325,1.9472945413589478,finite,0.01056860014796257,0.013503298163414001,0,0.0,0.0,1.0,0,0.0,0.0,0.0,0.0,0.0,0.0,0.0,0,0.0,0.0,0.0,0.0,0,0,0,0.0,0.0,0,0,0.0
0.9885354992002249,292.43437106786604,0.0,0.0,0.0,0,0,,,0.0,0.0,0.0,0.0,0,0.0,0,not_selected,0,0.0,not_selected,0.017464300617575645,0,0.3305,0.0,0.0,0.0,0.0,0.0,0.0,0,168.77484259940684,0.0,0,0.0,0.0,0.0,0.0,recorded_dp_events_only,released_packet,private_experiment_logs_not_public_dp_outputs,5130,trainable_parameters_v1,tex_packet,0.0,not_established,0.2420365996658802,0.012629900127649307,legacy_per_link_selection,0,0.0,0.0,0.0,0,seal,0,seal_save_size_upper_bound,0,50;40,0.0,0,0,0.0,not_selected,0,0.0,0,0.0,8192,0,0,0,0,40,0,0,0.0,0.0,0,0,0.0,227.2977159774893,0,0.0,0.0,8.000000000001,0.0,0,measured_norm_ratio_not_a_convergence_threshold,0.9902638997882605,85,100,0,0,0,0,0,0,0,0,0,0,1,0.0,0.0,fixed_mode_fixed_privacy,0.0,0.0,incomplete_cross_domain_protection,local_packet_or_secure_aggregate,cross_domain_model_update,[],observed_operations_not_a_security_proof,False,no_new_cloud_update,0.0,67,0.0,1.0022155996412039,100,100,0,scheduled,"{""dp_he"": 0, ""dp_only"": 0, ""he_only"": 0, ""neither"": 100}","{""dp_he"": 0, ""dp_only"": 0, ""he_only"": 0, ""neither"": 100}",0.7044529989361763,0.0,100,0.0,4.0,0.3305,1.9464267444610597,0.3395,1.9353512954711913,finite,0.01195169985294342,0.013680100440979004,0,0.0,0.0,1.0,0,0.0,0.0,0.0,0.0,0.0,0.0,0.0,0,0.0,0.0,0.0,0.0,0,0,0,0.0,0.0,0,0,0.0
1.0902702007442713,293.22486306792433,0.0,0.0,0.0,0,0,,,0.0,0.0,0.0,0.0,0,0.0,0,not_selected,0,0.0,not_selected,0.01789890043437481,0,0.3305,0.0,0.0,0.0,0.0,0.0,0.0,0,170.19971969909966,0.0,0,0.0,0.0,0.0,0.0,recorded_dp_events_only,released_packet,private_experiment_logs_not_public_dp_outputs,5130,trainable_parameters_v1,tex_packet,0.0,not_established,0.25522089935839176,0.014309899881482124,legacy_per_link_selection,0,0.0,0.0,0.0,0,seal,0,seal_save_size_upper_bound,0,50;40,0.0,0,0,0.0,not_selected,0,0.0,0,0.0,8192,0,0,0,0,40,0,0,0.0,0.0,0,0,0.0,227.2977159774893,0,0.0,0.0,8.000000000001,0.0,0,measured_norm_ratio_not_a_convergence_threshold,1.0927593987435102,85,100,0,0,0,0,0,0,0,0,0,0,1,0.0,0.0,fixed_mode_fixed_privacy,0.0,0.0,incomplete_cross_domain_protection,local_packet_or_secure_aggregate,cross_domain_model_update,[],observed_operations_not_a_security_proof,False,no_new_cloud_update,0.0,68,0.0,1.1051078997552395,100,100,0,scheduled,"{""dp_he"": 0, ""dp_only"": 0, ""he_only"": 0, ""neither"": 100}","{""dp_he"": 0, ""dp_only"": 0, ""he_only"": 0, ""neither"": 100}",0.7904920000582933,0.0,100,0.0,4.0,0.3305,1.9464267444610597,0.332,1.952597152709961,finite,0.01234850101172924,0.014837699010968208,0,0.0,0.0,1.0,0,0.0,0.0,0.0,0.0,0.0,0.0,0.0,0,0.0,0.0,0.0,0.0,0,0,0,0.0,0.0,0,0,0.0
0.9862214010208845,293.9289564683133,0.0,0.0,0.0,0,0,,,0.0,0.0,0.0,0.0,0,0.0,0,not_selected,0,0.0,not_selected,0.01657949946820736,0,0.3305,0.0,0.0,0.0,0.0,0.0,0.0,0,171.52843200042844,0.0,0,0.0,0.0,0.0,0.0,recorded_dp_events_only,released_packet,private_experiment_logs_not_public_dp_outputs,5130,trainable_parameters_v1,tex_packet,0.0,not_established,0.24002129957079887,0.013826200738549232,legacy_per_link_selection,0,0.0,0.0,0.0,0,seal,0,seal_save_size_upper_bound,0,50;40,0.0,0,0,0.0,not_selected,0,0.0,0,0.0,8192,0,0,0,0,40,0,0,0.0,0.0,0,0,0.0,227.2977159774893,0,0.0,0.0,8.000000000001,0.0,0,measured_norm_ratio_not_a_convergence_threshold,0.9889410994946957,85,100,0,0,0,0,0,0,0,0,0,0,1,0.0,0.0,fixed_mode_fixed_privacy,0.0,0.0,incomplete_cross_domain_protection,local_packet_or_secure_aggregate,cross_domain_model_update,[],observed_operations_not_a_security_proof,False,no_new_cloud_update,0.0,69,0.0,1.0006421003490686,100,100,0,scheduled,"{""dp_he"": 0, ""dp_only"": 0, ""he_only"": 0, ""neither"": 100}","{""dp_he"": 0, ""dp_only"": 0, ""he_only"": 0, ""neither"": 100}",0.7040934003889561,0.0,100,0.0,4.0,0.3305,1.9464267444610597,0.3255,1.9658925771713256,finite,0.011701000854372978,0.014420699328184128,0,0.0,0.0,1.0,0,0.0,0.0,0.0,0.0,0.0,0.0,0.0,0,0.0,0.0,0.0,0.0,0,0,0,0.0,0.0,0,0,0.0
0.990515798330307,294.6366689677381,0.0,0.0,0.0,0,0,,,0.0,0.0,0.0,0.0,0,0.0,0,not_selected,0,0.0,not_selected,0.016464099287986755,0,0.3305,0.0,0.0,0.0,0.0,0.0,0.0,0,172.85690569877625,0.0,0,0.0,0.0,0.0,0.0,recorded_dp_events_only,released_packet,private_experiment_logs_not_public_dp_outputs,5130,trainable_parameters_v1,tex_packet,0.0,not_established,0.24405930005013943,0.01124969869852066,legacy_per_link_selection,0,0.0,0.0,0.0,0,seal,0,seal_save_size_upper_bound,0,50;40,0.0,0,0,0.0,not_selected,0,0.0,0,0.0,8192,0,0,0,0,40,0,0,0.0,0.0,0,0,0.0,227.2977159774893,0,0.0,0.0,8.000000000001,0.0,0,measured_norm_ratio_not_a_convergence_threshold,0.9924814999103546,85,100,0,0,0,0,0,0,0,0,0,0,1,0.0,0.0,fixed_mode_fixed_privacy,0.0,0.0,incomplete_cross_domain_protection,local_packet_or_secure_aggregate,cross_domain_model_update,[],observed_operations_not_a_security_proof,False,no_new_cloud_update,0.0,70,0.0,1.0035117007791996,100,100,0,scheduled,"{""dp_he"": 0, ""dp_only"": 0, ""he_only"": 0, ""neither"": 100}","{""dp_he"": 0, ""dp_only"": 0, ""he_only"": 0, ""neither"": 100}",0.7077124994248152,0.0,100,0.0,4.0,0.3305,1.9464267444610597,0.328,1.9571521282196045,finite,0.011030200868844986,0.012995902448892593,0,0.0,0.0,1.0,0,0.0,0.0,0.0,0.0,0.0,0.0,0.0,0,0.0,0.0,0.0,0.0,0,0,0,0.0,0.0,0,0,0.0
0.9921471979469061,295.340330966472,0.0,0.0,0.0,0,0,,,0.0,0.0,0.0,0.0,0,0.0,0,not_selected,0,0.0,not_selected,0.017353998497128487,0,0.3305,0.0,0.0,0.0,0.0,0.0,0.0,0,174.17617749981582,0.0,0,0.0,0.0,0.0,0.0,recorded_dp_events_only,released_packet,private_experiment_logs_not_public_dp_outputs,5130,trainable_parameters_v1,tex_packet,0.0,not_established,0.24864530004560947,0.011368200182914734,legacy_per_link_selection,0,0.0,0.0,0.0,0,seal,0,seal_save_size_upper_bound,0,50;40,0.0,0,0,0.0,not_selected,0,0.0,0,0.0,8192,0,0,0,0,40,0,0,0.0,0.0,0,0,0.0,227.2977159774893,0,0.0,0.0,8.000000000001,0.0,0,measured_norm_ratio_not_a_convergence_threshold,0.9946072995662689,85,100,0,0,0,0,0,0,0,0,0,0,1,0.0,0.0,fixed_mode_fixed_privacy,0.0,0.0,incomplete_cross_domain_protection,local_packet_or_secure_aggregate,cross_domain_model_update,[],observed_operations_not_a_security_proof,False,no_new_cloud_update,0.0,71,0.0,1.0057250000536442,100,100,0,scheduled,"{""dp_he"": 0, ""dp_only"": 0, ""he_only"": 0, ""neither"": 100}","{""dp_he"": 0, ""dp_only"": 0, ""he_only"": 0, ""neither"": 100}",0.7036619987338781,0.0,100,0.0,4.0,0.3305,1.9464267444610597,0.3575,1.9316082382202149,finite,0.01111770048737526,0.01357780210673809,0,0.0,0.0,1.0,0,0.0,0.0,0.0,0.0,0.0,0.0,0.0,0,0.0,0.0,0.0,0.0,0,0,0,0.0,0.0,0,0,0.0
1.0892534963786602,296.1306108652645,0.0,0.0,0.0,0,0,,,0.0,0.0,0.0,0.0,0,0.0,0,not_selected,0,0.0,not_selected,0.01691109873354435,0,0.3305,0.0,0.0,0.0,0.0,0.0,0.0,0,175.63672239892185,0.0,0,0.0,0.0,0.0,0.0,recorded_dp_events_only,released_packet,private_experiment_logs_not_public_dp_outputs,5130,trainable_parameters_v1,tex_packet,0.0,not_established,0.2578830998390913,0.011705700308084488,legacy_per_link_selection,0,0.0,0.0,0.0,0,seal,0,seal_save_size_upper_bound,0,50;40,0.0,0,0,0.0,not_selected,0,0.0,0,0.0,8192,0,0,0,0,40,0,0,0.0,0.0,0,0,0.0,227.2977159774893,0,0.0,0.0,8.000000000001,0.0,0,measured_norm_ratio_not_a_convergence_threshold,1.0969667006283998,85,100,0,0,0,0,0,0,0,0,0,0,1,0.0,0.0,fixed_mode_fixed_privacy,0.0,0.0,incomplete_cross_domain_protection,local_packet_or_secure_aggregate,cross_domain_model_update,[],observed_operations_not_a_security_proof,False,no_new_cloud_update,0.0,72,0.0,1.1094403993338346,100,100,0,scheduled,"{""dp_he"": 0, ""dp_only"": 0, ""he_only"": 0, ""neither"": 100}","{""dp_he"": 0, ""dp_only"": 0, ""he_only"": 0, ""neither"": 100}",0.7902798987925053,0.0,100,0.0,4.0,0.3305,1.9464267444610597,0.323,1.9530886306762696,finite,0.0124736987054348,0.020186902955174446,0,0.0,0.0,1.0,0,0.0,0.0,0.0,0.0,0.0,0.0,0.0,0,0.0,0.0,0.0,0.0,0,0,0,0.0,0.0,0,0,0.0
1.0383697990328074,296.8873938645267,0.0,0.0,0.0,0,0,,,0.0,0.0,0.0,0.0,0,0.0,0,not_selected,0,0.0,not_selected,0.01703610084950924,0,0.3305,0.0,0.0,0.0,0.0,0.0,0.0,0,177.06385670043528,0.0,0,0.0,0.0,0.0,0.0,recorded_dp_events_only,released_packet,private_experiment_logs_not_public_dp_outputs,5130,trainable_parameters_v1,tex_packet,0.0,not_established,0.24216950125992298,0.010754099115729332,legacy_per_link_selection,0,0.0,0.0,0.0,0,seal,0,seal_save_size_upper_bound,0,50;40,0.0,0,0,0.0,not_selected,0,0.0,0,0.0,8192,0,0,0,0,40,0,0,0.0,0.0,0,0,0.0,227.2977159774893,0,0.0,0.0,8.000000000001,0.0,0,measured_norm_ratio_not_a_convergence_threshold,1.0401365011930466,85,100,0,0,0,0,0,0,0,0,0,0,1,0.0,0.0,fixed_mode_fixed_privacy,0.0,0.0,incomplete_cross_domain_protection,local_packet_or_secure_aggregate,cross_domain_model_update,[],observed_operations_not_a_security_proof,False,no_new_cloud_update,0.0,73,0.0,1.0517635997384787,100,100,0,scheduled,"{""dp_he"": 0, ""dp_only"": 0, ""he_only"": 0, ""neither"": 100}","{""dp_he"": 0, ""dp_only"": 0, ""he_only"": 0, ""neither"": 100}",0.7567829992622137,0.0,100,0.0,4.0,0.3305,1.9464267444610597,0.33,1.9562372055053712,finite,0.01162709854543209,0.01339380070567131,0,0.0,0.0,1.0,0,0.0,0.0,0.0,0.0,0.0,0.0,0.0,0,0.0,0.0,0.0,0.0,0,0,0,0.0,0.0,0,0,0.0
1.0009970013052225,297.6080884660625,0.0,0.0,0.0,0,0,,,0.0,0.0,0.0,0.0,0,0.0,0,not_selected,0,0.0,not_selected,0.017365500330924988,0,0.3305,0.0,0.0,0.0,0.0,0.0,0.0,0,178.38635839894414,0.0,0,0.0,0.0,0.0,0.0,recorded_dp_events_only,released_packet,private_experiment_logs_not_public_dp_outputs,5130,trainable_parameters_v1,tex_packet,0.0,not_established,0.2401529997587204,0.01128079928457737,legacy_per_link_selection,0,0.0,0.0,0.0,0,seal,0,seal_save_size_upper_bound,0,50;40,0.0,0,0,0.0,not_selected,0,0.0,0,0.0,8192,0,0,0,0,40,0,0,0.0,0.0,0,0,0.0,227.2977159774893,0,0.0,0.0,8.000000000001,0.0,0,measured_norm_ratio_not_a_convergence_threshold,1.0030552987009287,85,100,0,0,0,0,0,0,0,0,0,0,1,0.0,0.0,fixed_mode_fixed_privacy,0.0,0.0,incomplete_cross_domain_protection,local_packet_or_secure_aggregate,cross_domain_model_update,[],observed_operations_not_a_security_proof,False,no_new_cloud_update,0.0,74,0.0,1.0145583990961313,100,100,0,scheduled,"{""dp_he"": 0, ""dp_only"": 0, ""he_only"": 0, ""neither"": 100}","{""dp_he"": 0, ""dp_only"": 0, ""he_only"": 0, ""neither"": 100}",0.7206946015357971,0.0,100,0.0,4.0,0.3305,1.9464267444610597,0.3215,1.9693605060577393,finite,0.011503100395202637,0.013561397790908813,0,0.0,0.0,1.0,0,0.0,0.0,0.0,0.0,0.0,0.0,0.0,0,0.0,0.0,0.0,0.0,0,0,0,0.0,0.0,0,0,0.0
1.0688171982765198,298.3772535665923,0.0,0.0,0.0,0,0,,,0.0,0.0,0.0,0.0,0,0.0,0,not_selected,0,0.0,not_selected,0.018137099221348763,0,0.3305,0.0,0.0,0.0,0.0,0.0,0.0,0,179.78276829980314,0.0,0,0.0,0.0,0.0,0.0,recorded_dp_events_only,released_packet,private_experiment_logs_not_public_dp_outputs,5130,trainable_parameters_v1,tex_packet,0.0,not_established,0.25792669877409935,0.012272600084543228,legacy_per_link_selection,0,0.0,0.0,0.0,0,seal,0,seal_save_size_upper_bound,0,50;40,0.0,0,0,0.0,not_selected,0,0.0,0,0.0,8192,0,0,0,0,40,0,0,0.0,0.0,0,0,0.0,227.2977159774893,0,0.0,0.0,8.000000000001,0.0,0,measured_norm_ratio_not_a_convergence_threshold,1.0731512010097504,85,100,0,0,0,0,0,0,0,0,0,0,1,0.0,0.0,fixed_mode_fixed_privacy,0.0,0.0,incomplete_cross_domain_protection,local_packet_or_secure_aggregate,cross_domain_model_update,[],observed_operations_not_a_security_proof,False,no_new_cloud_update,0.0,75,0.0,1.0844669006764889,100,100,0,scheduled,"{""dp_he"": 0, ""dp_only"": 0, ""he_only"": 0, ""neither"": 100}","{""dp_he"": 0, ""dp_only"": 0, ""he_only"": 0, ""neither"": 100}",0.7691651005297899,0.0,100,0.0,4.0,0.3305,1.9464267444610597,0.337,1.9472209758758545,finite,0.01131569966673851,0.0156497023999691,0,0.0,0.0,1.0,0,0.0,0.0,0.0,0.0,0.0,0.0,0.0,0,0.0,0.0,0.0,0.0,0,0,0,0.0,0.0,0,0,0.0
1.0715464986860752,299.16474226555164,0.0,0.0,0.0,0,0,,,0.0,0.0,0.0,0.0,0,0.0,0,not_selected,0,0.0,not_selected,0.018512900918722153,0,0.3305,0.0,0.0,0.0,0.0,0.0,0.0,0,181.2588371988386,0.0,0,0.0,0.0,0.0,0.0,recorded_dp_events_only,released_packet,private_experiment_logs_not_public_dp_outputs,5130,trainable_parameters_v1,tex_packet,0.0,not_established,0.24336650036275387,0.01117129996418953,legacy_per_link_selection,0,0.0,0.0,0.0,0,seal,0,seal_save_size_upper_bound,0,50;40,0.0,0,0,0.0,not_selected,0,0.0,0,0.0,8192,0,0,0,0,40,0,0,0.0,0.0,0,0,0.0,227.2977159774893,0,0.0,0.0,8.000000000001,0.0,0,measured_norm_ratio_not_a_convergence_threshold,1.079101301729679,85,100,0,0,0,0,0,0,0,0,0,0,1,0.0,0.0,fixed_mode_fixed_privacy,0.0,0.0,incomplete_cross_domain_protection,local_packet_or_secure_aggregate,cross_domain_model_update,[],observed_operations_not_a_security_proof,False,no_new_cloud_update,0.0,76,0.0,1.0901084002107382,100,100,0,scheduled,"{""dp_he"": 0, ""dp_only"": 0, ""he_only"": 0, ""neither"": 100}","{""dp_he"": 0, ""dp_only"": 0, ""he_only"": 0, ""neither"": 100}",0.7874886989593506,0.0,100,0.0,4.0,0.3305,1.9464267444610597,0.3365,1.95166828250885,finite,0.011007098481059074,0.01856190152466297,0,0.0,0.0,1.0,0,0.0,0.0,0.0,0.0,0.0,0.0,0.0,0,0.0,0.0,0.0,0.0,0,0,0,0.0,0.0,0,0,0.0
0.9856453966349363,299.87163786469335,0.0,0.0,0.0,0,0,,,0.0,0.0,0.0,0.0,0,0.0,0,not_selected,0,0.0,not_selected,0.01627499982714653,0,0.3305,0.0,0.0,0.0,0.0,0.0,0.0,0,182.58368249982595,0.0,0,0.0,0.0,0.0,0.0,recorded_dp_events_only,released_packet,private_experiment_logs_not_public_dp_outputs,5130,trainable_parameters_v1,tex_packet,0.0,not_established,0.2406568992882967,0.011062799021601677,legacy_per_link_selection,0,0.0,0.0,0.0,0,seal,0,seal_save_size_upper_bound,0,50;40,0.0,0,0,0.0,not_selected,0,0.0,0,0.0,8192,0,0,0,0,40,0,0,0.0,0.0,0,0,0.0,227.2977159774893,0,0.0,0.0,8.000000000001,0.0,0,measured_norm_ratio_not_a_convergence_threshold,0.9882898014038801,85,100,0,0,0,0,0,0,0,0,0,0,1,0.0,0.0,fixed_mode_fixed_privacy,0.0,0.0,incomplete_cross_domain_protection,local_packet_or_secure_aggregate,cross_domain_model_update,[],observed_operations_not_a_security_proof,False,no_new_cloud_update,0.0,77,0.0,0.9990449007600546,100,100,0,scheduled,"{""dp_he"": 0, ""dp_only"": 0, ""he_only"": 0, ""neither"": 100}","{""dp_he"": 0, ""dp_only"": 0, ""he_only"": 0, ""neither"": 100}",0.706895599141717,0.0,100,0.0,4.0,0.3305,1.9464267444610597,0.3345,1.9506836681365967,finite,0.010755099356174469,0.013399504125118256,0,0.0,0.0,1.0,0,0.0,0.0,0.0,0.0,0.0,0.0,0.0,0,0.0,0.0,0.0,0.0,0,0,0,0.0,0.0,0,0,0.0
1.0023792013525963,300.5860235660368,0.0,0.0,0.0,0,0,,,0.0,0.0,0.0,0.0,0,0.0,0,not_selected,0,0.0,not_selected,0.016058899462223053,0,0.3305,0.0,0.0,0.0,0.0,0.0,0.0,0,183.93607369996607,0.0,0,0.0,0.0,0.0,0.0,recorded_dp_events_only,released_packet,private_experiment_logs_not_public_dp_outputs,5130,trainable_parameters_v1,tex_packet,0.0,not_established,0.24232419952750206,0.014508301392197609,legacy_per_link_selection,0,0.0,0.0,0.0,0,seal,0,seal_save_size_upper_bound,0,50;40,0.0,0,0,0.0,not_selected,0,0.0,0,0.0,8192,0,0,0,0,40,0,0,0.0,0.0,0,0,0.0,227.2977159774893,0,0.0,0.0,8.000000000001,0.0,0,measured_norm_ratio_not_a_convergence_threshold,1.0040102005004883,85,100,0,0,0,0,0,0,0,0,0,0,1,0.0,0.0,fixed_mode_fixed_privacy,0.0,0.0,incomplete_cross_domain_protection,local_packet_or_secure_aggregate,cross_domain_model_update,[],observed_operations_not_a_security_proof,False,no_new_cloud_update,0.0,78,0.0,1.0191123001277447,100,100,0,scheduled,"{""dp_he"": 0, ""dp_only"": 0, ""he_only"": 0, ""neither"": 100}","{""dp_he"": 0, ""dp_only"": 0, ""he_only"": 0, ""neither"": 100}",0.7143857013434172,0.0,100,0.0,4.0,0.3305,1.9464267444610597,0.34,1.9552120056152344,finite,0.015102099627256393,0.01673309877514839,0,0.0,0.0,1.0,0,0.0,0.0,0.0,0.0,0.0,0.0,0.0,0,0.0,0.0,0.0,0.0,0,0,0,0.0,0.0,0,0,0.0
1.0839377976953983,301.3761250662648,0.0,0.0,0.0,0,0,,,0.0,0.0,0.0,0.0,0,0.0,0,not_selected,0,0.0,not_selected,0.01945509947836399,0,0.3305,0.0,0.0,0.0,0.0,0.0,0.0,0,185.39692189916968,0.0,0,0.0,0.0,0.0,0.0,recorded_dp_events_only,released_packet,private_experiment_logs_not_public_dp_outputs,5130,trainable_parameters_v1,tex_packet,0.0,not_established,0.24748079851269722,0.015155298635363579,legacy_per_link_selection,0,0.0,0.0,0.0,0,seal,0,seal_save_size_upper_bound,0,50;40,0.0,0,0,0.0,not_selected,0,0.0,0,0.0,8192,0,0,0,0,40,0,0,0.0,0.0,0,0,0.0,227.2977159774893,0,0.0,0.0,8.000000000001,0.0,0,measured_norm_ratio_not_a_convergence_threshold,1.0878771990537643,85,100,0,0,0,0,0,0,0,0,0,0,1,0.0,0.0,fixed_mode_fixed_privacy,0.0,0.0,incomplete_cross_domain_protection,local_packet_or_secure_aggregate,cross_domain_model_update,[],observed_operations_not_a_security_proof,False,no_new_cloud_update,0.0,79,0.0,1.0996222998946905,100,100,0,scheduled,"{""dp_he"": 0, ""dp_only"": 0, ""he_only"": 0, ""neither"": 100}","{""dp_he"": 0, ""dp_only"": 0, ""he_only"": 0, ""neither"": 100}",0.7901015002280474,0.0,100,0.0,4.0,0.3305,1.9464267444610597,0.3275,1.954905807495117,finite,0.01174510084092617,0.015684502199292183,0,0.0,0.0,1.0,0,0.0,0.0,0.0,0.0,0.0,0.0,0.0,0,0.0,0.0,0.0,0.0,0,0,0,0.0,0.0,0,0,0.0
1.013281999155879,302.0956367651963,0.0,0.0,0.0,0,0,,,0.0,0.0,0.0,0.0,0,0.0,0,not_selected,0,0.0,not_selected,0.01837489940226078,0,0.3305,0.0,0.0,0.0,0.0,0.0,0.0,0,186.77715569920838,0.0,0,0.0,0.0,0.0,0.0,recorded_dp_events_only,released_packet,private_experiment_logs_not_public_dp_outputs,5130,trainable_parameters_v1,tex_packet,0.0,not_established,0.2536704000085592,0.010484300553798676,legacy_per_link_selection,0,0.0,0.0,0.0,0,seal,0,seal_save_size_upper_bound,0,50;40,0.0,0,0,0.0,not_selected,0,0.0,0,0.0,8192,0,0,0,0,40,0,0,0.0,0.0,0,0,0.0,227.2977159774893,0,0.0,0.0,8.000000000001,0.0,0,measured_norm_ratio_not_a_convergence_threshold,1.0165908988565207,85,100,0,0,0,0,0,0,0,0,0,0,1,0.0,0.0,fixed_mode_fixed_privacy,0.0,0.0,incomplete_cross_domain_protection,local_packet_or_secure_aggregate,cross_domain_model_update,[],observed_operations_not_a_security_proof,False,no_new_cloud_update,0.0,80,0.0,1.0278315991163254,100,100,0,scheduled,"{""dp_he"": 0, ""dp_only"": 0, ""he_only"": 0, ""neither"": 100}","{""dp_he"": 0, ""dp_only"": 0, ""he_only"": 0, ""neither"": 100}",0.7195116989314556,0.0,100,0.0,4.0,0.3305,1.9464267444610597,0.333,1.9534333801269532,finite,0.011240700259804726,0.014549599960446358,0,0.0,0.0,1.0,0,0.0,0.0,0.0,0.0,0.0,0.0,0.0,0,0.0,0.0,0.0,0.0,0,0,0,0.0,0.0,0,0,0.0
1.017983103170991,302.830962466731,0.0,0.0,0.0,0,0,,,0.0,0.0,0.0,0.0,0,0.0,0,not_selected,0,0.0,not_selected,0.01890830136835575,0,0.3305,0.0,0.0,0.0,0.0,0.0,0.0,0,188.19174069911242,0.0,0,0.0,0.0,0.0,0.0,recorded_dp_events_only,released_packet,private_experiment_logs_not_public_dp_outputs,5130,trainable_parameters_v1,tex_packet,0.0,not_established,0.23942300118505955,0.012744700536131859,legacy_per_link_selection,0,0.0,0.0,0.0,0,seal,0,seal_save_size_upper_bound,0,50;40,0.0,0,0,0.0,not_selected,0,0.0,0,0.0,8192,0,0,0,0,40,0,0,0.0,0.0,0,0,0.0,227.2977159774893,0,0.0,0.0,8.000000000001,0.0,0,measured_norm_ratio_not_a_convergence_threshold,1.0195907019078732,85,100,0,0,0,0,0,0,0,0,0,0,1,0.0,0.0,fixed_mode_fixed_privacy,0.0,0.0,incomplete_cross_domain_protection,local_packet_or_secure_aggregate,cross_domain_model_update,[],observed_operations_not_a_security_proof,False,no_new_cloud_update,0.0,81,0.0,1.0311721004545689,100,100,0,scheduled,"{""dp_he"": 0, ""dp_only"": 0, ""he_only"": 0, ""neither"": 100}","{""dp_he"": 0, ""dp_only"": 0, ""he_only"": 0, ""neither"": 100}",0.7353257015347481,0.0,100,0.0,4.0,0.3305,1.9464267444610597,0.35,1.939315962791443,finite,0.01158139854669571,0.013188997283577919,0,0.0,0.0,1.0,0,0.0,0.0,0.0,0.0,0.0,0.0,0.0,0,0.0,0.0,0.0,0.0,0,0,0,0.0,0.0,0,0,0.0
1.0201897006481886,303.5528254664534,0.0,0.0,0.0,0,0,,,0.0,0.0,0.0,0.0,0,0.0,0,not_selected,0,0.0,not_selected,0.02078540064394474,0,0.3305,0.0,0.0,0.0,0.0,0.0,0.0,0,189.57019999995828,0.0,0,0.0,0.0,0.0,0.0,recorded_dp_events_only,released_packet,private_experiment_logs_not_public_dp_outputs,5130,trainable_parameters_v1,tex_packet,0.0,not_established,0.2544133998453617,0.010950099676847458,legacy_per_link_selection,0,0.0,0.0,0.0,0,seal,0,seal_save_size_upper_bound,0,50;40,0.0,0,0,0.0,not_selected,0,0.0,0,0.0,8192,0,0,0,0,40,0,0,0.0,0.0,0,0,0.0,227.2977159774893,0,0.0,0.0,8.000000000001,0.0,0,measured_norm_ratio_not_a_convergence_threshold,1.023166999220848,85,100,0,0,0,0,0,0,0,0,0,0,1,0.0,0.0,fixed_mode_fixed_privacy,0.0,0.0,incomplete_cross_domain_protection,local_packet_or_secure_aggregate,cross_domain_model_update,[],observed_operations_not_a_security_proof,False,no_new_cloud_update,0.0,82,0.0,1.0353447999805212,100,100,0,scheduled,"{""dp_he"": 0, ""dp_only"": 0, ""he_only"": 0, ""neither"": 100}","{""dp_he"": 0, ""dp_only"": 0, ""he_only"": 0, ""neither"": 100}",0.7218629997223616,0.0,100,0.0,4.0,0.3305,1.9464267444610597,0.339,1.9467101669311524,finite,0.012177800759673119,0.015155099332332611,0,0.0,0.0,1.0,0,0.0,0.0,0.0,0.0,0.0,0.0,0.0,0,0.0,0.0,0.0,0.0,0,0,0,0.0,0.0,0,0,0.0
1.0782586988061666,304.34587616538937,0.0,0.0,0.0,0,0,,,0.0,0.0,0.0,0.0,0,0.0,0,not_selected,0,0.0,not_selected,0.01970740035176277,0,0.3305,0.0,0.0,0.0,0.0,0.0,0.0,0,191.04489219933748,0.0,0,0.0,0.0,0.0,0.0,recorded_dp_events_only,released_packet,private_experiment_logs_not_public_dp_outputs,5130,trainable_parameters_v1,tex_packet,0.0,not_established,0.23992530070245266,0.01439880020916462,legacy_per_link_selection,0,0.0,0.0,0.0,0,seal,0,seal_save_size_upper_bound,0,50;40,0.0,0,0,0.0,not_selected,0,0.0,0,0.0,8192,0,0,0,0,40,0,0,0.0,0.0,0,0,0.0,227.2977159774893,0,0.0,0.0,8.000000000001,0.0,0,measured_norm_ratio_not_a_convergence_threshold,1.0812695007771254,85,100,0,0,0,0,0,0,0,0,0,0,1,0.0,0.0,fixed_mode_fixed_privacy,0.0,0.0,incomplete_cross_domain_protection,local_packet_or_secure_aggregate,cross_domain_model_update,[],observed_operations_not_a_security_proof,False,no_new_cloud_update,0.0,83,0.0,1.0924459993839264,100,100,0,scheduled,"{""dp_he"": 0, ""dp_only"": 0, ""he_only"": 0, ""neither"": 100}","{""dp_he"": 0, ""dp_only"": 0, ""he_only"": 0, ""neither"": 100}",0.7930506989359856,0.0,100,0.0,4.0,0.3305,1.9464267444610597,0.3265,1.9562011556625367,finite,0.011176498606801033,0.014187300577759743,0,0.0,0.0,1.0,0,0.0,0.0,0.0,0.0,0.0,0.0,0.0,0,0.0,0.0,0.0,0.0,0,0,0,0.0,0.0,0,0,0.0
1.0236277990043163,305.0873279652589,0.0,0.0,0.0,0,0,,,0.0,0.0,0.0,0.0,0,0.0,0,not_selected,0,0.0,not_selected,0.016968099400401115,0,0.3305,0.0,0.0,0.0,0.0,0.0,0.0,0,192.41993429884315,0.0,0,0.0,0.0,0.0,0.0,recorded_dp_events_only,released_packet,private_experiment_logs_not_public_dp_outputs,5130,trainable_parameters_v1,tex_packet,0.0,not_established,0.24105639941990376,0.010719500482082367,legacy_per_link_selection,0,0.0,0.0,0.0,0,seal,0,seal_save_size_upper_bound,0,50;40,0.0,0,0,0.0,not_selected,0,0.0,0,0.0,8192,0,0,0,0,40,0,0,0.0,0.0,0,0,0.0,227.2977159774893,0,0.0,0.0,8.000000000001,0.0,0,measured_norm_ratio_not_a_convergence_threshold,1.026647699996829,85,100,0,0,0,0,0,0,0,0,0,0,1,0.0,0.0,fixed_mode_fixed_privacy,0.0,0.0,incomplete_cross_domain_protection,local_packet_or_secure_aggregate,cross_domain_model_update,[],observed_operations_not_a_security_proof,False,no_new_cloud_update,0.0,84,0.0,1.0400796998292208,100,100,0,scheduled,"{""dp_he"": 0, ""dp_only"": 0, ""he_only"": 0, ""neither"": 100}","{""dp_he"": 0, ""dp_only"": 0, ""he_only"": 0, ""neither"": 100}",0.7414517998695374,0.0,100,0.0,4.0,0.3305,1.9464267444610597,0.341,1.9515077953338622,finite,0.013431999832391739,0.016451900824904442,0,0.0,0.0,1.0,0,0.0,0.0,0.0,0.0,0.0,0.0,0.0,0,0.0,0.0,0.0,0.0,0,0,0,0.0,0.0,0,0,0.0
0.9868484027683735,305.791399166643,0.0,0.0,0.0,0,0,,,0.0,0.0,0.0,0.0,0,0.0,0,not_selected,0,0.0,not_selected,0.0170959010720253,0,0.3305,0.0,0.0,0.0,0.0,0.0,0.0,0,193.7578935995698,0.0,0,0.0,0.0,0.0,0.0,recorded_dp_events_only,released_packet,private_experiment_logs_not_public_dp_outputs,5130,trainable_parameters_v1,tex_packet,0.0,not_established,0.24284899979829788,0.011451100930571556,legacy_per_link_selection,0,0.0,0.0,0.0,0,seal,0,seal_save_size_upper_bound,0,50;40,0.0,0,0,0.0,not_selected,0,0.0,0,0.0,8192,0,0,0,0,40,0,0,0.0,0.0,0,0,0.0,227.2977159774893,0,0.0,0.0,8.000000000001,0.0,0,measured_norm_ratio_not_a_convergence_threshold,0.9895070996135473,85,100,0,0,0,0,0,0,0,0,0,0,1,0.0,0.0,fixed_mode_fixed_privacy,0.0,0.0,incomplete_cross_domain_protection,local_packet_or_secure_aggregate,cross_domain_model_update,[],observed_operations_not_a_security_proof,False,no_new_cloud_update,0.0,85,0.0,1.0008882991969585,100,100,0,scheduled,"{""dp_he"": 0, ""dp_only"": 0, ""he_only"": 0, ""neither"": 100}","{""dp_he"": 0, ""dp_only"": 0, ""he_only"": 0, ""neither"": 100}",0.7040712013840675,0.0,100,0.0,4.0,0.3305,1.9464267444610597,0.3385,1.950126708984375,finite,0.011381199583411217,0.014039896428585052,0,0.0,0.0,1.0,0,0.0,0.0,0.0,0.0,0.0,0.0,0.0,0,0.0,0.0,0.0,0.0,0,0,0,0.0,0.0,0,0,0.0
1.082508796826005,306.5683071657115,0.0,0.0,0.0,0,0,,,0.0,0.0,0.0,0.0,0,0.0,0,not_selected,0,0.0,not_selected,0.024418499320745468,0,0.3305,0.0,0.0,0.0,0.0,0.0,0.0,0,195.19826889969409,0.0,0,0.0,0.0,0.0,0.0,recorded_dp_events_only,released_packet,private_experiment_logs_not_public_dp_outputs,5130,trainable_parameters_v1,tex_packet,0.0,not_established,0.25662489980459213,0.013757798820734024,legacy_per_link_selection,0,0.0,0.0,0.0,0,seal,0,seal_save_size_upper_bound,0,50;40,0.0,0,0,0.0,not_selected,0,0.0,0,0.0,8192,0,0,0,0,40,0,0,0.0,0.0,0,0,0.0,227.2977159774893,0,0.0,0.0,8.000000000001,0.0,0,measured_norm_ratio_not_a_convergence_threshold,1.0864401999861002,85,100,0,0,0,0,0,0,0,0,0,0,1,0.0,0.0,fixed_mode_fixed_privacy,0.0,0.0,incomplete_cross_domain_protection,local_packet_or_secure_aggregate,cross_domain_model_update,[],observed_operations_not_a_security_proof,False,no_new_cloud_update,0.0,86,0.0,1.097239799797535,100,100,0,scheduled,"{""dp_he"": 0, ""dp_only"": 0, ""he_only"": 0, ""neither"": 100}","{""dp_he"": 0, ""dp_only"": 0, ""he_only"": 0, ""neither"": 100}",0.7769079990684986,0.0,100,0.0,4.0,0.3305,1.9464267444610597,0.3535,1.9303458232879638,finite,0.010799599811434746,0.01473100297152996,0,0.0,0.0,1.0,0,0.0,0.0,0.0,0.0,0.0,0.0,0.0,0,0.0,0.0,0.0,0.0,0,0,0,0.0,0.0,0,0,0.0
1.008450597524643,307.2918720643067,0.0,0.0,0.0,0,0,,,0.0,0.0,0.0,0.0,0,0.0,0,not_selected,0,0.0,not_selected,0.016200000420212746,0,0.3305,0.0,0.0,0.0,0.0,0.0,0.0,0,196.60132540017366,0.0,0,0.0,0.0,0.0,0.0,recorded_dp_events_only,released_packet,private_experiment_logs_not_public_dp_outputs,5130,trainable_parameters_v1,tex_packet,0.0,not_established,0.24558449909090996,0.011355400085449219,legacy_per_link_selection,0,0.0,0.0,0.0,0,seal,0,seal_save_size_upper_bound,0,50;40,0.0,0,0,0.0,not_selected,0,0.0,0,0.0,8192,0,0,0,0,40,0,0,0.0,0.0,0,0,0.0,227.2977159774893,0,0.0,0.0,8.000000000001,0.0,0,measured_norm_ratio_not_a_convergence_threshold,1.009891701862216,85,100,0,0,0,0,0,0,0,0,0,0,1,0.0,0.0,fixed_mode_fixed_privacy,0.0,0.0,incomplete_cross_domain_protection,local_packet_or_secure_aggregate,cross_domain_model_update,[],observed_operations_not_a_security_proof,False,no_new_cloud_update,0.0,87,0.0,1.0216375011950731,100,100,0,scheduled,"{""dp_he"": 0, ""dp_only"": 0, ""he_only"": 0, ""neither"": 100}","{""dp_he"": 0, ""dp_only"": 0, ""he_only"": 0, ""neither"": 100}",0.7235648985952139,0.0,100,0.0,4.0,0.3305,1.9464267444610597,0.3325,1.9421179189682007,finite,0.011745799332857132,0.013186903670430183,0,0.0,0.0,1.0,0,0.0,0.0,0.0,0.0,0.0,0.0,0.0,0,0.0,0.0,0.0,0.0,0,0,0,0.0,0.0,0,0,0.0
1.0137078985571861,308.01006076364155,0.0,0.0,0.0,0,0,,,0.0,0.0,0.0,0.0,0,0.0,0,not_selected,0,0.0,not_selected,0.02199299819767475,0,0.3305,0.0,0.0,0.0,0.0,0.0,0.0,0,197.96926739998162,0.0,0,0.0,0.0,0.0,0.0,recorded_dp_events_only,released_packet,private_experiment_logs_not_public_dp_outputs,5130,trainable_parameters_v1,tex_packet,0.0,not_established,0.2490250002592802,0.011868400499224663,legacy_per_link_selection,0,0.0,0.0,0.0,0,seal,0,seal_save_size_upper_bound,0,50;40,0.0,0,0,0.0,not_selected,0,0.0,0,0.0,8192,0,0,0,0,40,0,0,0.0,0.0,0,0,0.0,227.2977159774893,0,0.0,0.0,8.000000000001,0.0,0,measured_norm_ratio_not_a_convergence_threshold,1.017213799059391,85,100,0,0,0,0,0,0,0,0,0,0,1,0.0,0.0,fixed_mode_fixed_privacy,0.0,0.0,incomplete_cross_domain_protection,local_packet_or_secure_aggregate,cross_domain_model_update,[],observed_operations_not_a_security_proof,False,no_new_cloud_update,0.0,88,0.0,1.0298465993255377,100,100,0,scheduled,"{""dp_he"": 0, ""dp_only"": 0, ""he_only"": 0, ""neither"": 100}","{""dp_he"": 0, ""dp_only"": 0, ""he_only"": 0, ""neither"": 100}",0.7181886993348598,0.0,100,0.0,4.0,0.3305,1.9464267444610597,0.3285,1.9558799982070922,finite,0.01263280026614666,0.016138700768351555,0,0.0,0.0,1.0,0,0.0,0.0,0.0,0.0,0.0,0.0,0.0,0,0.0,0.0,0.0,0.0,0,0,0,0.0,0.0,0,0,0.0
1.0383767988532782,308.7591667628878,0.0,0.0,0.0,0,0,,,0.0,0.0,0.0,0.0,0,0.0,0,not_selected,0,0.0,not_selected,0.017381899058818817,0,0.3305,0.0,0.0,0.0,0.0,0.0,0.0,0,199.39026669971645,0.0,0,0.0,0.0,0.0,0.0,recorded_dp_events_only,released_packet,private_experiment_logs_not_public_dp_outputs,5130,trainable_parameters_v1,tex_packet,0.0,not_established,0.24971329979598522,0.011062700301408768,legacy_per_link_selection,0,0.0,0.0,0.0,0,seal,0,seal_save_size_upper_bound,0,50;40,0.0,0,0,0.0,not_selected,0,0.0,0,0.0,8192,0,0,0,0,40,0,0,0.0,0.0,0,0,0.0,227.2977159774893,0,0.0,0.0,8.000000000001,0.0,0,measured_norm_ratio_not_a_convergence_threshold,1.040626298636198,85,100,0,0,0,0,0,0,0,0,0,0,1,0.0,0.0,fixed_mode_fixed_privacy,0.0,0.0,incomplete_cross_domain_protection,local_packet_or_secure_aggregate,cross_domain_model_update,[],observed_operations_not_a_security_proof,False,no_new_cloud_update,0.0,89,0.0,1.0517391990870237,100,100,0,scheduled,"{""dp_he"": 0, ""dp_only"": 0, ""he_only"": 0, ""neither"": 100}","{""dp_he"": 0, ""dp_only"": 0, ""he_only"": 0, ""neither"": 100}",0.7491059992462397,0.0,100,0.0,4.0,0.3305,1.9464267444610597,0.356,1.939330969810486,finite,0.011112900450825691,0.013362400233745575,0,0.0,0.0,1.0,0,0.0,0.0,0.0,0.0,0.0,0.0,0.0,0,0.0,0.0,0.0,0.0,0,0,0,0.0,0.0,0,0,0.0
1.0892792996019125,309.5562486617857,0.0,0.0,0.0,0,0,,,0.0,0.0,0.0,0.0,0,0.0,0,not_selected,0,0.0,not_selected,0.018402298912405968,0,0.3305,0.0,0.0,0.0,0.0,0.0,0.0,0,200.87681999988854,0.0,0,0.0,0.0,0.0,0.0,recorded_dp_events_only,released_packet,private_experiment_logs_not_public_dp_outputs,5130,trainable_parameters_v1,tex_packet,0.0,not_established,0.24996030144393444,0.011228600516915321,legacy_per_link_selection,0,0.0,0.0,0.0,0,seal,0,seal_save_size_upper_bound,0,50;40,0.0,0,0,0.0,not_selected,0,0.0,0,0.0,8192,0,0,0,0,40,0,0,0.0,0.0,0,0,0.0,227.2977159774893,0,0.0,0.0,8.000000000001,0.0,0,measured_norm_ratio_not_a_convergence_threshold,1.0914857015013695,85,100,0,0,0,0,0,0,0,0,0,0,1,0.0,0.0,fixed_mode_fixed_privacy,0.0,0.0,incomplete_cross_domain_protection,local_packet_or_secure_aggregate,cross_domain_model_update,[],observed_operations_not_a_security_proof,False,no_new_cloud_update,0.0,90,0.0,1.10409190133214,100,100,0,scheduled,"{""dp_he"": 0, ""dp_only"": 0, ""he_only"": 0, ""neither"": 100}","{""dp_he"": 0, ""dp_only"": 0, ""he_only"": 0, ""neither"": 100}",0.7970818988978863,0.0,100,0.0,4.0,0.3305,1.9464267444610597,0.324,1.9510772457122803,finite,0.012606199830770493,0.01481260173022747,0,0.0,0.0,1.0,0,0.0,0.0,0.0,0.0,0.0,0.0,0.0,0,0.0,0.0,0.0,0.0,0,0,0,0.0,0.0,0,0,0.0
0.9939091987907887,310.26557516185875,0.0,0.0,0.0,0,0,,,0.0,0.0,0.0,0.0,0,0.0,0,not_selected,0,0.0,not_selected,0.01812109909951687,0,0.3305,0.0,0.0,0.0,0.0,0.0,0.0,0,202.2472750004381,0.0,0,0.0,0.0,0.0,0.0,recorded_dp_events_only,released_packet,private_experiment_logs_not_public_dp_outputs,5130,trainable_parameters_v1,tex_packet,0.0,not_established,0.24379689991474152,0.011377699673175812,legacy_per_link_selection,0,0.0,0.0,0.0,0,seal,0,seal_save_size_upper_bound,0,50;40,0.0,0,0,0.0,not_selected,0,0.0,0,0.0,8192,0,0,0,0,40,0,0,0.0,0.0,0,0,0.0,227.2977159774893,0,0.0,0.0,8.000000000001,0.0,0,measured_norm_ratio_not_a_convergence_threshold,0.9963051006197929,85,100,0,0,0,0,0,0,0,0,0,0,1,0.0,0.0,fixed_mode_fixed_privacy,0.0,0.0,incomplete_cross_domain_protection,local_packet_or_secure_aggregate,cross_domain_model_update,[],observed_operations_not_a_security_proof,False,no_new_cloud_update,0.0,91,0.0,1.007592100650072,100,100,0,scheduled,"{""dp_he"": 0, ""dp_only"": 0, ""he_only"": 0, ""neither"": 100}","{""dp_he"": 0, ""dp_only"": 0, ""he_only"": 0, ""neither"": 100}",0.7093265000730753,0.0,100,0.0,4.0,0.3305,1.9464267444610597,0.343,1.9386280069351196,finite,0.01128700003027916,0.013682901859283447,0,0.0,0.0,1.0,0,0.0,0.0,0.0,0.0,0.0,0.0,0.0,0,0.0,0.0,0.0,0.0,0,0,0,0.0,0.0,0,0,0.0
1.0044381991028786,310.98881386285956,0.0,0.0,0.0,0,0,,,0.0,0.0,0.0,0.0,0,0.0,0,not_selected,0,0.0,not_selected,0.01644830033183098,0,0.3305,0.0,0.0,0.0,0.0,0.0,0.0,0,203.62459320016205,0.0,0,0.0,0.0,0.0,0.0,recorded_dp_events_only,released_packet,private_experiment_logs_not_public_dp_outputs,5130,trainable_parameters_v1,tex_packet,0.0,not_established,0.24188089929521084,0.011057298630475998,legacy_per_link_selection,0,0.0,0.0,0.0,0,seal,0,seal_save_size_upper_bound,0,50;40,0.0,0,0,0.0,not_selected,0,0.0,0,0.0,8192,0,0,0,0,40,0,0,0.0,0.0,0,0,0.0,227.2977159774893,0,0.0,0.0,8.000000000001,0.0,0,measured_norm_ratio_not_a_convergence_threshold,1.0063042994588614,85,100,0,0,0,0,0,0,0,0,0,0,1,0.0,0.0,fixed_mode_fixed_privacy,0.0,0.0,incomplete_cross_domain_protection,local_packet_or_secure_aggregate,cross_domain_model_update,[],observed_operations_not_a_security_proof,False,no_new_cloud_update,0.0,92,0.0,1.0181172993034124,100,100,0,scheduled,"{""dp_he"": 0, ""dp_only"": 0, ""he_only"": 0, ""neither"": 100}","{""dp_he"": 0, ""dp_only"": 0, ""he_only"": 0, ""neither"": 100}",0.7232387010008097,0.0,100,0.0,4.0,0.3305,1.9464267444610597,0.331,1.9541045246124267,finite,0.011812999844551086,0.013679100200533867,0,0.0,0.0,1.0,0,0.0,0.0,0.0,0.0,0.0,0.0,0.0,0,0.0,0.0,0.0,0.0,0,0,0,0.0,0.0,0,0,0.0
1.0678092986345291,311.7525277628594,0.0,0.0,0.0,0,0,,,0.0,0.0,0.0,0.0,0,0.0,0,not_selected,0,0.0,not_selected,0.01870490051805973,0,0.3305,0.0,0.0,0.0,0.0,0.0,0.0,0,205.05684989877045,0.0,0,0.0,0.0,0.0,0.0,recorded_dp_events_only,released_packet,private_experiment_logs_not_public_dp_outputs,5130,trainable_parameters_v1,tex_packet,0.0,not_established,0.256224999204278,0.013616500422358513,legacy_per_link_selection,0,0.0,0.0,0.0,0,seal,0,seal_save_size_upper_bound,0,50;40,0.0,0,0,0.0,not_selected,0,0.0,0,0.0,8192,0,0,0,0,40,0,0,0.0,0.0,0,0,0.0,227.2977159774893,0,0.0,0.0,8.000000000001,0.0,0,measured_norm_ratio_not_a_convergence_threshold,1.066608302295208,85,100,0,0,0,0,0,0,0,0,0,0,1,0.0,0.0,fixed_mode_fixed_privacy,0.0,0.0,incomplete_cross_domain_protection,local_packet_or_secure_aggregate,cross_domain_model_update,[],observed_operations_not_a_security_proof,False,no_new_cloud_update,0.0,93,0.0,1.082157300785184,100,100,0,scheduled,"{""dp_he"": 0, ""dp_only"": 0, ""he_only"": 0, ""neither"": 100}","{""dp_he"": 0, ""dp_only"": 0, ""he_only"": 0, ""neither"": 100}",0.763713899999857,0.0,100,0.0,4.0,0.3305,1.9464267444610597,0.329,1.9559523639678955,finite,0.01554899848997593,0.014348002150654793,0,0.0,0.0,1.0,0,0.0,0.0,0.0,0.0,0.0,0.0,0.0,0,0.0,0.0,0.0,0.0,0,0,0,0.0,0.0,0,0,0.0
1.0715718995779753,312.53816586425836,0.0,0.0,0.0,0,0,,,0.0,0.0,0.0,0.0,0,0.0,0,not_selected,0,0.0,not_selected,0.01763569936156273,0,0.3305,0.0,0.0,0.0,0.0,0.0,0.0,0,206.55250619910657,0.0,0,0.0,0.0,0.0,0.0,recorded_dp_events_only,released_packet,private_experiment_logs_not_public_dp_outputs,5130,trainable_parameters_v1,tex_packet,0.0,not_established,0.24618729948997498,0.011121399700641632,legacy_per_link_selection,0,0.0,0.0,0.0,0,seal,0,seal_save_size_upper_bound,0,50;40,0.0,0,0,0.0,not_selected,0,0.0,0,0.0,8192,0,0,0,0,40,0,0,0.0,0.0,0,0,0.0,227.2977159774893,0,0.0,0.0,8.000000000001,0.0,0,measured_norm_ratio_not_a_convergence_threshold,1.0754898004233837,85,100,0,0,0,0,0,0,0,0,0,0,1,0.0,0.0,fixed_mode_fixed_privacy,0.0,0.0,incomplete_cross_domain_protection,local_packet_or_secure_aggregate,cross_domain_model_update,[],observed_operations_not_a_security_proof,False,no_new_cloud_update,0.0,94,0.0,1.0864792000502348,100,100,0,scheduled,"{""dp_he"": 0, ""dp_only"": 0, ""he_only"": 0, ""neither"": 100}","{""dp_he"": 0, ""dp_only"": 0, ""he_only"": 0, ""neither"": 100}",0.7856381013989449,0.0,100,0.0,4.0,0.3305,1.9464267444610597,0.326,1.9626837701797486,finite,0.010989399626851082,0.014907300472259521,0,0.0,0.0,1.0,0,0.0,0.0,0.0,0.0,0.0,0.0,0.0,0,0.0,0.0,0.0,0.0,0,0,0,0.0,0.0,0,0,0.0
1.01131890155375,313.2652573629313,0.0,0.0,0.0,0,0,,,0.0,0.0,0.0,0.0,0,0.0,0,not_selected,0,0.0,not_selected,0.017161400988698006,0,0.3305,0.0,0.0,0.0,0.0,0.0,0.0,0,207.9393866993487,0.0,0,0.0,0.0,0.0,0.0,recorded_dp_events_only,released_packet,private_experiment_logs_not_public_dp_outputs,5130,trainable_parameters_v1,tex_packet,0.0,not_established,0.2436143010854721,0.012320399284362793,legacy_per_link_selection,0,0.0,0.0,0.0,0,seal,0,seal_save_size_upper_bound,0,50;40,0.0,0,0,0.0,not_selected,0,0.0,0,0.0,8192,0,0,0,0,40,0,0,0.0,0.0,0,0,0.0,227.2977159774893,0,0.0,0.0,8.000000000001,0.0,0,measured_norm_ratio_not_a_convergence_threshold,1.013834098353982,85,100,0,0,0,0,0,0,0,0,0,0,1,0.0,0.0,fixed_mode_fixed_privacy,0.0,0.0,incomplete_cross_domain_protection,local_packet_or_secure_aggregate,cross_domain_model_update,[],observed_operations_not_a_security_proof,False,no_new_cloud_update,0.0,95,0.0,1.024965399876237,100,100,0,scheduled,"{""dp_he"": 0, ""dp_only"": 0, ""he_only"": 0, ""neither"": 100}","{""dp_he"": 0, ""dp_only"": 0, ""he_only"": 0, ""neither"": 100}",0.7270914986729622,0.0,100,0.0,4.0,0.3305,1.9464267444610597,0.3425,1.9463349628448485,finite,0.011131301522254944,0.013646498322486877,0,0.0,0.0,1.0,0,0.0,0.0,0.0,0.0,0.0,0.0,0.0,0,0.0,0.0,0.0,0.0,0,0,0,0.0,0.0,0,0,0.0
1.0877675991505384,314.0443669620001,0.0,0.0,0.0,0,0,,,0.0,0.0,0.0,0.0,0,0.0,0,not_selected,0,0.0,not_selected,0.017636999487876892,0,0.3305,0.0,0.0,0.0,0.0,0.0,0.0,0,209.42004419863224,0.0,0,0.0,0.0,0.0,0.0,recorded_dp_events_only,released_packet,private_experiment_logs_not_public_dp_outputs,5130,trainable_parameters_v1,tex_packet,0.0,not_established,0.26571179926395416,0.012868501245975494,legacy_per_link_selection,0,0.0,0.0,0.0,0,seal,0,seal_save_size_upper_bound,0,50;40,0.0,0,0,0.0,not_selected,0,0.0,0,0.0,8192,0,0,0,0,40,0,0,0.0,0.0,0,0,0.0,227.2977159774893,0,0.0,0.0,8.000000000001,0.0,0,measured_norm_ratio_not_a_convergence_threshold,1.0921162012964487,85,100,0,0,0,0,0,0,0,0,0,0,1,0.0,0.0,fixed_mode_fixed_privacy,0.0,0.0,incomplete_cross_domain_protection,local_packet_or_secure_aggregate,cross_domain_model_update,[],observed_operations_not_a_security_proof,False,no_new_cloud_update,0.0,96,0.0,1.1045569013804197,100,100,0,scheduled,"{""dp_he"": 0, ""dp_only"": 0, ""he_only"": 0, ""neither"": 100}","{""dp_he"": 0, ""dp_only"": 0, ""he_only"": 0, ""neither"": 100}",0.7791095990687609,0.0,100,0.0,4.0,0.3305,1.9464267444610597,0.337,1.9503886528015137,finite,0.012440700083971024,0.016789302229881287,0,0.0,0.0,1.0,0,0.0,0.0,0.0,0.0,0.0,0.0,0.0,0,0.0,0.0,0.0,0.0,0,0,0,0.0,0.0,0,0,0.0
1.1270114984363317,314.8686192619645,0.0,0.0,0.0,0,0,,,0.0,0.0,0.0,0.0,0,0.0,0,not_selected,0,0.0,not_selected,0.02090669982135296,0,0.3305,0.0,0.0,0.0,0.0,0.0,0.0,0,210.97445879876614,0.0,0,0.0,0.0,0.0,0.0,recorded_dp_events_only,released_packet,private_experiment_logs_not_public_dp_outputs,5130,trainable_parameters_v1,tex_packet,0.0,not_established,0.25729640014469624,0.012645399197936058,legacy_per_link_selection,0,0.0,0.0,0.0,0,seal,0,seal_save_size_upper_bound,0,50;40,0.0,0,0,0.0,not_selected,0,0.0,0,0.0,8192,0,0,0,0,40,0,0,0.0,0.0,0,0,0.0,227.2977159774893,0,0.0,0.0,8.000000000001,0.0,0,measured_norm_ratio_not_a_convergence_threshold,1.1314410008490086,85,100,0,0,0,0,0,0,0,0,0,0,1,0.0,0.0,fixed_mode_fixed_privacy,0.0,0.0,incomplete_cross_domain_protection,local_packet_or_secure_aggregate,cross_domain_model_update,[],observed_operations_not_a_security_proof,False,no_new_cloud_update,0.0,97,0.0,1.143351700156927,100,100,0,scheduled,"{""dp_he"": 0, ""dp_only"": 0, ""he_only"": 0, ""neither"": 100}","{""dp_he"": 0, ""dp_only"": 0, ""he_only"": 0, ""neither"": 100}",0.824252299964428,0.0,100,0.0,4.0,0.3305,1.9464267444610597,0.3395,1.9596942691802979,finite,0.011910699307918549,0.01634020172059536,0,0.0,0.0,1.0,0,0.0,0.0,0.0,0.0,0.0,0.0,0.0,0,0.0,0.0,0.0,0.0,0,0,0,0.0,0.0,0,0,0.0
1.0103304013609886,315.5924568611228,0.0,0.0,0.0,0,0,,,0.0,0.0,0.0,0.0,0,0.0,0,not_selected,0,0.0,not_selected,0.017428800463676453,0,0.3305,0.0,0.0,0.0,0.0,0.0,0.0,0,212.37956539914012,0.0,0,0.0,0.0,0.0,0.0,recorded_dp_events_only,released_packet,private_experiment_logs_not_public_dp_outputs,5130,trainable_parameters_v1,tex_packet,0.0,not_established,0.24539940059185028,0.012230699881911278,legacy_per_link_selection,0,0.0,0.0,0.0,0,seal,0,seal_save_size_upper_bound,0,50;40,0.0,0,0,0.0,not_selected,0,0.0,0,0.0,8192,0,0,0,0,40,0,0,0.0,0.0,0,0,0.0,227.2977159774893,0,0.0,0.0,8.000000000001,0.0,0,measured_norm_ratio_not_a_convergence_threshold,1.0132548976689577,85,100,0,0,0,0,0,0,0,0,0,0,1,0.0,0.0,fixed_mode_fixed_privacy,0.0,0.0,incomplete_cross_domain_protection,local_packet_or_secure_aggregate,cross_domain_model_update,[],observed_operations_not_a_security_proof,False,no_new_cloud_update,0.0,98,0.0,1.0246887989342213,100,100,0,scheduled,"{""dp_he"": 0, ""dp_only"": 0, ""he_only"": 0, ""neither"": 100}","{""dp_he"": 0, ""dp_only"": 0, ""he_only"": 0, ""neither"": 100}",0.723837599158287,0.0,100,0.0,4.0,0.3305,1.9464267444610597,0.334,1.9542192859649659,finite,0.011433901265263557,0.01435839757323265,0,0.0,0.0,1.0,0,0.0,0.0,0.0,0.0,0.0,0.0,0.0,0,0.0,0.0,0.0,0.0,0,0,0,0.0,0.0,0,0,0.0
0.9991328995674849,316.3057265604877,0.0,0.0,0.0,0,0,,,0.0,0.0,0.0,0.0,0,0.0,0,not_selected,0,0.0,not_selected,0.016863800585269928,0,0.3305,0.0,0.0,0.0,0.0,0.0,0.0,0,213.76118860021234,0.0,0,0.0,0.0,0.0,0.0,recorded_dp_events_only,released_packet,private_experiment_logs_not_public_dp_outputs,5130,trainable_parameters_v1,tex_packet,0.0,not_established,0.24693349935114384,0.011262601241469383,legacy_per_link_selection,0,0.0,0.0,0.0,0,seal,0,seal_save_size_upper_bound,0,50;40,0.0,0,0,0.0,not_selected,0,0.0,0,0.0,8192,0,0,0,0,40,0,0,0.0,0.0,0,0,0.0,227.2977159774893,0,0.0,0.0,8.000000000001,0.0,0,measured_norm_ratio_not_a_convergence_threshold,1.0051643010228872,85,100,0,0,0,0,0,0,0,0,0,0,1,0.0,0.0,fixed_mode_fixed_privacy,0.0,0.0,incomplete_cross_domain_protection,local_packet_or_secure_aggregate,cross_domain_model_update,[],observed_operations_not_a_security_proof,False,no_new_cloud_update,0.0,99,0.0,1.0159676000475883,100,100,0,scheduled,"{""dp_he"": 0, ""dp_only"": 0, ""he_only"": 0, ""neither"": 100}","{""dp_he"": 0, ""dp_only"": 0, ""he_only"": 0, ""neither"": 100}",0.7132696993649006,0.0,100,0.0,4.0,0.3305,1.9464267444610597,0.347,1.9531659107208252,finite,0.010803299024701118,0.016834700480103493,0,0.0,0.0,1.0,0,0.0,0.0,0.0,0.0,0.0,0.0,0.0,0,0.0,0.0,0.0,0.0,0,0,0,0.0,0.0,0,0,0.0
