accounted_phase_wall_time_sec,accounted_system_time_sec,accuracy_change_from_previous,actual_cloud_fusion_ratio,actual_cloud_share_of_admitted,actual_local_batches,actual_optimizer_steps,admitted_client_ids_actual,admitted_client_ids_objective,admitted_update_norm_max,admitted_update_norm_mean,aggregate_dp_max_client_weight,aggregate_dp_noise_norm,aggregate_dp_noise_share_count,aggregate_dp_noise_std,aggregate_dp_protected_packets,aggregate_dp_protocol,aggregate_dp_release,aggregate_dp_sensitivity,aggregate_dp_transport,aggregation_wall_time_sec,all_cross_domain_updates_protected,best_accuracy,cloud_aggregation_time,cloud_edge_sample_ratio_max,cloud_edge_sample_ratio_min,cloud_fusion_ratio,cloud_input_update_norm_max,cloud_input_update_norm_mean,communication_volume,cumulative_wall_time_sec,direction_aggregate_to_mean_client_norm_ratio,direction_client_count,direction_mean_client_cosine,direction_mean_client_norm,direction_negative_cosine_fraction,direction_raw_aggregate_norm,dp_accountant_scope,dp_clipping_unit,dp_diagnostic_scope,dp_parameter_count,dp_parameter_scope,dp_release_calibration,edge_aggregation_time,end_to_end_dp_status,evaluation_wall_time_sec,flow_wall_time_sec,global_release_contract,global_release_count,global_release_epsilon,global_update_norm,he_addition_time_sec,he_aggregation_calls,he_backend,he_ciphertext_bytes,he_ciphertext_bytes_semantics,he_ciphertext_count,he_coeff_mod_bit_sizes,he_decryption_time_sec,he_encrypted_parameter_values,he_encrypted_updates,he_encryption_time_sec,he_execution_status,he_failures,he_key_setup_time_sec,he_mapped_update_bytes,he_max_abs_error,he_poly_modulus_degree,he_process_chunks_per_task,he_process_fallbacks,he_process_tasks,he_process_workers,he_scale_bits,he_selected_but_profiled_clients,he_shared_memory_bytes,he_wall_time_sec,he_worker_cpu_time_sec,infeasible_clients,local_packet_dp_release_count,local_packet_dp_released_noise_norm,logical_time,mainline_fusion,max_feature_epsilon,max_risk,max_update_epsilon,min_remaining_epsilon,multi_edge_loop_client_cycles,noise_ratio_semantics,non_training_wall_time_sec,num_budget_exhausted_clients,num_clients,num_edge_only_update_clients,num_effective_clients,num_effective_edges,num_feature_dp_clients,num_global_update_clients,num_he_clients,num_update_dp_clients,num_update_dp_he_clients,num_update_dp_only_clients,num_update_he_only_clients,numerically_valid,omega_feature_clip_excess_sq_max,omega_feature_clip_excess_sq_mean,policy,post_to_pre_update_norm_ratio,pre_dp_global_update_norm,privacy_guarantee,privacy_mechanism_scope,protected_object,protection_release_audit,protection_rule_scope,real_he_used,released_model_dp_coverage,return_time,round,round_duration,round_wall_time_sec,selection_pool_candidates_after_stability,selection_pool_candidates_before_stability,selection_stability_removed_candidates,selection_trigger,selection_update_mechanisms_after_stability,selection_update_mechanisms_before_stability,selection_wall_time_sec,selector_cloud_fusion_ratio,skipped_clients,system_latency_objective,system_omega_objective,test_accuracy,test_loss,train_accuracy,train_loss,training_health,training_wall_time_sec,unattributed_wall_time_sec,uniform_update_dp,update_dp_clip_fraction,update_dp_clip_scale_mean,update_dp_clip_scale_min,update_dp_clipped_clients,update_dp_coverage,update_dp_max_client_fraction,update_dp_noise_norm,update_dp_noise_norm_max,update_dp_noise_norm_mean,update_dp_noise_std,update_dp_noise_to_signal_ratio,update_dp_preclip_norm_count,update_dp_preclip_norm_max,update_dp_preclip_norm_mean,update_dp_preclip_norm_p50,update_dp_preclip_norm_p90,update_dp_protected_clients,update_dp_release,update_dp_release_count,update_dp_sensitivity,update_he_coverage,update_packets_with_real_he_pending_isolation,update_packets_without_dp_calibration,waiting_time
77.60381679981947,241.37659022497783,0.0,0.8648479147068047,1.0,298,298,0;1;2;3;4;6;7;9;10;11;13;14;15;16;17;18;19;21;22;23;24;25;26;27;28;29;30;31;33;34;35;36;37;38;39;40;41;42;43;44;45;47;48;49;50;51;52;53;55;56;57;58;59;61;62;63;64;66;67;68;70;71;73;74;75;76;78;79;80;81;82;83;84;86;88;89;90;92;93;94;95;96;97;99,0;1;2;3;4;6;7;9;10;11;12;13;14;15;16;17;18;19;21;22;23;24;25;26;27;28;29;30;31;33;34;35;36;37;38;39;40;41;42;43;44;45;47;48;49;50;51;52;53;55;56;57;58;59;61;62;63;64;66;67;68;70;71;73;74;75;76;78;79;80;81;82;83;84;86;87;88;89;90;92;93;94;95;96;97;99,0.0,0.0,0.0,0.0,0,0.0,0,not_selected,0,0.0,not_selected,56.065760999917984,1,0.3375,53.98024100799998,1.0,0.6538860103626943,0.8650569666562141,0.4366905814205385,0.3926149968117281,60262.78866047987,78.10222480073571,0.0,0,0.0,0.0,0.0,0.0,recorded_dp_events_only,released_packet,private_experiment_logs_not_public_dp_outputs,5130,trainable_parameters_v1,tex_packet,113.31095135999999,not_established,0.4544824995100498,0.003637300804257393,legacy_per_link_selection,0,0.0,0.2898798807028915,1.7544137015938759,1,seal,3581350500,seal_save_size_upper_bound,27300,50;40,1.0686601027846336,111816420,10,83.23920338228345,real,0,0.04635369963943958,447265680,4.5217761538050755e-08,8192,32,0,86,4,40,0,0,31.00693679973483,86.06227718666196,0,0,0.0,227.46050932544122,0,0.0,0.58,8.000000000001,0.0,252,measured_norm_ratio_not_a_convergence_threshold,70.45564929954708,84,100,0,84,10,0,84,84,84,84,0,0,1,0.0,0.0,fixed_mode_fixed_privacy,1.0,0.2898798807028915,uniform_secure_aggregate_dp,local_packet_or_secure_aggregate,cross_domain_model_update,"[{""aggregate_only_decryption_enforced"": false, ""client_ids"": ""0;10;30;40;50;70;80;90"", ""destination"": ""cloud"", ""dp_budget_ok"": true, ""dp_event_observed"": false, ""formal_dp_status"": ""not_established"", ""he_crypto_observed"": true, ""he_execution"": ""real"", ""key_isolation_enforced"": false, ""mechanism"": ""dp_he3"", ""mode"": ""LIIEIIIC"", ""noise_location"": ""none"", ""object"": ""model_update"", ""packet_index"": 0, ""packet_protection_status"": ""real_he_pending_role_isolation"", ""released_model_dp_status"": ""no_valid_dp_calibration_for_contribution"", ""round"": 0, ""source"": ""edge"", ""source_domain"": 0}, {""aggregate_only_decryption_enforced"": false, ""client_ids"": ""1;11;21;31;41;51;61;71;81"", ""destination"": ""cloud"", ""dp_budget_ok"": true, ""dp_event_observed"": false, ""formal_dp_status"": ""not_established"", ""he_crypto_observed"": true, ""he_execution"": ""real"", ""key_isolation_enforced"": false, ""mechanism"": ""dp_he3"", ""mode"": ""LIIEIIIC"", ""noise_location"": ""none"", ""object"": ""model_update"", ""packet_index"": 1, ""packet_protection_status"": ""real_he_pending_role_isolation"", ""released_model_dp_status"": ""no_valid_dp_calibration_for_contribution"", ""round"": 0, ""source"": ""edge"", ""source_domain"": 1}, {""aggregate_only_decryption_enforced"": false, ""client_ids"": ""2;22;42;52;62;82;92"", ""destination"": ""cloud"", ""dp_budget_ok"": true, ""dp_event_observed"": false, ""formal_dp_status"": ""not_established"", ""he_crypto_observed"": true, ""he_execution"": ""real"", ""key_isolation_enforced"": false, ""mechanism"": ""dp_he3"", ""mode"": ""LIIEIIIC"", ""noise_location"": ""none"", ""object"": ""model_update"", ""packet_index"": 2, ""packet_protection_status"": ""real_he_pending_role_isolation"", ""released_model_dp_status"": ""no_valid_dp_calibration_for_contribution"", ""round"": 0, ""source"": ""edge"", ""source_domain"": 2}, {""aggregate_only_decryption_enforced"": false, ""client_ids"": ""3;13;23;33;43;53;63;73;83;93"", ""destination"": ""cloud"", ""dp_budget_ok"": true, ""dp_event_observed"": false, ""formal_dp_status"": ""not_established"", ""he_crypto_observed"": true, ""he_execution"": ""real"", ""key_isolation_enforced"": false, ""mechanism"": ""dp_he3"", ""mode"": ""LIIEIIIC"", ""noise_location"": ""none"", ""object"": ""model_update"", ""packet_index"": 3, ""packet_protection_status"": ""real_he_pending_role_isolation"", ""released_model_dp_status"": ""no_valid_dp_calibration_for_contribution"", ""round"": 0, ""source"": ""edge"", ""source_domain"": 3}, {""aggregate_only_decryption_enforced"": false, ""client_ids"": ""4;14;24;34;44;64;74;84;94"", ""destination"": ""cloud"", ""dp_budget_ok"": true, ""dp_event_observed"": false, ""formal_dp_status"": ""not_established"", ""he_crypto_observed"": true, ""he_execution"": ""real"", ""key_isolation_enforced"": false, ""mechanism"": ""dp_he3"", ""mode"": ""LIIEIIIC"", ""noise_location"": ""none"", ""object"": ""model_update"", ""packet_index"": 4, ""packet_protection_status"": ""real_he_pending_role_isolation"", ""released_model_dp_status"": ""no_valid_dp_calibration_for_contribution"", ""round"": 0, ""source"": ""edge"", ""source_domain"": 4}, {""aggregate_only_decryption_enforced"": false, ""client_ids"": ""6;16;26;36;56;66;76;86;96"", ""destination"": ""cloud"", ""dp_budget_ok"": true, ""dp_event_observed"": false, ""formal_dp_status"": ""not_established"", ""he_crypto_observed"": true, ""he_execution"": ""real"", ""key_isolation_enforced"": false, ""mechanism"": ""dp_he3"", ""mode"": ""LIIEIIIC"", ""noise_location"": ""none"", ""object"": ""model_update"", ""packet_index"": 5, ""packet_protection_status"": ""real_he_pending_role_isolation"", ""released_model_dp_status"": ""no_valid_dp_calibration_for_contribution"", ""round"": 0, ""source"": ""edge"", ""source_domain"": 6}, {""aggregate_only_decryption_enforced"": false, ""client_ids"": ""7;17;27;37;47;57;67;97"", ""destination"": ""cloud"", ""dp_budget_ok"": true, ""dp_event_observed"": false, ""formal_dp_status"": ""not_established"", ""he_crypto_observed"": true, ""he_execution"": ""real"", ""key_isolation_enforced"": false, ""mechanism"": ""dp_he3"", ""mode"": ""LIIEIIIC"", ""noise_location"": ""none"", ""object"": ""model_update"", ""packet_index"": 6, ""packet_protection_status"": ""real_he_pending_role_isolation"", ""released_model_dp_status"": ""no_valid_dp_calibration_for_contribution"", ""round"": 0, ""source"": ""edge"", ""source_domain"": 7}, {""aggregate_only_decryption_enforced"": false, ""client_ids"": ""9;19;29;39;49;59;79;89;99"", ""destination"": ""cloud"", ""dp_budget_ok"": true, ""dp_event_observed"": false, ""formal_dp_status"": ""not_established"", ""he_crypto_observed"": true, ""he_execution"": ""real"", ""key_isolation_enforced"": false, ""mechanism"": ""dp_he3"", ""mode"": ""LIIEIIIC"", ""noise_location"": ""none"", ""object"": ""model_update"", ""packet_index"": 7, ""packet_protection_status"": ""real_he_pending_role_isolation"", ""released_model_dp_status"": ""no_valid_dp_calibration_for_contribution"", ""round"": 0, ""source"": ""edge"", ""source_domain"": 9}, {""aggregate_only_decryption_enforced"": false, ""client_ids"": ""15;25;35;45;55;75;95"", ""destination"": ""cloud"", ""dp_budget_ok"": true, ""dp_event_observed"": false, ""formal_dp_status"": ""not_established"", ""he_crypto_observed"": true, ""he_execution"": ""real"", ""key_isolation_enforced"": false, ""mechanism"": ""dp_he3"", ""mode"": ""LIIEIIIC"", ""noise_location"": ""none"", ""object"": ""model_update"", ""packet_index"": 8, ""packet_protection_status"": ""real_he_pending_role_isolation"", ""released_model_dp_status"": ""no_valid_dp_calibration_for_contribution"", ""round"": 0, ""source"": ""edge"", ""source_domain"": 5}, {""aggregate_only_decryption_enforced"": false, ""client_ids"": ""18;28;38;48;58;68;78;88"", ""destination"": ""cloud"", ""dp_budget_ok"": true, ""dp_event_observed"": false, ""formal_dp_status"": ""not_established"", ""he_crypto_observed"": true, ""he_execution"": ""real"", ""key_isolation_enforced"": false, ""mechanism"": ""dp_he3"", ""mode"": ""LIIEIIIC"", ""noise_location"": ""none"", ""object"": ""model_update"", ""packet_index"": 9, ""packet_protection_status"": ""real_he_pending_role_isolation"", ""released_model_dp_status"": ""no_valid_dp_calibration_for_contribution"", ""round"": 0, ""source"": ""edge"", ""source_domain"": 8}]",observed_operations_not_a_security_proof,True,some_contributions_without_dp_calibration,17.730042724264212,0,227.46050932544122,77.61950439959764,358,358,0,scheduled,"{""dp_he"": 344, ""dp_only"": 0, ""he_only"": 0, ""neither"": 14}","{""dp_he"": 344, ""dp_only"": 0, ""he_only"": 0, ""neither"": 14}",13.91608089953661,0.8650569666562141,14,227.46050932544122,1367.2089121190359,0.3375,2.0057973108291627,0.3145,2.036941898345947,finite,7.163855100050569,0.015687599778175354,1,0.0,0.0,1.0,0,1.0,0.0,0.0,0.0,0.0,0.0,0.0,0,0.0,0.0,0.0,0.0,84,0,0,0.0,1.0,10,10,807.7686515343755
0.9023211989551783,242.03023072431634,0.0,0.0,0.0,0,0,,,0.0,0.0,0.0,0.0,0,0.0,0,not_selected,0,0.0,not_selected,0.010098699480295181,0,0.3375,0.0,0.0,0.0,0.0,0.0,0.0,0,79.21517310105264,0.0,0,0.0,0.0,0.0,0.0,recorded_dp_events_only,released_packet,private_experiment_logs_not_public_dp_outputs,5130,trainable_parameters_v1,tex_packet,0.0,not_established,0.231453200802207,0.0032534990459680557,legacy_per_link_selection,0,0.0,0.0,0.0,0,seal,0,seal_save_size_upper_bound,0,50;40,0.0,0,0,0.0,not_selected,0,0.0,0,0.0,8192,0,0,0,0,40,0,0,0.0,0.0,0,0,0.0,227.46050932544122,0,0.0,0.0,8.000000000001,0.0,0,measured_norm_ratio_not_a_convergence_threshold,0.9099677000194788,84,100,0,0,0,0,0,0,0,0,0,0,1,0.0,0.0,fixed_mode_fixed_privacy,0.0,0.0,incomplete_cross_domain_protection,local_packet_or_secure_aggregate,cross_domain_model_update,[],observed_operations_not_a_security_proof,False,no_new_cloud_update,0.0,1,0.0,0.9138430003076792,102,102,0,scheduled,"{""dp_he"": 4, ""dp_only"": 0, ""he_only"": 0, ""neither"": 98}","{""dp_he"": 4, ""dp_only"": 0, ""he_only"": 0, ""neither"": 98}",0.6536404993385077,0.0,100,0.0,4.0,0.3375,2.0057973108291627,0.3165,2.0354036502838135,finite,0.0038753002882003784,0.011521801352500916,0,0.0,0.0,1.0,0,0.0,0.0,0.0,0.0,0.0,0.0,0.0,0,0.0,0.0,0.0,0.0,0,0,0,0.0,0.0,0,0,0.0
0.9093895964324474,242.68931152398537,0.0,0.0,0.0,0,0,,,0.0,0.0,0.0,0.0,0,0.0,0,not_selected,0,0.0,not_selected,0.00856499932706356,0,0.3375,0.0,0.0,0.0,0.0,0.0,0.0,0,80.31149180047214,0.0,0,0.0,0.0,0.0,0.0,recorded_dp_events_only,released_packet,private_experiment_logs_not_public_dp_outputs,5130,trainable_parameters_v1,tex_packet,0.0,not_established,0.23514499887824059,0.0030400995165109634,legacy_per_link_selection,0,0.0,0.0,0.0,0,seal,0,seal_save_size_upper_bound,0,50;40,0.0,0,0,0.0,not_selected,0,0.0,0,0.0,8192,0,0,0,0,40,0,0,0.0,0.0,0,0,0.0,227.46050932544122,0,0.0,0.0,8.000000000001,0.0,0,measured_norm_ratio_not_a_convergence_threshold,0.9180674012750387,84,100,0,0,0,0,0,0,0,0,0,0,1,0.0,0.0,fixed_mode_fixed_privacy,0.0,0.0,incomplete_cross_domain_protection,local_packet_or_secure_aggregate,cross_domain_model_update,[],observed_operations_not_a_security_proof,False,no_new_cloud_update,0.0,2,0.0,0.9216261003166437,102,102,0,scheduled,"{""dp_he"": 4, ""dp_only"": 0, ""he_only"": 0, ""neither"": 98}","{""dp_he"": 4, ""dp_only"": 0, ""he_only"": 0, ""neither"": 98}",0.6590807996690273,0.0,100,0.0,4.0,0.3375,2.0057973108291627,0.3205,2.0135785694122315,finite,0.0035586990416049957,0.012236503884196281,0,0.0,0.0,1.0,0,0.0,0.0,0.0,0.0,0.0,0.0,0.0,0,0.0,0.0,0.0,0.0,0,0,0,0.0,0.0,0,0,0.0
0.9272383973002434,243.35896502348433,0.0,0.0,0.0,0,0,,,0.0,0.0,0.0,0.0,0,0.0,0,not_selected,0,0.0,not_selected,0.010046999901533127,0,0.3375,0.0,0.0,0.0,0.0,0.0,0.0,0,81.41527820006013,0.0,0,0.0,0.0,0.0,0.0,recorded_dp_events_only,released_packet,private_experiment_logs_not_public_dp_outputs,5130,trainable_parameters_v1,tex_packet,0.0,not_established,0.24052219837903976,0.0035151001065969467,legacy_per_link_selection,0,0.0,0.0,0.0,0,seal,0,seal_save_size_upper_bound,0,50;40,0.0,0,0,0.0,not_selected,0,0.0,0,0.0,8192,0,0,0,0,40,0,0,0.0,0.0,0,0,0.0,227.46050932544122,0,0.0,0.0,8.000000000001,0.0,0,measured_norm_ratio_not_a_convergence_threshold,0.9372277017682791,84,100,0,0,0,0,0,0,0,0,0,0,1,0.0,0.0,fixed_mode_fixed_privacy,0.0,0.0,incomplete_cross_domain_protection,local_packet_or_secure_aggregate,cross_domain_model_update,[],observed_operations_not_a_security_proof,False,no_new_cloud_update,0.0,3,0.0,0.9407283011823893,102,102,0,scheduled,"{""dp_he"": 4, ""dp_only"": 0, ""he_only"": 0, ""neither"": 98}","{""dp_he"": 4, ""dp_only"": 0, ""he_only"": 0, ""neither"": 98}",0.6696534994989634,0.0,100,0.0,4.0,0.3375,2.0057973108291627,0.313,2.028906913757324,finite,0.0035005994141101837,0.013489903882145882,0,0.0,0.0,1.0,0,0.0,0.0,0.0,0.0,0.0,0.0,0.0,0,0.0,0.0,0.0,0.0,0,0,0,0.0,0.0,0,0,0.0
1.0538771990686655,244.14567902411173,0.0,0.0,0.0,0,0,,,0.0,0.0,0.0,0.0,0,0.0,0,not_selected,0,0.0,not_selected,0.011998098343610764,0,0.3375,0.0,0.0,0.0,0.0,0.0,0.0,0,82.67195240035653,0.0,0,0.0,0.0,0.0,0.0,recorded_dp_events_only,released_packet,private_experiment_logs_not_public_dp_outputs,5130,trainable_parameters_v1,tex_packet,0.0,not_established,0.24337459914386272,0.006045300513505936,legacy_per_link_selection,0,0.0,0.0,0.0,0,seal,0,seal_save_size_upper_bound,0,50;40,0.0,0,0,0.0,not_selected,0,0.0,0,0.0,8192,0,0,0,0,40,0,0,0.0,0.0,0,0,0.0,227.46050932544122,0,0.0,0.0,8.000000000001,0.0,0,measured_norm_ratio_not_a_convergence_threshold,1.0623206980526447,84,100,0,0,0,0,0,0,0,0,0,0,1,0.0,0.0,fixed_mode_fixed_privacy,0.0,0.0,incomplete_cross_domain_protection,local_packet_or_secure_aggregate,cross_domain_model_update,[],observed_operations_not_a_security_proof,False,no_new_cloud_update,0.0,4,0.0,1.0680658984929323,102,102,0,scheduled,"{""dp_he"": 4, ""dp_only"": 0, ""he_only"": 0, ""neither"": 98}","{""dp_he"": 4, ""dp_only"": 0, ""he_only"": 0, ""neither"": 98}",0.7867140006273985,0.0,100,0.0,4.0,0.3375,2.0057973108291627,0.315,2.036116721153259,finite,0.00574520044028759,0.014188699424266815,0,0.0,0.0,1.0,0,0.0,0.0,0.0,0.0,0.0,0.0,0.0,0,0.0,0.0,0.0,0.0,0,0,0,0.0,0.0,0,0,0.0
0.9187954012304544,244.80745252507577,0.0,0.0,0.0,0,0,,,0.0,0.0,0.0,0.0,0,0.0,0,not_selected,0,0.0,not_selected,0.009991900995373726,0,0.3375,0.0,0.0,0.0,0.0,0.0,0.0,0,83.76875790022314,0.0,0,0.0,0.0,0.0,0.0,recorded_dp_events_only,released_packet,private_experiment_logs_not_public_dp_outputs,5130,trainable_parameters_v1,tex_packet,0.0,not_established,0.2369874995201826,0.00465410016477108,legacy_per_link_selection,0,0.0,0.0,0.0,0,seal,0,seal_save_size_upper_bound,0,50;40,0.0,0,0,0.0,not_selected,0,0.0,0,0.0,8192,0,0,0,0,40,0,0,0.0,0.0,0,0,0.0,227.46050932544122,0,0.0,0.0,8.000000000001,0.0,0,measured_norm_ratio_not_a_convergence_threshold,0.9253027997910976,84,100,0,0,0,0,0,0,0,0,0,0,1,0.0,0.0,fixed_mode_fixed_privacy,0.0,0.0,incomplete_cross_domain_protection,local_packet_or_secure_aggregate,cross_domain_model_update,[],observed_operations_not_a_security_proof,False,no_new_cloud_update,0.0,5,0.0,0.9306911993771791,102,102,0,scheduled,"{""dp_he"": 4, ""dp_only"": 0, ""he_only"": 0, ""neither"": 98}","{""dp_he"": 4, ""dp_only"": 0, ""he_only"": 0, ""neither"": 98}",0.6617735009640455,0.0,100,0.0,4.0,0.3375,2.0057973108291627,0.3155,2.0267369861602784,finite,0.005388399586081505,0.011895798146724701,0,0.0,0.0,1.0,0,0.0,0.0,0.0,0.0,0.0,0.0,0.0,0,0.0,0.0,0.0,0.0,0,0,0,0.0,0.0,0,0,0.0
0.9097924996167421,245.46394232573758,0.0,0.0,0.0,0,0,,,0.0,0.0,0.0,0.0,0,0.0,0,not_selected,0,0.0,not_selected,0.010319400578737259,0,0.3375,0.0,0.0,0.0,0.0,0.0,0.0,0,84.86351720057428,0.0,0,0.0,0.0,0.0,0.0,recorded_dp_events_only,released_packet,private_experiment_logs_not_public_dp_outputs,5130,trainable_parameters_v1,tex_packet,0.0,not_established,0.23306179977953434,0.004725400358438492,legacy_per_link_selection,0,0.0,0.0,0.0,0,seal,0,seal_save_size_upper_bound,0,50;40,0.0,0,0,0.0,not_selected,0,0.0,0,0.0,8192,0,0,0,0,40,0,0,0.0,0.0,0,0,0.0,227.46050932544122,0,0.0,0.0,8.000000000001,0.0,0,measured_norm_ratio_not_a_convergence_threshold,0.916430801153183,84,100,0,0,0,0,0,0,0,0,0,0,1,0.0,0.0,fixed_mode_fixed_privacy,0.0,0.0,incomplete_cross_domain_protection,local_packet_or_secure_aggregate,cross_domain_model_update,[],observed_operations_not_a_security_proof,False,no_new_cloud_update,0.0,6,0.0,0.9216268993914127,102,102,0,scheduled,"{""dp_he"": 4, ""dp_only"": 0, ""he_only"": 0, ""neither"": 98}","{""dp_he"": 4, ""dp_only"": 0, ""he_only"": 0, ""neither"": 98}",0.6564898006618023,0.0,100,0.0,4.0,0.3375,2.0057973108291627,0.329,2.0231054248809817,finite,0.005196098238229752,0.011834399774670601,0,0.0,0.0,1.0,0,0.0,0.0,0.0,0.0,0.0,0.0,0.0,0,0.0,0.0,0.0,0.0,0,0,0,0.0,0.0,0,0,0.0
0.9202911015599966,246.1142063262577,0.0,0.0,0.0,0,0,,,0.0,0.0,0.0,0.0,0,0.0,0,not_selected,0,0.0,not_selected,0.01091499999165535,0,0.3375,0.0,0.0,0.0,0.0,0.0,0.0,0,85.96499950066209,0.0,0,0.0,0.0,0.0,0.0,recorded_dp_events_only,released_packet,private_experiment_logs_not_public_dp_outputs,5130,trainable_parameters_v1,tex_packet,0.0,not_established,0.2466847002506256,0.006955301389098167,legacy_per_link_selection,0,0.0,0.0,0.0,0,seal,0,seal_save_size_upper_bound,0,50;40,0.0,0,0,0.0,not_selected,0,0.0,0,0.0,8192,0,0,0,0,40,0,0,0.0,0.0,0,0,0.0,227.46050932544122,0,0.0,0.0,8.000000000001,0.0,0,measured_norm_ratio_not_a_convergence_threshold,0.9273795019835234,84,100,0,0,0,0,0,0,0,0,0,0,1,0.0,0.0,fixed_mode_fixed_privacy,0.0,0.0,incomplete_cross_domain_protection,local_packet_or_secure_aggregate,cross_domain_model_update,[],observed_operations_not_a_security_proof,False,no_new_cloud_update,0.0,7,0.0,0.9328516013920307,102,102,0,scheduled,"{""dp_he"": 4, ""dp_only"": 0, ""he_only"": 0, ""neither"": 98}","{""dp_he"": 4, ""dp_only"": 0, ""he_only"": 0, ""neither"": 98}",0.6502640005201101,0.0,100,0.0,4.0,0.3375,2.0057973108291627,0.319,2.010884984970093,finite,0.005472099408507347,0.012560499832034111,0,0.0,0.0,1.0,0,0.0,0.0,0.0,0.0,0.0,0.0,0.0,0,0.0,0.0,0.0,0.0,0,0,0,0.0,0.0,0,0,0.0
1.0075790006667376,246.84585292550574,0.0,0.0,0.0,0,0,,,0.0,0.0,0.0,0.0,0,0.0,0,not_selected,0,0.0,not_selected,0.01586800068616867,0,0.3375,0.0,0.0,0.0,0.0,0.0,0.0,0,87.18525969982147,0.0,0,0.0,0.0,0.0,0.0,recorded_dp_events_only,released_packet,private_experiment_logs_not_public_dp_outputs,5130,trainable_parameters_v1,tex_packet,0.0,not_established,0.24208150058984756,0.008579900488257408,legacy_per_link_selection,0,0.0,0.0,0.0,0,seal,0,seal_save_size_upper_bound,0,50;40,0.0,0,0,0.0,not_selected,0,0.0,0,0.0,8192,0,0,0,0,40,0,0,0.0,0.0,0,0,0.0,227.46050932544122,0,0.0,0.0,8.000000000001,0.0,0,measured_norm_ratio_not_a_convergence_threshold,1.0171697996556759,84,100,0,0,0,0,0,0,0,0,0,0,1,0.0,0.0,fixed_mode_fixed_privacy,0.0,0.0,incomplete_cross_domain_protection,local_packet_or_secure_aggregate,cross_domain_model_update,[],observed_operations_not_a_security_proof,False,no_new_cloud_update,0.0,8,0.0,1.0265727993100882,102,102,0,scheduled,"{""dp_he"": 4, ""dp_only"": 0, ""he_only"": 0, ""neither"": 98}","{""dp_he"": 4, ""dp_only"": 0, ""he_only"": 0, ""neither"": 98}",0.7316465992480516,0.0,100,0.0,4.0,0.3375,2.0057973108291627,0.318,2.033298725128174,finite,0.00940299965441227,0.0189937986433506,0,0.0,0.0,1.0,0,0.0,0.0,0.0,0.0,0.0,0.0,0.0,0,0.0,0.0,0.0,0.0,0,0,0,0.0,0.0,0,0,0.0
0.913535701110959,247.50233642670165,0.0,0.0,0.0,0,0,,,0.0,0.0,0.0,0.0,0,0.0,0,not_selected,0,0.0,not_selected,0.011475600302219391,0,0.3375,0.0,0.0,0.0,0.0,0.0,0.0,0,88.31380780041218,0.0,0,0.0,0.0,0.0,0.0,recorded_dp_events_only,released_packet,private_experiment_logs_not_public_dp_outputs,5130,trainable_parameters_v1,tex_packet,0.0,not_established,0.2333321012556553,0.006261998787522316,legacy_per_link_selection,0,0.0,0.0,0.0,0,seal,0,seal_save_size_upper_bound,0,50;40,0.0,0,0,0.0,not_selected,0,0.0,0,0.0,8192,0,0,0,0,40,0,0,0.0,0.0,0,0,0.0,227.46050932544122,0,0.0,0.0,8.000000000001,0.0,0,measured_norm_ratio_not_a_convergence_threshold,0.919819101691246,84,100,0,0,0,0,0,0,0,0,0,0,1,0.0,0.0,fixed_mode_fixed_privacy,0.0,0.0,incomplete_cross_domain_protection,local_packet_or_secure_aggregate,cross_domain_model_update,[],observed_operations_not_a_security_proof,False,no_new_cloud_update,0.0,9,0.0,0.9258016012609005,102,102,0,scheduled,"{""dp_he"": 4, ""dp_only"": 0, ""he_only"": 0, ""neither"": 98}","{""dp_he"": 4, ""dp_only"": 0, ""he_only"": 0, ""neither"": 98}",0.6564835011959076,0.0,100,0.0,4.0,0.3375,2.0057973108291627,0.3265,2.017092691421509,finite,0.005982499569654465,0.012265900149941444,0,0.0,0.0,1.0,0,0.0,0.0,0.0,0.0,0.0,0.0,0.0,0,0.0,0.0,0.0,0.0,0,0,0,0.0,0.0,0,0,0.0
0.920608401298523,248.1617854266132,0.0,0.0,0.0,0,0,,,0.0,0.0,0.0,0.0,0,0.0,0,not_selected,0,0.0,not_selected,0.011903900653123856,0,0.3375,0.0,0.0,0.0,0.0,0.0,0.0,0,89.42500090040267,0.0,0,0.0,0.0,0.0,0.0,recorded_dp_events_only,released_packet,private_experiment_logs_not_public_dp_outputs,5130,trainable_parameters_v1,tex_packet,0.0,not_established,0.23537470027804375,0.0073910001665353775,legacy_per_link_selection,0,0.0,0.0,0.0,0,seal,0,seal_save_size_upper_bound,0,50;40,0.0,0,0,0.0,not_selected,0,0.0,0,0.0,8192,0,0,0,0,40,0,0,0.0,0.0,0,0,0.0,227.46050932544122,0,0.0,0.0,8.000000000001,0.0,0,measured_norm_ratio_not_a_convergence_threshold,0.9265131987631321,84,100,0,0,0,0,0,0,0,0,0,0,1,0.0,0.0,fixed_mode_fixed_privacy,0.0,0.0,incomplete_cross_domain_protection,local_packet_or_secure_aggregate,cross_domain_model_update,[],observed_operations_not_a_security_proof,False,no_new_cloud_update,0.0,10,0.0,0.9330029990524054,102,102,0,scheduled,"{""dp_he"": 4, ""dp_only"": 0, ""he_only"": 0, ""neither"": 98}","{""dp_he"": 4, ""dp_only"": 0, ""he_only"": 0, ""neither"": 98}",0.6594489999115467,0.0,100,0.0,4.0,0.3375,2.0057973108291627,0.331,2.028971996307373,finite,0.006489800289273262,0.012394597753882408,0,0.0,0.0,1.0,0,0.0,0.0,0.0,0.0,0.0,0.0,0.0,0,0.0,0.0,0.0,0.0,0,0,0,0.0,0.0,0,0,0.0
0.9211013000458479,248.81923882576476,0.0,0.0,0.0,0,0,,,0.0,0.0,0.0,0.0,0,0.0,0,not_selected,0,0.0,not_selected,0.013372400775551796,0,0.3375,0.0,0.0,0.0,0.0,0.0,0.0,0,90.56292940117419,0.0,0,0.0,0.0,0.0,0.0,recorded_dp_events_only,released_packet,private_experiment_logs_not_public_dp_outputs,5130,trainable_parameters_v1,tex_packet,0.0,not_established,0.2362254001200199,0.006501000374555588,legacy_per_link_selection,0,0.0,0.0,0.0,0,seal,0,seal_save_size_upper_bound,0,50;40,0.0,0,0,0.0,not_selected,0,0.0,0,0.0,8192,0,0,0,0,40,0,0,0.0,0.0,0,0,0.0,227.46050932544122,0,0.0,0.0,8.000000000001,0.0,0,measured_norm_ratio_not_a_convergence_threshold,0.9258446991443634,84,100,0,0,0,0,0,0,0,0,0,0,1,0.0,0.0,fixed_mode_fixed_privacy,0.0,0.0,incomplete_cross_domain_protection,local_packet_or_secure_aggregate,cross_domain_model_update,[],observed_operations_not_a_security_proof,False,no_new_cloud_update,0.0,11,0.0,0.9333937987685204,102,102,0,scheduled,"{""dp_he"": 4, ""dp_only"": 0, ""he_only"": 0, ""neither"": 98}","{""dp_he"": 4, ""dp_only"": 0, ""he_only"": 0, ""neither"": 98}",0.6574533991515636,0.0,100,0.0,4.0,0.3375,2.0057973108291627,0.3145,2.0254403438568116,finite,0.007549099624156952,0.012292498722672462,0,0.0,0.0,1.0,0,0.0,0.0,0.0,0.0,0.0,0.0,0.0,0,0.0,0.0,0.0,0.0,0,0,0,0.0,0.0,0,0,0.0
0.9908528998494148,249.52003682504247,0.0,0.0,0.0,0,0,,,0.0,0.0,0.0,0.0,0,0.0,0,not_selected,0,0.0,not_selected,0.018434200435876846,0,0.3375,0.0,0.0,0.0,0.0,0.0,0.0,0,91.77091460116208,0.0,0,0.0,0.0,0.0,0.0,recorded_dp_events_only,released_packet,private_experiment_logs_not_public_dp_outputs,5130,trainable_parameters_v1,tex_packet,0.0,not_established,0.25115180015563965,0.008805099874734879,legacy_per_link_selection,0,0.0,0.0,0.0,0,seal,0,seal_save_size_upper_bound,0,50;40,0.0,0,0,0.0,not_selected,0,0.0,0,0.0,8192,0,0,0,0,40,0,0,0.0,0.0,0,0,0.0,227.46050932544122,0,0.0,0.0,8.000000000001,0.0,0,measured_norm_ratio_not_a_convergence_threshold,0.9940438997000456,84,100,0,0,0,0,0,0,0,0,0,0,1,0.0,0.0,fixed_mode_fixed_privacy,0.0,0.0,incomplete_cross_domain_protection,local_packet_or_secure_aggregate,cross_domain_model_update,[],observed_operations_not_a_security_proof,False,no_new_cloud_update,0.0,12,0.0,1.0057076998054981,102,102,0,scheduled,"{""dp_he"": 4, ""dp_only"": 0, ""he_only"": 0, ""neither"": 98}","{""dp_he"": 4, ""dp_only"": 0, ""he_only"": 0, ""neither"": 98}",0.7007979992777109,0.0,100,0.0,4.0,0.3375,2.0057973108291627,0.336,2.0225910968780516,finite,0.011663800105452538,0.014854799956083298,0,0.0,0.0,1.0,0,0.0,0.0,0.0,0.0,0.0,0.0,0.0,0,0.0,0.0,0.0,0.0,0,0,0,0.0,0.0,0,0,0.0
0.9739870000630617,250.2112780260558,0.0,0.0,0.0,0,0,,,0.0,0.0,0.0,0.0,0,0.0,0,not_selected,0,0.0,not_selected,0.01885399967432022,0,0.3375,0.0,0.0,0.0,0.0,0.0,0.0,0,92.9730732999742,0.0,0,0.0,0.0,0.0,0.0,recorded_dp_events_only,released_packet,private_experiment_logs_not_public_dp_outputs,5130,trainable_parameters_v1,tex_packet,0.0,not_established,0.24531779997050762,0.009698599576950073,legacy_per_link_selection,0,0.0,0.0,0.0,0,seal,0,seal_save_size_upper_bound,0,50;40,0.0,0,0,0.0,not_selected,0,0.0,0,0.0,8192,0,0,0,0,40,0,0,0.0,0.0,0,0,0.0,227.46050932544122,0,0.0,0.0,8.000000000001,0.0,0,measured_norm_ratio_not_a_convergence_threshold,0.9772190004587173,84,100,0,0,0,0,0,0,0,0,0,0,1,0.0,0.0,fixed_mode_fixed_privacy,0.0,0.0,incomplete_cross_domain_protection,local_packet_or_secure_aggregate,cross_domain_model_update,[],observed_operations_not_a_security_proof,False,no_new_cloud_update,0.0,13,0.0,0.9860944002866745,102,102,0,scheduled,"{""dp_he"": 4, ""dp_only"": 0, ""he_only"": 0, ""neither"": 98}","{""dp_he"": 4, ""dp_only"": 0, ""he_only"": 0, ""neither"": 98}",0.6912412010133266,0.0,100,0.0,4.0,0.3375,2.0057973108291627,0.311,2.0434940414428713,finite,0.008875399827957153,0.012107400223612785,0,0.0,0.0,1.0,0,0.0,0.0,0.0,0.0,0.0,0.0,0.0,0,0.0,0.0,0.0,0.0,0,0,0,0.0,0.0,0,0,0.0
0.9886562991887331,250.92514582636605,0.0,0.0,0.0,0,0,,,0.0,0.0,0.0,0.0,0,0.0,0,not_selected,0,0.0,not_selected,0.01572429947555065,0,0.3375,0.0,0.0,0.0,0.0,0.0,0.0,0,94.20291570015252,0.0,0,0.0,0.0,0.0,0.0,recorded_dp_events_only,released_packet,private_experiment_logs_not_public_dp_outputs,5130,trainable_parameters_v1,tex_packet,0.0,not_established,0.24138670042157173,0.008359499275684357,legacy_per_link_selection,0,0.0,0.0,0.0,0,seal,0,seal_save_size_upper_bound,0,50;40,0.0,0,0,0.0,not_selected,0,0.0,0,0.0,8192,0,0,0,0,40,0,0,0.0,0.0,0,0,0.0,227.46050932544122,0,0.0,0.0,8.000000000001,0.0,0,measured_norm_ratio_not_a_convergence_threshold,0.9955985005944967,84,100,0,0,0,0,0,0,0,0,0,0,1,0.0,0.0,fixed_mode_fixed_privacy,0.0,0.0,incomplete_cross_domain_protection,local_packet_or_secure_aggregate,cross_domain_model_update,[],observed_operations_not_a_security_proof,False,no_new_cloud_update,0.0,14,0.0,1.004916500300169,102,102,0,scheduled,"{""dp_he"": 4, ""dp_only"": 0, ""he_only"": 0, ""neither"": 98}","{""dp_he"": 4, ""dp_only"": 0, ""he_only"": 0, ""neither"": 98}",0.7138678003102541,0.0,100,0.0,4.0,0.3375,2.0057973108291627,0.332,2.0269320487976072,finite,0.009317999705672264,0.01626020111143589,0,0.0,0.0,1.0,0,0.0,0.0,0.0,0.0,0.0,0.0,0.0,0,0.0,0.0,0.0,0.0,0,0,0,0.0,0.0,0,0,0.0
0.9392207004129887,251.59115122544418,0.0,0.0,0.0,0,0,,,0.0,0.0,0.0,0.0,0,0.0,0,not_selected,0,0.0,not_selected,0.016518499702215195,0,0.3375,0.0,0.0,0.0,0.0,0.0,0.0,0,95.35694280080497,0.0,0,0.0,0.0,0.0,0.0,recorded_dp_events_only,released_packet,private_experiment_logs_not_public_dp_outputs,5130,trainable_parameters_v1,tex_packet,0.0,not_established,0.2386214006692171,0.009312400594353676,legacy_per_link_selection,0,0.0,0.0,0.0,0,seal,0,seal_save_size_upper_bound,0,50;40,0.0,0,0,0.0,not_selected,0,0.0,0,0.0,8192,0,0,0,0,40,0,0,0.0,0.0,0,0,0.0,227.46050932544122,0,0.0,0.0,8.000000000001,0.0,0,measured_norm_ratio_not_a_convergence_threshold,0.9422357007861137,84,100,0,0,0,0,0,0,0,0,0,0,1,0.0,0.0,fixed_mode_fixed_privacy,0.0,0.0,incomplete_cross_domain_protection,local_packet_or_secure_aggregate,cross_domain_model_update,[],observed_operations_not_a_security_proof,False,no_new_cloud_update,0.0,15,0.0,0.9509987011551857,102,102,0,scheduled,"{""dp_he"": 4, ""dp_only"": 0, ""he_only"": 0, ""neither"": 98}","{""dp_he"": 4, ""dp_only"": 0, ""he_only"": 0, ""neither"": 98}",0.6660053990781307,0.0,100,0.0,4.0,0.3375,2.0057973108291627,0.3095,2.0269045238494874,finite,0.00876300036907196,0.011778000742197037,0,0.0,0.0,1.0,0,0.0,0.0,0.0,0.0,0.0,0.0,0.0,0,0.0,0.0,0.0,0.0,0,0,0,0.0,0.0,0,0,0.0
0.9992371015250683,252.30535112607132,0.0,0.0,0.0,0,0,,,0.0,0.0,0.0,0.0,0,0.0,0,not_selected,0,0.0,not_selected,0.020549600943922997,0,0.3375,0.0,0.0,0.0,0.0,0.0,0.0,0,97.02918250113726,0.0,0,0.0,0.0,0.0,0.0,recorded_dp_events_only,released_packet,private_experiment_logs_not_public_dp_outputs,5130,trainable_parameters_v1,tex_packet,0.0,not_established,0.24558630026876926,0.008892100304365158,legacy_per_link_selection,0,0.0,0.0,0.0,0,seal,0,seal_save_size_upper_bound,0,50;40,0.0,0,0,0.0,not_selected,0,0.0,0,0.0,8192,0,0,0,0,40,0,0,0.0,0.0,0,0,0.0,227.46050932544122,0,0.0,0.0,8.000000000001,0.0,0,measured_norm_ratio_not_a_convergence_threshold,1.002479301765561,84,100,0,0,0,0,0,0,0,0,0,0,1,0.0,0.0,fixed_mode_fixed_privacy,0.0,0.0,incomplete_cross_domain_protection,local_packet_or_secure_aggregate,cross_domain_model_update,[],observed_operations_not_a_security_proof,False,no_new_cloud_update,0.0,16,0.0,1.0124885011464357,102,102,0,scheduled,"{""dp_he"": 4, ""dp_only"": 0, ""he_only"": 0, ""neither"": 98}","{""dp_he"": 4, ""dp_only"": 0, ""he_only"": 0, ""neither"": 98}",0.7141999006271362,0.0,100,0.0,4.0,0.3375,2.0057973108291627,0.326,2.0330995578765867,finite,0.010009199380874634,0.013251399621367455,0,0.0,0.0,1.0,0,0.0,0.0,0.0,0.0,0.0,0.0,0.0,0,0.0,0.0,0.0,0.0,0,0,0,0.0,0.0,0,0,0.0
0.9620764013379812,252.99076402659367,0.0,0.0,0.0,0,0,,,0.0,0.0,0.0,0.0,0,0.0,0,not_selected,0,0.0,not_selected,0.014996200799942017,0,0.3375,0.0,0.0,0.0,0.0,0.0,0.0,0,98.24484150111675,0.0,0,0.0,0.0,0.0,0.0,recorded_dp_events_only,released_packet,private_experiment_logs_not_public_dp_outputs,5130,trainable_parameters_v1,tex_packet,0.0,not_established,0.24233010038733482,0.009727399796247482,legacy_per_link_selection,0,0.0,0.0,0.0,0,seal,0,seal_save_size_upper_bound,0,50;40,0.0,0,0,0.0,not_selected,0,0.0,0,0.0,8192,0,0,0,0,40,0,0,0.0,0.0,0,0,0.0,227.46050932544122,0,0.0,0.0,8.000000000001,0.0,0,measured_norm_ratio_not_a_convergence_threshold,0.9644200000911951,84,100,0,0,0,0,0,0,0,0,0,0,1,0.0,0.0,fixed_mode_fixed_privacy,0.0,0.0,incomplete_cross_domain_protection,local_packet_or_secure_aggregate,cross_domain_model_update,[],observed_operations_not_a_security_proof,False,no_new_cloud_update,0.0,17,0.0,0.9740297999233007,102,102,0,scheduled,"{""dp_he"": 4, ""dp_only"": 0, ""he_only"": 0, ""neither"": 98}","{""dp_he"": 4, ""dp_only"": 0, ""he_only"": 0, ""neither"": 98}",0.6854129005223513,0.0,100,0.0,4.0,0.3375,2.0057973108291627,0.342,2.0056543731689453,finite,0.009609799832105637,0.011953398585319519,0,0.0,0.0,1.0,0,0.0,0.0,0.0,0.0,0.0,0.0,0.0,0,0.0,0.0,0.0,0.0,0,0,0,0.0,0.0,0,0,0.0
0.9512114990502596,253.66536432604144,0.0,0.0,0.0,0,0,,,0.0,0.0,0.0,0.0,0,0.0,0,not_selected,0,0.0,not_selected,0.015101399272680283,0,0.3375,0.0,0.0,0.0,0.0,0.0,0.0,0,99.40773200057447,0.0,0,0.0,0.0,0.0,0.0,recorded_dp_events_only,released_packet,private_experiment_logs_not_public_dp_outputs,5130,trainable_parameters_v1,tex_packet,0.0,not_established,0.24109799973666668,0.01070060022175312,legacy_per_link_selection,0,0.0,0.0,0.0,0,seal,0,seal_save_size_upper_bound,0,50;40,0.0,0,0,0.0,not_selected,0,0.0,0,0.0,8192,0,0,0,0,40,0,0,0.0,0.0,0,0,0.0,227.46050932544122,0,0.0,0.0,8.000000000001,0.0,0,measured_norm_ratio_not_a_convergence_threshold,0.953295199200511,84,100,0,0,0,0,0,0,0,0,0,0,1,0.0,0.0,fixed_mode_fixed_privacy,0.0,0.0,incomplete_cross_domain_protection,local_packet_or_secure_aggregate,cross_domain_model_update,[],observed_operations_not_a_security_proof,False,no_new_cloud_update,0.0,18,0.0,0.9630063995718956,102,102,0,scheduled,"{""dp_he"": 4, ""dp_only"": 0, ""he_only"": 0, ""neither"": 98}","{""dp_he"": 4, ""dp_only"": 0, ""he_only"": 0, ""neither"": 98}",0.6746002994477749,0.0,100,0.0,4.0,0.3375,2.0057973108291627,0.3285,2.0276516704559326,finite,0.00971120037138462,0.01179490052163601,0,0.0,0.0,1.0,0,0.0,0.0,0.0,0.0,0.0,0.0,0.0,0,0.0,0.0,0.0,0.0,0,0,0,0.0,0.0,0,0,0.0
0.9342581983655691,254.32247772539804,0.0,0.0,0.0,0,0,,,0.0,0.0,0.0,0.0,0,0.0,0,not_selected,0,0.0,not_selected,0.01664069853723049,0,0.3375,0.0,0.0,0.0,0.0,0.0,0.0,0,100.55439430102706,0.0,0,0.0,0.0,0.0,0.0,recorded_dp_events_only,released_packet,private_experiment_logs_not_public_dp_outputs,5130,trainable_parameters_v1,tex_packet,0.0,not_established,0.24013609997928143,0.010116800665855408,legacy_per_link_selection,0,0.0,0.0,0.0,0,seal,0,seal_save_size_upper_bound,0,50;40,0.0,0,0,0.0,not_selected,0,0.0,0,0.0,8192,0,0,0,0,40,0,0,0.0,0.0,0,0,0.0,227.46050932544122,0,0.0,0.0,8.000000000001,0.0,0,measured_norm_ratio_not_a_convergence_threshold,0.9370908997952938,84,100,0,0,0,0,0,0,0,0,0,0,1,0.0,0.0,fixed_mode_fixed_privacy,0.0,0.0,incomplete_cross_domain_protection,local_packet_or_secure_aggregate,cross_domain_model_update,[],observed_operations_not_a_security_proof,False,no_new_cloud_update,0.0,19,0.0,0.947342099621892,102,102,0,scheduled,"{""dp_he"": 4, ""dp_only"": 0, ""he_only"": 0, ""neither"": 98}","{""dp_he"": 4, ""dp_only"": 0, ""he_only"": 0, ""neither"": 98}",0.6571133993566036,0.0,100,0.0,4.0,0.3375,2.0057973108291627,0.329,2.021122543334961,finite,0.010251199826598167,0.01308390125632286,0,0.0,0.0,1.0,0,0.0,0.0,0.0,0.0,0.0,0.0,0.0,0,0.0,0.0,0.0,0.0,0,0,0,0.0,0.0,0,0,0.0
1.02516040019691,255.04684322426866,0.0,0.0,0.0,0,0,,,0.0,0.0,0.0,0.0,0,0.0,0,not_selected,0,0.0,not_selected,0.023070499300956726,0,0.3375,0.0,0.0,0.0,0.0,0.0,0.0,0,101.80634590052068,0.0,0,0.0,0.0,0.0,0.0,recorded_dp_events_only,released_packet,private_experiment_logs_not_public_dp_outputs,5130,trainable_parameters_v1,tex_packet,0.0,not_established,0.25448910146951675,0.011738501489162445,legacy_per_link_selection,0,0.0,0.0,0.0,0,seal,0,seal_save_size_upper_bound,0,50;40,0.0,0,0,0.0,not_selected,0,0.0,0,0.0,8192,0,0,0,0,40,0,0,0.0,0.0,0,0,0.0,227.46050932544122,0,0.0,0.0,8.000000000001,0.0,0,measured_norm_ratio_not_a_convergence_threshold,1.0258798003196716,84,100,0,0,0,0,0,0,0,0,0,0,1,0.0,0.0,fixed_mode_fixed_privacy,0.0,0.0,incomplete_cross_domain_protection,local_packet_or_secure_aggregate,cross_domain_model_update,[],observed_operations_not_a_security_proof,False,no_new_cloud_update,0.0,20,0.0,1.0373765993863344,102,102,0,scheduled,"{""dp_he"": 4, ""dp_only"": 0, ""he_only"": 0, ""neither"": 98}","{""dp_he"": 4, ""dp_only"": 0, ""he_only"": 0, ""neither"": 98}",0.7243654988706112,0.0,100,0.0,4.0,0.3375,2.0057973108291627,0.3155,2.0292886753082273,finite,0.011496799066662788,0.012216199189424515,0,0.0,0.0,1.0,0,0.0,0.0,0.0,0.0,0.0,0.0,0.0,0,0.0,0.0,0.0,0.0,0,0,0,0.0,0.0,0,0,0.0
0.9948860015720129,255.7639543256427,0.0,0.0,0.0,0,0,,,0.0,0.0,0.0,0.0,0,0.0,0,not_selected,0,0.0,not_selected,0.0170304998755455,0,0.3375,0.0,0.0,0.0,0.0,0.0,0.0,0,103.04733850061893,0.0,0,0.0,0.0,0.0,0.0,recorded_dp_events_only,released_packet,private_experiment_logs_not_public_dp_outputs,5130,trainable_parameters_v1,tex_packet,0.0,not_established,0.23932220041751862,0.010567599907517433,legacy_per_link_selection,0,0.0,0.0,0.0,0,seal,0,seal_save_size_upper_bound,0,50;40,0.0,0,0,0.0,not_selected,0,0.0,0,0.0,8192,0,0,0,0,40,0,0,0.0,0.0,0,0,0.0,227.46050932544122,0,0.0,0.0,8.000000000001,0.0,0,measured_norm_ratio_not_a_convergence_threshold,0.996791198849678,84,100,0,0,0,0,0,0,0,0,0,0,1,0.0,0.0,fixed_mode_fixed_privacy,0.0,0.0,incomplete_cross_domain_protection,local_packet_or_secure_aggregate,cross_domain_model_update,[],observed_operations_not_a_security_proof,False,no_new_cloud_update,0.0,21,0.0,1.0076457988470793,102,102,0,scheduled,"{""dp_he"": 4, ""dp_only"": 0, ""he_only"": 0, ""neither"": 98}","{""dp_he"": 4, ""dp_only"": 0, ""he_only"": 0, ""neither"": 98}",0.7171111013740301,0.0,100,0.0,4.0,0.3375,2.0057973108291627,0.3225,2.0318792629241944,finite,0.010854599997401237,0.012759797275066376,0,0.0,0.0,1.0,0,0.0,0.0,0.0,0.0,0.0,0.0,0.0,0,0.0,0.0,0.0,0.0,0,0,0,0.0,0.0,0,0,0.0
0.9796176999807358,256.4491375247652,0.0,0.0,0.0,0,0,,,0.0,0.0,0.0,0.0,0,0.0,0,not_selected,0,0.0,not_selected,0.019843999296426773,0,0.3375,0.0,0.0,0.0,0.0,0.0,0.0,0,104.25178170017898,0.0,0,0.0,0.0,0.0,0.0,recorded_dp_events_only,released_packet,private_experiment_logs_not_public_dp_outputs,5130,trainable_parameters_v1,tex_packet,0.0,not_established,0.2518557012081146,0.011170299723744392,legacy_per_link_selection,0,0.0,0.0,0.0,0,seal,0,seal_save_size_upper_bound,0,50;40,0.0,0,0,0.0,not_selected,0,0.0,0,0.0,8192,0,0,0,0,40,0,0,0.0,0.0,0,0,0.0,227.46050932544122,0,0.0,0.0,8.000000000001,0.0,0,measured_norm_ratio_not_a_convergence_threshold,0.9810732007026672,84,100,0,0,0,0,0,0,0,0,0,0,1,0.0,0.0,fixed_mode_fixed_privacy,0.0,0.0,incomplete_cross_domain_protection,local_packet_or_secure_aggregate,cross_domain_model_update,[],observed_operations_not_a_security_proof,False,no_new_cloud_update,0.0,22,0.0,0.9926377013325691,102,102,0,scheduled,"{""dp_he"": 4, ""dp_only"": 0, ""he_only"": 0, ""neither"": 98}","{""dp_he"": 4, ""dp_only"": 0, ""he_only"": 0, ""neither"": 98}",0.6851831991225481,0.0,100,0.0,4.0,0.3375,2.0057973108291627,0.329,2.0127090301513673,finite,0.011564500629901886,0.013020001351833344,0,0.0,0.0,1.0,0,0.0,0.0,0.0,0.0,0.0,0.0,0.0,0,0.0,0.0,0.0,0.0,0,0,0,0.0,0.0,0,0,0.0
0.9727840013802052,257.1415584246332,0.0,0.0,0.0,0,0,,,0.0,0.0,0.0,0.0,0,0.0,0,not_selected,0,0.0,not_selected,0.01773410104215145,0,0.3375,0.0,0.0,0.0,0.0,0.0,0.0,0,105.4779895003885,0.0,0,0.0,0.0,0.0,0.0,recorded_dp_events_only,released_packet,private_experiment_logs_not_public_dp_outputs,5130,trainable_parameters_v1,tex_packet,0.0,not_established,0.24030129984021187,0.0110384002327919,legacy_per_link_selection,0,0.0,0.0,0.0,0,seal,0,seal_save_size_upper_bound,0,50;40,0.0,0,0,0.0,not_selected,0,0.0,0,0.0,8192,0,0,0,0,40,0,0,0.0,0.0,0,0,0.0,227.46050932544122,0,0.0,0.0,8.000000000001,0.0,0,measured_norm_ratio_not_a_convergence_threshold,0.9735697992146015,84,100,0,0,0,0,0,0,0,0,0,0,1,0.0,0.0,fixed_mode_fixed_privacy,0.0,0.0,incomplete_cross_domain_protection,local_packet_or_secure_aggregate,cross_domain_model_update,[],observed_operations_not_a_security_proof,False,no_new_cloud_update,0.0,23,0.0,0.98485909961164,102,102,0,scheduled,"{""dp_he"": 4, ""dp_only"": 0, ""he_only"": 0, ""neither"": 98}","{""dp_he"": 4, ""dp_only"": 0, ""he_only"": 0, ""neither"": 98}",0.6924208998680115,0.0,100,0.0,4.0,0.3375,2.0057973108291627,0.322,2.0250238285064697,finite,0.01128930039703846,0.012075098231434822,0,0.0,0.0,1.0,0,0.0,0.0,0.0,0.0,0.0,0.0,0.0,0,0.0,0.0,0.0,0.0,0,0,0,0.0,0.0,0,0,0.0
1.0110507998615503,257.8576151254291,0.0,0.0,0.0,0,0,,,0.0,0.0,0.0,0.0,0,0.0,0,not_selected,0,0.0,not_selected,0.01794789917767048,0,0.3375,0.0,0.0,0.0,0.0,0.0,0.0,0,106.71789110079408,0.0,0,0.0,0.0,0.0,0.0,recorded_dp_events_only,released_packet,private_experiment_logs_not_public_dp_outputs,5130,trainable_parameters_v1,tex_packet,0.0,not_established,0.2546149007976055,0.011562800034880638,legacy_per_link_selection,0,0.0,0.0,0.0,0,seal,0,seal_save_size_upper_bound,0,50;40,0.0,0,0,0.0,not_selected,0,0.0,0,0.0,8192,0,0,0,0,40,0,0,0.0,0.0,0,0,0.0,227.46050932544122,0,0.0,0.0,8.000000000001,0.0,0,measured_norm_ratio_not_a_convergence_threshold,1.016023701056838,84,100,0,0,0,0,0,0,0,0,0,0,1,0.0,0.0,fixed_mode_fixed_privacy,0.0,0.0,incomplete_cross_domain_protection,local_packet_or_secure_aggregate,cross_domain_model_update,[],observed_operations_not_a_security_proof,False,no_new_cloud_update,0.0,24,0.0,1.0268922001123428,102,102,0,scheduled,"{""dp_he"": 4, ""dp_only"": 0, ""he_only"": 0, ""neither"": 98}","{""dp_he"": 4, ""dp_only"": 0, ""he_only"": 0, ""neither"": 98}",0.7160567007958889,0.0,100,0.0,4.0,0.3375,2.0057973108291627,0.315,2.037998762130737,finite,0.010868499055504799,0.015841400250792503,0,0.0,0.0,1.0,0,0.0,0.0,0.0,0.0,0.0,0.0,0.0,0,0.0,0.0,0.0,0.0,0,0,0,0.0,0.0,0,0,0.0
1.0322626028209925,258.59165882604964,0.0,0.0,0.0,0,0,,,0.0,0.0,0.0,0.0,0,0.0,0,not_selected,0,0.0,not_selected,0.020110400393605232,0,0.3375,0.0,0.0,0.0,0.0,0.0,0.0,0,108.01040540076792,0.0,0,0.0,0.0,0.0,0.0,recorded_dp_events_only,released_packet,private_experiment_logs_not_public_dp_outputs,5130,trainable_parameters_v1,tex_packet,0.0,not_established,0.25388780049979687,0.012727400287985802,legacy_per_link_selection,0,0.0,0.0,0.0,0,seal,0,seal_save_size_upper_bound,0,50;40,0.0,0,0,0.0,not_selected,0,0.0,0,0.0,8192,0,0,0,0,40,0,0,0.0,0.0,0,0,0.0,227.46050932544122,0,0.0,0.0,8.000000000001,0.0,0,measured_norm_ratio_not_a_convergence_threshold,1.033883498981595,84,100,0,0,0,0,0,0,0,0,0,0,1,0.0,0.0,fixed_mode_fixed_privacy,0.0,0.0,incomplete_cross_domain_protection,local_packet_or_secure_aggregate,cross_domain_model_update,[],observed_operations_not_a_security_proof,False,no_new_cloud_update,0.0,25,0.0,1.0453768000006676,102,102,0,scheduled,"{""dp_he"": 4, ""dp_only"": 0, ""he_only"": 0, ""neither"": 98}","{""dp_he"": 4, ""dp_only"": 0, ""he_only"": 0, ""neither"": 98}",0.734043700620532,0.0,100,0.0,4.0,0.3375,2.0057973108291627,0.3205,2.016550024032593,finite,0.011493301019072533,0.013114197179675102,0,0.0,0.0,1.0,0,0.0,0.0,0.0,0.0,0.0,0.0,0.0,0,0.0,0.0,0.0,0.0,0,0,0,0.0,0.0,0,0,0.0
0.9572799000889063,259.2732692259068,0.0,0.0,0.0,0,0,,,0.0,0.0,0.0,0.0,0,0.0,0,not_selected,0,0.0,not_selected,0.01633160002529621,0,0.3375,0.0,0.0,0.0,0.0,0.0,0.0,0,109.20551620051265,0.0,0,0.0,0.0,0.0,0.0,recorded_dp_events_only,released_packet,private_experiment_logs_not_public_dp_outputs,5130,trainable_parameters_v1,tex_packet,0.0,not_established,0.2374558001756668,0.010929800570011139,legacy_per_link_selection,0,0.0,0.0,0.0,0,seal,0,seal_save_size_upper_bound,0,50;40,0.0,0,0,0.0,not_selected,0,0.0,0,0.0,8192,0,0,0,0,40,0,0,0.0,0.0,0,0,0.0,227.46050932544122,0,0.0,0.0,8.000000000001,0.0,0,measured_norm_ratio_not_a_convergence_threshold,0.9594624005258083,84,100,0,0,0,0,0,0,0,0,0,0,1,0.0,0.0,fixed_mode_fixed_privacy,0.0,0.0,incomplete_cross_domain_protection,local_packet_or_secure_aggregate,cross_domain_model_update,[],observed_operations_not_a_security_proof,False,no_new_cloud_update,0.0,26,0.0,0.970414699986577,102,102,0,scheduled,"{""dp_he"": 4, ""dp_only"": 0, ""he_only"": 0, ""neither"": 98}","{""dp_he"": 4, ""dp_only"": 0, ""he_only"": 0, ""neither"": 98}",0.6816103998571634,0.0,100,0.0,4.0,0.3375,2.0057973108291627,0.3135,2.023418659210205,finite,0.0109522994607687,0.013134799897670746,0,0.0,0.0,1.0,0,0.0,0.0,0.0,0.0,0.0,0.0,0.0,0,0.0,0.0,0.0,0.0,0,0,0,0.0,0.0,0,0,0.0
0.9425387978553772,259.9376552245284,0.0,0.0,0.0,0,0,,,0.0,0.0,0.0,0.0,0,0.0,0,not_selected,0,0.0,not_selected,0.017185799777507782,0,0.3375,0.0,0.0,0.0,0.0,0.0,0.0,0,110.37993960082531,0.0,0,0.0,0.0,0.0,0.0,recorded_dp_events_only,released_packet,private_experiment_logs_not_public_dp_outputs,5130,trainable_parameters_v1,tex_packet,0.0,not_established,0.23923850059509277,0.011021999642252922,legacy_per_link_selection,0,0.0,0.0,0.0,0,seal,0,seal_save_size_upper_bound,0,50;40,0.0,0,0,0.0,not_selected,0,0.0,0,0.0,8192,0,0,0,0,40,0,0,0.0,0.0,0,0,0.0,227.46050932544122,0,0.0,0.0,8.000000000001,0.0,0,measured_norm_ratio_not_a_convergence_threshold,0.9443207010626793,84,100,0,0,0,0,0,0,0,0,0,0,1,0.0,0.0,fixed_mode_fixed_privacy,0.0,0.0,incomplete_cross_domain_protection,local_packet_or_secure_aggregate,cross_domain_model_update,[],observed_operations_not_a_security_proof,False,no_new_cloud_update,0.0,27,0.0,0.95502720028162,102,102,0,scheduled,"{""dp_he"": 4, ""dp_only"": 0, ""he_only"": 0, ""neither"": 98}","{""dp_he"": 4, ""dp_only"": 0, ""he_only"": 0, ""neither"": 98}",0.664385998621583,0.0,100,0.0,4.0,0.3375,2.0057973108291627,0.3195,2.0198296661376953,finite,0.010706499218940735,0.012488402426242828,0,0.0,0.0,1.0,0,0.0,0.0,0.0,0.0,0.0,0.0,0.0,0,0.0,0.0,0.0,0.0,0,0,0,0.0,0.0,0,0,0.0
1.0325277987867594,260.67428282375283,0.0,0.0,0.0,0,0,,,0.0,0.0,0.0,0.0,0,0.0,0,not_selected,0,0.0,not_selected,0.023252500221133232,0,0.3375,0.0,0.0,0.0,0.0,0.0,0.0,0,111.64560759998858,0.0,0,0.0,0.0,0.0,0.0,recorded_dp_events_only,released_packet,private_experiment_logs_not_public_dp_outputs,5130,trainable_parameters_v1,tex_packet,0.0,not_established,0.24980410002171993,0.011949799954891205,legacy_per_link_selection,0,0.0,0.0,0.0,0,seal,0,seal_save_size_upper_bound,0,50;40,0.0,0,0,0.0,not_selected,0,0.0,0,0.0,8192,0,0,0,0,40,0,0,0.0,0.0,0,0,0.0,227.46050932544122,0,0.0,0.0,8.000000000001,0.0,0,measured_norm_ratio_not_a_convergence_threshold,1.0353135019540787,84,100,0,0,0,0,0,0,0,0,0,0,1,0.0,0.0,fixed_mode_fixed_privacy,0.0,0.0,incomplete_cross_domain_protection,local_packet_or_secure_aggregate,cross_domain_model_update,[],observed_operations_not_a_security_proof,False,no_new_cloud_update,0.0,28,0.0,1.0462073013186455,102,102,0,scheduled,"{""dp_he"": 4, ""dp_only"": 0, ""he_only"": 0, ""neither"": 98}","{""dp_he"": 4, ""dp_only"": 0, ""he_only"": 0, ""neither"": 98}",0.7366275992244482,0.0,100,0.0,4.0,0.3375,2.0057973108291627,0.3125,2.041278962135315,finite,0.010893799364566803,0.0136795025318861,0,0.0,0.0,1.0,0,0.0,0.0,0.0,0.0,0.0,0.0,0.0,0,0.0,0.0,0.0,0.0,0,0,0,0.0,0.0,0,0,0.0
1.0281207971274853,261.41829152318485,0.0,0.0,0.0,0,0,,,0.0,0.0,0.0,0.0,0,0.0,0,not_selected,0,0.0,not_selected,0.02058430016040802,0,0.3375,0.0,0.0,0.0,0.0,0.0,0.0,0,112.93964680097997,0.0,0,0.0,0.0,0.0,0.0,recorded_dp_events_only,released_packet,private_experiment_logs_not_public_dp_outputs,5130,trainable_parameters_v1,tex_packet,0.0,not_established,0.24179459922015667,0.01052979938685894,legacy_per_link_selection,0,0.0,0.0,0.0,0,seal,0,seal_save_size_upper_bound,0,50;40,0.0,0,0,0.0,not_selected,0,0.0,0,0.0,8192,0,0,0,0,40,0,0,0.0,0.0,0,0,0.0,227.46050932544122,0,0.0,0.0,8.000000000001,0.0,0,measured_norm_ratio_not_a_convergence_threshold,1.0289219003170729,84,100,0,0,0,0,0,0,0,0,0,0,1,0.0,0.0,fixed_mode_fixed_privacy,0.0,0.0,incomplete_cross_domain_protection,local_packet_or_secure_aggregate,cross_domain_model_update,[],observed_operations_not_a_security_proof,False,no_new_cloud_update,0.0,29,0.0,1.040125299245119,102,102,0,scheduled,"{""dp_he"": 4, ""dp_only"": 0, ""he_only"": 0, ""neither"": 98}","{""dp_he"": 4, ""dp_only"": 0, ""he_only"": 0, ""neither"": 98}",0.7440086994320154,0.0,100,0.0,4.0,0.3375,2.0057973108291627,0.333,2.012152124404907,finite,0.011203398928046227,0.01200450211763382,0,0.0,0.0,1.0,0,0.0,0.0,0.0,0.0,0.0,0.0,0.0,0,0.0,0.0,0.0,0.0,0,0,0,0.0,0.0,0,0,0.0
0.945149501785636,262.08450342441745,0.0,0.0,0.0,0,0,,,0.0,0.0,0.0,0.0,0,0.0,0,not_selected,0,0.0,not_selected,0.016964400187134743,0,0.3375,0.0,0.0,0.0,0.0,0.0,0.0,0,114.12090300023556,0.0,0,0.0,0.0,0.0,0.0,recorded_dp_events_only,released_packet,private_experiment_logs_not_public_dp_outputs,5130,trainable_parameters_v1,tex_packet,0.0,not_established,0.2396128997206688,0.01103060133755207,legacy_per_link_selection,0,0.0,0.0,0.0,0,seal,0,seal_save_size_upper_bound,0,50;40,0.0,0,0,0.0,not_selected,0,0.0,0,0.0,8192,0,0,0,0,40,0,0,0.0,0.0,0,0,0.0,227.46050932544122,0,0.0,0.0,8.000000000001,0.0,0,measured_norm_ratio_not_a_convergence_threshold,0.9458194002509117,84,100,0,0,0,0,0,0,0,0,0,0,1,0.0,0.0,fixed_mode_fixed_privacy,0.0,0.0,incomplete_cross_domain_protection,local_packet_or_secure_aggregate,cross_domain_model_update,[],observed_operations_not_a_security_proof,False,no_new_cloud_update,0.0,30,0.0,0.9571490995585918,102,102,0,scheduled,"{""dp_he"": 4, ""dp_only"": 0, ""he_only"": 0, ""neither"": 98}","{""dp_he"": 4, ""dp_only"": 0, ""he_only"": 0, ""neither"": 98}",0.6662119012326002,0.0,100,0.0,4.0,0.3375,2.0057973108291627,0.3375,1.9986288442611695,finite,0.01132969930768013,0.011999597772955894,0,0.0,0.0,1.0,0,0.0,0.0,0.0,0.0,0.0,0.0,0.0,0,0.0,0.0,0.0,0.0,0,0,0,0.0,0.0,0,0,0.0
0.9849821999669075,262.77687872486956,0.0,0.0,0.0,0,0,,,0.0,0.0,0.0,0.0,0,0.0,0,not_selected,0,0.0,not_selected,0.017900099977850914,0,0.3375,0.0,0.0,0.0,0.0,0.0,0.0,0,115.35355960018933,0.0,0,0.0,0.0,0.0,0.0,recorded_dp_events_only,released_packet,private_experiment_logs_not_public_dp_outputs,5130,trainable_parameters_v1,tex_packet,0.0,not_established,0.2520287986844778,0.010926000773906708,legacy_per_link_selection,0,0.0,0.0,0.0,0,seal,0,seal_save_size_upper_bound,0,50;40,0.0,0,0,0.0,not_selected,0,0.0,0,0.0,8192,0,0,0,0,40,0,0,0.0,0.0,0,0,0.0,227.46050932544122,0,0.0,0.0,8.000000000001,0.0,0,measured_norm_ratio_not_a_convergence_threshold,0.9866639003157616,84,100,0,0,0,0,0,0,0,0,0,0,1,0.0,0.0,fixed_mode_fixed_privacy,0.0,0.0,incomplete_cross_domain_protection,local_packet_or_secure_aggregate,cross_domain_model_update,[],observed_operations_not_a_security_proof,False,no_new_cloud_update,0.0,31,0.0,0.9984159003943205,102,102,0,scheduled,"{""dp_he"": 4, ""dp_only"": 0, ""he_only"": 0, ""neither"": 98}","{""dp_he"": 4, ""dp_only"": 0, ""he_only"": 0, ""neither"": 98}",0.6923753004521132,0.0,100,0.0,4.0,0.3375,2.0057973108291627,0.348,1.9960143337249756,finite,0.011752000078558922,0.013433700427412987,0,0.0,0.0,1.0,0,0.0,0.0,0.0,0.0,0.0,0.0,0.0,0,0.0,0.0,0.0,0.0,0,0,0,0.0,0.0,0,0,0.0
1.0072264019399881,263.49474612536676,0.0,0.0,0.0,0,0,,,0.0,0.0,0.0,0.0,0,0.0,0,not_selected,0,0.0,not_selected,0.017343299463391304,0,0.3375,0.0,0.0,0.0,0.0,0.0,0.0,0,116.63490110076964,0.0,0,0.0,0.0,0.0,0.0,recorded_dp_events_only,released_packet,private_experiment_logs_not_public_dp_outputs,5130,trainable_parameters_v1,tex_packet,0.0,not_established,0.24967050179839134,0.011278800666332245,legacy_per_link_selection,0,0.0,0.0,0.0,0,seal,0,seal_save_size_upper_bound,0,50;40,0.0,0,0,0.0,not_selected,0,0.0,0,0.0,8192,0,0,0,0,40,0,0,0.0,0.0,0,0,0.0,227.46050932544122,0,0.0,0.0,8.000000000001,0.0,0,measured_norm_ratio_not_a_convergence_threshold,1.0109209008514881,84,100,0,0,0,0,0,0,0,0,0,0,1,0.0,0.0,fixed_mode_fixed_privacy,0.0,0.0,incomplete_cross_domain_protection,local_packet_or_secure_aggregate,cross_domain_model_update,[],observed_operations_not_a_security_proof,False,no_new_cloud_update,0.0,32,0.0,1.0219873003661633,102,102,0,scheduled,"{""dp_he"": 4, ""dp_only"": 0, ""he_only"": 0, ""neither"": 98}","{""dp_he"": 4, ""dp_only"": 0, ""he_only"": 0, ""neither"": 98}",0.7178674004971981,0.0,100,0.0,4.0,0.3375,2.0057973108291627,0.3125,2.0194506301879884,finite,0.01106639951467514,0.014760898426175117,0,0.0,0.0,1.0,0,0.0,0.0,0.0,0.0,0.0,0.0,0.0,0,0.0,0.0,0.0,0.0,0,0,0,0.0,0.0,0,0,0.0
1.6027650982141495,264.7865610244388,0.0,0.0,0.0,0,0,,,0.0,0.0,0.0,0.0,0,0.0,0,not_selected,0,0.0,not_selected,0.01685499958693981,0,0.3375,0.0,0.0,0.0,0.0,0.0,0.0,0,118.51422350108624,0.0,0,0.0,0.0,0.0,0.0,recorded_dp_events_only,released_packet,private_experiment_logs_not_public_dp_outputs,5130,trainable_parameters_v1,tex_packet,0.0,not_established,0.2721091005951166,0.010858699679374695,legacy_per_link_selection,0,0.0,0.0,0.0,0,seal,0,seal_save_size_upper_bound,0,50;40,0.0,0,0,0.0,not_selected,0,0.0,0,0.0,8192,0,0,0,0,40,0,0,0.0,0.0,0,0,0.0,227.46050932544122,0,0.0,0.0,8.000000000001,0.0,0,measured_norm_ratio_not_a_convergence_threshold,1.6040719021111727,84,100,0,0,0,0,0,0,0,0,0,0,1,0.0,0.0,fixed_mode_fixed_privacy,0.0,0.0,incomplete_cross_domain_protection,local_packet_or_secure_aggregate,cross_domain_model_update,[],observed_operations_not_a_security_proof,False,no_new_cloud_update,0.0,33,0.0,1.61519930139184,102,102,0,scheduled,"{""dp_he"": 4, ""dp_only"": 0, ""he_only"": 0, ""neither"": 98}","{""dp_he"": 4, ""dp_only"": 0, ""he_only"": 0, ""neither"": 98}",1.291814899072051,0.0,100,0.0,4.0,0.3375,2.0057973108291627,0.322,2.0195558223724364,finite,0.011127399280667305,0.012434203177690506,0,0.0,0.0,1.0,0,0.0,0.0,0.0,0.0,0.0,0.0,0.0,0,0.0,0.0,0.0,0.0,0,0,0,0.0,0.0,0,0,0.0
0.9674764983355999,265.46933592396624,0.0,0.0,0.0,0,0,,,0.0,0.0,0.0,0.0,0,0.0,0,not_selected,0,0.0,not_selected,0.02066199854016304,0,0.3375,0.0,0.0,0.0,0.0,0.0,0.0,0,119.72665960155427,0.0,0,0.0,0.0,0.0,0.0,recorded_dp_events_only,released_packet,private_experiment_logs_not_public_dp_outputs,5130,trainable_parameters_v1,tex_packet,0.0,not_established,0.23922410048544407,0.013506298884749413,legacy_per_link_selection,0,0.0,0.0,0.0,0,seal,0,seal_save_size_upper_bound,0,50;40,0.0,0,0,0.0,not_selected,0,0.0,0,0.0,8192,0,0,0,0,40,0,0,0.0,0.0,0,0,0.0,227.46050932544122,0,0.0,0.0,8.000000000001,0.0,0,measured_norm_ratio_not_a_convergence_threshold,0.9697099979966879,84,100,0,0,0,0,0,0,0,0,0,0,1,0.0,0.0,fixed_mode_fixed_privacy,0.0,0.0,incomplete_cross_domain_protection,local_packet_or_secure_aggregate,cross_domain_model_update,[],observed_operations_not_a_security_proof,False,no_new_cloud_update,0.0,34,0.0,0.9810191988945007,102,102,0,scheduled,"{""dp_he"": 4, ""dp_only"": 0, ""he_only"": 0, ""neither"": 98}","{""dp_he"": 4, ""dp_only"": 0, ""he_only"": 0, ""neither"": 98}",0.6827748995274305,0.0,100,0.0,4.0,0.3375,2.0057973108291627,0.31,2.0322919273376465,finite,0.011309200897812843,0.013542700558900833,0,0.0,0.0,1.0,0,0.0,0.0,0.0,0.0,0.0,0.0,0.0,0,0.0,0.0,0.0,0.0,0,0,0,0.0,0.0,0,0,0.0
0.9684678018093109,266.14188492397614,0.0,0.0,0.0,0,0,,,0.0,0.0,0.0,0.0,0,0.0,0,not_selected,0,0.0,not_selected,0.020064901560544968,0,0.3375,0.0,0.0,0.0,0.0,0.0,0.0,0,120.934211300686,0.0,0,0.0,0.0,0.0,0.0,recorded_dp_events_only,released_packet,private_experiment_logs_not_public_dp_outputs,5130,trainable_parameters_v1,tex_packet,0.0,not_established,0.25353490002453327,0.01164889894425869,legacy_per_link_selection,0,0.0,0.0,0.0,0,seal,0,seal_save_size_upper_bound,0,50;40,0.0,0,0,0.0,not_selected,0,0.0,0,0.0,8192,0,0,0,0,40,0,0,0.0,0.0,0,0,0.0,227.46050932544122,0,0.0,0.0,8.000000000001,0.0,0,measured_norm_ratio_not_a_convergence_threshold,0.9703774992376566,84,100,0,0,0,0,0,0,0,0,0,0,1,0.0,0.0,fixed_mode_fixed_privacy,0.0,0.0,incomplete_cross_domain_protection,local_packet_or_secure_aggregate,cross_domain_model_update,[],observed_operations_not_a_security_proof,False,no_new_cloud_update,0.0,35,0.0,0.9810476005077362,102,102,0,scheduled,"{""dp_he"": 4, ""dp_only"": 0, ""he_only"": 0, ""neither"": 98}","{""dp_he"": 4, ""dp_only"": 0, ""he_only"": 0, ""neither"": 98}",0.6725490000098944,0.0,100,0.0,4.0,0.3375,2.0057973108291627,0.3185,2.0324496974945068,finite,0.010670101270079613,0.012579798698425293,0,0.0,0.0,1.0,0,0.0,0.0,0.0,0.0,0.0,0.0,0.0,0,0.0,0.0,0.0,0.0,0,0,0,0.0,0.0,0,0,0.0
1.0161141026765108,266.8673001239712,0.0,0.0,0.0,0,0,,,0.0,0.0,0.0,0.0,0,0.0,0,not_selected,0,0.0,not_selected,0.017346300184726715,0,0.3375,0.0,0.0,0.0,0.0,0.0,0.0,0,122.22734550014138,0.0,0,0.0,0.0,0.0,0.0,recorded_dp_events_only,released_packet,private_experiment_logs_not_public_dp_outputs,5130,trainable_parameters_v1,tex_packet,0.0,not_established,0.24928819946944714,0.011779701337218285,legacy_per_link_selection,0,0.0,0.0,0.0,0,seal,0,seal_save_size_upper_bound,0,50;40,0.0,0,0,0.0,not_selected,0,0.0,0,0.0,8192,0,0,0,0,40,0,0,0.0,0.0,0,0,0.0,227.46050932544122,0,0.0,0.0,8.000000000001,0.0,0,measured_norm_ratio_not_a_convergence_threshold,1.0165557973086834,84,100,0,0,0,0,0,0,0,0,0,0,1,0.0,0.0,fixed_mode_fixed_privacy,0.0,0.0,incomplete_cross_domain_protection,local_packet_or_secure_aggregate,cross_domain_model_update,[],observed_operations_not_a_security_proof,False,no_new_cloud_update,0.0,36,0.0,1.0288404989987612,102,102,0,scheduled,"{""dp_he"": 4, ""dp_only"": 0, ""he_only"": 0, ""neither"": 98}","{""dp_he"": 4, ""dp_only"": 0, ""he_only"": 0, ""neither"": 98}",0.7254151999950409,0.0,100,0.0,4.0,0.3375,2.0057973108291627,0.323,2.0183072271347045,finite,0.012284701690077782,0.012726396322250366,0,0.0,0.0,1.0,0,0.0,0.0,0.0,0.0,0.0,0.0,0.0,0,0.0,0.0,0.0,0.0,0,0,0,0.0,0.0,0,0,0.0
0.9572567008435726,267.5436252235139,0.0,0.0,0.0,0,0,,,0.0,0.0,0.0,0.0,0,0.0,0,not_selected,0,0.0,not_selected,0.017166899517178535,0,0.3375,0.0,0.0,0.0,0.0,0.0,0.0,0,123.47252860106528,0.0,0,0.0,0.0,0.0,0.0,recorded_dp_events_only,released_packet,private_experiment_logs_not_public_dp_outputs,5130,trainable_parameters_v1,tex_packet,0.0,not_established,0.24179100058972836,0.011053800582885742,legacy_per_link_selection,0,0.0,0.0,0.0,0,seal,0,seal_save_size_upper_bound,0,50;40,0.0,0,0,0.0,not_selected,0,0.0,0,0.0,8192,0,0,0,0,40,0,0,0.0,0.0,0,0,0.0,227.46050932544122,0,0.0,0.0,8.000000000001,0.0,0,measured_norm_ratio_not_a_convergence_threshold,0.9589778985828161,84,100,0,0,0,0,0,0,0,0,0,0,1,0.0,0.0,fixed_mode_fixed_privacy,0.0,0.0,incomplete_cross_domain_protection,local_packet_or_secure_aggregate,cross_domain_model_update,[],observed_operations_not_a_security_proof,False,no_new_cloud_update,0.0,37,0.0,0.9698977991938591,102,102,0,scheduled,"{""dp_he"": 4, ""dp_only"": 0, ""he_only"": 0, ""neither"": 98}","{""dp_he"": 4, ""dp_only"": 0, ""he_only"": 0, ""neither"": 98}",0.676325099542737,0.0,100,0.0,4.0,0.3375,2.0057973108291627,0.342,2.002176580429077,finite,0.010919900611042976,0.012641098350286484,0,0.0,0.0,1.0,0,0.0,0.0,0.0,0.0,0.0,0.0,0.0,0,0.0,0.0,0.0,0.0,0,0,0,0.0,0.0,0,0,0.0
0.9378385953605175,268.2036281219388,0.0,0.0,0.0,0,0,,,0.0,0.0,0.0,0.0,0,0.0,0,not_selected,0,0.0,not_selected,0.015924498438835144,0,0.3375,0.0,0.0,0.0,0.0,0.0,0.0,0,124.67103280127048,0.0,0,0.0,0.0,0.0,0.0,recorded_dp_events_only,released_packet,private_experiment_logs_not_public_dp_outputs,5130,trainable_parameters_v1,tex_packet,0.0,not_established,0.24042849987745285,0.010703399777412415,legacy_per_link_selection,0,0.0,0.0,0.0,0,seal,0,seal_save_size_upper_bound,0,50;40,0.0,0,0,0.0,not_selected,0,0.0,0,0.0,8192,0,0,0,0,40,0,0,0.0,0.0,0,0,0.0,227.46050932544122,0,0.0,0.0,8.000000000001,0.0,0,measured_norm_ratio_not_a_convergence_threshold,0.939502002671361,84,100,0,0,0,0,0,0,0,0,0,0,1,0.0,0.0,fixed_mode_fixed_privacy,0.0,0.0,incomplete_cross_domain_protection,local_packet_or_secure_aggregate,cross_domain_model_update,[],observed_operations_not_a_security_proof,False,no_new_cloud_update,0.0,38,0.0,0.9502813015133142,102,102,0,scheduled,"{""dp_he"": 4, ""dp_only"": 0, ""he_only"": 0, ""neither"": 98}","{""dp_he"": 4, ""dp_only"": 0, ""he_only"": 0, ""neither"": 98}",0.6600028984248638,0.0,100,0.0,4.0,0.3375,2.0057973108291627,0.332,2.0147273082733155,finite,0.010779298841953278,0.012442706152796745,0,0.0,0.0,1.0,0,0.0,0.0,0.0,0.0,0.0,0.0,0.0,0,0.0,0.0,0.0,0.0,0,0,0,0.0,0.0,0,0,0.0
0.9530211985111237,268.8674258227164,0.0,0.0,0.0,0,0,,,0.0,0.0,0.0,0.0,0,0.0,0,not_selected,0,0.0,not_selected,0.01635589823126793,0,0.3375,0.0,0.0,0.0,0.0,0.0,0.0,0,125.87725510075688,0.0,0,0.0,0.0,0.0,0.0,recorded_dp_events_only,released_packet,private_experiment_logs_not_public_dp_outputs,5130,trainable_parameters_v1,tex_packet,0.0,not_established,0.25044870004057884,0.01162320002913475,legacy_per_link_selection,0,0.0,0.0,0.0,0,seal,0,seal_save_size_upper_bound,0,50;40,0.0,0,0,0.0,not_selected,0,0.0,0,0.0,8192,0,0,0,0,40,0,0,0.0,0.0,0,0,0.0,227.46050932544122,0,0.0,0.0,8.000000000001,0.0,0,measured_norm_ratio_not_a_convergence_threshold,0.9549024011939764,84,100,0,0,0,0,0,0,0,0,0,0,1,0.0,0.0,fixed_mode_fixed_privacy,0.0,0.0,incomplete_cross_domain_protection,local_packet_or_secure_aggregate,cross_domain_model_update,[],observed_operations_not_a_security_proof,False,no_new_cloud_update,0.0,39,0.0,0.9656981006264687,102,102,0,scheduled,"{""dp_he"": 4, ""dp_only"": 0, ""he_only"": 0, ""neither"": 98}","{""dp_he"": 4, ""dp_only"": 0, ""he_only"": 0, ""neither"": 98}",0.6637977007776499,0.0,100,0.0,4.0,0.3375,2.0057973108291627,0.33,2.013921314239502,finite,0.010795699432492256,0.012676902115345001,0,0.0,0.0,1.0,0,0.0,0.0,0.0,0.0,0.0,0.0,0.0,0,0.0,0.0,0.0,0.0,0,0,0,0.0,0.0,0,0,0.0
1.0972274001687765,269.6684576227034,0.0,0.0,0.0,0,0,,,0.0,0.0,0.0,0.0,0,0.0,0,not_selected,0,0.0,not_selected,0.019738400354981422,0,0.3375,0.0,0.0,0.0,0.0,0.0,0.0,0,127.29120530001819,0.0,0,0.0,0.0,0.0,0.0,recorded_dp_events_only,released_packet,private_experiment_logs_not_public_dp_outputs,5130,trainable_parameters_v1,tex_packet,0.0,not_established,0.2489295993000269,0.016019800677895546,legacy_per_link_selection,0,0.0,0.0,0.0,0,seal,0,seal_save_size_upper_bound,0,50;40,0.0,0,0,0.0,not_selected,0,0.0,0,0.0,8192,0,0,0,0,40,0,0,0.0,0.0,0,0,0.0,227.46050932544122,0,0.0,0.0,8.000000000001,0.0,0,measured_norm_ratio_not_a_convergence_threshold,1.0992629993706942,84,100,0,0,0,0,0,0,0,0,0,0,1,0.0,0.0,fixed_mode_fixed_privacy,0.0,0.0,incomplete_cross_domain_protection,local_packet_or_secure_aggregate,cross_domain_model_update,[],observed_operations_not_a_security_proof,False,no_new_cloud_update,0.0,40,0.0,1.1107707992196083,102,102,0,scheduled,"{""dp_he"": 4, ""dp_only"": 0, ""he_only"": 0, ""neither"": 98}","{""dp_he"": 4, ""dp_only"": 0, ""he_only"": 0, ""neither"": 98}",0.8010317999869585,0.0,100,0.0,4.0,0.3375,2.0057973108291627,0.332,2.0084316711425783,finite,0.011507799848914146,0.013543399050831795,0,0.0,0.0,1.0,0,0.0,0.0,0.0,0.0,0.0,0.0,0.0,0,0.0,0.0,0.0,0.0,0,0,0,0.0,0.0,0,0,0.0
0.9513102993369102,270.33939852292485,0.0,0.0,0.0,0,0,,,0.0,0.0,0.0,0.0,0,0.0,0,not_selected,0,0.0,not_selected,0.01666400022804737,0,0.3375,0.0,0.0,0.0,0.0,0.0,0.0,0,128.53447410091758,0.0,0,0.0,0.0,0.0,0.0,recorded_dp_events_only,released_packet,private_experiment_logs_not_public_dp_outputs,5130,trainable_parameters_v1,tex_packet,0.0,not_established,0.24252969957888126,0.010595399886369705,legacy_per_link_selection,0,0.0,0.0,0.0,0,seal,0,seal_save_size_upper_bound,0,50;40,0.0,0,0,0.0,not_selected,0,0.0,0,0.0,8192,0,0,0,0,40,0,0,0.0,0.0,0,0,0.0,227.46050932544122,0,0.0,0.0,8.000000000001,0.0,0,measured_norm_ratio_not_a_convergence_threshold,0.9538696017116308,84,100,0,0,0,0,0,0,0,0,0,0,1,0.0,0.0,fixed_mode_fixed_privacy,0.0,0.0,incomplete_cross_domain_protection,local_packet_or_secure_aggregate,cross_domain_model_update,[],observed_operations_not_a_security_proof,False,no_new_cloud_update,0.0,41,0.0,0.9644499011337757,102,102,0,scheduled,"{""dp_he"": 4, ""dp_only"": 0, ""he_only"": 0, ""neither"": 98}","{""dp_he"": 4, ""dp_only"": 0, ""he_only"": 0, ""neither"": 98}",0.670940900221467,0.0,100,0.0,4.0,0.3375,2.0057973108291627,0.323,2.0332750101089476,finite,0.01058029942214489,0.013139601796865463,0,0.0,0.0,1.0,0,0.0,0.0,0.0,0.0,0.0,0.0,0.0,0,0.0,0.0,0.0,0.0,0,0,0,0.0,0.0,0,0,0.0
0.9553708992898464,271.00797352294273,0.0,0.0,0.0,0,0,,,0.0,0.0,0.0,0.0,0,0.0,0,not_selected,0,0.0,not_selected,0.016558701172471046,0,0.3375,0.0,0.0,0.0,0.0,0.0,0.0,0,129.75040690042078,0.0,0,0.0,0.0,0.0,0.0,recorded_dp_events_only,released_packet,private_experiment_logs_not_public_dp_outputs,5130,trainable_parameters_v1,tex_packet,0.0,not_established,0.24320000037550926,0.01397479884326458,legacy_per_link_selection,0,0.0,0.0,0.0,0,seal,0,seal_save_size_upper_bound,0,50;40,0.0,0,0,0.0,not_selected,0,0.0,0,0.0,8192,0,0,0,0,40,0,0,0.0,0.0,0,0,0.0,227.46050932544122,0,0.0,0.0,8.000000000001,0.0,0,measured_norm_ratio_not_a_convergence_threshold,0.955850400030613,84,100,0,0,0,0,0,0,0,0,0,0,1,0.0,0.0,fixed_mode_fixed_privacy,0.0,0.0,incomplete_cross_domain_protection,local_packet_or_secure_aggregate,cross_domain_model_update,[],observed_operations_not_a_security_proof,False,no_new_cloud_update,0.0,42,0.0,0.9689127989113331,102,102,0,scheduled,"{""dp_he"": 4, ""dp_only"": 0, ""he_only"": 0, ""neither"": 98}","{""dp_he"": 4, ""dp_only"": 0, ""he_only"": 0, ""neither"": 98}",0.6685750000178814,0.0,100,0.0,4.0,0.3375,2.0057973108291627,0.3195,2.0150522079467774,finite,0.013062398880720139,0.013541899621486664,0,0.0,0.0,1.0,0,0.0,0.0,0.0,0.0,0.0,0.0,0.0,0,0.0,0.0,0.0,0.0,0,0,0,0.0,0.0,0,0,0.0
1.3046950995922089,272.0167779224629,0.0,0.0,0.0,0,0,,,0.0,0.0,0.0,0.0,0,0.0,0,not_selected,0,0.0,not_selected,0.01742049865424633,0,0.3375,0.0,0.0,0.0,0.0,0.0,0.0,0,131.3198979012668,0.0,0,0.0,0.0,0.0,0.0,recorded_dp_events_only,released_packet,private_experiment_logs_not_public_dp_outputs,5130,trainable_parameters_v1,tex_packet,0.0,not_established,0.25546110048890114,0.012038800865411758,legacy_per_link_selection,0,0.0,0.0,0.0,0,seal,0,seal_save_size_upper_bound,0,50;40,0.0,0,0,0.0,not_selected,0,0.0,0,0.0,8192,0,0,0,0,40,0,0,0.0,0.0,0,0,0.0,227.46050932544122,0,0.0,0.0,8.000000000001,0.0,0,measured_norm_ratio_not_a_convergence_threshold,1.3071052003651857,84,100,0,0,0,0,0,0,0,0,0,0,1,0.0,0.0,fixed_mode_fixed_privacy,0.0,0.0,incomplete_cross_domain_protection,local_packet_or_secure_aggregate,cross_domain_model_update,[],observed_operations_not_a_security_proof,False,no_new_cloud_update,0.0,43,0.0,1.3180755004286766,102,102,0,scheduled,"{""dp_he"": 4, ""dp_only"": 0, ""he_only"": 0, ""neither"": 98}","{""dp_he"": 4, ""dp_only"": 0, ""he_only"": 0, ""neither"": 98}",1.0088043995201588,0.0,100,0.0,4.0,0.3375,2.0057973108291627,0.342,2.017222840309143,finite,0.010970300063490868,0.013380400836467743,0,0.0,0.0,1.0,0,0.0,0.0,0.0,0.0,0.0,0.0,0.0,0,0.0,0.0,0.0,0.0,0,0,0,0.0,0.0,0,0,0.0
1.0383127015084028,272.7563859215642,0.0,0.0,0.0,0,0,,,0.0,0.0,0.0,0.0,0,0.0,0,not_selected,0,0.0,not_selected,0.019610701128840446,0,0.3375,0.0,0.0,0.0,0.0,0.0,0.0,0,132.66254410147667,0.0,0,0.0,0.0,0.0,0.0,recorded_dp_events_only,released_packet,private_experiment_logs_not_public_dp_outputs,5130,trainable_parameters_v1,tex_packet,0.0,not_established,0.2552074994891882,0.0121420007199049,legacy_per_link_selection,0,0.0,0.0,0.0,0,seal,0,seal_save_size_upper_bound,0,50;40,0.0,0,0,0.0,not_selected,0,0.0,0,0.0,8192,0,0,0,0,40,0,0,0.0,0.0,0,0,0.0,227.46050932544122,0,0.0,0.0,8.000000000001,0.0,0,measured_norm_ratio_not_a_convergence_threshold,1.0399808995425701,84,100,0,0,0,0,0,0,0,0,0,0,1,0.0,0.0,fixed_mode_fixed_privacy,0.0,0.0,incomplete_cross_domain_protection,local_packet_or_secure_aggregate,cross_domain_model_update,[],observed_operations_not_a_security_proof,False,no_new_cloud_update,0.0,44,0.0,1.0517254006117582,102,102,0,scheduled,"{""dp_he"": 4, ""dp_only"": 0, ""he_only"": 0, ""neither"": 98}","{""dp_he"": 4, ""dp_only"": 0, ""he_only"": 0, ""neither"": 98}",0.7396079991012812,0.0,100,0.0,4.0,0.3375,2.0057973108291627,0.32,2.015917161941528,finite,0.011744501069188118,0.013412699103355408,0,0.0,0.0,1.0,0,0.0,0.0,0.0,0.0,0.0,0.0,0.0,0,0.0,0.0,0.0,0.0,0,0,0,0.0,0.0,0,0,0.0
0.9553820006549358,273.43070742214866,0.0,0.0,0.0,0,0,,,0.0,0.0,0.0,0.0,0,0.0,0,not_selected,0,0.0,not_selected,0.01611350104212761,0,0.3375,0.0,0.0,0.0,0.0,0.0,0.0,0,133.8960108999163,0.0,0,0.0,0.0,0.0,0.0,recorded_dp_events_only,released_packet,private_experiment_logs_not_public_dp_outputs,5130,trainable_parameters_v1,tex_packet,0.0,not_established,0.24253910034894943,0.01099109835922718,legacy_per_link_selection,0,0.0,0.0,0.0,0,seal,0,seal_save_size_upper_bound,0,50;40,0.0,0,0,0.0,not_selected,0,0.0,0,0.0,8192,0,0,0,0,40,0,0,0.0,0.0,0,0,0.0,227.46050932544122,0,0.0,0.0,8.000000000001,0.0,0,measured_norm_ratio_not_a_convergence_threshold,0.9575851000845432,84,100,0,0,0,0,0,0,0,0,0,0,1,0.0,0.0,fixed_mode_fixed_privacy,0.0,0.0,incomplete_cross_domain_protection,local_packet_or_secure_aggregate,cross_domain_model_update,[],observed_operations_not_a_security_proof,False,no_new_cloud_update,0.0,45,0.0,0.9690019004046917,102,102,0,scheduled,"{""dp_he"": 4, ""dp_only"": 0, ""he_only"": 0, ""neither"": 98}","{""dp_he"": 4, ""dp_only"": 0, ""he_only"": 0, ""neither"": 98}",0.6743215005844831,0.0,100,0.0,4.0,0.3375,2.0057973108291627,0.306,2.022932716369629,finite,0.011416800320148468,0.01361989974975586,0,0.0,0.0,1.0,0,0.0,0.0,0.0,0.0,0.0,0.0,0.0,0,0.0,0.0,0.0,0.0,0,0,0,0.0,0.0,0,0,0.0
0.9625059999525547,274.111491923284,0.0,0.0,0.0,0,0,,,0.0,0.0,0.0,0.0,0,0.0,0,not_selected,0,0.0,not_selected,0.01744290068745613,0,0.3375,0.0,0.0,0.0,0.0,0.0,0.0,0,135.14474190026522,0.0,0,0.0,0.0,0.0,0.0,recorded_dp_events_only,released_packet,private_experiment_logs_not_public_dp_outputs,5130,trainable_parameters_v1,tex_packet,0.0,not_established,0.2410007994621992,0.010734399780631065,legacy_per_link_selection,0,0.0,0.0,0.0,0,seal,0,seal_save_size_upper_bound,0,50;40,0.0,0,0,0.0,not_selected,0,0.0,0,0.0,8192,0,0,0,0,40,0,0,0.0,0.0,0,0,0.0,227.46050932544122,0,0.0,0.0,8.000000000001,0.0,0,measured_norm_ratio_not_a_convergence_threshold,0.9631873015314341,84,100,0,0,0,0,0,0,0,0,0,0,1,0.0,0.0,fixed_mode_fixed_privacy,0.0,0.0,incomplete_cross_domain_protection,local_packet_or_secure_aggregate,cross_domain_model_update,[],observed_operations_not_a_security_proof,False,no_new_cloud_update,0.0,46,0.0,0.9757307004183531,102,102,0,scheduled,"{""dp_he"": 4, ""dp_only"": 0, ""he_only"": 0, ""neither"": 98}","{""dp_he"": 4, ""dp_only"": 0, ""he_only"": 0, ""neither"": 98}",0.6807845011353493,0.0,100,0.0,4.0,0.3375,2.0057973108291627,0.325,2.0276471033096315,finite,0.012543398886919022,0.013224700465798378,0,0.0,0.0,1.0,0,0.0,0.0,0.0,0.0,0.0,0.0,0.0,0,0.0,0.0,0.0,0.0,0,0,0,0.0,0.0,0,0,0.0
0.9792008027434349,274.79730142379947,0.0,0.0,0.0,0,0,,,0.0,0.0,0.0,0.0,0,0.0,0,not_selected,0,0.0,not_selected,0.01695070043206215,0,0.3375,0.0,0.0,0.0,0.0,0.0,0.0,0,136.4047828000039,0.0,0,0.0,0.0,0.0,0.0,recorded_dp_events_only,released_packet,private_experiment_logs_not_public_dp_outputs,5130,trainable_parameters_v1,tex_packet,0.0,not_established,0.25271330028772354,0.011486900970339775,legacy_per_link_selection,0,0.0,0.0,0.0,0,seal,0,seal_save_size_upper_bound,0,50;40,0.0,0,0,0.0,not_selected,0,0.0,0,0.0,8192,0,0,0,0,40,0,0,0.0,0.0,0,0,0.0,227.46050932544122,0,0.0,0.0,8.000000000001,0.0,0,measured_norm_ratio_not_a_convergence_threshold,0.984994700178504,84,100,0,0,0,0,0,0,0,0,0,0,1,0.0,0.0,fixed_mode_fixed_privacy,0.0,0.0,incomplete_cross_domain_protection,local_packet_or_secure_aggregate,cross_domain_model_update,[],observed_operations_not_a_security_proof,False,no_new_cloud_update,0.0,47,0.0,0.9972351007163525,102,102,0,scheduled,"{""dp_he"": 4, ""dp_only"": 0, ""he_only"": 0, ""neither"": 98}","{""dp_he"": 4, ""dp_only"": 0, ""he_only"": 0, ""neither"": 98}",0.685809500515461,0.0,100,0.0,4.0,0.3375,2.0057973108291627,0.3285,2.017595272064209,finite,0.012240400537848473,0.018034297972917557,0,0.0,0.0,1.0,0,0.0,0.0,0.0,0.0,0.0,0.0,0.0,0,0.0,0.0,0.0,0.0,0,0,0,0.0,0.0,0,0,0.0
1.1404510997235775,275.6258364236618,0.0,0.0,0.0,0,0,,,0.0,0.0,0.0,0.0,0,0.0,0,not_selected,0,0.0,not_selected,0.02356630004942417,0,0.3375,0.0,0.0,0.0,0.0,0.0,0.0,0,137.87230450101197,0.0,0,0.0,0.0,0.0,0.0,recorded_dp_events_only,released_packet,private_experiment_logs_not_public_dp_outputs,5130,trainable_parameters_v1,tex_packet,0.0,not_established,0.25908419862389565,0.013663699850440025,legacy_per_link_selection,0,0.0,0.0,0.0,0,seal,0,seal_save_size_upper_bound,0,50;40,0.0,0,0,0.0,not_selected,0,0.0,0,0.0,8192,0,0,0,0,40,0,0,0.0,0.0,0,0,0.0,227.46050932544122,0,0.0,0.0,8.000000000001,0.0,0,measured_norm_ratio_not_a_convergence_threshold,1.1386173982173204,84,100,0,0,0,0,0,0,0,0,0,0,1,0.0,0.0,fixed_mode_fixed_privacy,0.0,0.0,incomplete_cross_domain_protection,local_packet_or_secure_aggregate,cross_domain_model_update,[],observed_operations_not_a_security_proof,False,no_new_cloud_update,0.0,48,0.0,1.1542192995548248,102,102,0,scheduled,"{""dp_he"": 4, ""dp_only"": 0, ""he_only"": 0, ""neither"": 98}","{""dp_he"": 4, ""dp_only"": 0, ""he_only"": 0, ""neither"": 98}",0.8285349998623133,0.0,100,0.0,4.0,0.3375,2.0057973108291627,0.326,2.0191810684204103,finite,0.015601901337504387,0.01376819983124733,0,0.0,0.0,1.0,0,0.0,0.0,0.0,0.0,0.0,0.0,0.0,0,0.0,0.0,0.0,0.0,0,0,0,0.0,0.0,0,0,0.0
0.936574699357152,276.2853018223012,0.0,0.0,0.0,0,0,,,0.0,0.0,0.0,0.0,0,0.0,0,not_selected,0,0.0,not_selected,0.015895800665020943,0,0.3375,0.0,0.0,0.0,0.0,0.0,0.0,0,139.09015510044992,0.0,0,0.0,0.0,0.0,0.0,recorded_dp_events_only,released_packet,private_experiment_logs_not_public_dp_outputs,5130,trainable_parameters_v1,tex_packet,0.0,not_established,0.23928230069577694,0.010936999693512917,legacy_per_link_selection,0,0.0,0.0,0.0,0,seal,0,seal_save_size_upper_bound,0,50;40,0.0,0,0,0.0,not_selected,0,0.0,0,0.0,8192,0,0,0,0,40,0,0,0.0,0.0,0,0,0.0,227.46050932544122,0,0.0,0.0,8.000000000001,0.0,0,measured_norm_ratio_not_a_convergence_threshold,0.9387845993041992,84,100,0,0,0,0,0,0,0,0,0,0,1,0.0,0.0,fixed_mode_fixed_privacy,0.0,0.0,incomplete_cross_domain_protection,local_packet_or_secure_aggregate,cross_domain_model_update,[],observed_operations_not_a_security_proof,False,no_new_cloud_update,0.0,49,0.0,0.9497787989675999,102,102,0,scheduled,"{""dp_he"": 4, ""dp_only"": 0, ""he_only"": 0, ""neither"": 98}","{""dp_he"": 4, ""dp_only"": 0, ""he_only"": 0, ""neither"": 98}",0.6594653986394405,0.0,100,0.0,4.0,0.3375,2.0057973108291627,0.3385,2.0106121158599852,finite,0.01099419966340065,0.013204099610447884,0,0.0,0.0,1.0,0,0.0,0.0,0.0,0.0,0.0,0.0,0.0,0,0.0,0.0,0.0,0.0,0,0,0,0.0,0.0,0,0,0.0
0.9560706000775099,276.95613942208536,0.0,0.0,0.0,0,0,,,0.0,0.0,0.0,0.0,0,0.0,0,not_selected,0,0.0,not_selected,0.016558600589632988,0,0.3375,0.0,0.0,0.0,0.0,0.0,0.0,0,140.34135270118713,0.0,0,0.0,0.0,0.0,0.0,recorded_dp_events_only,released_packet,private_experiment_logs_not_public_dp_outputs,5130,trainable_parameters_v1,tex_packet,0.0,not_established,0.24556330032646656,0.010960198938846588,legacy_per_link_selection,0,0.0,0.0,0.0,0,seal,0,seal_save_size_upper_bound,0,50;40,0.0,0,0,0.0,not_selected,0,0.0,0,0.0,8192,0,0,0,0,40,0,0,0.0,0.0,0,0,0.0,227.46050932544122,0,0.0,0.0,8.000000000001,0.0,0,measured_norm_ratio_not_a_convergence_threshold,0.9569304008036852,84,100,0,0,0,0,0,0,0,0,0,0,1,0.0,0.0,fixed_mode_fixed_privacy,0.0,0.0,incomplete_cross_domain_protection,local_packet_or_secure_aggregate,cross_domain_model_update,[],observed_operations_not_a_security_proof,False,no_new_cloud_update,0.0,50,0.0,0.9690813012421131,102,102,0,scheduled,"{""dp_he"": 4, ""dp_only"": 0, ""he_only"": 0, ""neither"": 98}","{""dp_he"": 4, ""dp_only"": 0, ""he_only"": 0, ""neither"": 98}",0.6708375997841358,0.0,100,0.0,4.0,0.3375,2.0057973108291627,0.3385,2.020697202682495,finite,0.012150900438427925,0.013010701164603233,0,0.0,0.0,1.0,0,0.0,0.0,0.0,0.0,0.0,0.0,0.0,0,0.0,0.0,0.0,0.0,0,0,0,0.0,0.0,0,0,0.0
1.0141245014965534,277.6631754218305,0.0,0.0,0.0,0,0,,,0.0,0.0,0.0,0.0,0,0.0,0,not_selected,0,0.0,not_selected,0.023420600220561028,0,0.3375,0.0,0.0,0.0,0.0,0.0,0.0,0,141.63961270079017,0.0,0,0.0,0.0,0.0,0.0,recorded_dp_events_only,released_packet,private_experiment_logs_not_public_dp_outputs,5130,trainable_parameters_v1,tex_packet,0.0,not_established,0.2507831007242203,0.015862200409173965,legacy_per_link_selection,0,0.0,0.0,0.0,0,seal,0,seal_save_size_upper_bound,0,50;40,0.0,0,0,0.0,not_selected,0,0.0,0,0.0,8192,0,0,0,0,40,0,0,0.0,0.0,0,0,0.0,227.46050932544122,0,0.0,0.0,8.000000000001,0.0,0,measured_norm_ratio_not_a_convergence_threshold,1.0139987003058195,84,100,0,0,0,0,0,0,0,0,0,0,1,0.0,0.0,fixed_mode_fixed_privacy,0.0,0.0,incomplete_cross_domain_protection,local_packet_or_secure_aggregate,cross_domain_model_update,[],observed_operations_not_a_security_proof,False,no_new_cloud_update,0.0,51,0.0,1.0310213007032871,102,102,0,scheduled,"{""dp_he"": 4, ""dp_only"": 0, ""he_only"": 0, ""neither"": 98}","{""dp_he"": 4, ""dp_only"": 0, ""he_only"": 0, ""neither"": 98}",0.7070359997451305,0.0,100,0.0,4.0,0.3375,2.0057973108291627,0.321,2.026683723449707,finite,0.017022600397467613,0.016896799206733704,0,0.0,0.0,1.0,0,0.0,0.0,0.0,0.0,0.0,0.0,0.0,0,0.0,0.0,0.0,0.0,0,0,0,0.0,0.0,0,0,0.0
1.0064259991049767,278.38174632291145,0.0,0.0,0.0,0,0,,,0.0,0.0,0.0,0.0,0,0.0,0,not_selected,0,0.0,not_selected,0.022984599694609642,0,0.3375,0.0,0.0,0.0,0.0,0.0,0.0,0,142.9655269011855,0.0,0,0.0,0.0,0.0,0.0,recorded_dp_events_only,released_packet,private_experiment_logs_not_public_dp_outputs,5130,trainable_parameters_v1,tex_packet,0.0,not_established,0.23921679891645908,0.01329369843006134,legacy_per_link_selection,0,0.0,0.0,0.0,0,seal,0,seal_save_size_upper_bound,0,50;40,0.0,0,0,0.0,not_selected,0,0.0,0,0.0,8192,0,0,0,0,40,0,0,0.0,0.0,0,0,0.0,227.46050932544122,0,0.0,0.0,8.000000000001,0.0,0,measured_norm_ratio_not_a_convergence_threshold,1.0095646977424622,84,100,0,0,0,0,0,0,0,0,0,0,1,0.0,0.0,fixed_mode_fixed_privacy,0.0,0.0,incomplete_cross_domain_protection,local_packet_or_secure_aggregate,cross_domain_model_update,[],observed_operations_not_a_security_proof,False,no_new_cloud_update,0.0,52,0.0,1.0219246987253428,102,102,0,scheduled,"{""dp_he"": 4, ""dp_only"": 0, ""he_only"": 0, ""neither"": 98}","{""dp_he"": 4, ""dp_only"": 0, ""he_only"": 0, ""neither"": 98}",0.718570901080966,0.0,100,0.0,4.0,0.3375,2.0057973108291627,0.3385,2.004385817527771,finite,0.012360000982880592,0.015498699620366096,0,0.0,0.0,1.0,0,0.0,0.0,0.0,0.0,0.0,0.0,0.0,0,0.0,0.0,0.0,0.0,0,0,0,0.0,0.0,0,0,0.0
0.9674909003078938,279.0699595222885,0.0,0.0,0.0,0,0,,,0.0,0.0,0.0,0.0,0,0.0,0,not_selected,0,0.0,not_selected,0.017507899552583694,0,0.3375,0.0,0.0,0.0,0.0,0.0,0.0,0,144.22225110046566,0.0,0,0.0,0.0,0.0,0.0,recorded_dp_events_only,released_packet,private_experiment_logs_not_public_dp_outputs,5130,trainable_parameters_v1,tex_packet,0.0,not_established,0.24121310003101826,0.010668201372027397,legacy_per_link_selection,0,0.0,0.0,0.0,0,seal,0,seal_save_size_upper_bound,0,50;40,0.0,0,0,0.0,not_selected,0,0.0,0,0.0,8192,0,0,0,0,40,0,0,0.0,0.0,0,0,0.0,227.46050932544122,0,0.0,0.0,8.000000000001,0.0,0,measured_norm_ratio_not_a_convergence_threshold,0.9712162986397743,84,100,0,0,0,0,0,0,0,0,0,0,1,0.0,0.0,fixed_mode_fixed_privacy,0.0,0.0,incomplete_cross_domain_protection,local_packet_or_secure_aggregate,cross_domain_model_update,[],observed_operations_not_a_security_proof,False,no_new_cloud_update,0.0,53,0.0,0.9811047986149788,102,102,0,scheduled,"{""dp_he"": 4, ""dp_only"": 0, ""he_only"": 0, ""neither"": 98}","{""dp_he"": 4, ""dp_only"": 0, ""he_only"": 0, ""neither"": 98}",0.6882131993770599,0.0,100,0.0,4.0,0.3375,2.0057973108291627,0.3095,2.030065158843994,finite,0.009888499975204468,0.013613898307085037,0,0.0,0.0,1.0,0,0.0,0.0,0.0,0.0,0.0,0.0,0.0,0,0.0,0.0,0.0,0.0,0,0,0,0.0,0.0,0,0,0.0
0.9369447957724333,279.72814612190075,0.0,0.0,0.0,0,0,,,0.0,0.0,0.0,0.0,0,0.0,0,not_selected,0,0.0,not_selected,0.01708259992301464,0,0.3375,0.0,0.0,0.0,0.0,0.0,0.0,0,145.4429435003549,0.0,0,0.0,0.0,0.0,0.0,recorded_dp_events_only,released_packet,private_experiment_logs_not_public_dp_outputs,5130,trainable_parameters_v1,tex_packet,0.0,not_established,0.24050159938633442,0.010646598413586617,legacy_per_link_selection,0,0.0,0.0,0.0,0,seal,0,seal_save_size_upper_bound,0,50;40,0.0,0,0,0.0,not_selected,0,0.0,0,0.0,8192,0,0,0,0,40,0,0,0.0,0.0,0,0,0.0,227.46050932544122,0,0.0,0.0,8.000000000001,0.0,0,measured_norm_ratio_not_a_convergence_threshold,0.9403397012501955,84,100,0,0,0,0,0,0,0,0,0,0,1,0.0,0.0,fixed_mode_fixed_privacy,0.0,0.0,incomplete_cross_domain_protection,local_packet_or_secure_aggregate,cross_domain_model_update,[],observed_operations_not_a_security_proof,False,no_new_cloud_update,0.0,54,0.0,0.9508670996874571,102,102,0,scheduled,"{""dp_he"": 4, ""dp_only"": 0, ""he_only"": 0, ""neither"": 98}","{""dp_he"": 4, ""dp_only"": 0, ""he_only"": 0, ""neither"": 98}",0.658186599612236,0.0,100,0.0,4.0,0.3375,2.0057973108291627,0.3095,2.0386213264465334,finite,0.010527398437261581,0.013922303915023804,0,0.0,0.0,1.0,0,0.0,0.0,0.0,0.0,0.0,0.0,0.0,0,0.0,0.0,0.0,0.0,0,0,0,0.0,0.0,0,0,0.0
0.9971633981913328,280.42868932063527,0.0,0.0,0.0,0,0,,,0.0,0.0,0.0,0.0,0,0.0,0,not_selected,0,0.0,not_selected,0.018426699563860893,0,0.3375,0.0,0.0,0.0,0.0,0.0,0.0,0,146.72811360098422,0.0,0,0.0,0.0,0.0,0.0,recorded_dp_events_only,released_packet,private_experiment_logs_not_public_dp_outputs,5130,trainable_parameters_v1,tex_packet,0.0,not_established,0.2550245001912117,0.011798299849033356,legacy_per_link_selection,0,0.0,0.0,0.0,0,seal,0,seal_save_size_upper_bound,0,50;40,0.0,0,0,0.0,not_selected,0,0.0,0,0.0,8192,0,0,0,0,40,0,0,0.0,0.0,0,0,0.0,227.46050932544122,0,0.0,0.0,8.000000000001,0.0,0,measured_norm_ratio_not_a_convergence_threshold,0.9996838998049498,84,100,0,0,0,0,0,0,0,0,0,0,1,0.0,0.0,fixed_mode_fixed_privacy,0.0,0.0,incomplete_cross_domain_protection,local_packet_or_secure_aggregate,cross_domain_model_update,[],observed_operations_not_a_security_proof,False,no_new_cloud_update,0.0,55,0.0,1.0110545996576548,102,102,0,scheduled,"{""dp_he"": 4, ""dp_only"": 0, ""he_only"": 0, ""neither"": 98}","{""dp_he"": 4, ""dp_only"": 0, ""he_only"": 0, ""neither"": 98}",0.7005431987345219,0.0,100,0.0,4.0,0.3375,2.0057973108291627,0.329,2.0370010890960693,finite,0.011370699852705002,0.013891201466321945,0,0.0,0.0,1.0,0,0.0,0.0,0.0,0.0,0.0,0.0,0.0,0,0.0,0.0,0.0,0.0,0,0,0,0.0,0.0,0,0,0.0
1.0204343013465405,281.1612392208243,0.0,0.0,0.0,0,0,,,0.0,0.0,0.0,0.0,0,0.0,0,not_selected,0,0.0,not_selected,0.017890000715851784,0,0.3375,0.0,0.0,0.0,0.0,0.0,0.0,0,148.0684354007244,0.0,0,0.0,0.0,0.0,0.0,recorded_dp_events_only,released_packet,private_experiment_logs_not_public_dp_outputs,5130,trainable_parameters_v1,tex_packet,0.0,not_established,0.24821870028972626,0.010928699746727943,legacy_per_link_selection,0,0.0,0.0,0.0,0,seal,0,seal_save_size_upper_bound,0,50;40,0.0,0,0,0.0,not_selected,0,0.0,0,0.0,8192,0,0,0,0,40,0,0,0.0,0.0,0,0,0.0,227.46050932544122,0,0.0,0.0,8.000000000001,0.0,0,measured_norm_ratio_not_a_convergence_threshold,1.0250738002359867,84,100,0,0,0,0,0,0,0,0,0,0,1,0.0,0.0,fixed_mode_fixed_privacy,0.0,0.0,incomplete_cross_domain_protection,local_packet_or_secure_aggregate,cross_domain_model_update,[],observed_operations_not_a_security_proof,False,no_new_cloud_update,0.0,56,0.0,1.035920800641179,102,102,0,scheduled,"{""dp_he"": 4, ""dp_only"": 0, ""he_only"": 0, ""neither"": 98}","{""dp_he"": 4, ""dp_only"": 0, ""he_only"": 0, ""neither"": 98}",0.7325499001890421,0.0,100,0.0,4.0,0.3375,2.0057973108291627,0.3255,2.0219589939117433,finite,0.010847000405192375,0.015486499294638634,0,0.0,0.0,1.0,0,0.0,0.0,0.0,0.0,0.0,0.0,0.0,0,0.0,0.0,0.0,0.0,0,0,0,0.0,0.0,0,0,0.0
0.9838765002787113,281.86380861985333,0.0,0.0,0.0,0,0,,,0.0,0.0,0.0,0.0,0,0.0,0,not_selected,0,0.0,not_selected,0.016001500189304352,0,0.3375,0.0,0.0,0.0,0.0,0.0,0.0,0,149.379126701504,0.0,0,0.0,0.0,0.0,0.0,recorded_dp_events_only,released_packet,private_experiment_logs_not_public_dp_outputs,5130,trainable_parameters_v1,tex_packet,0.0,not_established,0.24355389922857285,0.010656101629137993,legacy_per_link_selection,0,0.0,0.0,0.0,0,seal,0,seal_save_size_upper_bound,0,50;40,0.0,0,0,0.0,not_selected,0,0.0,0,0.0,8192,0,0,0,0,40,0,0,0.0,0.0,0,0,0.0,227.46050932544122,0,0.0,0.0,8.000000000001,0.0,0,measured_norm_ratio_not_a_convergence_threshold,0.9878455996513367,84,100,0,0,0,0,0,0,0,0,0,0,1,0.0,0.0,fixed_mode_fixed_privacy,0.0,0.0,incomplete_cross_domain_protection,local_packet_or_secure_aggregate,cross_domain_model_update,[],observed_operations_not_a_security_proof,False,no_new_cloud_update,0.0,57,0.0,0.9989411998540163,102,102,0,scheduled,"{""dp_he"": 4, ""dp_only"": 0, ""he_only"": 0, ""neither"": 98}","{""dp_he"": 4, ""dp_only"": 0, ""he_only"": 0, ""neither"": 98}",0.7025693990290165,0.0,100,0.0,4.0,0.3375,2.0057973108291627,0.332,2.0147035236358644,finite,0.011095600202679634,0.015064699575304985,0,0.0,0.0,1.0,0,0.0,0.0,0.0,0.0,0.0,0.0,0.0,0,0.0,0.0,0.0,0.0,0,0,0,0.0,0.0,0,0,0.0
0.9430513996630907,282.5260068206752,0.0,0.0,0.0,0,0,,,0.0,0.0,0.0,0.0,0,0.0,0,not_selected,0,0.0,not_selected,0.0171331986784935,0,0.3375,0.0,0.0,0.0,0.0,0.0,0.0,0,150.61431020125747,0.0,0,0.0,0.0,0.0,0.0,recorded_dp_events_only,released_packet,private_experiment_logs_not_public_dp_outputs,5130,trainable_parameters_v1,tex_packet,0.0,not_established,0.24244480021297932,0.010593200102448463,legacy_per_link_selection,0,0.0,0.0,0.0,0,seal,0,seal_save_size_upper_bound,0,50;40,0.0,0,0,0.0,not_selected,0,0.0,0,0.0,8192,0,0,0,0,40,0,0,0.0,0.0,0,0,0.0,227.46050932544122,0,0.0,0.0,8.000000000001,0.0,0,measured_norm_ratio_not_a_convergence_threshold,0.9457526002079248,84,100,0,0,0,0,0,0,0,0,0,0,1,0.0,0.0,fixed_mode_fixed_privacy,0.0,0.0,incomplete_cross_domain_protection,local_packet_or_secure_aggregate,cross_domain_model_update,[],observed_operations_not_a_security_proof,False,no_new_cloud_update,0.0,58,0.0,0.9564346000552177,102,102,0,scheduled,"{""dp_he"": 4, ""dp_only"": 0, ""he_only"": 0, ""neither"": 98}","{""dp_he"": 4, ""dp_only"": 0, ""he_only"": 0, ""neither"": 98}",0.6621982008218765,0.0,100,0.0,4.0,0.3375,2.0057973108291627,0.3115,2.0324501037597655,finite,0.0106819998472929,0.013383200392127037,0,0.0,0.0,1.0,0,0.0,0.0,0.0,0.0,0.0,0.0,0.0,0,0.0,0.0,0.0,0.0,0,0,0,0.0,0.0,0,0,0.0
1.0271851997822523,283.2579358192796,0.0,0.0,0.0,0,0,,,0.0,0.0,0.0,0.0,0,0.0,0,not_selected,0,0.0,not_selected,0.020295700058341026,0,0.3375,0.0,0.0,0.0,0.0,0.0,0.0,0,151.93766280077398,0.0,0,0.0,0.0,0.0,0.0,recorded_dp_events_only,released_packet,private_experiment_logs_not_public_dp_outputs,5130,trainable_parameters_v1,tex_packet,0.0,not_established,0.2518566008657217,0.010583901777863503,legacy_per_link_selection,0,0.0,0.0,0.0,0,seal,0,seal_save_size_upper_bound,0,50;40,0.0,0,0,0.0,not_selected,0,0.0,0,0.0,8192,0,0,0,0,40,0,0,0.0,0.0,0,0,0.0,227.46050932544122,0,0.0,0.0,8.000000000001,0.0,0,measured_norm_ratio_not_a_convergence_threshold,1.0288407020270824,84,100,0,0,0,0,0,0,0,0,0,0,1,0.0,0.0,fixed_mode_fixed_privacy,0.0,0.0,incomplete_cross_domain_protection,local_packet_or_secure_aggregate,cross_domain_model_update,[],observed_operations_not_a_security_proof,False,no_new_cloud_update,0.0,59,0.0,1.0413607005029917,102,102,0,scheduled,"{""dp_he"": 4, ""dp_only"": 0, ""he_only"": 0, ""neither"": 98}","{""dp_he"": 4, ""dp_only"": 0, ""he_only"": 0, ""neither"": 98}",0.7319289986044168,0.0,100,0.0,4.0,0.3375,2.0057973108291627,0.3435,2.0055764961242675,finite,0.012519998475909233,0.014175500720739365,0,0.0,0.0,1.0,0,0.0,0.0,0.0,0.0,0.0,0.0,0.0,0,0.0,0.0,0.0,0.0,0,0,0,0.0,0.0,0,0,0.0
0.9816511999815702,283.9606441194827,0.0,0.0,0.0,0,0,,,0.0,0.0,0.0,0.0,0,0.0,0,not_selected,0,0.0,not_selected,0.01803470030426979,0,0.3375,0.0,0.0,0.0,0.0,0.0,0.0,0,153.24642670154572,0.0,0,0.0,0.0,0.0,0.0,recorded_dp_events_only,released_packet,private_experiment_logs_not_public_dp_outputs,5130,trainable_parameters_v1,tex_packet,0.0,not_established,0.23856299929320812,0.01107490062713623,legacy_per_link_selection,0,0.0,0.0,0.0,0,seal,0,seal_save_size_upper_bound,0,50;40,0.0,0,0,0.0,not_selected,0,0.0,0,0.0,8192,0,0,0,0,40,0,0,0.0,0.0,0,0,0.0,227.46050932544122,0,0.0,0.0,8.000000000001,0.0,0,measured_norm_ratio_not_a_convergence_threshold,0.9847522992640734,84,100,0,0,0,0,0,0,0,0,0,0,1,0.0,0.0,fixed_mode_fixed_privacy,0.0,0.0,incomplete_cross_domain_protection,local_packet_or_secure_aggregate,cross_domain_model_update,[],observed_operations_not_a_security_proof,False,no_new_cloud_update,0.0,60,0.0,0.9960225988179445,102,102,0,scheduled,"{""dp_he"": 4, ""dp_only"": 0, ""he_only"": 0, ""neither"": 98}","{""dp_he"": 4, ""dp_only"": 0, ""he_only"": 0, ""neither"": 98}",0.702708300203085,0.0,100,0.0,4.0,0.3375,2.0057973108291627,0.3415,2.0148936376571656,finite,0.011270299553871155,0.014371398836374283,0,0.0,0.0,1.0,0,0.0,0.0,0.0,0.0,0.0,0.0,0.0,0,0.0,0.0,0.0,0.0,0,0,0,0.0,0.0,0,0,0.0
1.519394800066948,284.6351266196633,0.0,0.0,0.0,0,0,,,0.0,0.0,0.0,0.0,0,0.0,0,not_selected,0,0.0,not_selected,0.01705630123615265,0,0.3375,0.0,0.0,0.0,0.0,0.0,0.0,0,155.07787560112774,0.0,0,0.0,0.0,0.0,0.0,recorded_dp_events_only,released_packet,private_experiment_logs_not_public_dp_outputs,5130,trainable_parameters_v1,tex_packet,0.0,not_established,0.24383109994232655,0.5725507996976376,legacy_per_link_selection,0,0.0,0.0,0.0,0,seal,0,seal_save_size_upper_bound,0,50;40,0.0,0,0,0.0,not_selected,0,0.0,0,0.0,8192,0,0,0,0,40,0,0,0.0,0.0,0,0,0.0,227.46050932544122,0,0.0,0.0,8.000000000001,0.0,0,measured_norm_ratio_not_a_convergence_threshold,1.5224129017442465,84,100,0,0,0,0,0,0,0,0,0,0,1,0.0,0.0,fixed_mode_fixed_privacy,0.0,0.0,incomplete_cross_domain_protection,local_packet_or_secure_aggregate,cross_domain_model_update,[],observed_operations_not_a_security_proof,False,no_new_cloud_update,0.0,61,0.0,1.5338870007544756,102,102,0,scheduled,"{""dp_he"": 4, ""dp_only"": 0, ""he_only"": 0, ""neither"": 98}","{""dp_he"": 4, ""dp_only"": 0, ""he_only"": 0, ""neither"": 98}",0.6744825001806021,0.0,100,0.0,4.0,0.3375,2.0057973108291627,0.3495,1.9989081554412842,finite,0.01147409901022911,0.014492200687527657,0,0.0,0.0,1.0,0,0.0,0.0,0.0,0.0,0.0,0.0,0.0,0,0.0,0.0,0.0,0.0,0,0,0,0.0,0.0,0,0,0.0
0.9824416991323233,285.3235409195239,0.0,0.0,0.0,0,0,,,0.0,0.0,0.0,0.0,0,0.0,0,not_selected,0,0.0,not_selected,0.017418399453163147,0,0.3375,0.0,0.0,0.0,0.0,0.0,0.0,0,156.36179080046713,0.0,0,0.0,0.0,0.0,0.0,recorded_dp_events_only,released_packet,private_experiment_logs_not_public_dp_outputs,5130,trainable_parameters_v1,tex_packet,0.0,not_established,0.25268400087952614,0.011965800076723099,legacy_per_link_selection,0,0.0,0.0,0.0,0,seal,0,seal_save_size_upper_bound,0,50;40,0.0,0,0,0.0,not_selected,0,0.0,0,0.0,8192,0,0,0,0,40,0,0,0.0,0.0,0,0,0.0,227.46050932544122,0,0.0,0.0,8.000000000001,0.0,0,measured_norm_ratio_not_a_convergence_threshold,0.9853574000298977,84,100,0,0,0,0,0,0,0,0,0,0,1,0.0,0.0,fixed_mode_fixed_privacy,0.0,0.0,incomplete_cross_domain_protection,local_packet_or_secure_aggregate,cross_domain_model_update,[],observed_operations_not_a_security_proof,False,no_new_cloud_update,0.0,62,0.0,0.9973165988922119,102,102,0,scheduled,"{""dp_he"": 4, ""dp_only"": 0, ""he_only"": 0, ""neither"": 98}","{""dp_he"": 4, ""dp_only"": 0, ""he_only"": 0, ""neither"": 98}",0.6884142998605967,0.0,100,0.0,4.0,0.3375,2.0057973108291627,0.326,2.0324229373931884,finite,0.011959198862314224,0.014874899759888649,0,0.0,0.0,1.0,0,0.0,0.0,0.0,0.0,0.0,0.0,0.0,0,0.0,0.0,0.0,0.0,0,0,0,0.0,0.0,0,0,0.0
1.0383278001099825,286.0668171188498,0.0,0.0,0.0,0,0,,,0.0,0.0,0.0,0.0,0,0.0,0,not_selected,0,0.0,not_selected,0.01716970093548298,0,0.3375,0.0,0.0,0.0,0.0,0.0,0.0,0,157.72680160030723,0.0,0,0.0,0.0,0.0,0.0,recorded_dp_events_only,released_packet,private_experiment_logs_not_public_dp_outputs,5130,trainable_parameters_v1,tex_packet,0.0,not_established,0.252640999853611,0.013837100937962532,legacy_per_link_selection,0,0.0,0.0,0.0,0,seal,0,seal_save_size_upper_bound,0,50;40,0.0,0,0,0.0,not_selected,0,0.0,0,0.0,8192,0,0,0,0,40,0,0,0.0,0.0,0,0,0.0,227.46050932544122,0,0.0,0.0,8.000000000001,0.0,0,measured_norm_ratio_not_a_convergence_threshold,1.0405830014497042,84,100,0,0,0,0,0,0,0,0,0,0,1,0.0,0.0,fixed_mode_fixed_privacy,0.0,0.0,incomplete_cross_domain_protection,local_packet_or_secure_aggregate,cross_domain_model_update,[],observed_operations_not_a_security_proof,False,no_new_cloud_update,0.0,63,0.0,1.051986800506711,102,102,0,scheduled,"{""dp_he"": 4, ""dp_only"": 0, ""he_only"": 0, ""neither"": 98}","{""dp_he"": 4, ""dp_only"": 0, ""he_only"": 0, ""neither"": 98}",0.7432761993259192,0.0,100,0.0,4.0,0.3375,2.0057973108291627,0.3315,2.0030832920074464,finite,0.011403799057006836,0.013659000396728516,0,0.0,0.0,1.0,0,0.0,0.0,0.0,0.0,0.0,0.0,0.0,0,0.0,0.0,0.0,0.0,0,0,0,0.0,0.0,0,0,0.0
0.951809998601675,286.73350101808853,0.0,0.0,0.0,0,0,,,0.0,0.0,0.0,0.0,0,0.0,0,not_selected,0,0.0,not_selected,0.0163612999022007,0,0.3375,0.0,0.0,0.0,0.0,0.0,0.0,0,158.9983820002526,0.0,0,0.0,0.0,0.0,0.0,recorded_dp_events_only,released_packet,private_experiment_logs_not_public_dp_outputs,5130,trainable_parameters_v1,tex_packet,0.0,not_established,0.2463182993233204,0.01111919991672039,legacy_per_link_selection,0,0.0,0.0,0.0,0,seal,0,seal_save_size_upper_bound,0,50;40,0.0,0,0,0.0,not_selected,0,0.0,0,0.0,8192,0,0,0,0,40,0,0,0.0,0.0,0,0,0.0,227.46050932544122,0,0.0,0.0,8.000000000001,0.0,0,measured_norm_ratio_not_a_convergence_threshold,0.9540833998471498,84,100,0,0,0,0,0,0,0,0,0,0,1,0.0,0.0,fixed_mode_fixed_privacy,0.0,0.0,incomplete_cross_domain_protection,local_packet_or_secure_aggregate,cross_domain_model_update,[],observed_operations_not_a_security_proof,False,no_new_cloud_update,0.0,64,0.0,0.9654107000678778,102,102,0,scheduled,"{""dp_he"": 4, ""dp_only"": 0, ""he_only"": 0, ""neither"": 98}","{""dp_he"": 4, ""dp_only"": 0, ""he_only"": 0, ""neither"": 98}",0.6666838992387056,0.0,100,0.0,4.0,0.3375,2.0057973108291627,0.3185,2.033384475708008,finite,0.01132730022072792,0.013600701466202736,0,0.0,0.0,1.0,0,0.0,0.0,0.0,0.0,0.0,0.0,0.0,0,0.0,0.0,0.0,0.0,0,0,0,0.0,0.0,0,0,0.0
0.9929376039654016,287.450662518915,0.0,0.0,0.0,0,0,,,0.0,0.0,0.0,0.0,0,0.0,0,not_selected,0,0.0,not_selected,0.01663460023701191,0,0.3375,0.0,0.0,0.0,0.0,0.0,0.0,0,160.33648580126464,0.0,0,0.0,0.0,0.0,0.0,recorded_dp_events_only,released_packet,private_experiment_logs_not_public_dp_outputs,5130,trainable_parameters_v1,tex_packet,0.0,not_established,0.23695030063390732,0.011159401386976242,legacy_per_link_selection,0,0.0,0.0,0.0,0,seal,0,seal_save_size_upper_bound,0,50;40,0.0,0,0,0.0,not_selected,0,0.0,0,0.0,8192,0,0,0,0,40,0,0,0.0,0.0,0,0,0.0,227.46050932544122,0,0.0,0.0,8.000000000001,0.0,0,measured_norm_ratio_not_a_convergence_threshold,0.9968141000717878,84,100,0,0,0,0,0,0,0,0,0,0,1,0.0,0.0,fixed_mode_fixed_privacy,0.0,0.0,incomplete_cross_domain_protection,local_packet_or_secure_aggregate,cross_domain_model_update,[],observed_operations_not_a_security_proof,False,no_new_cloud_update,0.0,65,0.0,1.007845900952816,102,102,0,scheduled,"{""dp_he"": 4, ""dp_only"": 0, ""he_only"": 0, ""neither"": 98}","{""dp_he"": 4, ""dp_only"": 0, ""he_only"": 0, ""neither"": 98}",0.717161500826478,0.0,100,0.0,4.0,0.3375,2.0057973108291627,0.3355,2.0149866485595704,finite,0.011031800881028175,0.01490829698741436,0,0.0,0.0,1.0,0,0.0,0.0,0.0,0.0,0.0,0.0,0.0,0,0.0,0.0,0.0,0.0,0,0,0,0.0,0.0,0,0,0.0
1.0087992995977402,288.1623533191795,0.0,0.0,0.0,0,0,,,0.0,0.0,0.0,0.0,0,0.0,0,not_selected,0,0.0,not_selected,0.018450498580932617,0,0.3375,0.0,0.0,0.0,0.0,0.0,0.0,0,161.66607540100813,0.0,0,0.0,0.0,0.0,0.0,recorded_dp_events_only,released_packet,private_experiment_logs_not_public_dp_outputs,5130,trainable_parameters_v1,tex_packet,0.0,not_established,0.2532914001494646,0.013421900570392609,legacy_per_link_selection,0,0.0,0.0,0.0,0,seal,0,seal_save_size_upper_bound,0,50;40,0.0,0,0,0.0,not_selected,0,0.0,0,0.0,8192,0,0,0,0,40,0,0,0.0,0.0,0,0,0.0,227.46050932544122,0,0.0,0.0,8.000000000001,0.0,0,measured_norm_ratio_not_a_convergence_threshold,1.0126668997108936,84,100,0,0,0,0,0,0,0,0,0,0,1,0.0,0.0,fixed_mode_fixed_privacy,0.0,0.0,incomplete_cross_domain_protection,local_packet_or_secure_aggregate,cross_domain_model_update,[],observed_operations_not_a_security_proof,False,no_new_cloud_update,0.0,66,0.0,1.0246115997433662,102,102,0,scheduled,"{""dp_he"": 4, ""dp_only"": 0, ""he_only"": 0, ""neither"": 98}","{""dp_he"": 4, ""dp_only"": 0, ""he_only"": 0, ""neither"": 98}",0.7116908002644777,0.0,100,0.0,4.0,0.3375,2.0057973108291627,0.322,2.0214336776733397,finite,0.01194470003247261,0.015812300145626068,0,0.0,0.0,1.0,0,0.0,0.0,0.0,0.0,0.0,0.0,0.0,0,0.0,0.0,0.0,0.0,0,0,0,0.0,0.0,0,0,0.0
1.0101255998015404,288.8922986193264,0.0,0.0,0.0,0,0,,,0.0,0.0,0.0,0.0,0,0.0,0,not_selected,0,0.0,not_selected,0.01804499886929989,0,0.3375,0.0,0.0,0.0,0.0,0.0,0.0,0,163.0163968000561,0.0,0,0.0,0.0,0.0,0.0,recorded_dp_events_only,released_packet,private_experiment_logs_not_public_dp_outputs,5130,trainable_parameters_v1,tex_packet,0.0,not_established,0.24012960121035576,0.011298200115561485,legacy_per_link_selection,0,0.0,0.0,0.0,0,seal,0,seal_save_size_upper_bound,0,50;40,0.0,0,0,0.0,not_selected,0,0.0,0,0.0,8192,0,0,0,0,40,0,0,0.0,0.0,0,0,0.0,227.46050932544122,0,0.0,0.0,8.000000000001,0.0,0,measured_norm_ratio_not_a_convergence_threshold,1.0136612001806498,84,100,0,0,0,0,0,0,0,0,0,0,1,0.0,0.0,fixed_mode_fixed_privacy,0.0,0.0,incomplete_cross_domain_protection,local_packet_or_secure_aggregate,cross_domain_model_update,[],observed_operations_not_a_security_proof,False,no_new_cloud_update,0.0,67,0.0,1.0243686996400356,102,102,0,scheduled,"{""dp_he"": 4, ""dp_only"": 0, ""he_only"": 0, ""neither"": 98}","{""dp_he"": 4, ""dp_only"": 0, ""he_only"": 0, ""neither"": 98}",0.7299453001469374,0.0,100,0.0,4.0,0.3375,2.0057973108291627,0.328,2.009305040359497,finite,0.010707499459385872,0.014243099838495255,0,0.0,0.0,1.0,0,0.0,0.0,0.0,0.0,0.0,0.0,0.0,0,0.0,0.0,0.0,0.0,0,0,0,0.0,0.0,0,0,0.0
0.9548813011497259,289.56857472012587,0.0,0.0,0.0,0,0,,,0.0,0.0,0.0,0.0,0,0.0,0,not_selected,0,0.0,not_selected,0.017475100234150887,0,0.3375,0.0,0.0,0.0,0.0,0.0,0.0,0,164.83931700140238,0.0,0,0.0,0.0,0.0,0.0,recorded_dp_events_only,released_packet,private_experiment_logs_not_public_dp_outputs,5130,trainable_parameters_v1,tex_packet,0.0,not_established,0.24041109904646873,0.010531000792980194,legacy_per_link_selection,0,0.0,0.0,0.0,0,seal,0,seal_save_size_upper_bound,0,50;40,0.0,0,0,0.0,not_selected,0,0.0,0,0.0,8192,0,0,0,0,40,0,0,0.0,0.0,0,0,0.0,227.46050932544122,0,0.0,0.0,8.000000000001,0.0,0,measured_norm_ratio_not_a_convergence_threshold,0.9591083005070686,84,100,0,0,0,0,0,0,0,0,0,0,1,0.0,0.0,fixed_mode_fixed_privacy,0.0,0.0,incomplete_cross_domain_protection,local_packet_or_secure_aggregate,cross_domain_model_update,[],observed_operations_not_a_security_proof,False,no_new_cloud_update,0.0,68,0.0,0.9692963007837534,102,102,0,scheduled,"{""dp_he"": 4, ""dp_only"": 0, ""he_only"": 0, ""neither"": 98}","{""dp_he"": 4, ""dp_only"": 0, ""he_only"": 0, ""neither"": 98}",0.6762761007994413,0.0,100,0.0,4.0,0.3375,2.0057973108291627,0.313,2.0227866497039795,finite,0.010188000276684761,0.014414999634027481,0,0.0,0.0,1.0,0,0.0,0.0,0.0,0.0,0.0,0.0,0.0,0,0.0,0.0,0.0,0.0,0,0,0,0.0,0.0,0,0,0.0
0.9408119972795248,290.2270580186213,0.0,0.0,0.0,0,0,,,0.0,0.0,0.0,0.0,0,0.0,0,not_selected,0,0.0,not_selected,0.016801901161670685,0,0.3375,0.0,0.0,0.0,0.0,0.0,0.0,0,166.09091950021684,0.0,0,0.0,0.0,0.0,0.0,recorded_dp_events_only,released_packet,private_experiment_logs_not_public_dp_outputs,5130,trainable_parameters_v1,tex_packet,0.0,not_established,0.24296359904110432,0.011975999921560287,legacy_per_link_selection,0,0.0,0.0,0.0,0,seal,0,seal_save_size_upper_bound,0,50;40,0.0,0,0,0.0,not_selected,0,0.0,0,0.0,8192,0,0,0,0,40,0,0,0.0,0.0,0,0,0.0,227.46050932544122,0,0.0,0.0,8.000000000001,0.0,0,measured_norm_ratio_not_a_convergence_threshold,0.9437919016927481,84,100,0,0,0,0,0,0,0,0,0,0,1,0.0,0.0,fixed_mode_fixed_privacy,0.0,0.0,incomplete_cross_domain_protection,local_packet_or_secure_aggregate,cross_domain_model_update,[],observed_operations_not_a_security_proof,False,no_new_cloud_update,0.0,69,0.0,0.9543791003525257,102,102,0,scheduled,"{""dp_he"": 4, ""dp_only"": 0, ""he_only"": 0, ""neither"": 98}","{""dp_he"": 4, ""dp_only"": 0, ""he_only"": 0, ""neither"": 98}",0.6584832984954119,0.0,100,0.0,4.0,0.3375,2.0057973108291627,0.3095,2.033463144302368,finite,0.010587198659777641,0.013567103073000908,0,0.0,0.0,1.0,0,0.0,0.0,0.0,0.0,0.0,0.0,0.0,0,0.0,0.0,0.0,0.0,0,0,0,0.0,0.0,0,0,0.0
1.045507501810789,290.97228182020433,0.0,0.0,0.0,0,0,,,0.0,0.0,0.0,0.0,0,0.0,0,not_selected,0,0.0,not_selected,0.018680600449442863,0,0.3375,0.0,0.0,0.0,0.0,0.0,0.0,0,167.53557300008833,0.0,0,0.0,0.0,0.0,0.0,recorded_dp_events_only,released_packet,private_experiment_logs_not_public_dp_outputs,5130,trainable_parameters_v1,tex_packet,0.0,not_established,0.2552545014768839,0.014961699023842812,legacy_per_link_selection,0,0.0,0.0,0.0,0,seal,0,seal_save_size_upper_bound,0,50;40,0.0,0,0,0.0,not_selected,0,0.0,0,0.0,8192,0,0,0,0,40,0,0,0.0,0.0,0,0,0.0,227.46050932544122,0,0.0,0.0,8.000000000001,0.0,0,measured_norm_ratio_not_a_convergence_threshold,1.0480248015373945,84,100,0,0,0,0,0,0,0,0,0,0,1,0.0,0.0,fixed_mode_fixed_privacy,0.0,0.0,incomplete_cross_domain_protection,local_packet_or_secure_aggregate,cross_domain_model_update,[],observed_operations_not_a_security_proof,False,no_new_cloud_update,0.0,70,0.0,1.0594117008149624,102,102,0,scheduled,"{""dp_he"": 4, ""dp_only"": 0, ""he_only"": 0, ""neither"": 98}","{""dp_he"": 4, ""dp_only"": 0, ""he_only"": 0, ""neither"": 98}",0.7452238015830517,0.0,100,0.0,4.0,0.3375,2.0057973108291627,0.317,2.0219420452117918,finite,0.011386899277567863,0.013904199004173279,0,0.0,0.0,1.0,0,0.0,0.0,0.0,0.0,0.0,0.0,0.0,0,0.0,0.0,0.0,0.0,0,0,0,0.0,0.0,0,0,0.0
0.9600058011710644,291.65390751982875,0.0,0.0,0.0,0,0,,,0.0,0.0,0.0,0.0,0,0.0,0,not_selected,0,0.0,not_selected,0.017096400260925293,0,0.3375,0.0,0.0,0.0,0.0,0.0,0.0,0,168.8375450000167,0.0,0,0.0,0.0,0.0,0.0,recorded_dp_events_only,released_packet,private_experiment_logs_not_public_dp_outputs,5130,trainable_parameters_v1,tex_packet,0.0,not_established,0.239054000005126,0.010920301079750061,legacy_per_link_selection,0,0.0,0.0,0.0,0,seal,0,seal_save_size_upper_bound,0,50;40,0.0,0,0,0.0,not_selected,0,0.0,0,0.0,8192,0,0,0,0,40,0,0,0.0,0.0,0,0,0.0,227.46050932544122,0,0.0,0.0,8.000000000001,0.0,0,measured_norm_ratio_not_a_convergence_threshold,0.9624017998576164,84,100,0,0,0,0,0,0,0,0,0,0,1,0.0,0.0,fixed_mode_fixed_privacy,0.0,0.0,incomplete_cross_domain_protection,local_packet_or_secure_aggregate,cross_domain_model_update,[],observed_operations_not_a_security_proof,False,no_new_cloud_update,0.0,71,0.0,0.9737112000584602,102,102,0,scheduled,"{""dp_he"": 4, ""dp_only"": 0, ""he_only"": 0, ""neither"": 98}","{""dp_he"": 4, ""dp_only"": 0, ""he_only"": 0, ""neither"": 98}",0.6816256996244192,0.0,100,0.0,4.0,0.3375,2.0057973108291627,0.344,2.013213663101196,finite,0.011309400200843811,0.013705398887395859,0,0.0,0.0,1.0,0,0.0,0.0,0.0,0.0,0.0,0.0,0.0,0,0.0,0.0,0.0,0.0,0,0,0,0.0,0.0,0,0,0.0
0.961777301505208,292.32890072005637,0.0,0.0,0.0,0,0,,,0.0,0.0,0.0,0.0,0,0.0,0,not_selected,0,0.0,not_selected,0.015908999368548393,0,0.3375,0.0,0.0,0.0,0.0,0.0,0.0,0,170.12016360089183,0.0,0,0.0,0.0,0.0,0.0,recorded_dp_events_only,released_packet,private_experiment_logs_not_public_dp_outputs,5130,trainable_parameters_v1,tex_packet,0.0,not_established,0.24901390075683594,0.01119139976799488,legacy_per_link_selection,0,0.0,0.0,0.0,0,seal,0,seal_save_size_upper_bound,0,50;40,0.0,0,0,0.0,not_selected,0,0.0,0,0.0,8192,0,0,0,0,40,0,0,0.0,0.0,0,0,0.0,227.46050932544122,0,0.0,0.0,8.000000000001,0.0,0,measured_norm_ratio_not_a_convergence_threshold,0.9647279996424913,84,100,0,0,0,0,0,0,0,0,0,0,1,0.0,0.0,fixed_mode_fixed_privacy,0.0,0.0,incomplete_cross_domain_protection,local_packet_or_secure_aggregate,cross_domain_model_update,[],observed_operations_not_a_security_proof,False,no_new_cloud_update,0.0,72,0.0,0.9753978010267019,102,102,0,scheduled,"{""dp_he"": 4, ""dp_only"": 0, ""he_only"": 0, ""neither"": 98}","{""dp_he"": 4, ""dp_only"": 0, ""he_only"": 0, ""neither"": 98}",0.6749932002276182,0.0,100,0.0,4.0,0.3375,2.0057973108291627,0.3275,2.0210843286514284,finite,0.010669801384210587,0.013620499521493912,0,0.0,0.0,1.0,0,0.0,0.0,0.0,0.0,0.0,0.0,0.0,0,0.0,0.0,0.0,0.0,0,0,0,0.0,0.0,0,0,0.0
1.0774643998593092,293.1058050199116,0.0,0.0,0.0,0,0,,,0.0,0.0,0.0,0.0,0,0.0,0,not_selected,0,0.0,not_selected,0.020260801538825035,0,0.3375,0.0,0.0,0.0,0.0,0.0,0.0,0,171.5626699011773,0.0,0,0.0,0.0,0.0,0.0,recorded_dp_events_only,released_packet,private_experiment_logs_not_public_dp_outputs,5130,trainable_parameters_v1,tex_packet,0.0,not_established,0.2571775000542402,0.011166499927639961,legacy_per_link_selection,0,0.0,0.0,0.0,0,seal,0,seal_save_size_upper_bound,0,50;40,0.0,0,0,0.0,not_selected,0,0.0,0,0.0,8192,0,0,0,0,40,0,0,0.0,0.0,0,0,0.0,227.46050932544122,0,0.0,0.0,8.000000000001,0.0,0,measured_norm_ratio_not_a_convergence_threshold,1.0870111007243395,84,100,0,0,0,0,0,0,0,0,0,0,1,0.0,0.0,fixed_mode_fixed_privacy,0.0,0.0,incomplete_cross_domain_protection,local_packet_or_secure_aggregate,cross_domain_model_update,[],observed_operations_not_a_security_proof,False,no_new_cloud_update,0.0,73,0.0,1.0989663992077112,102,102,0,scheduled,"{""dp_he"": 4, ""dp_only"": 0, ""he_only"": 0, ""neither"": 98}","{""dp_he"": 4, ""dp_only"": 0, ""he_only"": 0, ""neither"": 98}",0.7769042998552322,0.0,100,0.0,4.0,0.3375,2.0057973108291627,0.3255,2.026724683761597,finite,0.011955298483371735,0.021501999348402023,0,0.0,0.0,1.0,0,0.0,0.0,0.0,0.0,0.0,0.0,0.0,0,0.0,0.0,0.0,0.0,0,0,0,0.0,0.0,0,0,0.0
1.0075764991343021,293.81780541973956,0.0,0.0,0.0,0,0,,,0.0,0.0,0.0,0.0,0,0.0,0,not_selected,0,0.0,not_selected,0.02046249993145466,0,0.3375,0.0,0.0,0.0,0.0,0.0,0.0,0,172.9579567015171,0.0,0,0.0,0.0,0.0,0.0,recorded_dp_events_only,released_packet,private_experiment_logs_not_public_dp_outputs,5130,trainable_parameters_v1,tex_packet,0.0,not_established,0.24883349984884262,0.011847000569105148,legacy_per_link_selection,0,0.0,0.0,0.0,0,seal,0,seal_save_size_upper_bound,0,50;40,0.0,0,0,0.0,not_selected,0,0.0,0,0.0,8192,0,0,0,0,40,0,0,0.0,0.0,0,0,0.0,227.46050932544122,0,0.0,0.0,8.000000000001,0.0,0,measured_norm_ratio_not_a_convergence_threshold,1.0116085018962622,84,100,0,0,0,0,0,0,0,0,0,0,1,0.0,0.0,fixed_mode_fixed_privacy,0.0,0.0,incomplete_cross_domain_protection,local_packet_or_secure_aggregate,cross_domain_model_update,[],observed_operations_not_a_security_proof,False,no_new_cloud_update,0.0,74,0.0,1.0260416008532047,102,102,0,scheduled,"{""dp_he"": 4, ""dp_only"": 0, ""he_only"": 0, ""neither"": 98}","{""dp_he"": 4, ""dp_only"": 0, ""he_only"": 0, ""neither"": 98}",0.7120003998279572,0.0,100,0.0,4.0,0.3375,2.0057973108291627,0.305,2.037538858413696,finite,0.014433098956942558,0.018465101718902588,0,0.0,0.0,1.0,0,0.0,0.0,0.0,0.0,0.0,0.0,0.0,0,0.0,0.0,0.0,0.0,0,0,0,0.0,0.0,0,0,0.0
0.9592445008456707,294.4953317205126,0.0,0.0,0.0,0,0,,,0.0,0.0,0.0,0.0,0,0.0,0,not_selected,0,0.0,not_selected,0.017070399597287178,0,0.3375,0.0,0.0,0.0,0.0,0.0,0.0,0,174.25823090039194,0.0,0,0.0,0.0,0.0,0.0,recorded_dp_events_only,released_packet,private_experiment_logs_not_public_dp_outputs,5130,trainable_parameters_v1,tex_packet,0.0,not_established,0.24188040010631084,0.01146099902689457,legacy_per_link_selection,0,0.0,0.0,0.0,0,seal,0,seal_save_size_upper_bound,0,50;40,0.0,0,0,0.0,not_selected,0,0.0,0,0.0,8192,0,0,0,0,40,0,0,0.0,0.0,0,0,0.0,227.46050932544122,0,0.0,0.0,8.000000000001,0.0,0,measured_norm_ratio_not_a_convergence_threshold,0.9618094991892576,84,100,0,0,0,0,0,0,0,0,0,0,1,0.0,0.0,fixed_mode_fixed_privacy,0.0,0.0,incomplete_cross_domain_protection,local_packet_or_secure_aggregate,cross_domain_model_update,[],observed_operations_not_a_security_proof,False,no_new_cloud_update,0.0,75,0.0,0.9731159005314112,102,102,0,scheduled,"{""dp_he"": 4, ""dp_only"": 0, ""he_only"": 0, ""neither"": 98}","{""dp_he"": 4, ""dp_only"": 0, ""he_only"": 0, ""neither"": 98}",0.6775263007730246,0.0,100,0.0,4.0,0.3375,2.0057973108291627,0.3285,2.0170714626312254,finite,0.01130640134215355,0.013871399685740471,0,0.0,0.0,1.0,0,0.0,0.0,0.0,0.0,0.0,0.0,0.0,0,0.0,0.0,0.0,0.0,0,0,0,0.0,0.0,0,0,0.0
0.9610163979232311,295.1738659209276,0.0,0.0,0.0,0,0,,,0.0,0.0,0.0,0.0,0,0.0,0,not_selected,0,0.0,not_selected,0.016771400347352028,0,0.3375,0.0,0.0,0.0,0.0,0.0,0.0,0,175.55647550150752,0.0,0,0.0,0.0,0.0,0.0,recorded_dp_events_only,released_packet,private_experiment_logs_not_public_dp_outputs,5130,trainable_parameters_v1,tex_packet,0.0,not_established,0.24438259936869144,0.011064399033784866,legacy_per_link_selection,0,0.0,0.0,0.0,0,seal,0,seal_save_size_upper_bound,0,50;40,0.0,0,0,0.0,not_selected,0,0.0,0,0.0,8192,0,0,0,0,40,0,0,0.0,0.0,0,0,0.0,227.46050932544122,0,0.0,0.0,8.000000000001,0.0,0,measured_norm_ratio_not_a_convergence_threshold,0.9644802007824183,84,100,0,0,0,0,0,0,0,0,0,0,1,0.0,0.0,fixed_mode_fixed_privacy,0.0,0.0,incomplete_cross_domain_protection,local_packet_or_secure_aggregate,cross_domain_model_update,[],observed_operations_not_a_security_proof,False,no_new_cloud_update,0.0,76,0.0,0.9747439995408058,102,102,0,scheduled,"{""dp_he"": 4, ""dp_only"": 0, ""he_only"": 0, ""neither"": 98}","{""dp_he"": 4, ""dp_only"": 0, ""he_only"": 0, ""neither"": 98}",0.6785342004150152,0.0,100,0.0,4.0,0.3375,2.0057973108291627,0.3295,2.01658678817749,finite,0.010263798758387566,0.013727601617574692,0,0.0,0.0,1.0,0,0.0,0.0,0.0,0.0,0.0,0.0,0.0,0,0.0,0.0,0.0,0.0,0,0,0,0.0,0.0,0,0,0.0
1.0215937998145819,295.9009072213138,0.0,0.0,0.0,0,0,,,0.0,0.0,0.0,0.0,0,0.0,0,not_selected,0,0.0,not_selected,0.01934020034968853,0,0.3375,0.0,0.0,0.0,0.0,0.0,0.0,0,176.91993030160666,0.0,0,0.0,0.0,0.0,0.0,recorded_dp_events_only,released_packet,private_experiment_logs_not_public_dp_outputs,5130,trainable_parameters_v1,tex_packet,0.0,not_established,0.2527555003762245,0.011296598240733147,legacy_per_link_selection,0,0.0,0.0,0.0,0,seal,0,seal_save_size_upper_bound,0,50;40,0.0,0,0,0.0,not_selected,0,0.0,0,0.0,8192,0,0,0,0,40,0,0,0.0,0.0,0,0,0.0,227.46050932544122,0,0.0,0.0,8.000000000001,0.0,0,measured_norm_ratio_not_a_convergence_threshold,1.026094600558281,84,100,0,0,0,0,0,0,0,0,0,0,1,0.0,0.0,fixed_mode_fixed_privacy,0.0,0.0,incomplete_cross_domain_protection,local_packet_or_secure_aggregate,cross_domain_model_update,[],observed_operations_not_a_security_proof,False,no_new_cloud_update,0.0,77,0.0,1.0372548010200262,102,102,0,scheduled,"{""dp_he"": 4, ""dp_only"": 0, ""he_only"": 0, ""neither"": 98}","{""dp_he"": 4, ""dp_only"": 0, ""he_only"": 0, ""neither"": 98}",0.7270413003861904,0.0,100,0.0,4.0,0.3375,2.0057973108291627,0.3295,2.022011664390564,finite,0.011160200461745262,0.015661001205444336,0,0.0,0.0,1.0,0,0.0,0.0,0.0,0.0,0.0,0.0,0.0,0,0.0,0.0,0.0,0.0,0,0,0,0.0,0.0,0,0,0.0
0.9857652988284826,296.6071808217729,0.0,0.0,0.0,0,0,,,0.0,0.0,0.0,0.0,0,0.0,0,not_selected,0,0.0,not_selected,0.016749899834394455,0,0.3375,0.0,0.0,0.0,0.0,0.0,0.0,0,178.27845670096576,0.0,0,0.0,0.0,0.0,0.0,recorded_dp_events_only,released_packet,private_experiment_logs_not_public_dp_outputs,5130,trainable_parameters_v1,tex_packet,0.0,not_established,0.24025999940931797,0.010609200224280357,legacy_per_link_selection,0,0.0,0.0,0.0,0,seal,0,seal_save_size_upper_bound,0,50;40,0.0,0,0,0.0,not_selected,0,0.0,0,0.0,8192,0,0,0,0,40,0,0,0.0,0.0,0,0,0.0,227.46050932544122,0,0.0,0.0,8.000000000001,0.0,0,measured_norm_ratio_not_a_convergence_threshold,0.9871037993580103,84,100,0,0,0,0,0,0,0,0,0,0,1,0.0,0.0,fixed_mode_fixed_privacy,0.0,0.0,incomplete_cross_domain_protection,local_packet_or_secure_aggregate,cross_domain_model_update,[],observed_operations_not_a_security_proof,False,no_new_cloud_update,0.0,78,0.0,0.9989763982594013,102,102,0,scheduled,"{""dp_he"": 4, ""dp_only"": 0, ""he_only"": 0, ""neither"": 98}","{""dp_he"": 4, ""dp_only"": 0, ""he_only"": 0, ""neither"": 98}",0.7062736004590988,0.0,100,0.0,4.0,0.3375,2.0057973108291627,0.3245,2.022113391876221,finite,0.01187259890139103,0.013211099430918694,0,0.0,0.0,1.0,0,0.0,0.0,0.0,0.0,0.0,0.0,0.0,0,0.0,0.0,0.0,0.0,0,0,0,0.0,0.0,0,0,0.0
1.1735024973750114,297.50548532145865,0.0,0.0,0.0,0,0,,,0.0,0.0,0.0,0.0,0,0.0,0,not_selected,0,0.0,not_selected,0.01767359860241413,0,0.3375,0.0,0.0,0.0,0.0,0.0,0.0,0,179.78851720131934,0.0,0,0.0,0.0,0.0,0.0,recorded_dp_events_only,released_packet,private_experiment_logs_not_public_dp_outputs,5130,trainable_parameters_v1,tex_packet,0.0,not_established,0.2344530001282692,0.010965399444103241,legacy_per_link_selection,0,0.0,0.0,0.0,0,seal,0,seal_save_size_upper_bound,0,50;40,0.0,0,0,0.0,not_selected,0,0.0,0,0.0,8192,0,0,0,0,40,0,0,0.0,0.0,0,0,0.0,227.46050932544122,0,0.0,0.0,8.000000000001,0.0,0,measured_norm_ratio_not_a_convergence_threshold,1.1764024011790752,84,100,0,0,0,0,0,0,0,0,0,0,1,0.0,0.0,fixed_mode_fixed_privacy,0.0,0.0,incomplete_cross_domain_protection,local_packet_or_secure_aggregate,cross_domain_model_update,[],observed_operations_not_a_security_proof,False,no_new_cloud_update,0.0,79,0.0,1.1885084006935358,102,102,0,scheduled,"{""dp_he"": 4, ""dp_only"": 0, ""he_only"": 0, ""neither"": 98}","{""dp_he"": 4, ""dp_only"": 0, ""he_only"": 0, ""neither"": 98}",0.8983044996857643,0.0,100,0.0,4.0,0.3375,2.0057973108291627,0.318,2.0238239574432373,finite,0.012105999514460564,0.01500590331852436,0,0.0,0.0,1.0,0,0.0,0.0,0.0,0.0,0.0,0.0,0.0,0,0.0,0.0,0.0,0.0,0,0,0,0.0,0.0,0,0,0.0
0.9665028024464846,298.18023692170925,0.0,0.0,0.0,0,0,,,0.0,0.0,0.0,0.0,0,0.0,0,not_selected,0,0.0,not_selected,0.016877399757504463,0,0.3375,0.0,0.0,0.0,0.0,0.0,0.0,0,181.10881850123405,0.0,0,0.0,0.0,0.0,0.0,recorded_dp_events_only,released_packet,private_experiment_logs_not_public_dp_outputs,5130,trainable_parameters_v1,tex_packet,0.0,not_established,0.2521670013666153,0.010587900876998901,legacy_per_link_selection,0,0.0,0.0,0.0,0,seal,0,seal_save_size_upper_bound,0,50;40,0.0,0,0,0.0,not_selected,0,0.0,0,0.0,8192,0,0,0,0,40,0,0,0.0,0.0,0,0,0.0,227.46050932544122,0,0.0,0.0,8.000000000001,0.0,0,measured_norm_ratio_not_a_convergence_threshold,0.9674158003181219,84,100,0,0,0,0,0,0,0,0,0,0,1,0.0,0.0,fixed_mode_fixed_privacy,0.0,0.0,incomplete_cross_domain_protection,local_packet_or_secure_aggregate,cross_domain_model_update,[],observed_operations_not_a_security_proof,False,no_new_cloud_update,0.0,80,0.0,0.979534700512886,102,102,0,scheduled,"{""dp_he"": 4, ""dp_only"": 0, ""he_only"": 0, ""neither"": 98}","{""dp_he"": 4, ""dp_only"": 0, ""he_only"": 0, ""neither"": 98}",0.6747516002506018,0.0,100,0.0,4.0,0.3375,2.0057973108291627,0.3275,2.017682967185974,finite,0.012118900194764137,0.013031898066401482,0,0.0,0.0,1.0,0,0.0,0.0,0.0,0.0,0.0,0.0,0.0,0,0.0,0.0,0.0,0.0,0,0,0,0.0,0.0,0,0,0.0
1.0807609036564827,298.95994742314167,0.0,0.0,0.0,0,0,,,0.0,0.0,0.0,0.0,0,0.0,0,not_selected,0,0.0,not_selected,0.022163400426506996,0,0.3375,0.0,0.0,0.0,0.0,0.0,0.0,0,182.60563139989972,0.0,0,0.0,0.0,0.0,0.0,recorded_dp_events_only,released_packet,private_experiment_logs_not_public_dp_outputs,5130,trainable_parameters_v1,tex_packet,0.0,not_established,0.25565560162067413,0.010846899822354317,legacy_per_link_selection,0,0.0,0.0,0.0,0,seal,0,seal_save_size_upper_bound,0,50;40,0.0,0,0,0.0,not_selected,0,0.0,0,0.0,8192,0,0,0,0,40,0,0,0.0,0.0,0,0,0.0,227.46050932544122,0,0.0,0.0,8.000000000001,0.0,0,measured_norm_ratio_not_a_convergence_threshold,1.0828536991029978,84,100,0,0,0,0,0,0,0,0,0,0,1,0.0,0.0,fixed_mode_fixed_privacy,0.0,0.0,incomplete_cross_domain_protection,local_packet_or_secure_aggregate,cross_domain_model_update,[],observed_operations_not_a_security_proof,False,no_new_cloud_update,0.0,81,0.0,1.0952381994575262,102,102,0,scheduled,"{""dp_he"": 4, ""dp_only"": 0, ""he_only"": 0, ""neither"": 98}","{""dp_he"": 4, ""dp_only"": 0, ""he_only"": 0, ""neither"": 98}",0.7797105014324188,0.0,100,0.0,4.0,0.3375,2.0057973108291627,0.3275,2.0122478885650636,finite,0.012384500354528427,0.01447729580104351,0,0.0,0.0,1.0,0,0.0,0.0,0.0,0.0,0.0,0.0,0.0,0,0.0,0.0,0.0,0.0,0,0,0,0.0,0.0,0,0,0.0
0.937271598726511,299.6188478219027,0.0,0.0,0.0,0,0,,,0.0,0.0,0.0,0.0,0,0.0,0,not_selected,0,0.0,not_selected,0.016179298982024193,0,0.3375,0.0,0.0,0.0,0.0,0.0,0.0,0,183.90582180023193,0.0,0,0.0,0.0,0.0,0.0,recorded_dp_events_only,released_packet,private_experiment_logs_not_public_dp_outputs,5130,trainable_parameters_v1,tex_packet,0.0,not_established,0.24007240124046803,0.01076439954340458,legacy_per_link_selection,0,0.0,0.0,0.0,0,seal,0,seal_save_size_upper_bound,0,50;40,0.0,0,0,0.0,not_selected,0,0.0,0,0.0,8192,0,0,0,0,40,0,0,0.0,0.0,0,0,0.0,227.46050932544122,0,0.0,0.0,8.000000000001,0.0,0,measured_norm_ratio_not_a_convergence_threshold,0.9404434002935886,84,100,0,0,0,0,0,0,0,0,0,0,1,0.0,0.0,fixed_mode_fixed_privacy,0.0,0.0,incomplete_cross_domain_protection,local_packet_or_secure_aggregate,cross_domain_model_update,[],observed_operations_not_a_security_proof,False,no_new_cloud_update,0.0,82,0.0,0.9517985004931688,102,102,0,scheduled,"{""dp_he"": 4, ""dp_only"": 0, ""he_only"": 0, ""neither"": 98}","{""dp_he"": 4, ""dp_only"": 0, ""he_only"": 0, ""neither"": 98}",0.658900398761034,0.0,100,0.0,4.0,0.3375,2.0057973108291627,0.3245,2.0205627222061158,finite,0.011355100199580193,0.01452690176665783,0,0.0,0.0,1.0,0,0.0,0.0,0.0,0.0,0.0,0.0,0.0,0,0.0,0.0,0.0,0.0,0,0,0,0.0,0.0,0,0,0.0
0.9593995027244091,300.30323362263687,0.0,0.0,0.0,0,0,,,0.0,0.0,0.0,0.0,0,0.0,0,not_selected,0,0.0,not_selected,0.01685520075261593,0,0.3375,0.0,0.0,0.0,0.0,0.0,0.0,0,185.20632559992373,0.0,0,0.0,0.0,0.0,0.0,recorded_dp_events_only,released_packet,private_experiment_logs_not_public_dp_outputs,5130,trainable_parameters_v1,tex_packet,0.0,not_established,0.2351697999984026,0.010394500568509102,legacy_per_link_selection,0,0.0,0.0,0.0,0,seal,0,seal_save_size_upper_bound,0,50;40,0.0,0,0,0.0,not_selected,0,0.0,0,0.0,8192,0,0,0,0,40,0,0,0.0,0.0,0,0,0.0,227.46050932544122,0,0.0,0.0,8.000000000001,0.0,0,measured_norm_ratio_not_a_convergence_threshold,0.9609510991722345,84,100,0,0,0,0,0,0,0,0,0,0,1,0.0,0.0,fixed_mode_fixed_privacy,0.0,0.0,incomplete_cross_domain_protection,local_packet_or_secure_aggregate,cross_domain_model_update,[],observed_operations_not_a_security_proof,False,no_new_cloud_update,0.0,83,0.0,0.9735452998429537,102,102,0,scheduled,"{""dp_he"": 4, ""dp_only"": 0, ""he_only"": 0, ""neither"": 98}","{""dp_he"": 4, ""dp_only"": 0, ""he_only"": 0, ""neither"": 98}",0.6843858007341623,0.0,100,0.0,4.0,0.3375,2.0057973108291627,0.309,2.0390483627319336,finite,0.012594200670719147,0.014145797118544579,0,0.0,0.0,1.0,0,0.0,0.0,0.0,0.0,0.0,0.0,0.0,0,0.0,0.0,0.0,0.0,0,0,0,0.0,0.0,0,0,0.0
0.9842542968690395,300.99150132114835,0.0,0.0,0.0,0,0,,,0.0,0.0,0.0,0.0,0,0.0,0,not_selected,0,0.0,not_selected,0.01807989925146103,0,0.3375,0.0,0.0,0.0,0.0,0.0,0.0,0,186.559166200459,0.0,0,0.0,0.0,0.0,0.0,recorded_dp_events_only,released_packet,private_experiment_logs_not_public_dp_outputs,5130,trainable_parameters_v1,tex_packet,0.0,not_established,0.25485759973526,0.01147179864346981,legacy_per_link_selection,0,0.0,0.0,0.0,0,seal,0,seal_save_size_upper_bound,0,50;40,0.0,0,0,0.0,not_selected,0,0.0,0,0.0,8192,0,0,0,0,40,0,0,0.0,0.0,0,0,0.0,227.46050932544122,0,0.0,0.0,8.000000000001,0.0,0,measured_norm_ratio_not_a_convergence_threshold,0.9897384997457266,84,100,0,0,0,0,0,0,0,0,0,0,1,0.0,0.0,fixed_mode_fixed_privacy,0.0,0.0,incomplete_cross_domain_protection,local_packet_or_secure_aggregate,cross_domain_model_update,[],observed_operations_not_a_security_proof,False,no_new_cloud_update,0.0,84,0.0,1.001315800473094,102,102,0,scheduled,"{""dp_he"": 4, ""dp_only"": 0, ""he_only"": 0, ""neither"": 98}","{""dp_he"": 4, ""dp_only"": 0, ""he_only"": 0, ""neither"": 98}",0.6882676985114813,0.0,100,0.0,4.0,0.3375,2.0057973108291627,0.324,2.0176007471084594,finite,0.011577300727367401,0.01706150360405445,0,0.0,0.0,1.0,0,0.0,0.0,0.0,0.0,0.0,0.0,0.0,0,0.0,0.0,0.0,0.0,0,0,0,0.0,0.0,0,0,0.0
1.0297322999686003,301.7420104211832,0.0,0.0,0.0,0,0,,,0.0,0.0,0.0,0.0,0,0.0,0,not_selected,0,0.0,not_selected,0.017690200358629227,0,0.3375,0.0,0.0,0.0,0.0,0.0,0.0,0,187.9994823001325,0.0,0,0.0,0.0,0.0,0.0,recorded_dp_events_only,released_packet,private_experiment_logs_not_public_dp_outputs,5130,trainable_parameters_v1,tex_packet,0.0,not_established,0.2380876000970602,0.010761799290776253,legacy_per_link_selection,0,0.0,0.0,0.0,0,seal,0,seal_save_size_upper_bound,0,50;40,0.0,0,0,0.0,not_selected,0,0.0,0,0.0,8192,0,0,0,0,40,0,0,0.0,0.0,0,0,0.0,227.46050932544122,0,0.0,0.0,8.000000000001,0.0,0,measured_norm_ratio_not_a_convergence_threshold,1.0315687004476786,84,100,0,0,0,0,0,0,0,0,0,0,1,0.0,0.0,fixed_mode_fixed_privacy,0.0,0.0,incomplete_cross_domain_protection,local_packet_or_secure_aggregate,cross_domain_model_update,[],observed_operations_not_a_security_proof,False,no_new_cloud_update,0.0,85,0.0,1.0442523006349802,102,102,0,scheduled,"{""dp_he"": 4, ""dp_only"": 0, ""he_only"": 0, ""neither"": 98}","{""dp_he"": 4, ""dp_only"": 0, ""he_only"": 0, ""neither"": 98}",0.750509100034833,0.0,100,0.0,4.0,0.3375,2.0057973108291627,0.319,2.0218170471191406,finite,0.012683600187301636,0.014520000666379929,0,0.0,0.0,1.0,0,0.0,0.0,0.0,0.0,0.0,0.0,0.0,0,0.0,0.0,0.0,0.0,0,0,0,0.0,0.0,0,0,0.0
1.0427407994866371,302.5002993206198,0.0,0.0,0.0,0,0,,,0.0,0.0,0.0,0.0,0,0.0,0,not_selected,0,0.0,not_selected,0.017468800768256187,0,0.3375,0.0,0.0,0.0,0.0,0.0,0.0,0,189.40291220135987,0.0,0,0.0,0.0,0.0,0.0,recorded_dp_events_only,released_packet,private_experiment_logs_not_public_dp_outputs,5130,trainable_parameters_v1,tex_packet,0.0,not_established,0.24485250003635883,0.010494399815797806,legacy_per_link_selection,0,0.0,0.0,0.0,0,seal,0,seal_save_size_upper_bound,0,50;40,0.0,0,0,0.0,not_selected,0,0.0,0,0.0,8192,0,0,0,0,40,0,0,0.0,0.0,0,0,0.0,227.46050932544122,0,0.0,0.0,8.000000000001,0.0,0,measured_norm_ratio_not_a_convergence_threshold,1.0442025009542704,84,100,0,0,0,0,0,0,0,0,0,0,1,0.0,0.0,fixed_mode_fixed_privacy,0.0,0.0,incomplete_cross_domain_protection,local_packet_or_secure_aggregate,cross_domain_model_update,[],observed_operations_not_a_security_proof,False,no_new_cloud_update,0.0,86,0.0,1.0558387003839016,102,102,0,scheduled,"{""dp_he"": 4, ""dp_only"": 0, ""he_only"": 0, ""neither"": 98}","{""dp_he"": 4, ""dp_only"": 0, ""he_only"": 0, ""neither"": 98}",0.7582888994365931,0.0,100,0.0,4.0,0.3375,2.0057973108291627,0.3395,1.9934903659820558,finite,0.011636199429631233,0.01309790089726448,0,0.0,0.0,1.0,0,0.0,0.0,0.0,0.0,0.0,0.0,0.0,0,0.0,0.0,0.0,0.0,0,0,0,0.0,0.0,0,0,0.0
0.9613672029227018,303.1799105210865,0.0,0.0,0.0,0,0,,,0.0,0.0,0.0,0.0,0,0.0,0,not_selected,0,0.0,not_selected,0.01657940074801445,0,0.3375,0.0,0.0,0.0,0.0,0.0,0.0,0,190.72105380147696,0.0,0,0.0,0.0,0.0,0.0,recorded_dp_events_only,released_packet,private_experiment_logs_not_public_dp_outputs,5130,trainable_parameters_v1,tex_packet,0.0,not_established,0.24308880046010017,0.010589400306344032,legacy_per_link_selection,0,0.0,0.0,0.0,0,seal,0,seal_save_size_upper_bound,0,50;40,0.0,0,0,0.0,not_selected,0,0.0,0,0.0,8192,0,0,0,0,40,0,0,0.0,0.0,0,0,0.0,227.46050932544122,0,0.0,0.0,8.000000000001,0.0,0,measured_norm_ratio_not_a_convergence_threshold,0.9635064005851746,84,100,0,0,0,0,0,0,0,0,0,0,1,0.0,0.0,fixed_mode_fixed_privacy,0.0,0.0,incomplete_cross_domain_protection,local_packet_or_secure_aggregate,cross_domain_model_update,[],observed_operations_not_a_security_proof,False,no_new_cloud_update,0.0,87,0.0,0.9750048015266657,102,102,0,scheduled,"{""dp_he"": 4, ""dp_only"": 0, ""he_only"": 0, ""neither"": 98}","{""dp_he"": 4, ""dp_only"": 0, ""he_only"": 0, ""neither"": 98}",0.679611200466752,0.0,100,0.0,4.0,0.3375,2.0057973108291627,0.332,2.014993928909302,finite,0.011498400941491127,0.013637598603963852,0,0.0,0.0,1.0,0,0.0,0.0,0.0,0.0,0.0,0.0,0.0,0,0.0,0.0,0.0,0.0,0,0,0,0.0,0.0,0,0,0.0
1.3800222985446453,303.9993625200058,0.0,0.0,0.0,0,0,,,0.0,0.0,0.0,0.0,0,0.0,0,not_selected,0,0.0,not_selected,0.01910270005464554,0,0.3375,0.0,0.0,0.0,0.0,0.0,0.0,0,193.3534955009818,0.0,0,0.0,0.0,0.0,0.0,recorded_dp_events_only,released_packet,private_experiment_logs_not_public_dp_outputs,5130,trainable_parameters_v1,tex_packet,0.0,not_established,0.5145616997033358,0.015053698793053627,legacy_per_link_selection,0,0.0,0.0,0.0,0,seal,0,seal_save_size_upper_bound,0,50;40,0.0,0,0,0.0,not_selected,0,0.0,0,0.0,8192,0,0,0,0,40,0,0,0.0,0.0,0,0,0.0,227.46050932544122,0,0.0,0.0,8.000000000001,0.0,0,measured_norm_ratio_not_a_convergence_threshold,1.385251697152853,84,100,0,0,0,0,0,0,0,0,0,0,1,0.0,0.0,fixed_mode_fixed_privacy,0.0,0.0,incomplete_cross_domain_protection,local_packet_or_secure_aggregate,cross_domain_model_update,[],observed_operations_not_a_security_proof,False,no_new_cloud_update,0.0,88,0.0,1.3971038982272148,102,102,0,scheduled,"{""dp_he"": 4, ""dp_only"": 0, ""he_only"": 0, ""neither"": 98}","{""dp_he"": 4, ""dp_only"": 0, ""he_only"": 0, ""neither"": 98}",0.8194519989192486,0.0,100,0.0,4.0,0.3375,2.0057973108291627,0.323,2.0285338439941407,finite,0.011852201074361801,0.017081599682569504,0,0.0,0.0,1.0,0,0.0,0.0,0.0,0.0,0.0,0.0,0.0,0,0.0,0.0,0.0,0.0,0,0,0,0.0,0.0,0,0,0.0
0.9588094986975193,304.67694922077305,0.0,0.0,0.0,0,0,,,0.0,0.0,0.0,0.0,0,0.0,0,not_selected,0,0.0,not_selected,0.017202498391270638,0,0.3375,0.0,0.0,0.0,0.0,0.0,0.0,0,194.67560860142112,0.0,0,0.0,0.0,0.0,0.0,recorded_dp_events_only,released_packet,private_experiment_logs_not_public_dp_outputs,5130,trainable_parameters_v1,tex_packet,0.0,not_established,0.2422183994203806,0.010955600067973137,legacy_per_link_selection,0,0.0,0.0,0.0,0,seal,0,seal_save_size_upper_bound,0,50;40,0.0,0,0,0.0,not_selected,0,0.0,0,0.0,8192,0,0,0,0,40,0,0,0.0,0.0,0,0,0.0,227.46050932544122,0,0.0,0.0,8.000000000001,0.0,0,measured_norm_ratio_not_a_convergence_threshold,0.9615456014871597,84,100,0,0,0,0,0,0,0,0,0,0,1,0.0,0.0,fixed_mode_fixed_privacy,0.0,0.0,incomplete_cross_domain_protection,local_packet_or_secure_aggregate,cross_domain_model_update,[],observed_operations_not_a_security_proof,False,no_new_cloud_update,0.0,89,0.0,0.972391901537776,102,102,0,scheduled,"{""dp_he"": 4, ""dp_only"": 0, ""he_only"": 0, ""neither"": 98}","{""dp_he"": 4, ""dp_only"": 0, ""he_only"": 0, ""neither"": 98}",0.6775867007672787,0.0,100,0.0,4.0,0.3375,2.0057973108291627,0.345,2.008658341407776,finite,0.010846300050616264,0.013582402840256691,0,0.0,0.0,1.0,0,0.0,0.0,0.0,0.0,0.0,0.0,0.0,0,0.0,0.0,0.0,0.0,0,0,0,0.0,0.0,0,0,0.0
0.9431248996406794,305.3405491198117,0.0,0.0,0.0,0,0,,,0.0,0.0,0.0,0.0,0,0.0,0,not_selected,0,0.0,not_selected,0.01693210005760193,0,0.3375,0.0,0.0,0.0,0.0,0.0,0.0,0,195.97451299987733,0.0,0,0.0,0.0,0.0,0.0,recorded_dp_events_only,released_packet,private_experiment_logs_not_public_dp_outputs,5130,trainable_parameters_v1,tex_packet,0.0,not_established,0.23746499978005886,0.010534100234508514,legacy_per_link_selection,0,0.0,0.0,0.0,0,seal,0,seal_save_size_upper_bound,0,50;40,0.0,0,0,0.0,not_selected,0,0.0,0,0.0,8192,0,0,0,0,40,0,0,0.0,0.0,0,0,0.0,227.46050932544122,0,0.0,0.0,8.000000000001,0.0,0,measured_norm_ratio_not_a_convergence_threshold,0.9448684994131327,84,100,0,0,0,0,0,0,0,0,0,0,1,0.0,0.0,fixed_mode_fixed_privacy,0.0,0.0,incomplete_cross_domain_protection,local_packet_or_secure_aggregate,cross_domain_model_update,[],observed_operations_not_a_security_proof,False,no_new_cloud_update,0.0,90,0.0,0.9594622999429703,102,102,0,scheduled,"{""dp_he"": 4, ""dp_only"": 0, ""he_only"": 0, ""neither"": 98}","{""dp_he"": 4, ""dp_only"": 0, ""he_only"": 0, ""neither"": 98}",0.6635998990386724,0.0,100,0.0,4.0,0.3375,2.0057973108291627,0.329,2.017263158798218,finite,0.014593800529837608,0.016337400302290916,0,0.0,0.0,1.0,0,0.0,0.0,0.0,0.0,0.0,0.0,0.0,0,0.0,0.0,0.0,0.0,0,0,0,0.0,0.0,0,0,0.0
1.025390300899744,306.0641504200811,0.0,0.0,0.0,0,0,,,0.0,0.0,0.0,0.0,0,0.0,0,not_selected,0,0.0,not_selected,0.024555999785661697,0,0.3375,0.0,0.0,0.0,0.0,0.0,0.0,0,197.38082770071924,0.0,0,0.0,0.0,0.0,0.0,recorded_dp_events_only,released_packet,private_experiment_logs_not_public_dp_outputs,5130,trainable_parameters_v1,tex_packet,0.0,not_established,0.25205789878964424,0.014038201421499252,legacy_per_link_selection,0,0.0,0.0,0.0,0,seal,0,seal_save_size_upper_bound,0,50;40,0.0,0,0,0.0,not_selected,0,0.0,0,0.0,8192,0,0,0,0,40,0,0,0.0,0.0,0,0,0.0,227.46050932544122,0,0.0,0.0,8.000000000001,0.0,0,measured_norm_ratio_not_a_convergence_threshold,1.032813599333167,84,100,0,0,0,0,0,0,0,0,0,0,1,0.0,0.0,fixed_mode_fixed_privacy,0.0,0.0,incomplete_cross_domain_protection,local_packet_or_secure_aggregate,cross_domain_model_update,[],observed_operations_not_a_security_proof,False,no_new_cloud_update,0.0,91,0.0,1.0439504999667406,102,102,0,scheduled,"{""dp_he"": 4, ""dp_only"": 0, ""he_only"": 0, ""neither"": 98}","{""dp_he"": 4, ""dp_only"": 0, ""he_only"": 0, ""neither"": 98}",0.7236013002693653,0.0,100,0.0,4.0,0.3375,2.0057973108291627,0.3305,2.0014138040542604,finite,0.011136900633573532,0.018560199066996574,0,0.0,0.0,1.0,0,0.0,0.0,0.0,0.0,0.0,0.0,0.0,0,0.0,0.0,0.0,0.0,0,0,0,0.0,0.0,0,0,0.0
0.9640565048903227,306.7448742213363,0.0,0.0,0.0,0,0,,,0.0,0.0,0.0,0.0,0,0.0,0,not_selected,0,0.0,not_selected,0.02214750088751316,0,0.3375,0.0,0.0,0.0,0.0,0.0,0.0,0,198.74105869978666,0.0,0,0.0,0.0,0.0,0.0,recorded_dp_events_only,released_packet,private_experiment_logs_not_public_dp_outputs,5130,trainable_parameters_v1,tex_packet,0.0,not_established,0.23828270100057125,0.011413700878620148,legacy_per_link_selection,0,0.0,0.0,0.0,0,seal,0,seal_save_size_upper_bound,0,50;40,0.0,0,0,0.0,not_selected,0,0.0,0,0.0,8192,0,0,0,0,40,0,0,0.0,0.0,0,0,0.0,227.46050932544122,0,0.0,0.0,8.000000000001,0.0,0,measured_norm_ratio_not_a_convergence_threshold,0.9679638985544443,84,100,0,0,0,0,0,0,0,0,0,0,1,0.0,0.0,fixed_mode_fixed_privacy,0.0,0.0,incomplete_cross_domain_protection,local_packet_or_secure_aggregate,cross_domain_model_update,[],observed_operations_not_a_security_proof,False,no_new_cloud_update,0.0,92,0.0,0.9794526994228363,102,102,0,scheduled,"{""dp_he"": 4, ""dp_only"": 0, ""he_only"": 0, ""neither"": 98}","{""dp_he"": 4, ""dp_only"": 0, ""he_only"": 0, ""neither"": 98}",0.6807238012552261,0.0,100,0.0,4.0,0.3375,2.0057973108291627,0.329,2.0244869651794435,finite,0.01148880086839199,0.015396194532513618,0,0.0,0.0,1.0,0,0.0,0.0,0.0,0.0,0.0,0.0,0.0,0,0.0,0.0,0.0,0.0,0,0,0,0.0,0.0,0,0,0.0
0.9434147980064154,307.4099051217253,0.0,0.0,0.0,0,0,,,0.0,0.0,0.0,0.0,0,0.0,0,not_selected,0,0.0,not_selected,0.01678069867193699,0,0.3375,0.0,0.0,0.0,0.0,0.0,0.0,0,200.0709697008133,0.0,0,0.0,0.0,0.0,0.0,recorded_dp_events_only,released_packet,private_experiment_logs_not_public_dp_outputs,5130,trainable_parameters_v1,tex_packet,0.0,not_established,0.24012829922139645,0.010600199922919273,legacy_per_link_selection,0,0.0,0.0,0.0,0,seal,0,seal_save_size_upper_bound,0,50;40,0.0,0,0,0.0,not_selected,0,0.0,0,0.0,8192,0,0,0,0,40,0,0,0.0,0.0,0,0,0.0,227.46050932544122,0,0.0,0.0,8.000000000001,0.0,0,measured_norm_ratio_not_a_convergence_threshold,0.9473941009491682,84,100,0,0,0,0,0,0,0,0,0,0,1,0.0,0.0,fixed_mode_fixed_privacy,0.0,0.0,incomplete_cross_domain_protection,local_packet_or_secure_aggregate,cross_domain_model_update,[],observed_operations_not_a_security_proof,False,no_new_cloud_update,0.0,93,0.0,0.9582688007503748,102,102,0,scheduled,"{""dp_he"": 4, ""dp_only"": 0, ""he_only"": 0, ""neither"": 98}","{""dp_he"": 4, ""dp_only"": 0, ""he_only"": 0, ""neither"": 98}",0.6650309003889561,0.0,100,0.0,4.0,0.3375,2.0057973108291627,0.303,2.035171947479248,finite,0.010874699801206589,0.014854002743959427,0,0.0,0.0,1.0,0,0.0,0.0,0.0,0.0,0.0,0.0,0.0,0,0.0,0.0,0.0,0.0,0,0,0,0.0,0.0,0,0,0.0
0.9576228018850088,308.0826748228336,0.0,0.0,0.0,0,0,,,0.0,0.0,0.0,0.0,0,0.0,0,not_selected,0,0.0,not_selected,0.016748499125242233,0,0.3375,0.0,0.0,0.0,0.0,0.0,0.0,0,201.39733550138772,0.0,0,0.0,0.0,0.0,0.0,recorded_dp_events_only,released_packet,private_experiment_logs_not_public_dp_outputs,5130,trainable_parameters_v1,tex_packet,0.0,not_established,0.2459816001355648,0.010875700041651726,legacy_per_link_selection,0,0.0,0.0,0.0,0,seal,0,seal_save_size_upper_bound,0,50;40,0.0,0,0,0.0,not_selected,0,0.0,0,0.0,8192,0,0,0,0,40,0,0,0.0,0.0,0,0,0.0,227.46050932544122,0,0.0,0.0,8.000000000001,0.0,0,measured_norm_ratio_not_a_convergence_threshold,0.961209898814559,84,100,0,0,0,0,0,0,0,0,0,0,1,0.0,0.0,fixed_mode_fixed_privacy,0.0,0.0,incomplete_cross_domain_protection,local_packet_or_secure_aggregate,cross_domain_model_update,[],observed_operations_not_a_security_proof,False,no_new_cloud_update,0.0,94,0.0,0.9724572002887726,102,102,0,scheduled,"{""dp_he"": 4, ""dp_only"": 0, ""he_only"": 0, ""neither"": 98}","{""dp_he"": 4, ""dp_only"": 0, ""he_only"": 0, ""neither"": 98}",0.6727697011083364,0.0,100,0.0,4.0,0.3375,2.0057973108291627,0.3255,2.021429704666138,finite,0.0112473014742136,0.014834398403763771,0,0.0,0.0,1.0,0,0.0,0.0,0.0,0.0,0.0,0.0,0.0,0,0.0,0.0,0.0,0.0,0,0,0,0.0,0.0,0,0,0.0
1.0215659979730844,308.8045199225361,0.0,0.0,0.0,0,0,,,0.0,0.0,0.0,0.0,0,0.0,0,not_selected,0,0.0,not_selected,0.01812559925019741,0,0.3375,0.0,0.0,0.0,0.0,0.0,0.0,0,202.852119801566,0.0,0,0.0,0.0,0.0,0.0,recorded_dp_events_only,released_packet,private_experiment_logs_not_public_dp_outputs,5130,trainable_parameters_v1,tex_packet,0.0,not_established,0.25444240123033524,0.012471398338675499,legacy_per_link_selection,0,0.0,0.0,0.0,0,seal,0,seal_save_size_upper_bound,0,50;40,0.0,0,0,0.0,not_selected,0,0.0,0,0.0,8192,0,0,0,0,40,0,0,0.0,0.0,0,0,0.0,227.46050932544122,0,0.0,0.0,8.000000000001,0.0,0,measured_norm_ratio_not_a_convergence_threshold,1.0215497016906738,84,100,0,0,0,0,0,0,0,0,0,0,1,0.0,0.0,fixed_mode_fixed_privacy,0.0,0.0,incomplete_cross_domain_protection,local_packet_or_secure_aggregate,cross_domain_model_update,[],observed_operations_not_a_security_proof,False,no_new_cloud_update,0.0,95,0.0,1.0362312011420727,102,102,0,scheduled,"{""dp_he"": 4, ""dp_only"": 0, ""he_only"": 0, ""neither"": 98}","{""dp_he"": 4, ""dp_only"": 0, ""he_only"": 0, ""neither"": 98}",0.7218450997024775,0.0,100,0.0,4.0,0.3375,2.0057973108291627,0.333,2.01985475730896,finite,0.01468149945139885,0.014665203168988228,0,0.0,0.0,1.0,0,0.0,0.0,0.0,0.0,0.0,0.0,0.0,0,0.0,0.0,0.0,0.0,0,0,0,0.0,0.0,0,0,0.0
1.0105006005614996,309.5310268225784,0.0,0.0,0.0,0,0,,,0.0,0.0,0.0,0.0,0,0.0,0,not_selected,0,0.0,not_selected,0.017463600262999535,0,0.3375,0.0,0.0,0.0,0.0,0.0,0.0,0,204.26574900001287,0.0,0,0.0,0.0,0.0,0.0,recorded_dp_events_only,released_packet,private_experiment_logs_not_public_dp_outputs,5130,trainable_parameters_v1,tex_packet,0.0,not_established,0.24359939992427826,0.011463699862360954,legacy_per_link_selection,0,0.0,0.0,0.0,0,seal,0,seal_save_size_upper_bound,0,50;40,0.0,0,0,0.0,not_selected,0,0.0,0,0.0,8192,0,0,0,0,40,0,0,0.0,0.0,0,0,0.0,227.46050932544122,0,0.0,0.0,8.000000000001,0.0,0,measured_norm_ratio_not_a_convergence_threshold,1.0146130993962288,84,100,0,0,0,0,0,0,0,0,0,0,1,0.0,0.0,fixed_mode_fixed_privacy,0.0,0.0,incomplete_cross_domain_protection,local_packet_or_secure_aggregate,cross_domain_model_update,[],observed_operations_not_a_security_proof,False,no_new_cloud_update,0.0,96,0.0,1.0260800998657942,102,102,0,scheduled,"{""dp_he"": 4, ""dp_only"": 0, ""he_only"": 0, ""neither"": 98}","{""dp_he"": 4, ""dp_only"": 0, ""he_only"": 0, ""neither"": 98}",0.7265069000422955,0.0,100,0.0,4.0,0.3375,2.0057973108291627,0.33,2.016288745880127,finite,0.011467000469565392,0.015579499304294586,0,0.0,0.0,1.0,0,0.0,0.0,0.0,0.0,0.0,0.0,0.0,0,0.0,0.0,0.0,0.0,0,0,0,0.0,0.0,0,0,0.0
0.9551426004618406,310.201085821789,0.0,0.0,0.0,0,0,,,0.0,0.0,0.0,0.0,0,0.0,0,not_selected,0,0.0,not_selected,0.018081000074744225,0,0.3375,0.0,0.0,0.0,0.0,0.0,0.0,0,205.60733710043132,0.0,0,0.0,0.0,0.0,0.0,recorded_dp_events_only,released_packet,private_experiment_logs_not_public_dp_outputs,5130,trainable_parameters_v1,tex_packet,0.0,not_established,0.24473130144178867,0.01065799966454506,legacy_per_link_selection,0,0.0,0.0,0.0,0,seal,0,seal_save_size_upper_bound,0,50;40,0.0,0,0,0.0,not_selected,0,0.0,0,0.0,8192,0,0,0,0,40,0,0,0.0,0.0,0,0,0.0,227.46050932544122,0,0.0,0.0,8.000000000001,0.0,0,measured_norm_ratio_not_a_convergence_threshold,0.957089900970459,84,100,0,0,0,0,0,0,0,0,0,0,1,0.0,0.0,fixed_mode_fixed_privacy,0.0,0.0,incomplete_cross_domain_protection,local_packet_or_secure_aggregate,cross_domain_model_update,[],observed_operations_not_a_security_proof,False,no_new_cloud_update,0.0,97,0.0,0.9687032010406256,102,102,0,scheduled,"{""dp_he"": 4, ""dp_only"": 0, ""he_only"": 0, ""neither"": 98}","{""dp_he"": 4, ""dp_only"": 0, ""he_only"": 0, ""neither"": 98}",0.6700589992105961,0.0,100,0.0,4.0,0.3375,2.0057973108291627,0.331,2.0332790050506593,finite,0.011613300070166588,0.013560600578784943,0,0.0,0.0,1.0,0,0.0,0.0,0.0,0.0,0.0,0.0,0.0,0,0.0,0.0,0.0,0.0,0,0,0,0.0,0.0,0,0,0.0
1.0046251006424427,310.91873082245536,0.0,0.0,0.0,0,0,,,0.0,0.0,0.0,0.0,0,0.0,0,not_selected,0,0.0,not_selected,0.01761849969625473,0,0.3375,0.0,0.0,0.0,0.0,0.0,0.0,0,206.99598340131342,0.0,0,0.0,0.0,0.0,0.0,recorded_dp_events_only,released_packet,private_experiment_logs_not_public_dp_outputs,5130,trainable_parameters_v1,tex_packet,0.0,not_established,0.245643999427557,0.01156110130250454,legacy_per_link_selection,0,0.0,0.0,0.0,0,seal,0,seal_save_size_upper_bound,0,50;40,0.0,0,0,0.0,not_selected,0,0.0,0,0.0,8192,0,0,0,0,40,0,0,0.0,0.0,0,0,0.0,227.46050932544122,0,0.0,0.0,8.000000000001,0.0,0,measured_norm_ratio_not_a_convergence_threshold,1.006351599469781,84,100,0,0,0,0,0,0,0,0,0,0,1,0.0,0.0,fixed_mode_fixed_privacy,0.0,0.0,incomplete_cross_domain_protection,local_packet_or_secure_aggregate,cross_domain_model_update,[],observed_operations_not_a_security_proof,False,no_new_cloud_update,0.0,98,0.0,1.0185080990195274,102,102,0,scheduled,"{""dp_he"": 4, ""dp_only"": 0, ""he_only"": 0, ""neither"": 98}","{""dp_he"": 4, ""dp_only"": 0, ""he_only"": 0, ""neither"": 98}",0.7176450006663799,0.0,100,0.0,4.0,0.3375,2.0057973108291627,0.3275,2.0253066549301146,finite,0.012156499549746513,0.013882998377084732,0,0.0,0.0,1.0,0,0.0,0.0,0.0,0.0,0.0,0.0,0.0,0,0.0,0.0,0.0,0.0,0,0,0,0.0,0.0,0,0,0.0
1.03703429736197,311.6747471215839,0.0,0.0,0.0,0,0,,,0.0,0.0,0.0,0.0,0,0.0,0,not_selected,0,0.0,not_selected,0.016840100288391113,0,0.3375,0.0,0.0,0.0,0.0,0.0,0.0,0,208.4788557011634,0.0,0,0.0,0.0,0.0,0.0,recorded_dp_events_only,released_packet,private_experiment_logs_not_public_dp_outputs,5130,trainable_parameters_v1,tex_packet,0.0,not_established,0.23769989982247353,0.011802898719906807,legacy_per_link_selection,0,0.0,0.0,0.0,0,seal,0,seal_save_size_upper_bound,0,50;40,0.0,0,0,0.0,not_selected,0,0.0,0,0.0,8192,0,0,0,0,40,0,0,0.0,0.0,0,0,0.0,227.46050932544122,0,0.0,0.0,8.000000000001,0.0,0,measured_norm_ratio_not_a_convergence_threshold,1.0377599019557238,84,100,0,0,0,0,0,0,0,0,0,0,1,0.0,0.0,fixed_mode_fixed_privacy,0.0,0.0,incomplete_cross_domain_protection,local_packet_or_secure_aggregate,cross_domain_model_update,[],observed_operations_not_a_security_proof,False,no_new_cloud_update,0.0,99,0.0,1.0524350013583899,102,102,0,scheduled,"{""dp_he"": 4, ""dp_only"": 0, ""he_only"": 0, ""neither"": 98}","{""dp_he"": 4, ""dp_only"": 0, ""he_only"": 0, ""neither"": 98}",0.7560162991285324,0.0,100,0.0,4.0,0.3375,2.0057973108291627,0.332,2.0235584526062014,finite,0.014675099402666092,0.015400703996419907,0,0.0,0.0,1.0,0,0.0,0.0,0.0,0.0,0.0,0.0,0.0,0,0.0,0.0,0.0,0.0,0,0,0,0.0,0.0,0,0,0.0
