accounted_phase_wall_time_sec,accounted_system_time_sec,accuracy_change_from_previous,actual_cloud_fusion_ratio,actual_cloud_share_of_admitted,actual_local_batches,actual_optimizer_steps,admitted_client_ids_actual,admitted_client_ids_objective,admitted_update_norm_max,admitted_update_norm_mean,aggregate_dp_max_client_weight,aggregate_dp_noise_norm,aggregate_dp_noise_share_count,aggregate_dp_noise_std,aggregate_dp_protected_packets,aggregate_dp_protocol,aggregate_dp_release,aggregate_dp_sensitivity,aggregate_dp_transport,aggregation_wall_time_sec,all_cross_domain_updates_protected,best_accuracy,cloud_aggregation_time,cloud_edge_sample_ratio_max,cloud_edge_sample_ratio_min,cloud_fusion_ratio,cloud_input_update_norm_max,cloud_input_update_norm_mean,communication_volume,cumulative_wall_time_sec,direction_aggregate_to_mean_client_norm_ratio,direction_client_count,direction_mean_client_cosine,direction_mean_client_norm,direction_negative_cosine_fraction,direction_raw_aggregate_norm,dp_accountant_scope,dp_clipping_unit,dp_diagnostic_scope,dp_parameter_count,dp_parameter_scope,dp_release_calibration,edge_aggregation_time,end_to_end_dp_status,evaluation_wall_time_sec,flow_wall_time_sec,global_release_contract,global_release_count,global_release_epsilon,global_update_norm,he_addition_time_sec,he_aggregation_calls,he_backend,he_ciphertext_bytes,he_ciphertext_bytes_semantics,he_ciphertext_count,he_coeff_mod_bit_sizes,he_decryption_time_sec,he_encrypted_parameter_values,he_encrypted_updates,he_encryption_time_sec,he_execution_status,he_failures,he_key_setup_time_sec,he_mapped_update_bytes,he_max_abs_error,he_poly_modulus_degree,he_process_chunks_per_task,he_process_fallbacks,he_process_tasks,he_process_workers,he_scale_bits,he_selected_but_profiled_clients,he_shared_memory_bytes,he_wall_time_sec,he_worker_cpu_time_sec,infeasible_clients,local_packet_dp_release_count,local_packet_dp_released_noise_norm,logical_time,mainline_fusion,max_feature_epsilon,max_risk,max_update_epsilon,min_remaining_epsilon,multi_edge_loop_client_cycles,noise_ratio_semantics,non_training_wall_time_sec,num_budget_exhausted_clients,num_clients,num_edge_only_update_clients,num_effective_clients,num_effective_edges,num_feature_dp_clients,num_global_update_clients,num_he_clients,num_update_dp_clients,num_update_dp_he_clients,num_update_dp_only_clients,num_update_he_only_clients,numerically_valid,omega_feature_clip_excess_sq_max,omega_feature_clip_excess_sq_mean,policy,post_to_pre_update_norm_ratio,pre_dp_global_update_norm,privacy_guarantee,privacy_mechanism_scope,protected_object,protection_release_audit,protection_rule_scope,real_he_used,released_model_dp_coverage,return_time,round,round_duration,round_wall_time_sec,selection_pool_candidates_after_stability,selection_pool_candidates_before_stability,selection_stability_removed_candidates,selection_trigger,selection_update_mechanisms_after_stability,selection_update_mechanisms_before_stability,selection_wall_time_sec,selector_cloud_fusion_ratio,skipped_clients,system_latency_objective,system_omega_objective,test_accuracy,test_loss,train_accuracy,train_loss,training_health,training_wall_time_sec,unattributed_wall_time_sec,uniform_update_dp,update_dp_clip_fraction,update_dp_clip_scale_mean,update_dp_clip_scale_min,update_dp_clipped_clients,update_dp_coverage,update_dp_max_client_fraction,update_dp_noise_norm,update_dp_noise_norm_max,update_dp_noise_norm_mean,update_dp_noise_std,update_dp_noise_to_signal_ratio,update_dp_preclip_norm_count,update_dp_preclip_norm_max,update_dp_preclip_norm_mean,update_dp_preclip_norm_p50,update_dp_preclip_norm_p90,update_dp_protected_clients,update_dp_release,update_dp_release_count,update_dp_sensitivity,update_he_coverage,update_packets_with_real_he_pending_isolation,update_packets_without_dp_calibration,waiting_time
77.55027569830418,241.5672522771203,0.0,0.829462230592174,1.0,293,293,0;1;2;3;4;6;7;9;10;11;12;13;14;15;16;17;18;19;21;22;23;24;25;26;27;28;29;30;31;33;34;35;36;37;38;39;40;41;42;43;44;45;47;48;49;50;51;53;55;56;57;58;59;61;62;63;64;66;67;68;70;71;73;74;75;76;78;79;80;81;82;83;84;86;87;88;89;90;91;92;93;95;96;97;99,0;1;2;3;4;6;7;9;10;11;12;13;14;15;16;17;18;19;21;22;23;24;25;26;27;28;29;30;31;33;34;35;36;37;38;39;40;41;42;43;44;45;47;48;49;50;51;53;55;56;57;58;59;61;62;63;64;66;67;68;70;71;73;74;75;76;78;79;80;81;82;83;84;86;87;88;89;90;91;92;93;95;96;97;99,0.0,0.0,0.0,0.0,0,0.0,0,not_selected,0,0.0,not_selected,56.06146120093763,1,0.3305,53.98024100799998,1.0,0.6551724137931034,0.829462230592174,0.4550224053366822,0.36547596905276686,60980.202811199866,77.9301944989711,0.0,0,0.0,0.0,0.0,0.0,recorded_dp_events_only,released_packet,private_experiment_logs_not_public_dp_outputs,5130,trainable_parameters_v1,tex_packet,114.65274839999998,not_established,0.531402999535203,0.0034870989620685577,legacy_per_link_selection,0,0.0,0.32829254529335467,1.7721460554748774,1,seal,3581350500,seal_save_size_upper_bound,27300,50;40,1.0803777426481247,111816420,10,83.48845741339028,real,0,0.046542201191186905,447265680,4.653961861719829e-08,8192,32,0,86,4,40,0,0,30.867549799382687,86.34098121151328,0,0,0.0,227.2977159774893,0,0.0,0.58,8.000000000001,0.0,255,measured_norm_ratio_not_a_convergence_threshold,70.87934640049934,85,100,0,85,10,0,85,85,85,85,0,0,1,0.0,0.0,fixed_mode_dynamic_privacy,1.0,0.32829254529335467,uniform_secure_aggregate_dp,local_packet_or_secure_aggregate,cross_domain_model_update,"[{""aggregate_only_decryption_enforced"": false, ""client_ids"": ""0;10;30;40;50;70;80;90"", ""destination"": ""cloud"", ""dp_budget_ok"": true, ""dp_event_observed"": false, ""formal_dp_status"": ""not_established"", ""he_crypto_observed"": true, ""he_execution"": ""real"", ""key_isolation_enforced"": false, ""mechanism"": ""dp_he3"", ""mode"": ""LIIEIIIC"", ""noise_location"": ""none"", ""object"": ""model_update"", ""packet_index"": 0, ""packet_protection_status"": ""real_he_pending_role_isolation"", ""released_model_dp_status"": ""no_valid_dp_calibration_for_contribution"", ""round"": 0, ""source"": ""edge"", ""source_domain"": 0}, {""aggregate_only_decryption_enforced"": false, ""client_ids"": ""1;11;21;31;41;51;61;71;81;91"", ""destination"": ""cloud"", ""dp_budget_ok"": true, ""dp_event_observed"": false, ""formal_dp_status"": ""not_established"", ""he_crypto_observed"": true, ""he_execution"": ""real"", ""key_isolation_enforced"": false, ""mechanism"": ""dp_he3"", ""mode"": ""LIIEIIIC"", ""noise_location"": ""none"", ""object"": ""model_update"", ""packet_index"": 1, ""packet_protection_status"": ""real_he_pending_role_isolation"", ""released_model_dp_status"": ""no_valid_dp_calibration_for_contribution"", ""round"": 0, ""source"": ""edge"", ""source_domain"": 1}, {""aggregate_only_decryption_enforced"": false, ""client_ids"": ""2;12;22;42;62;82;92"", ""destination"": ""cloud"", ""dp_budget_ok"": true, ""dp_event_observed"": false, ""formal_dp_status"": ""not_established"", ""he_crypto_observed"": true, ""he_execution"": ""real"", ""key_isolation_enforced"": false, ""mechanism"": ""dp_he3"", ""mode"": ""LIIEIIIC"", ""noise_location"": ""none"", ""object"": ""model_update"", ""packet_index"": 2, ""packet_protection_status"": ""real_he_pending_role_isolation"", ""released_model_dp_status"": ""no_valid_dp_calibration_for_contribution"", ""round"": 0, ""source"": ""edge"", ""source_domain"": 2}, {""aggregate_only_decryption_enforced"": false, ""client_ids"": ""3;13;23;33;43;53;63;73;83;93"", ""destination"": ""cloud"", ""dp_budget_ok"": true, ""dp_event_observed"": false, ""formal_dp_status"": ""not_established"", ""he_crypto_observed"": true, ""he_execution"": ""real"", ""key_isolation_enforced"": false, ""mechanism"": ""dp_he3"", ""mode"": ""LIIEIIIC"", ""noise_location"": ""none"", ""object"": ""model_update"", ""packet_index"": 3, ""packet_protection_status"": ""real_he_pending_role_isolation"", ""released_model_dp_status"": ""no_valid_dp_calibration_for_contribution"", ""round"": 0, ""source"": ""edge"", ""source_domain"": 3}, {""aggregate_only_decryption_enforced"": false, ""client_ids"": ""4;14;24;34;44;64;74;84"", ""destination"": ""cloud"", ""dp_budget_ok"": true, ""dp_event_observed"": false, ""formal_dp_status"": ""not_established"", ""he_crypto_observed"": true, ""he_execution"": ""real"", ""key_isolation_enforced"": false, ""mechanism"": ""dp_he3"", ""mode"": ""LIIEIIIC"", ""noise_location"": ""none"", ""object"": ""model_update"", ""packet_index"": 4, ""packet_protection_status"": ""real_he_pending_role_isolation"", ""released_model_dp_status"": ""no_valid_dp_calibration_for_contribution"", ""round"": 0, ""source"": ""edge"", ""source_domain"": 4}, {""aggregate_only_decryption_enforced"": false, ""client_ids"": ""6;16;26;36;56;66;76;86;96"", ""destination"": ""cloud"", ""dp_budget_ok"": true, ""dp_event_observed"": false, ""formal_dp_status"": ""not_established"", ""he_crypto_observed"": true, ""he_execution"": ""real"", ""key_isolation_enforced"": false, ""mechanism"": ""dp_he3"", ""mode"": ""LIIEIIIC"", ""noise_location"": ""none"", ""object"": ""model_update"", ""packet_index"": 5, ""packet_protection_status"": ""real_he_pending_role_isolation"", ""released_model_dp_status"": ""no_valid_dp_calibration_for_contribution"", ""round"": 0, ""source"": ""edge"", ""source_domain"": 6}, {""aggregate_only_decryption_enforced"": false, ""client_ids"": ""7;17;27;37;47;57;67;87;97"", ""destination"": ""cloud"", ""dp_budget_ok"": true, ""dp_event_observed"": false, ""formal_dp_status"": ""not_established"", ""he_crypto_observed"": true, ""he_execution"": ""real"", ""key_isolation_enforced"": false, ""mechanism"": ""dp_he3"", ""mode"": ""LIIEIIIC"", ""noise_location"": ""none"", ""object"": ""model_update"", ""packet_index"": 6, ""packet_protection_status"": ""real_he_pending_role_isolation"", ""released_model_dp_status"": ""no_valid_dp_calibration_for_contribution"", ""round"": 0, ""source"": ""edge"", ""source_domain"": 7}, {""aggregate_only_decryption_enforced"": false, ""client_ids"": ""9;19;29;39;49;59;79;89;99"", ""destination"": ""cloud"", ""dp_budget_ok"": true, ""dp_event_observed"": false, ""formal_dp_status"": ""not_established"", ""he_crypto_observed"": true, ""he_execution"": ""real"", ""key_isolation_enforced"": false, ""mechanism"": ""dp_he3"", ""mode"": ""LIIEIIIC"", ""noise_location"": ""none"", ""object"": ""model_update"", ""packet_index"": 7, ""packet_protection_status"": ""real_he_pending_role_isolation"", ""released_model_dp_status"": ""no_valid_dp_calibration_for_contribution"", ""round"": 0, ""source"": ""edge"", ""source_domain"": 9}, {""aggregate_only_decryption_enforced"": false, ""client_ids"": ""15;25;35;45;55;75;95"", ""destination"": ""cloud"", ""dp_budget_ok"": true, ""dp_event_observed"": false, ""formal_dp_status"": ""not_established"", ""he_crypto_observed"": true, ""he_execution"": ""real"", ""key_isolation_enforced"": false, ""mechanism"": ""dp_he3"", ""mode"": ""LIIEIIIC"", ""noise_location"": ""none"", ""object"": ""model_update"", ""packet_index"": 8, ""packet_protection_status"": ""real_he_pending_role_isolation"", ""released_model_dp_status"": ""no_valid_dp_calibration_for_contribution"", ""round"": 0, ""source"": ""edge"", ""source_domain"": 5}, {""aggregate_only_decryption_enforced"": false, ""client_ids"": ""18;28;38;48;58;68;78;88"", ""destination"": ""cloud"", ""dp_budget_ok"": true, ""dp_event_observed"": false, ""formal_dp_status"": ""not_established"", ""he_crypto_observed"": true, ""he_execution"": ""real"", ""key_isolation_enforced"": false, ""mechanism"": ""dp_he3"", ""mode"": ""LIIEIIIC"", ""noise_location"": ""none"", ""object"": ""model_update"", ""packet_index"": 9, ""packet_protection_status"": ""real_he_pending_role_isolation"", ""released_model_dp_status"": ""no_valid_dp_calibration_for_contribution"", ""round"": 0, ""source"": ""edge"", ""source_domain"": 8}]",observed_operations_not_a_security_proof,True,some_contributions_without_dp_calibration,17.730042724264212,0,227.2977159774893,77.56373449973762,355,355,0,scheduled,"{""dp_he"": 340, ""dp_only"": 0, ""he_only"": 0, ""neither"": 15}","{""dp_he"": 340, ""dp_only"": 0, ""he_only"": 0, ""neither"": 15}",14.269536299631,0.829462230592174,15,227.2977159774893,1262.325355441256,0.3305,1.9464267597198486,0.324,1.9708386907577515,finite,6.6843880992382765,0.013458801433444023,1,0.0,0.0,1.0,0,1.0,0.0,0.0,0.0,0.0,0.0,0.0,0,0.0,0.0,0.0,0.0,85,0,0,0.0,1.0,10,10,808.2597602557516
0.996129497885704,242.29981117574806,0.0,0.0,0.0,0,0,,,0.0,0.0,0.0,0.0,0,0.0,0,not_selected,0,0.0,not_selected,0.01002809964120388,0,0.3305,0.0,0.0,0.0,0.0,0.0,0.0,0,79.11259499937296,0.0,0,0.0,0.0,0.0,0.0,recorded_dp_events_only,released_packet,private_experiment_logs_not_public_dp_outputs,5130,trainable_parameters_v1,tex_packet,0.0,not_established,0.24522650055587292,0.004318298771977425,legacy_per_link_selection,0,0.0,0.0,0.0,0,seal,0,seal_save_size_upper_bound,0,50;40,0.0,0,0,0.0,not_selected,0,0.0,0,0.0,8192,0,0,0,0,40,0,0,0.0,0.0,0,0,0.0,227.2977159774893,0,0.0,0.0,8.000000000001,0.0,0,measured_norm_ratio_not_a_convergence_threshold,1.0047596003860235,85,100,0,0,0,0,0,0,0,0,0,0,1,0.0,0.0,fixed_mode_dynamic_privacy,0.0,0.0,incomplete_cross_domain_protection,local_packet_or_secure_aggregate,cross_domain_model_update,[],observed_operations_not_a_security_proof,False,no_new_cloud_update,0.0,1,0.0,1.0087573006749153,100,100,0,scheduled,"{""dp_he"": 0, ""dp_only"": 0, ""he_only"": 0, ""neither"": 100}","{""dp_he"": 0, ""dp_only"": 0, ""he_only"": 0, ""neither"": 100}",0.732558898627758,0.0,100,0.0,4.0,0.3305,1.9464267597198486,0.3235,1.970532067298889,finite,0.003997700288891792,0.012627802789211273,0,0.0,0.0,1.0,0,0.0,0.0,0.0,0.0,0.0,0.0,0.0,0,0.0,0.0,0.0,0.0,0,0,0,0.0,0.0,0,0,0.0
0.9899780973792076,243.04031267455156,0.0,0.0,0.0,0,0,,,0.0,0.0,0.0,0.0,0,0.0,0,not_selected,0,0.0,not_selected,0.008663499727845192,0,0.3305,0.0,0.0,0.0,0.0,0.0,0.0,0,80.31297899968922,0.0,0,0.0,0.0,0.0,0.0,recorded_dp_events_only,released_packet,private_experiment_logs_not_public_dp_outputs,5130,trainable_parameters_v1,tex_packet,0.0,not_established,0.23536589927971363,0.00253479927778244,legacy_per_link_selection,0,0.0,0.0,0.0,0,seal,0,seal_save_size_upper_bound,0,50;40,0.0,0,0,0.0,not_selected,0,0.0,0,0.0,8192,0,0,0,0,40,0,0,0.0,0.0,0,0,0.0,227.2977159774893,0,0.0,0.0,8.000000000001,0.0,0,measured_norm_ratio_not_a_convergence_threshold,1.000467699021101,85,100,0,0,0,0,0,0,0,0,0,0,1,0.0,0.0,fixed_mode_dynamic_privacy,0.0,0.0,incomplete_cross_domain_protection,local_packet_or_secure_aggregate,cross_domain_model_update,[],observed_operations_not_a_security_proof,False,no_new_cloud_update,0.0,2,0.0,1.003380099311471,100,100,0,scheduled,"{""dp_he"": 0, ""dp_only"": 0, ""he_only"": 0, ""neither"": 100}","{""dp_he"": 0, ""dp_only"": 0, ""he_only"": 0, ""neither"": 100}",0.7405014988034964,0.0,100,0.0,4.0,0.3305,1.9464267597198486,0.337,1.9453302364349365,finite,0.0029124002903699875,0.013402001932263374,0,0.0,0.0,1.0,0,0.0,0.0,0.0,0.0,0.0,0.0,0.0,0,0.0,0.0,0.0,0.0,0,0,0,0.0,0.0,0,0,0.0
0.98433150164783,243.75811037486727,0.0,0.0,0.0,0,0,,,0.0,0.0,0.0,0.0,0,0.0,0,not_selected,0,0.0,not_selected,0.009736400097608566,0,0.3305,0.0,0.0,0.0,0.0,0.0,0.0,0,81.47076159901917,0.0,0,0.0,0.0,0.0,0.0,recorded_dp_events_only,released_packet,private_experiment_logs_not_public_dp_outputs,5130,trainable_parameters_v1,tex_packet,0.0,not_established,0.24872419983148575,0.003789501264691353,legacy_per_link_selection,0,0.0,0.0,0.0,0,seal,0,seal_save_size_upper_bound,0,50;40,0.0,0,0,0.0,not_selected,0,0.0,0,0.0,8192,0,0,0,0,40,0,0,0.0,0.0,0,0,0.0,227.2977159774893,0,0.0,0.0,8.000000000001,0.0,0,measured_norm_ratio_not_a_convergence_threshold,0.9933279007673264,85,100,0,0,0,0,0,0,0,0,0,0,1,0.0,0.0,fixed_mode_dynamic_privacy,0.0,0.0,incomplete_cross_domain_protection,local_packet_or_secure_aggregate,cross_domain_model_update,[],observed_operations_not_a_security_proof,False,no_new_cloud_update,0.0,3,0.0,0.9976116009056568,100,100,0,scheduled,"{""dp_he"": 0, ""dp_only"": 0, ""he_only"": 0, ""neither"": 100}","{""dp_he"": 0, ""dp_only"": 0, ""he_only"": 0, ""neither"": 100}",0.7177977003157139,0.0,100,0.0,4.0,0.3305,1.9464267597198486,0.3155,1.9590219020843507,finite,0.00428370013833046,0.013280099257826805,0,0.0,0.0,1.0,0,0.0,0.0,0.0,0.0,0.0,0.0,0.0,0,0.0,0.0,0.0,0.0,0,0,0,0.0,0.0,0,0,0.0
1.0056339986622334,244.51272327332134,0.0,0.0,0.0,0,0,,,0.0,0.0,0.0,0.0,0,0.0,0,not_selected,0,0.0,not_selected,0.009553400799632072,0,0.3305,0.0,0.0,0.0,0.0,0.0,0.0,0,82.67444299906492,0.0,0,0.0,0.0,0.0,0.0,recorded_dp_events_only,released_packet,private_experiment_logs_not_public_dp_outputs,5130,trainable_parameters_v1,tex_packet,0.0,not_established,0.23303190059959888,0.0038524996489286423,legacy_per_link_selection,0,0.0,0.0,0.0,0,seal,0,seal_save_size_upper_bound,0,50;40,0.0,0,0,0.0,not_selected,0,0.0,0,0.0,8192,0,0,0,0,40,0,0,0.0,0.0,0,0,0.0,227.2977159774893,0,0.0,0.0,8.000000000001,0.0,0,measured_norm_ratio_not_a_convergence_threshold,1.0132526010274887,85,100,0,0,0,0,0,0,0,0,0,0,1,0.0,0.0,fixed_mode_dynamic_privacy,0.0,0.0,incomplete_cross_domain_protection,local_packet_or_secure_aggregate,cross_domain_model_update,[],observed_operations_not_a_security_proof,False,no_new_cloud_update,0.0,4,0.0,1.0178359001874924,100,100,0,scheduled,"{""dp_he"": 0, ""dp_only"": 0, ""he_only"": 0, ""neither"": 100}","{""dp_he"": 0, ""dp_only"": 0, ""he_only"": 0, ""neither"": 100}",0.7546128984540701,0.0,100,0.0,4.0,0.3305,1.9464267597198486,0.324,1.9641784973144532,finite,0.004583299160003662,0.012201901525259018,0,0.0,0.0,1.0,0,0.0,0.0,0.0,0.0,0.0,0.0,0.0,0,0.0,0.0,0.0,0.0,0,0,0,0.0,0.0,0,0,0.0
0.9821420032531023,245.226356074869,0.0,0.0,0.0,0,0,,,0.0,0.0,0.0,0.0,0,0.0,0,not_selected,0,0.0,not_selected,0.01493380032479763,0,0.3305,0.0,0.0,0.0,0.0,0.0,0.0,0,83.831633400172,0.0,0,0.0,0.0,0.0,0.0,recorded_dp_events_only,released_packet,private_experiment_logs_not_public_dp_outputs,5130,trainable_parameters_v1,tex_packet,0.0,not_established,0.24380130134522915,0.004124999046325684,legacy_per_link_selection,0,0.0,0.0,0.0,0,seal,0,seal_save_size_upper_bound,0,50;40,0.0,0,0,0.0,not_selected,0,0.0,0,0.0,8192,0,0,0,0,40,0,0,0.0,0.0,0,0,0.0,227.2977159774893,0,0.0,0.0,8.000000000001,0.0,0,measured_norm_ratio_not_a_convergence_threshold,0.9916973002254963,85,100,0,0,0,0,0,0,0,0,0,0,1,0.0,0.0,fixed_mode_dynamic_privacy,0.0,0.0,incomplete_cross_domain_protection,local_packet_or_secure_aggregate,cross_domain_model_update,[],observed_operations_not_a_security_proof,False,no_new_cloud_update,0.0,5,0.0,0.9973464012145996,100,100,0,scheduled,"{""dp_he"": 0, ""dp_only"": 0, ""he_only"": 0, ""neither"": 100}","{""dp_he"": 0, ""dp_only"": 0, ""he_only"": 0, ""neither"": 100}",0.7136328015476465,0.0,100,0.0,4.0,0.3305,1.9464267597198486,0.313,1.960562557220459,finite,0.005649100989103317,0.015204397961497307,0,0.0,0.0,1.0,0,0.0,0.0,0.0,0.0,0.0,0.0,0.0,0,0.0,0.0,0.0,0.0,0,0,0,0.0,0.0,0,0,0.0
1.0360886994749308,246.0085350747251,0.0,0.0,0.0,0,0,,,0.0,0.0,0.0,0.0,0,0.0,0,not_selected,0,0.0,not_selected,0.010798299685120583,0,0.3305,0.0,0.0,0.0,0.0,0.0,0.0,0,85.07147989980876,0.0,0,0.0,0.0,0.0,0.0,recorded_dp_events_only,released_packet,private_experiment_logs_not_public_dp_outputs,5130,trainable_parameters_v1,tex_packet,0.0,not_established,0.2337408009916544,0.004588199779391289,legacy_per_link_selection,0,0.0,0.0,0.0,0,seal,0,seal_save_size_upper_bound,0,50;40,0.0,0,0,0.0,not_selected,0,0.0,0,0.0,8192,0,0,0,0,40,0,0,0.0,0.0,0,0,0.0,227.2977159774893,0,0.0,0.0,8.000000000001,0.0,0,measured_norm_ratio_not_a_convergence_threshold,1.044259700924158,85,100,0,0,0,0,0,0,0,0,0,0,1,0.0,0.0,fixed_mode_dynamic_privacy,0.0,0.0,incomplete_cross_domain_protection,local_packet_or_secure_aggregate,cross_domain_model_update,[],observed_operations_not_a_security_proof,False,no_new_cloud_update,0.0,6,0.0,1.0490421000868082,100,100,0,scheduled,"{""dp_he"": 0, ""dp_only"": 0, ""he_only"": 0, ""neither"": 100}","{""dp_he"": 0, ""dp_only"": 0, ""he_only"": 0, ""neither"": 100}",0.7821789998561144,0.0,100,0.0,4.0,0.3305,1.9464267597198486,0.3335,1.9565321569442748,finite,0.004782399162650108,0.012953400611877441,0,0.0,0.0,1.0,0,0.0,0.0,0.0,0.0,0.0,0.0,0.0,0,0.0,0.0,0.0,0.0,0,0,0,0.0,0.0,0,0,0.0
0.9795412011444569,246.72655067472095,0.0,0.0,0.0,0,0,,,0.0,0.0,0.0,0.0,0,0.0,0,not_selected,0,0.0,not_selected,0.011792400851845741,0,0.3305,0.0,0.0,0.0,0.0,0.0,0.0,0,86.24051290005445,0.0,0,0.0,0.0,0.0,0.0,recorded_dp_events_only,released_packet,private_experiment_logs_not_public_dp_outputs,5130,trainable_parameters_v1,tex_packet,0.0,not_established,0.23986279964447021,0.004793500527739525,legacy_per_link_selection,0,0.0,0.0,0.0,0,seal,0,seal_save_size_upper_bound,0,50;40,0.0,0,0,0.0,not_selected,0,0.0,0,0.0,8192,0,0,0,0,40,0,0,0.0,0.0,0,0,0.0,227.2977159774893,0,0.0,0.0,8.000000000001,0.0,0,measured_norm_ratio_not_a_convergence_threshold,0.9862696994096041,85,100,0,0,0,0,0,0,0,0,0,0,1,0.0,0.0,fixed_mode_dynamic_privacy,0.0,0.0,incomplete_cross_domain_protection,local_packet_or_secure_aggregate,cross_domain_model_update,[],observed_operations_not_a_security_proof,False,no_new_cloud_update,0.0,7,0.0,0.9913465995341539,100,100,0,scheduled,"{""dp_he"": 0, ""dp_only"": 0, ""he_only"": 0, ""neither"": 100}","{""dp_he"": 0, ""dp_only"": 0, ""he_only"": 0, ""neither"": 100}",0.7180155999958515,0.0,100,0.0,4.0,0.3305,1.9464267597198486,0.344,1.9362402048110963,finite,0.005076900124549866,0.011805398389697075,0,0.0,0.0,1.0,0,0.0,0.0,0.0,0.0,0.0,0.0,0.0,0,0.0,0.0,0.0,0.0,0,0,0,0.0,0.0,0,0,0.0
1.0326351020485163,247.49991127541597,0.0,0.0,0.0,0,0,,,0.0,0.0,0.0,0.0,0,0.0,0,not_selected,0,0.0,not_selected,0.011617900803685188,0,0.3305,0.0,0.0,0.0,0.0,0.0,0.0,0,87.48610199987888,0.0,0,0.0,0.0,0.0,0.0,recorded_dp_events_only,released_packet,private_experiment_logs_not_public_dp_outputs,5130,trainable_parameters_v1,tex_packet,0.0,not_established,0.23506100103259087,0.005565699189901352,legacy_per_link_selection,0,0.0,0.0,0.0,0,seal,0,seal_save_size_upper_bound,0,50;40,0.0,0,0,0.0,not_selected,0,0.0,0,0.0,8192,0,0,0,0,40,0,0,0.0,0.0,0,0,0.0,227.2977159774893,0,0.0,0.0,8.000000000001,0.0,0,measured_norm_ratio_not_a_convergence_threshold,1.038408100605011,85,100,0,0,0,0,0,0,0,0,0,0,1,0.0,0.0,fixed_mode_dynamic_privacy,0.0,0.0,incomplete_cross_domain_protection,local_packet_or_secure_aggregate,cross_domain_model_update,[],observed_operations_not_a_security_proof,False,no_new_cloud_update,0.0,8,0.0,1.0454380009323359,100,100,0,scheduled,"{""dp_he"": 0, ""dp_only"": 0, ""he_only"": 0, ""neither"": 100}","{""dp_he"": 0, ""dp_only"": 0, ""he_only"": 0, ""neither"": 100}",0.773360600695014,0.0,100,0.0,4.0,0.3305,1.9464267597198486,0.331,1.9592395153045654,finite,0.007029900327324867,0.01280289888381958,0,0.0,0.0,1.0,0,0.0,0.0,0.0,0.0,0.0,0.0,0.0,0,0.0,0.0,0.0,0.0,0,0,0,0.0,0.0,0,0,0.0
1.0301095005124807,248.25283817639882,0.0,0.0,0.0,0,0,,,0.0,0.0,0.0,0.0,0,0.0,0,not_selected,0,0.0,not_selected,0.015613600611686707,0,0.3305,0.0,0.0,0.0,0.0,0.0,0.0,0,88.7034563999623,0.0,0,0.0,0.0,0.0,0.0,recorded_dp_events_only,released_packet,private_experiment_logs_not_public_dp_outputs,5130,trainable_parameters_v1,tex_packet,0.0,not_established,0.24823280051350594,0.006210999563336372,legacy_per_link_selection,0,0.0,0.0,0.0,0,seal,0,seal_save_size_upper_bound,0,50;40,0.0,0,0,0.0,not_selected,0,0.0,0,0.0,8192,0,0,0,0,40,0,0,0.0,0.0,0,0,0.0,227.2977159774893,0,0.0,0.0,8.000000000001,0.0,0,measured_norm_ratio_not_a_convergence_threshold,1.0369832012802362,85,100,0,0,0,0,0,0,0,0,0,0,1,0.0,0.0,fixed_mode_dynamic_privacy,0.0,0.0,incomplete_cross_domain_protection,local_packet_or_secure_aggregate,cross_domain_model_update,[],observed_operations_not_a_security_proof,False,no_new_cloud_update,0.0,9,0.0,1.0441084001213312,100,100,0,scheduled,"{""dp_he"": 0, ""dp_only"": 0, ""he_only"": 0, ""neither"": 100}","{""dp_he"": 0, ""dp_only"": 0, ""he_only"": 0, ""neither"": 100}",0.7529269009828568,0.0,100,0.0,4.0,0.3305,1.9464267597198486,0.3265,1.9535518960952758,finite,0.007125198841094971,0.013998899608850479,0,0.0,0.0,1.0,0,0.0,0.0,0.0,0.0,0.0,0.0,0.0,0,0.0,0.0,0.0,0.0,0,0,0,0.0,0.0,0,0,0.0
1.073429999873042,249.06434207661385,0.0,0.0,0.0,0,0,,,0.0,0.0,0.0,0.0,0,0.0,0,not_selected,0,0.0,not_selected,0.012452799826860428,0,0.3305,0.0,0.0,0.0,0.0,0.0,0.0,0,90.01482249982655,0.0,0,0.0,0.0,0.0,0.0,recorded_dp_events_only,released_packet,private_experiment_logs_not_public_dp_outputs,5130,trainable_parameters_v1,tex_packet,0.0,not_established,0.2359450999647379,0.006895300000905991,legacy_per_link_selection,0,0.0,0.0,0.0,0,seal,0,seal_save_size_upper_bound,0,50;40,0.0,0,0,0.0,not_selected,0,0.0,0,0.0,8192,0,0,0,0,40,0,0,0.0,0.0,0,0,0.0,227.2977159774893,0,0.0,0.0,8.000000000001,0.0,0,measured_norm_ratio_not_a_convergence_threshold,1.0788022000342607,85,100,0,0,0,0,0,0,0,0,0,0,1,0.0,0.0,fixed_mode_dynamic_privacy,0.0,0.0,incomplete_cross_domain_protection,local_packet_or_secure_aggregate,cross_domain_model_update,[],observed_operations_not_a_security_proof,False,no_new_cloud_update,0.0,10,0.0,1.0854350998997688,100,100,0,scheduled,"{""dp_he"": 0, ""dp_only"": 0, ""he_only"": 0, ""neither"": 100}","{""dp_he"": 0, ""dp_only"": 0, ""he_only"": 0, ""neither"": 100}",0.8115039002150297,0.0,100,0.0,4.0,0.3305,1.9464267597198486,0.3355,1.9551980895996093,finite,0.0066328998655080795,0.012005100026726723,0,0.0,0.0,1.0,0,0.0,0.0,0.0,0.0,0.0,0.0,0.0,0,0.0,0.0,0.0,0.0,0,0,0,0.0,0.0,0,0,0.0
1.0010752025991678,249.79950727774138,0.0,0.0,0.0,0,0,,,0.0,0.0,0.0,0.0,0,0.0,0,not_selected,0,0.0,not_selected,0.012610500678420067,0,0.3305,0.0,0.0,0.0,0.0,0.0,0.0,0,91.21611809916794,0.0,0,0.0,0.0,0.0,0.0,recorded_dp_events_only,released_packet,private_experiment_logs_not_public_dp_outputs,5130,trainable_parameters_v1,tex_packet,0.0,not_established,0.2389880996197462,0.006507899612188339,legacy_per_link_selection,0,0.0,0.0,0.0,0,seal,0,seal_save_size_upper_bound,0,50;40,0.0,0,0,0.0,not_selected,0,0.0,0,0.0,8192,0,0,0,0,40,0,0,0.0,0.0,0,0,0.0,227.2977159774893,0,0.0,0.0,8.000000000001,0.0,0,measured_norm_ratio_not_a_convergence_threshold,1.0058785993605852,85,100,0,0,0,0,0,0,0,0,0,0,1,0.0,0.0,fixed_mode_dynamic_privacy,0.0,0.0,incomplete_cross_domain_protection,local_packet_or_secure_aggregate,cross_domain_model_update,[],observed_operations_not_a_security_proof,False,no_new_cloud_update,0.0,11,0.0,1.0136821009218693,100,100,0,scheduled,"{""dp_he"": 0, ""dp_only"": 0, ""he_only"": 0, ""neither"": 100}","{""dp_he"": 0, ""dp_only"": 0, ""he_only"": 0, ""neither"": 100}",0.7351652011275291,0.0,100,0.0,4.0,0.3305,1.9464267597198486,0.3285,1.9626745529174805,finite,0.007803501561284065,0.012606898322701454,0,0.0,0.0,1.0,0,0.0,0.0,0.0,0.0,0.0,0.0,0.0,0,0.0,0.0,0.0,0.0,0,0,0,0.0,0.0,0,0,0.0
1.0590057987719774,250.586834077447,0.0,0.0,0.0,0,0,,,0.0,0.0,0.0,0.0,0,0.0,0,not_selected,0,0.0,not_selected,0.014365099370479584,0,0.3305,0.0,0.0,0.0,0.0,0.0,0.0,0,92.48724810034037,0.0,0,0.0,0.0,0.0,0.0,recorded_dp_events_only,released_packet,private_experiment_logs_not_public_dp_outputs,5130,trainable_parameters_v1,tex_packet,0.0,not_established,0.24148809909820557,0.006893301382660866,legacy_per_link_selection,0,0.0,0.0,0.0,0,seal,0,seal_save_size_upper_bound,0,50;40,0.0,0,0,0.0,not_selected,0,0.0,0,0.0,8192,0,0,0,0,40,0,0,0.0,0.0,0,0,0.0,227.2977159774893,0,0.0,0.0,8.000000000001,0.0,0,measured_norm_ratio_not_a_convergence_threshold,1.0621290002018213,85,100,0,0,0,0,0,0,0,0,0,0,1,0.0,0.0,fixed_mode_dynamic_privacy,0.0,0.0,incomplete_cross_domain_protection,local_packet_or_secure_aggregate,cross_domain_model_update,[],observed_operations_not_a_security_proof,False,no_new_cloud_update,0.0,12,0.0,1.0710614994168282,100,100,0,scheduled,"{""dp_he"": 0, ""dp_only"": 0, ""he_only"": 0, ""neither"": 100}","{""dp_he"": 0, ""dp_only"": 0, ""he_only"": 0, ""neither"": 100}",0.7873267997056246,0.0,100,0.0,4.0,0.3305,1.9464267597198486,0.341,1.9503551330566407,finite,0.008932499215006828,0.012055700644850731,0,0.0,0.0,1.0,0,0.0,0.0,0.0,0.0,0.0,0.0,0.0,0,0.0,0.0,0.0,0.0,0,0,0,0.0,0.0,0,0,0.0
0.9882790986448526,251.30480977772112,0.0,0.0,0.0,0,0,,,0.0,0.0,0.0,0.0,0,0.0,0,not_selected,0,0.0,not_selected,0.013799499720335007,0,0.3305,0.0,0.0,0.0,0.0,0.0,0.0,0,93.674165898934,0.0,0,0.0,0.0,0.0,0.0,recorded_dp_events_only,released_packet,private_experiment_logs_not_public_dp_outputs,5130,trainable_parameters_v1,tex_packet,0.0,not_established,0.24106459878385067,0.007567699998617172,legacy_per_link_selection,0,0.0,0.0,0.0,0,seal,0,seal_save_size_upper_bound,0,50;40,0.0,0,0,0.0,not_selected,0,0.0,0,0.0,8192,0,0,0,0,40,0,0,0.0,0.0,0,0,0.0,227.2977159774893,0,0.0,0.0,8.000000000001,0.0,0,measured_norm_ratio_not_a_convergence_threshold,0.9933509007096291,85,100,0,0,0,0,0,0,0,0,0,0,1,0.0,0.0,fixed_mode_dynamic_privacy,0.0,0.0,incomplete_cross_domain_protection,local_packet_or_secure_aggregate,cross_domain_model_update,[],observed_operations_not_a_security_proof,False,no_new_cloud_update,0.0,13,0.0,1.001222500577569,100,100,0,scheduled,"{""dp_he"": 0, ""dp_only"": 0, ""he_only"": 0, ""neither"": 100}","{""dp_he"": 0, ""dp_only"": 0, ""he_only"": 0, ""neither"": 100}",0.7179757002741098,0.0,100,0.0,4.0,0.3305,1.9464267597198486,0.3115,1.9808160800933838,finite,0.007871599867939949,0.01294340193271637,0,0.0,0.0,1.0,0,0.0,0.0,0.0,0.0,0.0,0.0,0.0,0,0.0,0.0,0.0,0.0,0,0,0,0.0,0.0,0,0,0.0
1.0860846973955631,252.1179662763172,0.0,0.0,0.0,0,0,,,0.0,0.0,0.0,0.0,0,0.0,0,not_selected,0,0.0,not_selected,0.014277499169111252,0,0.3305,0.0,0.0,0.0,0.0,0.0,0.0,0,94.99324369989336,0.0,0,0.0,0.0,0.0,0.0,recorded_dp_events_only,released_packet,private_experiment_logs_not_public_dp_outputs,5130,trainable_parameters_v1,tex_packet,0.0,not_established,0.2403055988252163,0.0084501001983881,legacy_per_link_selection,0,0.0,0.0,0.0,0,seal,0,seal_save_size_upper_bound,0,50;40,0.0,0,0,0.0,not_selected,0,0.0,0,0.0,8192,0,0,0,0,40,0,0,0.0,0.0,0,0,0.0,227.2977159774893,0,0.0,0.0,8.000000000001,0.0,0,measured_norm_ratio_not_a_convergence_threshold,1.0891462992876768,85,100,0,0,0,0,0,0,0,0,0,0,1,0.0,0.0,fixed_mode_dynamic_privacy,0.0,0.0,incomplete_cross_domain_protection,local_packet_or_secure_aggregate,cross_domain_model_update,[],observed_operations_not_a_security_proof,False,no_new_cloud_update,0.0,14,0.0,1.099041299894452,100,100,0,scheduled,"{""dp_he"": 0, ""dp_only"": 0, ""he_only"": 0, ""neither"": 100}","{""dp_he"": 0, ""dp_only"": 0, ""he_only"": 0, ""neither"": 100}",0.8131564985960722,0.0,100,0.0,4.0,0.3305,1.9464267597198486,0.331,1.960484287261963,finite,0.009895000606775284,0.01295660249888897,0,0.0,0.0,1.0,0,0.0,0.0,0.0,0.0,0.0,0.0,0.0,0,0.0,0.0,0.0,0.0,0,0,0,0.0,0.0,0,0,0.0
0.9896577000617981,252.8368917766058,0.0,0.0,0.0,0,0,,,0.0,0.0,0.0,0.0,0,0.0,0,not_selected,0,0.0,not_selected,0.014353400096297264,0,0.3305,0.0,0.0,0.0,0.0,0.0,0.0,0,96.19324719905853,0.0,0,0.0,0.0,0.0,0.0,recorded_dp_events_only,released_packet,private_experiment_logs_not_public_dp_outputs,5130,trainable_parameters_v1,tex_packet,0.0,not_established,0.2387876007705927,0.009107500314712524,legacy_per_link_selection,0,0.0,0.0,0.0,0,seal,0,seal_save_size_upper_bound,0,50;40,0.0,0,0,0.0,not_selected,0,0.0,0,0.0,8192,0,0,0,0,40,0,0,0.0,0.0,0,0,0.0,227.2977159774893,0,0.0,0.0,8.000000000001,0.0,0,measured_norm_ratio_not_a_convergence_threshold,0.9935494028031826,85,100,0,0,0,0,0,0,0,0,0,0,1,0.0,0.0,fixed_mode_dynamic_privacy,0.0,0.0,incomplete_cross_domain_protection,local_packet_or_secure_aggregate,cross_domain_model_update,[],observed_operations_not_a_security_proof,False,no_new_cloud_update,0.0,15,0.0,1.0020331013947725,100,100,0,scheduled,"{""dp_he"": 0, ""dp_only"": 0, ""he_only"": 0, ""neither"": 100}","{""dp_he"": 0, ""dp_only"": 0, ""he_only"": 0, ""neither"": 100}",0.7189255002886057,0.0,100,0.0,4.0,0.3305,1.9464267597198486,0.331,1.9540965175628662,finite,0.008483698591589928,0.012375401332974434,0,0.0,0.0,1.0,0,0.0,0.0,0.0,0.0,0.0,0.0,0.0,0,0.0,0.0,0.0,0.0,0,0,0,0.0,0.0,0,0,0.0
1.0818801019340754,253.6393553770178,0.0,0.0,0.0,0,0,,,0.0,0.0,0.0,0.0,0,0.0,0,not_selected,0,0.0,not_selected,0.015347501263022423,0,0.3305,0.0,0.0,0.0,0.0,0.0,0.0,0,97.5032585002482,0.0,0,0.0,0.0,0.0,0.0,recorded_dp_events_only,released_packet,private_experiment_logs_not_public_dp_outputs,5130,trainable_parameters_v1,tex_packet,0.0,not_established,0.24489619955420494,0.009601499885320663,legacy_per_link_selection,0,0.0,0.0,0.0,0,seal,0,seal_save_size_upper_bound,0,50;40,0.0,0,0,0.0,not_selected,0,0.0,0,0.0,8192,0,0,0,0,40,0,0,0.0,0.0,0,0,0.0,227.2977159774893,0,0.0,0.0,8.000000000001,0.0,0,measured_norm_ratio_not_a_convergence_threshold,1.0845804996788502,85,100,0,0,0,0,0,0,0,0,0,0,1,0.0,0.0,fixed_mode_dynamic_privacy,0.0,0.0,incomplete_cross_domain_protection,local_packet_or_secure_aggregate,cross_domain_model_update,[],observed_operations_not_a_security_proof,False,no_new_cloud_update,0.0,16,0.0,1.0941518004983664,100,100,0,scheduled,"{""dp_he"": 0, ""dp_only"": 0, ""he_only"": 0, ""neither"": 100}","{""dp_he"": 0, ""dp_only"": 0, ""he_only"": 0, ""neither"": 100}",0.8024636004120111,0.0,100,0.0,4.0,0.3305,1.9464267597198486,0.3325,1.9611931571960448,finite,0.009571300819516182,0.012271698564291,0,0.0,0.0,1.0,0,0.0,0.0,0.0,0.0,0.0,0.0,0.0,0,0.0,0.0,0.0,0.0,0,0,0,0.0,0.0,0,0,0.0
1.000585399568081,254.35947237788076,0.0,0.0,0.0,0,0,,,0.0,0.0,0.0,0.0,0,0.0,0,not_selected,0,0.0,not_selected,0.015539798885583878,0,0.3305,0.0,0.0,0.0,0.0,0.0,0.0,0,98.71357529982924,0.0,0,0.0,0.0,0.0,0.0,recorded_dp_events_only,released_packet,private_experiment_logs_not_public_dp_outputs,5130,trainable_parameters_v1,tex_packet,0.0,not_established,0.24593530036509037,0.008751699700951576,legacy_per_link_selection,0,0.0,0.0,0.0,0,seal,0,seal_save_size_upper_bound,0,50;40,0.0,0,0,0.0,not_selected,0,0.0,0,0.0,8192,0,0,0,0,40,0,0,0.0,0.0,0,0,0.0,227.2977159774893,0,0.0,0.0,8.000000000001,0.0,0,measured_norm_ratio_not_a_convergence_threshold,1.0023643001914024,85,100,0,0,0,0,0,0,0,0,0,0,1,0.0,0.0,fixed_mode_dynamic_privacy,0.0,0.0,incomplete_cross_domain_protection,local_packet_or_secure_aggregate,cross_domain_model_update,[],observed_operations_not_a_security_proof,False,no_new_cloud_update,0.0,17,0.0,1.0126058999449015,100,100,0,scheduled,"{""dp_he"": 0, ""dp_only"": 0, ""he_only"": 0, ""neither"": 100}","{""dp_he"": 0, ""dp_only"": 0, ""he_only"": 0, ""neither"": 100}",0.720117000862956,0.0,100,0.0,4.0,0.3305,1.9464267597198486,0.348,1.9350659770965577,finite,0.010241599753499031,0.012020500376820564,0,0.0,0.0,1.0,0,0.0,0.0,0.0,0.0,0.0,0.0,0.0,0,0.0,0.0,0.0,0.0,0,0,0,0.0,0.0,0,0,0.0
1.1349726971238852,255.20761927655275,0.0,0.0,0.0,0,0,,,0.0,0.0,0.0,0.0,0,0.0,0,not_selected,0,0.0,not_selected,0.017277900129556656,0,0.3305,0.0,0.0,0.0,0.0,0.0,0.0,0,100.07772660069168,0.0,0,0.0,0.0,0.0,0.0,recorded_dp_events_only,released_packet,private_experiment_logs_not_public_dp_outputs,5130,trainable_parameters_v1,tex_packet,0.0,not_established,0.24859200045466423,0.010459799319505692,legacy_per_link_selection,0,0.0,0.0,0.0,0,seal,0,seal_save_size_upper_bound,0,50;40,0.0,0,0,0.0,not_selected,0,0.0,0,0.0,8192,0,0,0,0,40,0,0,0.0,0.0,0,0,0.0,227.2977159774893,0,0.0,0.0,8.000000000001,0.0,0,measured_norm_ratio_not_a_convergence_threshold,1.1372850015759468,85,100,0,0,0,0,0,0,0,0,0,0,1,0.0,0.0,fixed_mode_dynamic_privacy,0.0,0.0,incomplete_cross_domain_protection,local_packet_or_secure_aggregate,cross_domain_model_update,[],observed_operations_not_a_security_proof,False,no_new_cloud_update,0.0,18,0.0,1.1477811001241207,100,100,0,scheduled,"{""dp_he"": 0, ""dp_only"": 0, ""he_only"": 0, ""neither"": 100}","{""dp_he"": 0, ""dp_only"": 0, ""he_only"": 0, ""neither"": 100}",0.8481468986719847,0.0,100,0.0,4.0,0.3305,1.9464267597198486,0.3445,1.9557367630004883,finite,0.010496098548173904,0.012808403000235558,0,0.0,0.0,1.0,0,0.0,0.0,0.0,0.0,0.0,0.0,0.0,0,0.0,0.0,0.0,0.0,0,0,0,0.0,0.0,0,0,0.0
1.006046699360013,255.93172217784758,0.0,0.0,0.0,0,0,,,0.0,0.0,0.0,0.0,0,0.0,0,not_selected,0,0.0,not_selected,0.01698469929397106,0,0.3305,0.0,0.0,0.0,0.0,0.0,0.0,0,101.30157269909978,0.0,0,0.0,0.0,0.0,0.0,recorded_dp_events_only,released_packet,private_experiment_logs_not_public_dp_outputs,5130,trainable_parameters_v1,tex_packet,0.0,not_established,0.2433391995728016,0.010457199066877365,legacy_per_link_selection,0,0.0,0.0,0.0,0,seal,0,seal_save_size_upper_bound,0,50;40,0.0,0,0,0.0,not_selected,0,0.0,0,0.0,8192,0,0,0,0,40,0,0,0.0,0.0,0,0,0.0,227.2977159774893,0,0.0,0.0,8.000000000001,0.0,0,measured_norm_ratio_not_a_convergence_threshold,1.0068828985095024,85,100,0,0,0,0,0,0,0,0,0,0,1,0.0,0.0,fixed_mode_dynamic_privacy,0.0,0.0,incomplete_cross_domain_protection,local_packet_or_secure_aggregate,cross_domain_model_update,[],observed_operations_not_a_security_proof,False,no_new_cloud_update,0.0,19,0.0,1.018045598641038,100,100,0,scheduled,"{""dp_he"": 0, ""dp_only"": 0, ""he_only"": 0, ""neither"": 100}","{""dp_he"": 0, ""dp_only"": 0, ""he_only"": 0, ""neither"": 100}",0.7241029012948275,0.0,100,0.0,4.0,0.3305,1.9464267597198486,0.3375,1.9488629770278931,finite,0.01116270013153553,0.011998899281024933,0,0.0,0.0,1.0,0,0.0,0.0,0.0,0.0,0.0,0.0,0.0,0,0.0,0.0,0.0,0.0,0,0,0,0.0,0.0,0,0,0.0
1.053346198052168,256.702789677962,0.0,0.0,0.0,0,0,,,0.0,0.0,0.0,0.0,0,0.0,0,not_selected,0,0.0,not_selected,0.01680379919707775,0,0.3305,0.0,0.0,0.0,0.0,0.0,0.0,0,102.5871150996536,0.0,0,0.0,0.0,0.0,0.0,recorded_dp_events_only,released_packet,private_experiment_logs_not_public_dp_outputs,5130,trainable_parameters_v1,tex_packet,0.0,not_established,0.24341809935867786,0.010390600189566612,legacy_per_link_selection,0,0.0,0.0,0.0,0,seal,0,seal_save_size_upper_bound,0,50;40,0.0,0,0,0.0,not_selected,0,0.0,0,0.0,8192,0,0,0,0,40,0,0,0.0,0.0,0,0,0.0,227.2977159774893,0,0.0,0.0,8.000000000001,0.0,0,measured_norm_ratio_not_a_convergence_threshold,1.0533128008246422,85,100,0,0,0,0,0,0,0,0,0,0,1,0.0,0.0,fixed_mode_dynamic_privacy,0.0,0.0,incomplete_cross_domain_protection,local_packet_or_secure_aggregate,cross_domain_model_update,[],observed_operations_not_a_security_proof,False,no_new_cloud_update,0.0,20,0.0,1.064979000017047,100,100,0,scheduled,"{""dp_he"": 0, ""dp_only"": 0, ""he_only"": 0, ""neither"": 100}","{""dp_he"": 0, ""dp_only"": 0, ""he_only"": 0, ""neither"": 100}",0.7710675001144409,0.0,100,0.0,4.0,0.3305,1.9464267597198486,0.3195,1.965558515548706,finite,0.011666199192404747,0.011632801964879036,0,0.0,0.0,1.0,0,0.0,0.0,0.0,0.0,0.0,0.0,0.0,0,0.0,0.0,0.0,0.0,0,0,0,0.0,0.0,0,0,0.0
1.0253588017076254,257.44763367874856,0.0,0.0,0.0,0,0,,,0.0,0.0,0.0,0.0,0,0.0,0,not_selected,0,0.0,not_selected,0.016904300078749657,0,0.3305,0.0,0.0,0.0,0.0,0.0,0.0,0,103.82570520043373,0.0,0,0.0,0.0,0.0,0.0,recorded_dp_events_only,released_packet,private_experiment_logs_not_public_dp_outputs,5130,trainable_parameters_v1,tex_packet,0.0,not_established,0.2423379998654127,0.010219501331448555,legacy_per_link_selection,0,0.0,0.0,0.0,0,seal,0,seal_save_size_upper_bound,0,50;40,0.0,0,0,0.0,not_selected,0,0.0,0,0.0,8192,0,0,0,0,40,0,0,0.0,0.0,0,0,0.0,227.2977159774893,0,0.0,0.0,8.000000000001,0.0,0,measured_norm_ratio_not_a_convergence_threshold,1.0264243017882109,85,100,0,0,0,0,0,0,0,0,0,0,1,0.0,0.0,fixed_mode_dynamic_privacy,0.0,0.0,incomplete_cross_domain_protection,local_packet_or_secure_aggregate,cross_domain_model_update,[],observed_operations_not_a_security_proof,False,no_new_cloud_update,0.0,21,0.0,1.0374773014336824,100,100,0,scheduled,"{""dp_he"": 0, ""dp_only"": 0, ""he_only"": 0, ""neither"": 100}","{""dp_he"": 0, ""dp_only"": 0, ""he_only"": 0, ""neither"": 100}",0.7448440007865429,0.0,100,0.0,4.0,0.3305,1.9464267597198486,0.317,1.9625337381362915,finite,0.011052999645471573,0.012118499726057053,0,0.0,0.0,1.0,0,0.0,0.0,0.0,0.0,0.0,0.0,0.0,0,0.0,0.0,0.0,0.0,0,0,0,0.0,0.0,0,0,0.0
1.0743057988584042,258.24290097942884,0.0,0.0,0.0,0,0,,,0.0,0.0,0.0,0.0,0,0.0,0,not_selected,0,0.0,not_selected,0.016568999737501144,0,0.3305,0.0,0.0,0.0,0.0,0.0,0.0,0,105.13477279990911,0.0,0,0.0,0.0,0.0,0.0,recorded_dp_events_only,released_packet,private_experiment_logs_not_public_dp_outputs,5130,trainable_parameters_v1,tex_packet,0.0,not_established,0.24045449867844582,0.01129550114274025,legacy_per_link_selection,0,0.0,0.0,0.0,0,seal,0,seal_save_size_upper_bound,0,50;40,0.0,0,0,0.0,not_selected,0,0.0,0,0.0,8192,0,0,0,0,40,0,0,0.0,0.0,0,0,0.0,227.2977159774893,0,0.0,0.0,8.000000000001,0.0,0,measured_norm_ratio_not_a_convergence_threshold,1.0771364010870457,85,100,0,0,0,0,0,0,0,0,0,0,1,0.0,0.0,fixed_mode_dynamic_privacy,0.0,0.0,incomplete_cross_domain_protection,local_packet_or_secure_aggregate,cross_domain_model_update,[],observed_operations_not_a_security_proof,False,no_new_cloud_update,0.0,22,0.0,1.0878558997064829,100,100,0,scheduled,"{""dp_he"": 0, ""dp_only"": 0, ""he_only"": 0, ""neither"": 100}","{""dp_he"": 0, ""dp_only"": 0, ""he_only"": 0, ""neither"": 100}",0.7952673006802797,0.0,100,0.0,4.0,0.3305,1.9464267597198486,0.3335,1.9463025150299071,finite,0.010719498619437218,0.013550100848078728,0,0.0,0.0,1.0,0,0.0,0.0,0.0,0.0,0.0,0.0,0.0,0,0.0,0.0,0.0,0.0,0,0,0,0.0,0.0,0,0,0.0
1.0278295017778873,258.98389097927446,0.0,0.0,0.0,0,0,,,0.0,0.0,0.0,0.0,0,0.0,0,not_selected,0,0.0,not_selected,0.017164401710033417,0,0.3305,0.0,0.0,0.0,0.0,0.0,0.0,0,106.38687579892576,0.0,0,0.0,0.0,0.0,0.0,recorded_dp_events_only,released_packet,private_experiment_logs_not_public_dp_outputs,5130,trainable_parameters_v1,tex_packet,0.0,not_established,0.24830160103738308,0.010300500318408012,legacy_per_link_selection,0,0.0,0.0,0.0,0,seal,0,seal_save_size_upper_bound,0,50;40,0.0,0,0,0.0,not_selected,0,0.0,0,0.0,8192,0,0,0,0,40,0,0,0.0,0.0,0,0,0.0,227.2977159774893,0,0.0,0.0,8.000000000001,0.0,0,measured_norm_ratio_not_a_convergence_threshold,1.0297535005956888,85,100,0,0,0,0,0,0,0,0,0,0,1,0.0,0.0,fixed_mode_dynamic_privacy,0.0,0.0,incomplete_cross_domain_protection,local_packet_or_secure_aggregate,cross_domain_model_update,[],observed_operations_not_a_security_proof,False,no_new_cloud_update,0.0,23,0.0,1.0408264994621277,100,100,0,scheduled,"{""dp_he"": 0, ""dp_only"": 0, ""he_only"": 0, ""neither"": 100}","{""dp_he"": 0, ""dp_only"": 0, ""he_only"": 0, ""neither"": 100}",0.740989999845624,0.0,100,0.0,4.0,0.3305,1.9464267597198486,0.3315,1.9496547012329102,finite,0.011072998866438866,0.012996997684240341,0,0.0,0.0,1.0,0,0.0,0.0,0.0,0.0,0.0,0.0,0.0,0,0.0,0.0,0.0,0.0,0,0,0,0.0,0.0,0,0,0.0
1.0627670995891094,259.7600074808144,0.0,0.0,0.0,0,0,,,0.0,0.0,0.0,0.0,0,0.0,0,not_selected,0,0.0,not_selected,0.016484899446368217,0,0.3305,0.0,0.0,0.0,0.0,0.0,0.0,0,107.70624759979546,0.0,0,0.0,0.0,0.0,0.0,recorded_dp_events_only,released_packet,private_experiment_logs_not_public_dp_outputs,5130,trainable_parameters_v1,tex_packet,0.0,not_established,0.24396160058677197,0.01047629863023758,legacy_per_link_selection,0,0.0,0.0,0.0,0,seal,0,seal_save_size_upper_bound,0,50;40,0.0,0,0,0.0,not_selected,0,0.0,0,0.0,8192,0,0,0,0,40,0,0,0.0,0.0,0,0,0.0,227.2977159774893,0,0.0,0.0,8.000000000001,0.0,0,measured_norm_ratio_not_a_convergence_threshold,1.0608396008610725,85,100,0,0,0,0,0,0,0,0,0,0,1,0.0,0.0,fixed_mode_dynamic_privacy,0.0,0.0,incomplete_cross_domain_protection,local_packet_or_secure_aggregate,cross_domain_model_update,[],observed_operations_not_a_security_proof,False,no_new_cloud_update,0.0,24,0.0,1.0765674002468586,100,100,0,scheduled,"{""dp_he"": 0, ""dp_only"": 0, ""he_only"": 0, ""neither"": 100}","{""dp_he"": 0, ""dp_only"": 0, ""he_only"": 0, ""neither"": 100}",0.7761165015399456,0.0,100,0.0,4.0,0.3305,1.9464267597198486,0.336,1.9524099521636964,finite,0.015727799385786057,0.013800300657749176,0,0.0,0.0,1.0,0,0.0,0.0,0.0,0.0,0.0,0.0,0.0,0,0.0,0.0,0.0,0.0,0,0,0,0.0,0.0,0,0,0.0
1.0063393004238605,260.4867593801611,0.0,0.0,0.0,0,0,,,0.0,0.0,0.0,0.0,0,0.0,0,not_selected,0,0.0,not_selected,0.01638760045170784,0,0.3305,0.0,0.0,0.0,0.0,0.0,0.0,0,108.93325510062277,0.0,0,0.0,0.0,0.0,0.0,recorded_dp_events_only,released_packet,private_experiment_logs_not_public_dp_outputs,5130,trainable_parameters_v1,tex_packet,0.0,not_established,0.2414212990552187,0.010820301249623299,legacy_per_link_selection,0,0.0,0.0,0.0,0,seal,0,seal_save_size_upper_bound,0,50;40,0.0,0,0,0.0,not_selected,0,0.0,0,0.0,8192,0,0,0,0,40,0,0,0.0,0.0,0,0,0.0,227.2977159774893,0,0.0,0.0,8.000000000001,0.0,0,measured_norm_ratio_not_a_convergence_threshold,1.008814599364996,85,100,0,0,0,0,0,0,0,0,0,0,1,0.0,0.0,fixed_mode_dynamic_privacy,0.0,0.0,incomplete_cross_domain_protection,local_packet_or_secure_aggregate,cross_domain_model_update,[],observed_operations_not_a_security_proof,False,no_new_cloud_update,0.0,25,0.0,1.0197727996855974,100,100,0,scheduled,"{""dp_he"": 0, ""dp_only"": 0, ""he_only"": 0, ""neither"": 100}","{""dp_he"": 0, ""dp_only"": 0, ""he_only"": 0, ""neither"": 100}",0.7267518993467093,0.0,100,0.0,4.0,0.3305,1.9464267597198486,0.333,1.9475090942382813,finite,0.010958200320601463,0.01343349926173687,0,0.0,0.0,1.0,0,0.0,0.0,0.0,0.0,0.0,0.0,0.0,0,0.0,0.0,0.0,0.0,0,0,0,0.0,0.0,0,0,0.0
1.096918599680066,261.2864975805425,0.0,0.0,0.0,0,0,,,0.0,0.0,0.0,0.0,0,0.0,0,not_selected,0,0.0,not_selected,0.01746240071952343,0,0.3305,0.0,0.0,0.0,0.0,0.0,0.0,0,110.29530810005963,0.0,0,0.0,0.0,0.0,0.0,recorded_dp_events_only,released_packet,private_experiment_logs_not_public_dp_outputs,5130,trainable_parameters_v1,tex_packet,0.0,not_established,0.2534912992268801,0.014629699289798737,legacy_per_link_selection,0,0.0,0.0,0.0,0,seal,0,seal_save_size_upper_bound,0,50;40,0.0,0,0,0.0,not_selected,0,0.0,0,0.0,8192,0,0,0,0,40,0,0,0.0,0.0,0,0,0.0,227.2977159774893,0,0.0,0.0,8.000000000001,0.0,0,measured_norm_ratio_not_a_convergence_threshold,1.0980859007686377,85,100,0,0,0,0,0,0,0,0,0,0,1,0.0,0.0,fixed_mode_dynamic_privacy,0.0,0.0,incomplete_cross_domain_protection,local_packet_or_secure_aggregate,cross_domain_model_update,[],observed_operations_not_a_security_proof,False,no_new_cloud_update,0.0,26,0.0,1.1096829008311033,100,100,0,scheduled,"{""dp_he"": 0, ""dp_only"": 0, ""he_only"": 0, ""neither"": 100}","{""dp_he"": 0, ""dp_only"": 0, ""he_only"": 0, ""neither"": 100}",0.7997382003813982,0.0,100,0.0,4.0,0.3305,1.9464267597198486,0.3405,1.9454466257095338,finite,0.011597000062465668,0.012764301151037216,0,0.0,0.0,1.0,0,0.0,0.0,0.0,0.0,0.0,0.0,0.0,0,0.0,0.0,0.0,0.0,0,0,0,0.0,0.0,0,0,0.0
1.0633901003748178,262.0531115817868,0.0,0.0,0.0,0,0,,,0.0,0.0,0.0,0.0,0,0.0,0,not_selected,0,0.0,not_selected,0.022345298901200294,0,0.3305,0.0,0.0,0.0,0.0,0.0,0.0,0,111.61398559994996,0.0,0,0.0,0.0,0.0,0.0,recorded_dp_events_only,released_packet,private_experiment_logs_not_public_dp_outputs,5130,trainable_parameters_v1,tex_packet,0.0,not_established,0.25178150087594986,0.011517999693751335,legacy_per_link_selection,0,0.0,0.0,0.0,0,seal,0,seal_save_size_upper_bound,0,50;40,0.0,0,0,0.0,not_selected,0,0.0,0,0.0,8192,0,0,0,0,40,0,0,0.0,0.0,0,0,0.0,227.2977159774893,0,0.0,0.0,8.000000000001,0.0,0,measured_norm_ratio_not_a_convergence_threshold,1.0652692001312971,85,100,0,0,0,0,0,0,0,0,0,0,1,0.0,0.0,fixed_mode_dynamic_privacy,0.0,0.0,incomplete_cross_domain_protection,local_packet_or_secure_aggregate,cross_domain_model_update,[],observed_operations_not_a_security_proof,False,no_new_cloud_update,0.0,27,0.0,1.076400499790907,100,100,0,scheduled,"{""dp_he"": 0, ""dp_only"": 0, ""he_only"": 0, ""neither"": 100}","{""dp_he"": 0, ""dp_only"": 0, ""he_only"": 0, ""neither"": 100}",0.7666140012443066,0.0,100,0.0,4.0,0.3305,1.9464267597198486,0.334,1.9472323446273803,finite,0.011131299659609795,0.013010399416089058,0,0.0,0.0,1.0,0,0.0,0.0,0.0,0.0,0.0,0.0,0.0,0,0.0,0.0,0.0,0.0,0,0,0,0.0,0.0,0,0,0.0
1.0372547022998333,262.80297908252413,0.0,0.0,0.0,0,0,,,0.0,0.0,0.0,0.0,0,0.0,0,not_selected,0,0.0,not_selected,0.017148099839687347,0,0.3305,0.0,0.0,0.0,0.0,0.0,0.0,0,112.91155830025673,0.0,0,0.0,0.0,0.0,0.0,recorded_dp_events_only,released_packet,private_experiment_logs_not_public_dp_outputs,5130,trainable_parameters_v1,tex_packet,0.0,not_established,0.24821360036730766,0.01136310026049614,legacy_per_link_selection,0,0.0,0.0,0.0,0,seal,0,seal_save_size_upper_bound,0,50;40,0.0,0,0,0.0,not_selected,0,0.0,0,0.0,8192,0,0,0,0,40,0,0,0.0,0.0,0,0,0.0,227.2977159774893,0,0.0,0.0,8.000000000001,0.0,0,measured_norm_ratio_not_a_convergence_threshold,1.0397183988243341,85,100,0,0,0,0,0,0,0,0,0,0,1,0.0,0.0,fixed_mode_dynamic_privacy,0.0,0.0,incomplete_cross_domain_protection,local_packet_or_secure_aggregate,cross_domain_model_update,[],observed_operations_not_a_security_proof,False,no_new_cloud_update,0.0,28,0.0,1.0503807999193668,100,100,0,scheduled,"{""dp_he"": 0, ""dp_only"": 0, ""he_only"": 0, ""neither"": 100}","{""dp_he"": 0, ""dp_only"": 0, ""he_only"": 0, ""neither"": 100}",0.7498675007373095,0.0,100,0.0,4.0,0.3305,1.9464267597198486,0.323,1.9615897970199585,finite,0.010662401095032692,0.013126097619533539,0,0.0,0.0,1.0,0,0.0,0.0,0.0,0.0,0.0,0.0,0.0,0,0.0,0.0,0.0,0.0,0,0,0,0.0,0.0,0,0,0.0
1.0155682023614645,263.52258998221095,0.0,0.0,0.0,0,0,,,0.0,0.0,0.0,0.0,0,0.0,0,not_selected,0,0.0,not_selected,0.017952000722289085,0,0.3305,0.0,0.0,0.0,0.0,0.0,0.0,0,114.16599920019507,0.0,0,0.0,0.0,0.0,0.0,recorded_dp_events_only,released_packet,private_experiment_logs_not_public_dp_outputs,5130,trainable_parameters_v1,tex_packet,0.0,not_established,0.2568590007722378,0.010126600041985512,legacy_per_link_selection,0,0.0,0.0,0.0,0,seal,0,seal_save_size_upper_bound,0,50;40,0.0,0,0,0.0,not_selected,0,0.0,0,0.0,8192,0,0,0,0,40,0,0,0.0,0.0,0,0,0.0,227.2977159774893,0,0.0,0.0,8.000000000001,0.0,0,measured_norm_ratio_not_a_convergence_threshold,1.017009198665619,85,100,0,0,0,0,0,0,0,0,0,0,1,0.0,0.0,fixed_mode_dynamic_privacy,0.0,0.0,incomplete_cross_domain_protection,local_packet_or_secure_aggregate,cross_domain_model_update,[],observed_operations_not_a_security_proof,False,no_new_cloud_update,0.0,29,0.0,1.0280288998037577,100,100,0,scheduled,"{""dp_he"": 0, ""dp_only"": 0, ""he_only"": 0, ""neither"": 100}","{""dp_he"": 0, ""dp_only"": 0, ""he_only"": 0, ""neither"": 100}",0.7196108996868134,0.0,100,0.0,4.0,0.3305,1.9464267597198486,0.3365,1.9522403707504272,finite,0.011019701138138771,0.012460697442293167,0,0.0,0.0,1.0,0,0.0,0.0,0.0,0.0,0.0,0.0,0.0,0,0.0,0.0,0.0,0.0,0,0,0,0.0,0.0,0,0,0.0
1.062288599088788,264.29970648205216,0.0,0.0,0.0,0,0,,,0.0,0.0,0.0,0.0,0,0.0,0,not_selected,0,0.0,not_selected,0.017378998920321465,0,0.3305,0.0,0.0,0.0,0.0,0.0,0.0,0,115.49734440073371,0.0,0,0.0,0.0,0.0,0.0,recorded_dp_events_only,released_packet,private_experiment_logs_not_public_dp_outputs,5130,trainable_parameters_v1,tex_packet,0.0,not_established,0.2463798988610506,0.010743699967861176,legacy_per_link_selection,0,0.0,0.0,0.0,0,seal,0,seal_save_size_upper_bound,0,50;40,0.0,0,0,0.0,not_selected,0,0.0,0,0.0,8192,0,0,0,0,40,0,0,0.0,0.0,0,0,0.0,227.2977159774893,0,0.0,0.0,8.000000000001,0.0,0,measured_norm_ratio_not_a_convergence_threshold,1.0645919982343912,85,100,0,0,0,0,0,0,0,0,0,0,1,0.0,0.0,fixed_mode_dynamic_privacy,0.0,0.0,incomplete_cross_domain_protection,local_packet_or_secure_aggregate,cross_domain_model_update,[],observed_operations_not_a_security_proof,False,no_new_cloud_update,0.0,30,0.0,1.0752614997327328,100,100,0,scheduled,"{""dp_he"": 0, ""dp_only"": 0, ""he_only"": 0, ""neither"": 100}","{""dp_he"": 0, ""dp_only"": 0, ""he_only"": 0, ""neither"": 100}",0.7771164998412132,0.0,100,0.0,4.0,0.3305,1.9464267597198486,0.3465,1.9235632009506225,finite,0.01066950149834156,0.01297290064394474,0,0.0,0.0,1.0,0,0.0,0.0,0.0,0.0,0.0,0.0,0.0,0,0.0,0.0,0.0,0.0,0,0,0,0.0,0.0,0,0,0.0
1.045389398932457,265.05159238046343,0.0,0.0,0.0,0,0,,,0.0,0.0,0.0,0.0,0,0.0,0,not_selected,0,0.0,not_selected,0.01904670149087906,0,0.3305,0.0,0.0,0.0,0.0,0.0,0.0,0,116.78653899952769,0.0,0,0.0,0.0,0.0,0.0,recorded_dp_events_only,released_packet,private_experiment_logs_not_public_dp_outputs,5130,trainable_parameters_v1,tex_packet,0.0,not_established,0.25093219988048077,0.012092499062418938,legacy_per_link_selection,0,0.0,0.0,0.0,0,seal,0,seal_save_size_upper_bound,0,50;40,0.0,0,0,0.0,not_selected,0,0.0,0,0.0,8192,0,0,0,0,40,0,0,0.0,0.0,0,0,0.0,227.2977159774893,0,0.0,0.0,8.000000000001,0.0,0,measured_norm_ratio_not_a_convergence_threshold,1.0476532001048326,85,100,0,0,0,0,0,0,0,0,0,0,1,0.0,0.0,fixed_mode_dynamic_privacy,0.0,0.0,incomplete_cross_domain_protection,local_packet_or_secure_aggregate,cross_domain_model_update,[],observed_operations_not_a_security_proof,False,no_new_cloud_update,0.0,31,0.0,1.059085300192237,100,100,0,scheduled,"{""dp_he"": 0, ""dp_only"": 0, ""he_only"": 0, ""neither"": 100}","{""dp_he"": 0, ""dp_only"": 0, ""he_only"": 0, ""neither"": 100}",0.751885898411274,0.0,100,0.0,4.0,0.3305,1.9464267597198486,0.351,1.9278061771392823,finite,0.011432100087404251,0.01369590125977993,0,0.0,0.0,1.0,0,0.0,0.0,0.0,0.0,0.0,0.0,0.0,0,0.0,0.0,0.0,0.0,0,0,0,0.0,0.0,0,0,0.0
1.0426719021052122,265.8090399808281,0.0,0.0,0.0,0,0,,,0.0,0.0,0.0,0.0,0,0.0,0,not_selected,0,0.0,not_selected,0.01766510121524334,0,0.3305,0.0,0.0,0.0,0.0,0.0,0.0,0,118.0883833989501,0.0,0,0.0,0.0,0.0,0.0,recorded_dp_events_only,released_packet,private_experiment_logs_not_public_dp_outputs,5130,trainable_parameters_v1,tex_packet,0.0,not_established,0.24210199899971485,0.011160701513290405,legacy_per_link_selection,0,0.0,0.0,0.0,0,seal,0,seal_save_size_upper_bound,0,50;40,0.0,0,0,0.0,not_selected,0,0.0,0,0.0,8192,0,0,0,0,40,0,0,0.0,0.0,0,0,0.0,227.2977159774893,0,0.0,0.0,8.000000000001,0.0,0,measured_norm_ratio_not_a_convergence_threshold,1.0412491001188755,85,100,0,0,0,0,0,0,0,0,0,0,1,0.0,0.0,fixed_mode_dynamic_privacy,0.0,0.0,incomplete_cross_domain_protection,local_packet_or_secure_aggregate,cross_domain_model_update,[],observed_operations_not_a_security_proof,False,no_new_cloud_update,0.0,32,0.0,1.055545600131154,100,100,0,scheduled,"{""dp_he"": 0, ""dp_only"": 0, ""he_only"": 0, ""neither"": 100}","{""dp_he"": 0, ""dp_only"": 0, ""he_only"": 0, ""neither"": 100}",0.7574476003646851,0.0,100,0.0,4.0,0.3305,1.9464267597198486,0.333,1.9478419322967528,finite,0.014296500012278557,0.012873698025941849,0,0.0,0.0,1.0,0,0.0,0.0,0.0,0.0,0.0,0.0,0.0,0,0.0,0.0,0.0,0.0,0,0,0,0.0,0.0,0,0,0.0
1.0365261025726795,266.5548242821389,0.0,0.0,0.0,0,0,,,0.0,0.0,0.0,0.0,0,0.0,0,not_selected,0,0.0,not_selected,0.01811700128018856,0,0.3305,0.0,0.0,0.0,0.0,0.0,0.0,0,119.37483339942992,0.0,0,0.0,0.0,0.0,0.0,recorded_dp_events_only,released_packet,private_experiment_logs_not_public_dp_outputs,5130,trainable_parameters_v1,tex_packet,0.0,not_established,0.24912500008940697,0.011025900021195412,legacy_per_link_selection,0,0.0,0.0,0.0,0,seal,0,seal_save_size_upper_bound,0,50;40,0.0,0,0,0.0,not_selected,0,0.0,0,0.0,8192,0,0,0,0,40,0,0,0.0,0.0,0,0,0.0,227.2977159774893,0,0.0,0.0,8.000000000001,0.0,0,measured_norm_ratio_not_a_convergence_threshold,1.0372307002544403,85,100,0,0,0,0,0,0,0,0,0,0,1,0.0,0.0,fixed_mode_dynamic_privacy,0.0,0.0,incomplete_cross_domain_protection,local_packet_or_secure_aggregate,cross_domain_model_update,[],observed_operations_not_a_security_proof,False,no_new_cloud_update,0.0,33,0.0,1.0497046001255512,100,100,0,scheduled,"{""dp_he"": 0, ""dp_only"": 0, ""he_only"": 0, ""neither"": 100}","{""dp_he"": 0, ""dp_only"": 0, ""he_only"": 0, ""neither"": 100}",0.7457843013107777,0.0,100,0.0,4.0,0.3305,1.9464267597198486,0.3445,1.9476918802261352,finite,0.012473899871110916,0.013178497552871704,0,0.0,0.0,1.0,0,0.0,0.0,0.0,0.0,0.0,0.0,0.0,0,0.0,0.0,0.0,0.0,0,0,0,0.0,0.0,0,0,0.0
1.0278317015618086,267.29784638313885,0.0,0.0,0.0,0,0,,,0.0,0.0,0.0,0.0,0,0.0,0,not_selected,0,0.0,not_selected,0.018172699958086014,0,0.3305,0.0,0.0,0.0,0.0,0.0,0.0,0,120.68213219940662,0.0,0,0.0,0.0,0.0,0.0,recorded_dp_events_only,released_packet,private_experiment_logs_not_public_dp_outputs,5130,trainable_parameters_v1,tex_packet,0.0,not_established,0.24472320079803467,0.011652400717139244,legacy_per_link_selection,0,0.0,0.0,0.0,0,seal,0,seal_save_size_upper_bound,0,50;40,0.0,0,0,0.0,not_selected,0,0.0,0,0.0,8192,0,0,0,0,40,0,0,0.0,0.0,0,0,0.0,227.2977159774893,0,0.0,0.0,8.000000000001,0.0,0,measured_norm_ratio_not_a_convergence_threshold,1.0309588015079498,85,100,0,0,0,0,0,0,0,0,0,0,1,0.0,0.0,fixed_mode_dynamic_privacy,0.0,0.0,incomplete_cross_domain_protection,local_packet_or_secure_aggregate,cross_domain_model_update,[],observed_operations_not_a_security_proof,False,no_new_cloud_update,0.0,34,0.0,1.0412201005965471,100,100,0,scheduled,"{""dp_he"": 0, ""dp_only"": 0, ""he_only"": 0, ""neither"": 100}","{""dp_he"": 0, ""dp_only"": 0, ""he_only"": 0, ""neither"": 100}",0.7430221009999514,0.0,100,0.0,4.0,0.3305,1.9464267597198486,0.3285,1.9553293685913087,finite,0.010261299088597298,0.01338839903473854,0,0.0,0.0,1.0,0,0.0,0.0,0.0,0.0,0.0,0.0,0.0,0,0.0,0.0,0.0,0.0,0,0,0,0.0,0.0,0,0,0.0
1.1566945016384125,268.1492814837986,0.0,0.0,0.0,0,0,,,0.0,0.0,0.0,0.0,0,0.0,0,not_selected,0,0.0,not_selected,0.017495501786470413,0,0.3305,0.0,0.0,0.0,0.0,0.0,0.0,0,122.08347970061004,0.0,0,0.0,0.0,0.0,0.0,recorded_dp_events_only,released_packet,private_experiment_logs_not_public_dp_outputs,5130,trainable_parameters_v1,tex_packet,0.0,not_established,0.2627940997481346,0.013485699892044067,legacy_per_link_selection,0,0.0,0.0,0.0,0,seal,0,seal_save_size_upper_bound,0,50;40,0.0,0,0,0.0,not_selected,0,0.0,0,0.0,8192,0,0,0,0,40,0,0,0.0,0.0,0,0,0.0,227.2977159774893,0,0.0,0.0,8.000000000001,0.0,0,measured_norm_ratio_not_a_convergence_threshold,1.1593867000192404,85,100,0,0,0,0,0,0,0,0,0,0,1,0.0,0.0,fixed_mode_dynamic_privacy,0.0,0.0,incomplete_cross_domain_protection,local_packet_or_secure_aggregate,cross_domain_model_update,[],observed_operations_not_a_security_proof,False,no_new_cloud_update,0.0,35,0.0,1.1708707995712757,100,100,0,scheduled,"{""dp_he"": 0, ""dp_only"": 0, ""he_only"": 0, ""neither"": 100}","{""dp_he"": 0, ""dp_only"": 0, ""he_only"": 0, ""neither"": 100}",0.851435100659728,0.0,100,0.0,4.0,0.3305,1.9464267597198486,0.3255,1.9611028690338135,finite,0.011484099552035332,0.014176297932863235,0,0.0,0.0,1.0,0,0.0,0.0,0.0,0.0,0.0,0.0,0.0,0,0.0,0.0,0.0,0.0,0,0,0,0.0,0.0,0,0,0.0
1.020354399457574,268.8822847834819,0.0,0.0,0.0,0,0,,,0.0,0.0,0.0,0.0,0,0.0,0,not_selected,0,0.0,not_selected,0.01756250113248825,0,0.3305,0.0,0.0,0.0,0.0,0.0,0.0,0,123.38527270033956,0.0,0,0.0,0.0,0.0,0.0,recorded_dp_events_only,released_packet,private_experiment_logs_not_public_dp_outputs,5130,trainable_parameters_v1,tex_packet,0.0,not_established,0.248344998806715,0.010632699355483055,legacy_per_link_selection,0,0.0,0.0,0.0,0,seal,0,seal_save_size_upper_bound,0,50;40,0.0,0,0,0.0,not_selected,0,0.0,0,0.0,8192,0,0,0,0,40,0,0,0.0,0.0,0,0,0.0,227.2977159774893,0,0.0,0.0,8.000000000001,0.0,0,measured_norm_ratio_not_a_convergence_threshold,1.0242929998785257,85,100,0,0,0,0,0,0,0,0,0,0,1,0.0,0.0,fixed_mode_dynamic_privacy,0.0,0.0,incomplete_cross_domain_protection,local_packet_or_secure_aggregate,cross_domain_model_update,[],observed_operations_not_a_security_proof,False,no_new_cloud_update,0.0,36,0.0,1.0351039003580809,100,100,0,scheduled,"{""dp_he"": 0, ""dp_only"": 0, ""he_only"": 0, ""neither"": 100}","{""dp_he"": 0, ""dp_only"": 0, ""he_only"": 0, ""neither"": 100}",0.7330032996833324,0.0,100,0.0,4.0,0.3305,1.9464267597198486,0.328,1.9573297290802,finite,0.01081090047955513,0.014749500900506973,0,0.0,0.0,1.0,0,0.0,0.0,0.0,0.0,0.0,0.0,0.0,0,0.0,0.0,0.0,0.0,0,0,0,0.0,0.0,0,0,0.0
1.0785304009914398,269.65929988278384,0.0,0.0,0.0,0,0,,,0.0,0.0,0.0,0.0,0,0.0,0,not_selected,0,0.0,not_selected,0.02133290097117424,0,0.3305,0.0,0.0,0.0,0.0,0.0,0.0,0,124.71744699962437,0.0,0,0.0,0.0,0.0,0.0,recorded_dp_events_only,released_packet,private_experiment_logs_not_public_dp_outputs,5130,trainable_parameters_v1,tex_packet,0.0,not_established,0.25336579978466034,0.014401201158761978,legacy_per_link_selection,0,0.0,0.0,0.0,0,seal,0,seal_save_size_upper_bound,0,50;40,0.0,0,0,0.0,not_selected,0,0.0,0,0.0,8192,0,0,0,0,40,0,0,0.0,0.0,0,0,0.0,227.2977159774893,0,0.0,0.0,8.000000000001,0.0,0,measured_norm_ratio_not_a_convergence_threshold,1.0801251009106636,85,100,0,0,0,0,0,0,0,0,0,0,1,0.0,0.0,fixed_mode_dynamic_privacy,0.0,0.0,incomplete_cross_domain_protection,local_packet_or_secure_aggregate,cross_domain_model_update,[],observed_operations_not_a_security_proof,False,no_new_cloud_update,0.0,37,0.0,1.0925405006855726,100,100,0,scheduled,"{""dp_he"": 0, ""dp_only"": 0, ""he_only"": 0, ""neither"": 100}","{""dp_he"": 0, ""dp_only"": 0, ""he_only"": 0, ""neither"": 100}",0.7770150993019342,0.0,100,0.0,4.0,0.3305,1.9464267597198486,0.3545,1.9283597583770753,finite,0.01241539977490902,0.014010099694132805,0,0.0,0.0,1.0,0,0.0,0.0,0.0,0.0,0.0,0.0,0.0,0,0.0,0.0,0.0,0.0,0,0,0,0.0,0.0,0,0,0.0
1.012051299214363,270.39107108367915,0.0,0.0,0.0,0,0,,,0.0,0.0,0.0,0.0,0,0.0,0,not_selected,0,0.0,not_selected,0.017763501033186913,0,0.3305,0.0,0.0,0.0,0.0,0.0,0.0,0,125.99219360016286,0.0,0,0.0,0.0,0.0,0.0,recorded_dp_events_only,released_packet,private_experiment_logs_not_public_dp_outputs,5130,trainable_parameters_v1,tex_packet,0.0,not_established,0.24032669886946678,0.01027749851346016,legacy_per_link_selection,0,0.0,0.0,0.0,0,seal,0,seal_save_size_upper_bound,0,50;40,0.0,0,0,0.0,not_selected,0,0.0,0,0.0,8192,0,0,0,0,40,0,0,0.0,0.0,0,0,0.0,227.2977159774893,0,0.0,0.0,8.000000000001,0.0,0,measured_norm_ratio_not_a_convergence_threshold,1.012847300618887,85,100,0,0,0,0,0,0,0,0,0,0,1,0.0,0.0,fixed_mode_dynamic_privacy,0.0,0.0,incomplete_cross_domain_protection,local_packet_or_secure_aggregate,cross_domain_model_update,[],observed_operations_not_a_security_proof,False,no_new_cloud_update,0.0,38,0.0,1.0247597005218267,100,100,0,scheduled,"{""dp_he"": 0, ""dp_only"": 0, ""he_only"": 0, ""neither"": 100}","{""dp_he"": 0, ""dp_only"": 0, ""he_only"": 0, ""neither"": 100}",0.7317712008953094,0.0,100,0.0,4.0,0.3305,1.9464267597198486,0.339,1.9540380325317384,finite,0.011912399902939796,0.012708401307463646,0,0.0,0.0,1.0,0,0.0,0.0,0.0,0.0,0.0,0.0,0.0,0,0.0,0.0,0.0,0.0,0,0,0,0.0,0.0,0,0,0.0
1.0823590010404587,271.1738145842248,0.0,0.0,0.0,0,0,,,0.0,0.0,0.0,0.0,0,0.0,0,not_selected,0,0.0,not_selected,0.024099498987197876,0,0.3305,0.0,0.0,0.0,0.0,0.0,0.0,0,127.33514500036836,0.0,0,0.0,0.0,0.0,0.0,recorded_dp_events_only,released_packet,private_experiment_logs_not_public_dp_outputs,5130,trainable_parameters_v1,tex_packet,0.0,not_established,0.24821540154516697,0.011268999427556992,legacy_per_link_selection,0,0.0,0.0,0.0,0,seal,0,seal_save_size_upper_bound,0,50;40,0.0,0,0,0.0,not_selected,0,0.0,0,0.0,8192,0,0,0,0,40,0,0,0.0,0.0,0,0,0.0,227.2977159774893,0,0.0,0.0,8.000000000001,0.0,0,measured_norm_ratio_not_a_convergence_threshold,1.082634599879384,85,100,0,0,0,0,0,0,0,0,0,0,1,0.0,0.0,fixed_mode_dynamic_privacy,0.0,0.0,incomplete_cross_domain_protection,local_packet_or_secure_aggregate,cross_domain_model_update,[],observed_operations_not_a_security_proof,False,no_new_cloud_update,0.0,39,0.0,1.0986662004143,100,100,0,scheduled,"{""dp_he"": 0, ""dp_only"": 0, ""he_only"": 0, ""neither"": 100}","{""dp_he"": 0, ""dp_only"": 0, ""he_only"": 0, ""neither"": 100}",0.7827435005456209,0.0,100,0.0,4.0,0.3305,1.9464267597198486,0.336,1.9464269390106201,finite,0.016031600534915924,0.016307199373841286,0,0.0,0.0,1.0,0,0.0,0.0,0.0,0.0,0.0,0.0,0.0,0,0.0,0.0,0.0,0.0,0,0,0,0.0,0.0,0,0,0.0
1.0285682007670403,271.91791128432686,0.0,0.0,0.0,0,0,,,0.0,0.0,0.0,0.0,0,0.0,0,not_selected,0,0.0,not_selected,0.01702040061354637,0,0.3305,0.0,0.0,0.0,0.0,0.0,0.0,0,128.62730420008302,0.0,0,0.0,0.0,0.0,0.0,recorded_dp_events_only,released_packet,private_experiment_logs_not_public_dp_outputs,5130,trainable_parameters_v1,tex_packet,0.0,not_established,0.24614840000867844,0.009997699409723282,legacy_per_link_selection,0,0.0,0.0,0.0,0,seal,0,seal_save_size_upper_bound,0,50;40,0.0,0,0,0.0,not_selected,0,0.0,0,0.0,8192,0,0,0,0,40,0,0,0.0,0.0,0,0,0.0,227.2977159774893,0,0.0,0.0,8.000000000001,0.0,0,measured_norm_ratio_not_a_convergence_threshold,1.0302702989429235,85,100,0,0,0,0,0,0,0,0,0,0,1,0.0,0.0,fixed_mode_dynamic_privacy,0.0,0.0,incomplete_cross_domain_protection,local_packet_or_secure_aggregate,cross_domain_model_update,[],observed_operations_not_a_security_proof,False,no_new_cloud_update,0.0,40,0.0,1.0415752995759249,100,100,0,scheduled,"{""dp_he"": 0, ""dp_only"": 0, ""he_only"": 0, ""neither"": 100}","{""dp_he"": 0, ""dp_only"": 0, ""he_only"": 0, ""neither"": 100}",0.7440967001020908,0.0,100,0.0,4.0,0.3305,1.9464267597198486,0.3425,1.9436834344863891,finite,0.011305000633001328,0.01300709880888462,0,0.0,0.0,1.0,0,0.0,0.0,0.0,0.0,0.0,0.0,0.0,0,0.0,0.0,0.0,0.0,0,0,0,0.0,0.0,0,0,0.0
1.0844187010079622,272.70735228499706,0.0,0.0,0.0,0,0,,,0.0,0.0,0.0,0.0,0,0.0,0,not_selected,0,0.0,not_selected,0.02205670066177845,0,0.3305,0.0,0.0,0.0,0.0,0.0,0.0,0,129.9678093995899,0.0,0,0.0,0.0,0.0,0.0,recorded_dp_events_only,released_packet,private_experiment_logs_not_public_dp_outputs,5130,trainable_parameters_v1,tex_packet,0.0,not_established,0.2482559997588396,0.012561298906803131,legacy_per_link_selection,0,0.0,0.0,0.0,0,seal,0,seal_save_size_upper_bound,0,50;40,0.0,0,0,0.0,not_selected,0,0.0,0,0.0,8192,0,0,0,0,40,0,0,0.0,0.0,0,0,0.0,227.2977159774893,0,0.0,0.0,8.000000000001,0.0,0,measured_norm_ratio_not_a_convergence_threshold,1.0863109976053238,85,100,0,0,0,0,0,0,0,0,0,0,1,0.0,0.0,fixed_mode_dynamic_privacy,0.0,0.0,incomplete_cross_domain_protection,local_packet_or_secure_aggregate,cross_domain_model_update,[],observed_operations_not_a_security_proof,False,no_new_cloud_update,0.0,41,0.0,1.0984146986156702,100,100,0,scheduled,"{""dp_he"": 0, ""dp_only"": 0, ""he_only"": 0, ""neither"": 100}","{""dp_he"": 0, ""dp_only"": 0, ""he_only"": 0, ""neither"": 100}",0.7894410006701946,0.0,100,0.0,4.0,0.3305,1.9464267597198486,0.332,1.9673144159317018,finite,0.012103701010346413,0.013995997607707977,0,0.0,0.0,1.0,0,0.0,0.0,0.0,0.0,0.0,0.0,0.0,0,0.0,0.0,0.0,0.0,0,0,0,0.0,0.0,0,0,0.0
1.0279865972697735,273.4559044844502,0.0,0.0,0.0,0,0,,,0.0,0.0,0.0,0.0,0,0.0,0,not_selected,0,0.0,not_selected,0.016957098618149757,0,0.3305,0.0,0.0,0.0,0.0,0.0,0.0,0,131.2633497994393,0.0,0,0.0,0.0,0.0,0.0,recorded_dp_events_only,released_packet,private_experiment_logs_not_public_dp_outputs,5130,trainable_parameters_v1,tex_packet,0.0,not_established,0.2403752002865076,0.010812198743224144,legacy_per_link_selection,0,0.0,0.0,0.0,0,seal,0,seal_save_size_upper_bound,0,50;40,0.0,0,0,0.0,not_selected,0,0.0,0,0.0,8192,0,0,0,0,40,0,0,0.0,0.0,0,0,0.0,227.2977159774893,0,0.0,0.0,8.000000000001,0.0,0,measured_norm_ratio_not_a_convergence_threshold,1.0293502993881702,85,100,0,0,0,0,0,0,0,0,0,0,1,0.0,0.0,fixed_mode_dynamic_privacy,0.0,0.0,incomplete_cross_domain_protection,local_packet_or_secure_aggregate,cross_domain_model_update,[],observed_operations_not_a_security_proof,False,no_new_cloud_update,0.0,42,0.0,1.0406401995569468,100,100,0,scheduled,"{""dp_he"": 0, ""dp_only"": 0, ""he_only"": 0, ""neither"": 100}","{""dp_he"": 0, ""dp_only"": 0, ""he_only"": 0, ""neither"": 100}",0.7485521994531155,0.0,100,0.0,4.0,0.3305,1.9464267597198486,0.339,1.9422602787017822,finite,0.011289900168776512,0.012653602287173271,0,0.0,0.0,1.0,0,0.0,0.0,0.0,0.0,0.0,0.0,0.0,0,0.0,0.0,0.0,0.0,0,0,0,0.0,0.0,0,0,0.0
1.1113905012607574,274.2660710855418,0.0,0.0,0.0,0,0,,,0.0,0.0,0.0,0.0,0,0.0,0,not_selected,0,0.0,not_selected,0.02138970047235489,0,0.3305,0.0,0.0,0.0,0.0,0.0,0.0,0,132.6751064993441,0.0,0,0.0,0.0,0.0,0.0,recorded_dp_events_only,released_packet,private_experiment_logs_not_public_dp_outputs,5130,trainable_parameters_v1,tex_packet,0.0,not_established,0.2548185996711254,0.010749999433755875,legacy_per_link_selection,0,0.0,0.0,0.0,0,seal,0,seal_save_size_upper_bound,0,50;40,0.0,0,0,0.0,not_selected,0,0.0,0,0.0,8192,0,0,0,0,40,0,0,0.0,0.0,0,0,0.0,227.2977159774893,0,0.0,0.0,8.000000000001,0.0,0,measured_norm_ratio_not_a_convergence_threshold,1.1143472995609045,85,100,0,0,0,0,0,0,0,0,0,0,1,0.0,0.0,fixed_mode_dynamic_privacy,0.0,0.0,incomplete_cross_domain_protection,local_packet_or_secure_aggregate,cross_domain_model_update,[],observed_operations_not_a_security_proof,False,no_new_cloud_update,0.0,43,0.0,1.1286129001528025,100,100,0,scheduled,"{""dp_he"": 0, ""dp_only"": 0, ""he_only"": 0, ""neither"": 100}","{""dp_he"": 0, ""dp_only"": 0, ""he_only"": 0, ""neither"": 100}",0.8101666010916233,0.0,100,0.0,4.0,0.3305,1.9464267597198486,0.3465,1.9486998500823975,finite,0.014265600591897964,0.01722239889204502,0,0.0,0.0,1.0,0,0.0,0.0,0.0,0.0,0.0,0.0,0.0,0,0.0,0.0,0.0,0.0,0,0,0,0.0,0.0,0,0,0.0
1.0276583023369312,275.0077682870471,0.0,0.0,0.0,0,0,,,0.0,0.0,0.0,0.0,0,0.0,0,not_selected,0,0.0,not_selected,0.01654900051653385,0,0.3305,0.0,0.0,0.0,0.0,0.0,0.0,0,134.0117028001696,0.0,0,0.0,0.0,0.0,0.0,recorded_dp_events_only,released_packet,private_experiment_logs_not_public_dp_outputs,5130,trainable_parameters_v1,tex_packet,0.0,not_established,0.24750709906220436,0.01086609996855259,legacy_per_link_selection,0,0.0,0.0,0.0,0,seal,0,seal_save_size_upper_bound,0,50;40,0.0,0,0,0.0,not_selected,0,0.0,0,0.0,8192,0,0,0,0,40,0,0,0.0,0.0,0,0,0.0,227.2977159774893,0,0.0,0.0,8.000000000001,0.0,0,measured_norm_ratio_not_a_convergence_threshold,1.0302181988954544,85,100,0,0,0,0,0,0,0,0,0,0,1,0.0,0.0,fixed_mode_dynamic_privacy,0.0,0.0,incomplete_cross_domain_protection,local_packet_or_secure_aggregate,cross_domain_model_update,[],observed_operations_not_a_security_proof,False,no_new_cloud_update,0.0,44,0.0,1.0412571001797915,100,100,0,scheduled,"{""dp_he"": 0, ""dp_only"": 0, ""he_only"": 0, ""neither"": 100}","{""dp_he"": 0, ""dp_only"": 0, ""he_only"": 0, ""neither"": 100}",0.7416972015053034,0.0,100,0.0,4.0,0.3305,1.9464267597198486,0.334,1.9417467412948608,finite,0.011038901284337044,0.013598797842860222,0,0.0,0.0,1.0,0,0.0,0.0,0.0,0.0,0.0,0.0,0.0,0,0.0,0.0,0.0,0.0,0,0,0,0.0,0.0,0,0,0.0
1.0609763022512197,275.7837525873476,0.0,0.0,0.0,0,0,,,0.0,0.0,0.0,0.0,0,0.0,0,not_selected,0,0.0,not_selected,0.02019510045647621,0,0.3305,0.0,0.0,0.0,0.0,0.0,0.0,0,135.375907599926,0.0,0,0.0,0.0,0.0,0.0,recorded_dp_events_only,released_packet,private_experiment_logs_not_public_dp_outputs,5130,trainable_parameters_v1,tex_packet,0.0,not_established,0.24329750053584576,0.011139500886201859,legacy_per_link_selection,0,0.0,0.0,0.0,0,seal,0,seal_save_size_upper_bound,0,50;40,0.0,0,0,0.0,not_selected,0,0.0,0,0.0,8192,0,0,0,0,40,0,0,0.0,0.0,0,0,0.0,227.2977159774893,0,0.0,0.0,8.000000000001,0.0,0,measured_norm_ratio_not_a_convergence_threshold,1.0635113008320332,85,100,0,0,0,0,0,0,0,0,0,0,1,0.0,0.0,fixed_mode_dynamic_privacy,0.0,0.0,incomplete_cross_domain_protection,local_packet_or_secure_aggregate,cross_domain_model_update,[],observed_operations_not_a_security_proof,False,no_new_cloud_update,0.0,45,0.0,1.0738712009042501,100,100,0,scheduled,"{""dp_he"": 0, ""dp_only"": 0, ""he_only"": 0, ""neither"": 100}","{""dp_he"": 0, ""dp_only"": 0, ""he_only"": 0, ""neither"": 100}",0.7759843003004789,0.0,100,0.0,4.0,0.3305,1.9464267597198486,0.335,1.9464717655181885,finite,0.010359900072216988,0.012894898653030396,0,0.0,0.0,1.0,0,0.0,0.0,0.0,0.0,0.0,0.0,0.0,0,0.0,0.0,0.0,0.0,0,0,0,0.0,0.0,0,0,0.0
1.0291479993611574,276.51555718733306,0.0,0.0,0.0,0,0,,,0.0,0.0,0.0,0.0,0,0.0,0,not_selected,0,0.0,not_selected,0.020934799686074257,0,0.3305,0.0,0.0,0.0,0.0,0.0,0.0,0,136.67261639982462,0.0,0,0.0,0.0,0.0,0.0,recorded_dp_events_only,released_packet,private_experiment_logs_not_public_dp_outputs,5130,trainable_parameters_v1,tex_packet,0.0,not_established,0.253168199211359,0.01153779961168766,legacy_per_link_selection,0,0.0,0.0,0.0,0,seal,0,seal_save_size_upper_bound,0,50;40,0.0,0,0,0.0,not_selected,0,0.0,0,0.0,8192,0,0,0,0,40,0,0,0.0,0.0,0,0,0.0,227.2977159774893,0,0.0,0.0,8.000000000001,0.0,0,measured_norm_ratio_not_a_convergence_threshold,1.0313657987862825,85,100,0,0,0,0,0,0,0,0,0,0,1,0.0,0.0,fixed_mode_dynamic_privacy,0.0,0.0,incomplete_cross_domain_protection,local_packet_or_secure_aggregate,cross_domain_model_update,[],observed_operations_not_a_security_proof,False,no_new_cloud_update,0.0,46,0.0,1.0430683996528387,100,100,0,scheduled,"{""dp_he"": 0, ""dp_only"": 0, ""he_only"": 0, ""neither"": 100}","{""dp_he"": 0, ""dp_only"": 0, ""he_only"": 0, ""neither"": 100}",0.7318045999854803,0.0,100,0.0,4.0,0.3305,1.9464267597198486,0.327,1.958091995239258,finite,0.011702600866556168,0.01392040029168129,0,0.0,0.0,1.0,0,0.0,0.0,0.0,0.0,0.0,0.0,0.0,0,0.0,0.0,0.0,0.0,0,0,0,0.0,0.0,0,0,0.0
1.060097698122263,277.2841743870669,0.0,0.0,0.0,0,0,,,0.0,0.0,0.0,0.0,0,0.0,0,not_selected,0,0.0,not_selected,0.01961439847946167,0,0.3305,0.0,0.0,0.0,0.0,0.0,0.0,0,138.0415409002453,0.0,0,0.0,0.0,0.0,0.0,recorded_dp_events_only,released_packet,private_experiment_logs_not_public_dp_outputs,5130,trainable_parameters_v1,tex_packet,0.0,not_established,0.24453580006957054,0.012866299599409103,legacy_per_link_selection,0,0.0,0.0,0.0,0,seal,0,seal_save_size_upper_bound,0,50;40,0.0,0,0,0.0,not_selected,0,0.0,0,0.0,8192,0,0,0,0,40,0,0,0.0,0.0,0,0,0.0,227.2977159774893,0,0.0,0.0,8.000000000001,0.0,0,measured_norm_ratio_not_a_convergence_threshold,1.0587629992514849,85,100,0,0,0,0,0,0,0,0,0,0,1,0.0,0.0,fixed_mode_dynamic_privacy,0.0,0.0,incomplete_cross_domain_protection,local_packet_or_secure_aggregate,cross_domain_model_update,[],observed_operations_not_a_security_proof,False,no_new_cloud_update,0.0,47,0.0,1.0732269994914532,100,100,0,scheduled,"{""dp_he"": 0, ""dp_only"": 0, ""he_only"": 0, ""neither"": 100}","{""dp_he"": 0, ""dp_only"": 0, ""he_only"": 0, ""neither"": 100}",0.7686171997338533,0.0,100,0.0,4.0,0.3305,1.9464267597198486,0.3315,1.9523188314437867,finite,0.0144640002399683,0.013129301369190216,0,0.0,0.0,1.0,0,0.0,0.0,0.0,0.0,0.0,0.0,0.0,0,0.0,0.0,0.0,0.0,0,0,0,0.0,0.0,0,0,0.0
1.0257863998413086,278.0179259858125,0.0,0.0,0.0,0,0,,,0.0,0.0,0.0,0.0,0,0.0,0,not_selected,0,0.0,not_selected,0.017584100365638733,0,0.3305,0.0,0.0,0.0,0.0,0.0,0.0,0,139.33646919950843,0.0,0,0.0,0.0,0.0,0.0,recorded_dp_events_only,released_packet,private_experiment_logs_not_public_dp_outputs,5130,trainable_parameters_v1,tex_packet,0.0,not_established,0.25156029872596264,0.010528501123189926,legacy_per_link_selection,0,0.0,0.0,0.0,0,seal,0,seal_save_size_upper_bound,0,50;40,0.0,0,0,0.0,not_selected,0,0.0,0,0.0,8192,0,0,0,0,40,0,0,0.0,0.0,0,0,0.0,227.2977159774893,0,0.0,0.0,8.000000000001,0.0,0,measured_norm_ratio_not_a_convergence_threshold,1.0285056978464127,85,100,0,0,0,0,0,0,0,0,0,0,1,0.0,0.0,fixed_mode_dynamic_privacy,0.0,0.0,incomplete_cross_domain_protection,local_packet_or_secure_aggregate,cross_domain_model_update,[],observed_operations_not_a_security_proof,False,no_new_cloud_update,0.0,48,0.0,1.0408675987273455,100,100,0,scheduled,"{""dp_he"": 0, ""dp_only"": 0, ""he_only"": 0, ""neither"": 100}","{""dp_he"": 0, ""dp_only"": 0, ""he_only"": 0, ""neither"": 100}",0.7337515987455845,0.0,100,0.0,4.0,0.3305,1.9464267597198486,0.345,1.9507291412353516,finite,0.012361900880932808,0.015081198886036873,0,0.0,0.0,1.0,0,0.0,0.0,0.0,0.0,0.0,0.0,0.0,0,0.0,0.0,0.0,0.0,0,0,0,0.0,0.0,0,0,0.0
1.0304698999971151,278.7654991845631,0.0,0.0,0.0,0,0,,,0.0,0.0,0.0,0.0,0,0.0,0,not_selected,0,0.0,not_selected,0.017956899479031563,0,0.3305,0.0,0.0,0.0,0.0,0.0,0.0,0,140.6821963004768,0.0,0,0.0,0.0,0.0,0.0,recorded_dp_events_only,released_packet,private_experiment_logs_not_public_dp_outputs,5130,trainable_parameters_v1,tex_packet,0.0,not_established,0.24428969994187355,0.010478600859642029,legacy_per_link_selection,0,0.0,0.0,0.0,0,seal,0,seal_save_size_upper_bound,0,50;40,0.0,0,0,0.0,not_selected,0,0.0,0,0.0,8192,0,0,0,0,40,0,0,0.0,0.0,0,0,0.0,227.2977159774893,0,0.0,0.0,8.000000000001,0.0,0,measured_norm_ratio_not_a_convergence_threshold,1.0347203984856606,85,100,0,0,0,0,0,0,0,0,0,0,1,0.0,0.0,fixed_mode_dynamic_privacy,0.0,0.0,incomplete_cross_domain_protection,local_packet_or_secure_aggregate,cross_domain_model_update,[],observed_operations_not_a_security_proof,False,no_new_cloud_update,0.0,49,0.0,1.0448918994516134,100,100,0,scheduled,"{""dp_he"": 0, ""dp_only"": 0, ""he_only"": 0, ""neither"": 100}","{""dp_he"": 0, ""dp_only"": 0, ""he_only"": 0, ""neither"": 100}",0.7475731987506151,0.0,100,0.0,4.0,0.3305,1.9464267597198486,0.3315,1.9485046558380128,finite,0.010171500965952873,0.014421999454498291,0,0.0,0.0,1.0,0,0.0,0.0,0.0,0.0,0.0,0.0,0.0,0,0.0,0.0,0.0,0.0,0,0,0,0.0,0.0,0,0,0.0
1.2809895016252995,279.603067683711,0.0,0.0,0.0,0,0,,,0.0,0.0,0.0,0.0,0,0.0,0,not_selected,0,0.0,not_selected,0.016937199980020523,0,0.3305,0.0,0.0,0.0,0.0,0.0,0.0,0,142.83286869898438,0.0,0,0.0,0.0,0.0,0.0,recorded_dp_events_only,released_packet,private_experiment_logs_not_public_dp_outputs,5130,trainable_parameters_v1,tex_packet,0.0,not_established,0.4039358012378216,0.01189509965479374,legacy_per_link_selection,0,0.0,0.0,0.0,0,seal,0,seal_save_size_upper_bound,0,50;40,0.0,0,0,0.0,not_selected,0,0.0,0,0.0,8192,0,0,0,0,40,0,0,0.0,0.0,0,0,0.0,227.2977159774893,0,0.0,0.0,8.000000000001,0.0,0,measured_norm_ratio_not_a_convergence_threshold,1.2841417975723743,85,100,0,0,0,0,0,0,0,0,0,0,1,0.0,0.0,fixed_mode_dynamic_privacy,0.0,0.0,incomplete_cross_domain_protection,local_packet_or_secure_aggregate,cross_domain_model_update,[],observed_operations_not_a_security_proof,False,no_new_cloud_update,0.0,50,0.0,1.294794699177146,100,100,0,scheduled,"{""dp_he"": 0, ""dp_only"": 0, ""he_only"": 0, ""neither"": 100}","{""dp_he"": 0, ""dp_only"": 0, ""he_only"": 0, ""neither"": 100}",0.837568499147892,0.0,100,0.0,4.0,0.3305,1.9464267597198486,0.333,1.9544397983551025,finite,0.010652901604771614,0.013805197551846504,0,0.0,0.0,1.0,0,0.0,0.0,0.0,0.0,0.0,0.0,0.0,0,0.0,0.0,0.0,0.0,0,0,0,0.0,0.0,0,0,0.0
1.075553398579359,280.37783498382504,0.0,0.0,0.0,0,0,,,0.0,0.0,0.0,0.0,0,0.0,0,not_selected,0,0.0,not_selected,0.017665700986981392,0,0.3305,0.0,0.0,0.0,0.0,0.0,0.0,0,144.19114209897816,0.0,0,0.0,0.0,0.0,0.0,recorded_dp_events_only,released_packet,private_experiment_logs_not_public_dp_outputs,5130,trainable_parameters_v1,tex_packet,0.0,not_established,0.25575259886682034,0.013106899335980415,legacy_per_link_selection,0,0.0,0.0,0.0,0,seal,0,seal_save_size_upper_bound,0,50;40,0.0,0,0,0.0,not_selected,0,0.0,0,0.0,8192,0,0,0,0,40,0,0,0.0,0.0,0,0,0.0,227.2977159774893,0,0.0,0.0,8.000000000001,0.0,0,measured_norm_ratio_not_a_convergence_threshold,1.0750123001635075,85,100,0,0,0,0,0,0,0,0,0,0,1,0.0,0.0,fixed_mode_dynamic_privacy,0.0,0.0,incomplete_cross_domain_protection,local_packet_or_secure_aggregate,cross_domain_model_update,[],observed_operations_not_a_security_proof,False,no_new_cloud_update,0.0,51,0.0,1.0892731994390488,100,100,0,scheduled,"{""dp_he"": 0, ""dp_only"": 0, ""he_only"": 0, ""neither"": 100}","{""dp_he"": 0, ""dp_only"": 0, ""he_only"": 0, ""neither"": 100}",0.7747673001140356,0.0,100,0.0,4.0,0.3305,1.9464267597198486,0.338,1.9545011358261108,finite,0.014260899275541306,0.013719800859689713,0,0.0,0.0,1.0,0,0.0,0.0,0.0,0.0,0.0,0.0,0.0,0,0.0,0.0,0.0,0.0,0,0,0,0.0,0.0,0,0,0.0
1.0563395973294973,281.15037738411064,0.0,0.0,0.0,0,0,,,0.0,0.0,0.0,0.0,0,0.0,0,not_selected,0,0.0,not_selected,0.018100598827004433,0,0.3305,0.0,0.0,0.0,0.0,0.0,0.0,0,145.5761785004288,0.0,0,0.0,0.0,0.0,0.0,recorded_dp_events_only,released_packet,private_experiment_logs_not_public_dp_outputs,5130,trainable_parameters_v1,tex_packet,0.0,not_established,0.24316309951245785,0.0103037990629673,legacy_per_link_selection,0,0.0,0.0,0.0,0,seal,0,seal_save_size_upper_bound,0,50;40,0.0,0,0,0.0,not_selected,0,0.0,0,0.0,8192,0,0,0,0,40,0,0,0.0,0.0,0,0,0.0,227.2977159774893,0,0.0,0.0,8.000000000001,0.0,0,measured_norm_ratio_not_a_convergence_threshold,1.056793600320816,85,100,0,0,0,0,0,0,0,0,0,0,1,0.0,0.0,fixed_mode_dynamic_privacy,0.0,0.0,incomplete_cross_domain_protection,local_packet_or_secure_aggregate,cross_domain_model_update,[],observed_operations_not_a_security_proof,False,no_new_cloud_update,0.0,52,0.0,1.0690232999622822,100,100,0,scheduled,"{""dp_he"": 0, ""dp_only"": 0, ""he_only"": 0, ""neither"": 100}","{""dp_he"": 0, ""dp_only"": 0, ""he_only"": 0, ""neither"": 100}",0.7725424002856016,0.0,100,0.0,4.0,0.3305,1.9464267597198486,0.3395,1.9409143199920655,finite,0.01222969964146614,0.012683702632784843,0,0.0,0.0,1.0,0,0.0,0.0,0.0,0.0,0.0,0.0,0.0,0,0.0,0.0,0.0,0.0,0,0,0,0.0,0.0,0,0,0.0
1.0488714966922998,281.89923798358376,0.0,0.0,0.0,0,0,,,0.0,0.0,0.0,0.0,0,0.0,0,not_selected,0,0.0,not_selected,0.019369499757885933,0,0.3305,0.0,0.0,0.0,0.0,0.0,0.0,0,146.9036123007536,0.0,0,0.0,0.0,0.0,0.0,recorded_dp_events_only,released_packet,private_experiment_logs_not_public_dp_outputs,5130,trainable_parameters_v1,tex_packet,0.0,not_established,0.2581417988985777,0.011420900002121925,legacy_per_link_selection,0,0.0,0.0,0.0,0,seal,0,seal_save_size_upper_bound,0,50;40,0.0,0,0,0.0,not_selected,0,0.0,0,0.0,8192,0,0,0,0,40,0,0,0.0,0.0,0,0,0.0,227.2977159774893,0,0.0,0.0,8.000000000001,0.0,0,measured_norm_ratio_not_a_convergence_threshold,1.0517720021307468,85,100,0,0,0,0,0,0,0,0,0,0,1,0.0,0.0,fixed_mode_dynamic_privacy,0.0,0.0,incomplete_cross_domain_protection,local_packet_or_secure_aggregate,cross_domain_model_update,[],observed_operations_not_a_security_proof,False,no_new_cloud_update,0.0,53,0.0,1.0628507006913424,100,100,0,scheduled,"{""dp_he"": 0, ""dp_only"": 0, ""he_only"": 0, ""neither"": 100}","{""dp_he"": 0, ""dp_only"": 0, ""he_only"": 0, ""neither"": 100}",0.7488605994731188,0.0,100,0.0,4.0,0.3305,1.9464267597198486,0.323,1.95418088722229,finite,0.011078698560595512,0.013979203999042511,0,0.0,0.0,1.0,0,0.0,0.0,0.0,0.0,0.0,0.0,0.0,0,0.0,0.0,0.0,0.0,0,0,0,0.0,0.0,0,0,0.0
1.0388579983264208,282.64973568236763,0.0,0.0,0.0,0,0,,,0.0,0.0,0.0,0.0,0,0.0,0,not_selected,0,0.0,not_selected,0.016978999599814415,0,0.3305,0.0,0.0,0.0,0.0,0.0,0.0,0,148.2723564002663,0.0,0,0.0,0.0,0.0,0.0,recorded_dp_events_only,released_packet,private_experiment_logs_not_public_dp_outputs,5130,trainable_parameters_v1,tex_packet,0.0,not_established,0.2447906993329525,0.010922100394964218,legacy_per_link_selection,0,0.0,0.0,0.0,0,seal,0,seal_save_size_upper_bound,0,50;40,0.0,0,0,0.0,not_selected,0,0.0,0,0.0,8192,0,0,0,0,40,0,0,0.0,0.0,0,0,0.0,227.2977159774893,0,0.0,0.0,8.000000000001,0.0,0,measured_norm_ratio_not_a_convergence_threshold,1.0437103006988764,85,100,0,0,0,0,0,0,0,0,0,0,1,0.0,0.0,fixed_mode_dynamic_privacy,0.0,0.0,incomplete_cross_domain_protection,local_packet_or_secure_aggregate,cross_domain_model_update,[],observed_operations_not_a_security_proof,False,no_new_cloud_update,0.0,54,0.0,1.0593788009136915,100,100,0,scheduled,"{""dp_he"": 0, ""dp_only"": 0, ""he_only"": 0, ""neither"": 100}","{""dp_he"": 0, ""dp_only"": 0, ""he_only"": 0, ""neither"": 100}",0.7504976987838745,0.0,100,0.0,4.0,0.3305,1.9464267597198486,0.3205,1.9665649948120116,finite,0.01566850021481514,0.020520802587270737,0,0.0,0.0,1.0,0,0.0,0.0,0.0,0.0,0.0,0.0,0.0,0,0.0,0.0,0.0,0.0,0,0,0,0.0,0.0,0,0,0.0
1.0475577972829342,283.4076132818156,0.0,0.0,0.0,0,0,,,0.0,0.0,0.0,0.0,0,0.0,0,not_selected,0,0.0,not_selected,0.017693398520350456,0,0.3305,0.0,0.0,0.0,0.0,0.0,0.0,0,149.60625219903886,0.0,0,0.0,0.0,0.0,0.0,recorded_dp_events_only,released_packet,private_experiment_logs_not_public_dp_outputs,5130,trainable_parameters_v1,tex_packet,0.0,not_established,0.24793759919703007,0.011978300288319588,legacy_per_link_selection,0,0.0,0.0,0.0,0,seal,0,seal_save_size_upper_bound,0,50;40,0.0,0,0,0.0,not_selected,0,0.0,0,0.0,8192,0,0,0,0,40,0,0,0.0,0.0,0,0,0.0,227.2977159774893,0,0.0,0.0,8.000000000001,0.0,0,measured_norm_ratio_not_a_convergence_threshold,1.0496260989457369,85,100,0,0,0,0,0,0,0,0,0,0,1,0.0,0.0,fixed_mode_dynamic_privacy,0.0,0.0,incomplete_cross_domain_protection,local_packet_or_secure_aggregate,cross_domain_model_update,[],observed_operations_not_a_security_proof,False,no_new_cloud_update,0.0,55,0.0,1.0616969987750053,100,100,0,scheduled,"{""dp_he"": 0, ""dp_only"": 0, ""he_only"": 0, ""neither"": 100}","{""dp_he"": 0, ""dp_only"": 0, ""he_only"": 0, ""neither"": 100}",0.7578775994479656,0.0,100,0.0,4.0,0.3305,1.9464267597198486,0.325,1.9688491687774659,finite,0.012070899829268456,0.014139201492071152,0,0.0,0.0,1.0,0,0.0,0.0,0.0,0.0,0.0,0.0,0.0,0,0.0,0.0,0.0,0.0,0,0,0,0.0,0.0,0,0,0.0
1.0069196000695229,284.1326846822196,0.0,0.0,0.0,0,0,,,0.0,0.0,0.0,0.0,0,0.0,0,not_selected,0,0.0,not_selected,0.018070099875330925,0,0.3305,0.0,0.0,0.0,0.0,0.0,0.0,0,150.93074640072882,0.0,0,0.0,0.0,0.0,0.0,recorded_dp_events_only,released_packet,private_experiment_logs_not_public_dp_outputs,5130,trainable_parameters_v1,tex_packet,0.0,not_established,0.24126579985022545,0.010579099878668785,legacy_per_link_selection,0,0.0,0.0,0.0,0,seal,0,seal_save_size_upper_bound,0,50;40,0.0,0,0,0.0,not_selected,0,0.0,0,0.0,8192,0,0,0,0,40,0,0,0.0,0.0,0,0,0.0,227.2977159774893,0,0.0,0.0,8.000000000001,0.0,0,measured_norm_ratio_not_a_convergence_threshold,1.0075950995087624,85,100,0,0,0,0,0,0,0,0,0,0,1,0.0,0.0,fixed_mode_dynamic_privacy,0.0,0.0,incomplete_cross_domain_protection,local_packet_or_secure_aggregate,cross_domain_model_update,[],observed_operations_not_a_security_proof,False,no_new_cloud_update,0.0,56,0.0,1.0195282995700836,100,100,0,scheduled,"{""dp_he"": 0, ""dp_only"": 0, ""he_only"": 0, ""neither"": 100}","{""dp_he"": 0, ""dp_only"": 0, ""he_only"": 0, ""neither"": 100}",0.7250714004039764,0.0,100,0.0,4.0,0.3305,1.9464267597198486,0.3365,1.946466178894043,finite,0.011933200061321259,0.01260869950056076,0,0.0,0.0,1.0,0,0.0,0.0,0.0,0.0,0.0,0.0,0.0,0,0.0,0.0,0.0,0.0,0,0,0,0.0,0.0,0,0,0.0
1.0842642989009619,284.91958668148453,0.0,0.0,0.0,0,0,,,0.0,0.0,0.0,0.0,0,0.0,0,not_selected,0,0.0,not_selected,0.01788480021059513,0,0.3305,0.0,0.0,0.0,0.0,0.0,0.0,0,152.30682549998164,0.0,0,0.0,0.0,0.0,0.0,recorded_dp_events_only,released_packet,private_experiment_logs_not_public_dp_outputs,5130,trainable_parameters_v1,tex_packet,0.0,not_established,0.25599509850144386,0.010877199470996857,legacy_per_link_selection,0,0.0,0.0,0.0,0,seal,0,seal_save_size_upper_bound,0,50;40,0.0,0,0,0.0,not_selected,0,0.0,0,0.0,8192,0,0,0,0,40,0,0,0.0,0.0,0,0,0.0,227.2977159774893,0,0.0,0.0,8.000000000001,0.0,0,measured_norm_ratio_not_a_convergence_threshold,1.0874472968280315,85,100,0,0,0,0,0,0,0,0,0,0,1,0.0,0.0,fixed_mode_dynamic_privacy,0.0,0.0,incomplete_cross_domain_protection,local_packet_or_secure_aggregate,cross_domain_model_update,[],observed_operations_not_a_security_proof,False,no_new_cloud_update,0.0,57,0.0,1.100052498281002,100,100,0,scheduled,"{""dp_he"": 0, ""dp_only"": 0, ""he_only"": 0, ""neither"": 100}","{""dp_he"": 0, ""dp_only"": 0, ""he_only"": 0, ""neither"": 100}",0.7869019992649555,0.0,100,0.0,4.0,0.3305,1.9464267597198486,0.339,1.9494322500228882,finite,0.012605201452970505,0.01578819938004017,0,0.0,0.0,1.0,0,0.0,0.0,0.0,0.0,0.0,0.0,0.0,0,0.0,0.0,0.0,0.0,0,0,0,0.0,0.0,0,0,0.0
1.0118925012648106,285.6520506820672,0.0,0.0,0.0,0,0,,,0.0,0.0,0.0,0.0,0,0.0,0,not_selected,0,0.0,not_selected,0.017262401059269905,0,0.3305,0.0,0.0,0.0,0.0,0.0,0.0,0,153.6119177006185,0.0,0,0.0,0.0,0.0,0.0,recorded_dp_events_only,released_packet,private_experiment_logs_not_public_dp_outputs,5130,trainable_parameters_v1,tex_packet,0.0,not_established,0.2395906988531351,0.011319899931550026,legacy_per_link_selection,0,0.0,0.0,0.0,0,seal,0,seal_save_size_upper_bound,0,50;40,0.0,0,0,0.0,not_selected,0,0.0,0,0.0,8192,0,0,0,0,40,0,0,0.0,0.0,0,0,0.0,227.2977159774893,0,0.0,0.0,8.000000000001,0.0,0,measured_norm_ratio_not_a_convergence_threshold,1.013927599415183,85,100,0,0,0,0,0,0,0,0,0,0,1,0.0,0.0,fixed_mode_dynamic_privacy,0.0,0.0,incomplete_cross_domain_protection,local_packet_or_secure_aggregate,cross_domain_model_update,[],observed_operations_not_a_security_proof,False,no_new_cloud_update,0.0,58,0.0,1.0251831002533436,100,100,0,scheduled,"{""dp_he"": 0, ""dp_only"": 0, ""he_only"": 0, ""neither"": 100}","{""dp_he"": 0, ""dp_only"": 0, ""he_only"": 0, ""neither"": 100}",0.732464000582695,0.0,100,0.0,4.0,0.3305,1.9464267597198486,0.327,1.9554350500106812,finite,0.011255500838160515,0.01329059898853302,0,0.0,0.0,1.0,0,0.0,0.0,0.0,0.0,0.0,0.0,0.0,0,0.0,0.0,0.0,0.0,0,0,0,0.0,0.0,0,0,0.0
1.1693842001259327,286.5089575822496,0.0,0.0,0.0,0,0,,,0.0,0.0,0.0,0.0,0,0.0,0,not_selected,0,0.0,not_selected,0.024752700701355934,0,0.3305,0.0,0.0,0.0,0.0,0.0,0.0,0,155.07709879986942,0.0,0,0.0,0.0,0.0,0.0,recorded_dp_events_only,released_packet,private_experiment_logs_not_public_dp_outputs,5130,trainable_parameters_v1,tex_packet,0.0,not_established,0.2632967997342348,0.012236500158905983,legacy_per_link_selection,0,0.0,0.0,0.0,0,seal,0,seal_save_size_upper_bound,0,50;40,0.0,0,0,0.0,not_selected,0,0.0,0,0.0,8192,0,0,0,0,40,0,0,0.0,0.0,0,0,0.0,227.2977159774893,0,0.0,0.0,8.000000000001,0.0,0,measured_norm_ratio_not_a_convergence_threshold,1.1722129993140697,85,100,0,0,0,0,0,0,0,0,0,0,1,0.0,0.0,fixed_mode_dynamic_privacy,0.0,0.0,incomplete_cross_domain_protection,local_packet_or_secure_aggregate,cross_domain_model_update,[],observed_operations_not_a_security_proof,False,no_new_cloud_update,0.0,59,0.0,1.1844042986631393,100,100,0,scheduled,"{""dp_he"": 0, ""dp_only"": 0, ""he_only"": 0, ""neither"": 100}","{""dp_he"": 0, ""dp_only"": 0, ""he_only"": 0, ""neither"": 100}",0.8569069001823664,0.0,100,0.0,4.0,0.3305,1.9464267597198486,0.3375,1.9479690113067627,finite,0.012191299349069595,0.01502009853720665,0,0.0,0.0,1.0,0,0.0,0.0,0.0,0.0,0.0,0.0,0.0,0,0.0,0.0,0.0,0.0,0,0,0,0.0,0.0,0,0,0.0
1.0231814980506897,287.24270138209994,0.0,0.0,0.0,0,0,,,0.0,0.0,0.0,0.0,0,0.0,0,not_selected,0,0.0,not_selected,0.017826098948717117,0,0.3305,0.0,0.0,0.0,0.0,0.0,0.0,0,156.4067171998322,0.0,0,0.0,0.0,0.0,0.0,recorded_dp_events_only,released_packet,private_experiment_logs_not_public_dp_outputs,5130,trainable_parameters_v1,tex_packet,0.0,not_established,0.25010719895362854,0.011305900290608406,legacy_per_link_selection,0,0.0,0.0,0.0,0,seal,0,seal_save_size_upper_bound,0,50;40,0.0,0,0,0.0,not_selected,0,0.0,0,0.0,8192,0,0,0,0,40,0,0,0.0,0.0,0,0,0.0,227.2977159774893,0,0.0,0.0,8.000000000001,0.0,0,measured_norm_ratio_not_a_convergence_threshold,1.0262362007051706,85,100,0,0,0,0,0,0,0,0,0,0,1,0.0,0.0,fixed_mode_dynamic_privacy,0.0,0.0,incomplete_cross_domain_protection,local_packet_or_secure_aggregate,cross_domain_model_update,[],observed_operations_not_a_security_proof,False,no_new_cloud_update,0.0,60,0.0,1.0364347007125616,100,100,0,scheduled,"{""dp_he"": 0, ""dp_only"": 0, ""he_only"": 0, ""neither"": 100}","{""dp_he"": 0, ""dp_only"": 0, ""he_only"": 0, ""neither"": 100}",0.7337437998503447,0.0,100,0.0,4.0,0.3305,1.9464267597198486,0.3495,1.948043662071228,finite,0.010198500007390976,0.01325320266187191,0,0.0,0.0,1.0,0,0.0,0.0,0.0,0.0,0.0,0.0,0.0,0,0.0,0.0,0.0,0.0,0,0,0,0.0,0.0,0,0,0.0
1.1048397980630398,288.0657751808905,0.0,0.0,0.0,0,0,,,0.0,0.0,0.0,0.0,0,0.0,0,not_selected,0,0.0,not_selected,0.017185499891638756,0,0.3305,0.0,0.0,0.0,0.0,0.0,0.0,0,157.86527390033007,0.0,0,0.0,0.0,0.0,0.0,recorded_dp_events_only,released_packet,private_experiment_logs_not_public_dp_outputs,5130,trainable_parameters_v1,tex_packet,0.0,not_established,0.24283099919557571,0.010989099740982056,legacy_per_link_selection,0,0.0,0.0,0.0,0,seal,0,seal_save_size_upper_bound,0,50;40,0.0,0,0,0.0,not_selected,0,0.0,0,0.0,8192,0,0,0,0,40,0,0,0.0,0.0,0,0,0.0,227.2977159774893,0,0.0,0.0,8.000000000001,0.0,0,measured_norm_ratio_not_a_convergence_threshold,1.1073461007326841,85,100,0,0,0,0,0,0,0,0,0,0,1,0.0,0.0,fixed_mode_dynamic_privacy,0.0,0.0,incomplete_cross_domain_protection,local_packet_or_secure_aggregate,cross_domain_model_update,[],observed_operations_not_a_security_proof,False,no_new_cloud_update,0.0,61,0.0,1.1181065011769533,100,100,0,scheduled,"{""dp_he"": 0, ""dp_only"": 0, ""he_only"": 0, ""neither"": 100}","{""dp_he"": 0, ""dp_only"": 0, ""he_only"": 0, ""neither"": 100}",0.8230737987905741,0.0,100,0.0,4.0,0.3305,1.9464267597198486,0.3555,1.9310250091552734,finite,0.01076040044426918,0.013266703113913536,0,0.0,0.0,1.0,0,0.0,0.0,0.0,0.0,0.0,0.0,0.0,0,0.0,0.0,0.0,0.0,0,0,0,0.0,0.0,0,0,0.0
2.573089599609375,290.1516041799479,0.0,0.0,0.0,0,0,,,0.0,0.0,0.0,0.0,0,0.0,0,not_selected,0,0.0,not_selected,0.01713629998266697,0,0.3305,0.0,0.0,0.0,0.0,0.0,0.0,0,160.74399519897997,0.0,0,0.0,0.0,0.0,0.0,recorded_dp_events_only,released_packet,private_experiment_logs_not_public_dp_outputs,5130,trainable_parameters_v1,tex_packet,0.0,not_established,0.4474110994488001,0.011123999953269958,legacy_per_link_selection,0,0.0,0.0,0.0,0,seal,0,seal_save_size_upper_bound,0,50;40,0.0,0,0,0.0,not_selected,0,0.0,0,0.0,8192,0,0,0,0,40,0,0,0.0,0.0,0,0,0.0,227.2977159774893,0,0.0,0.0,8.000000000001,0.0,0,measured_norm_ratio_not_a_convergence_threshold,2.575459899380803,85,100,0,0,0,0,0,0,0,0,0,0,1,0.0,0.0,fixed_mode_dynamic_privacy,0.0,0.0,incomplete_cross_domain_protection,local_packet_or_secure_aggregate,cross_domain_model_update,[],observed_operations_not_a_security_proof,False,no_new_cloud_update,0.0,62,0.0,2.587049100548029,100,100,0,scheduled,"{""dp_he"": 0, ""dp_only"": 0, ""he_only"": 0, ""neither"": 100}","{""dp_he"": 0, ""dp_only"": 0, ""he_only"": 0, ""neither"": 100}",2.085828999057412,0.0,100,0.0,4.0,0.3305,1.9464267597198486,0.342,1.9655824432373046,finite,0.011589201167225838,0.013959500938653946,0,0.0,0.0,1.0,0,0.0,0.0,0.0,0.0,0.0,0.0,0.0,0,0.0,0.0,0.0,0.0,0,0,0,0.0,0.0,0,0,0.0
1.0515819992870092,290.90600457853014,0.0,0.0,0.0,0,0,,,0.0,0.0,0.0,0.0,0,0.0,0,not_selected,0,0.0,not_selected,0.020127300173044205,0,0.3305,0.0,0.0,0.0,0.0,0.0,0.0,0,162.10521109960973,0.0,0,0.0,0.0,0.0,0.0,recorded_dp_events_only,released_packet,private_experiment_logs_not_public_dp_outputs,5130,trainable_parameters_v1,tex_packet,0.0,not_established,0.25005589984357357,0.013642100617289543,legacy_per_link_selection,0,0.0,0.0,0.0,0,seal,0,seal_save_size_upper_bound,0,50;40,0.0,0,0,0.0,not_selected,0,0.0,0,0.0,8192,0,0,0,0,40,0,0,0.0,0.0,0,0,0.0,227.2977159774893,0,0.0,0.0,8.000000000001,0.0,0,measured_norm_ratio_not_a_convergence_threshold,1.0517202001065016,85,100,0,0,0,0,0,0,0,0,0,0,1,0.0,0.0,fixed_mode_dynamic_privacy,0.0,0.0,incomplete_cross_domain_protection,local_packet_or_secure_aggregate,cross_domain_model_update,[],observed_operations_not_a_security_proof,False,no_new_cloud_update,0.0,63,0.0,1.0650765001773834,100,100,0,scheduled,"{""dp_he"": 0, ""dp_only"": 0, ""he_only"": 0, ""neither"": 100}","{""dp_he"": 0, ""dp_only"": 0, ""he_only"": 0, ""neither"": 100}",0.7544003985822201,0.0,100,0.0,4.0,0.3305,1.9464267597198486,0.342,1.931102653503418,finite,0.013356300070881844,0.013494500890374184,0,0.0,0.0,1.0,0,0.0,0.0,0.0,0.0,0.0,0.0,0.0,0,0.0,0.0,0.0,0.0,0,0,0,0.0,0.0,0,0,0.0
1.0092766005545855,291.6333976785683,0.0,0.0,0.0,0,0,,,0.0,0.0,0.0,0.0,0,0.0,0,not_selected,0,0.0,not_selected,0.01717589981853962,0,0.3305,0.0,0.0,0.0,0.0,0.0,0.0,0,163.45442710071802,0.0,0,0.0,0.0,0.0,0.0,recorded_dp_events_only,released_packet,private_experiment_logs_not_public_dp_outputs,5130,trainable_parameters_v1,tex_packet,0.0,not_established,0.24220080114901066,0.011182999238371849,legacy_per_link_selection,0,0.0,0.0,0.0,0,seal,0,seal_save_size_upper_bound,0,50;40,0.0,0,0,0.0,not_selected,0,0.0,0,0.0,8192,0,0,0,0,40,0,0,0.0,0.0,0,0,0.0,227.2977159774893,0,0.0,0.0,8.000000000001,0.0,0,measured_norm_ratio_not_a_convergence_threshold,1.0115807000547647,85,100,0,0,0,0,0,0,0,0,0,0,1,0.0,0.0,fixed_mode_dynamic_privacy,0.0,0.0,incomplete_cross_domain_protection,local_packet_or_secure_aggregate,cross_domain_model_update,[],observed_operations_not_a_security_proof,False,no_new_cloud_update,0.0,64,0.0,1.0229045003652573,100,100,0,scheduled,"{""dp_he"": 0, ""dp_only"": 0, ""he_only"": 0, ""neither"": 100}","{""dp_he"": 0, ""dp_only"": 0, ""he_only"": 0, ""neither"": 100}",0.7273931000381708,0.0,100,0.0,4.0,0.3305,1.9464267597198486,0.327,1.9583040218353271,finite,0.011323800310492516,0.013627899810671806,0,0.0,0.0,1.0,0,0.0,0.0,0.0,0.0,0.0,0.0,0.0,0,0.0,0.0,0.0,0.0,0,0,0,0.0,0.0,0,0,0.0
1.0904256012290716,292.4279898784154,0.0,0.0,0.0,0,0,,,0.0,0.0,0.0,0.0,0,0.0,0,not_selected,0,0.0,not_selected,0.017793400213122368,0,0.3305,0.0,0.0,0.0,0.0,0.0,0.0,0,164.85257139988244,0.0,0,0.0,0.0,0.0,0.0,recorded_dp_events_only,released_packet,private_experiment_logs_not_public_dp_outputs,5130,trainable_parameters_v1,tex_packet,0.0,not_established,0.25349029898643494,0.011165801435709,legacy_per_link_selection,0,0.0,0.0,0.0,0,seal,0,seal_save_size_upper_bound,0,50;40,0.0,0,0,0.0,not_selected,0,0.0,0,0.0,8192,0,0,0,0,40,0,0,0.0,0.0,0,0,0.0,227.2977159774893,0,0.0,0.0,8.000000000001,0.0,0,measured_norm_ratio_not_a_convergence_threshold,1.091899299994111,85,100,0,0,0,0,0,0,0,0,0,0,1,0.0,0.0,fixed_mode_dynamic_privacy,0.0,0.0,incomplete_cross_domain_protection,local_packet_or_secure_aggregate,cross_domain_model_update,[],observed_operations_not_a_security_proof,False,no_new_cloud_update,0.0,65,0.0,1.1052832007408142,100,100,0,scheduled,"{""dp_he"": 0, ""dp_only"": 0, ""he_only"": 0, ""neither"": 100}","{""dp_he"": 0, ""dp_only"": 0, ""he_only"": 0, ""neither"": 100}",0.7945921998471022,0.0,100,0.0,4.0,0.3305,1.9464267597198486,0.347,1.9481553001403809,finite,0.013383900746703148,0.014857599511742592,0,0.0,0.0,1.0,0,0.0,0.0,0.0,0.0,0.0,0.0,0.0,0,0.0,0.0,0.0,0.0,0,0,0,0.0,0.0,0,0,0.0
1.0875904019922018,293.226266278609,0.0,0.0,0.0,0,0,,,0.0,0.0,0.0,0.0,0,0.0,0,not_selected,0,0.0,not_selected,0.018059300258755684,0,0.3305,0.0,0.0,0.0,0.0,0.0,0.0,0,166.2580260001123,0.0,0,0.0,0.0,0.0,0.0,recorded_dp_events_only,released_packet,private_experiment_logs_not_public_dp_outputs,5130,trainable_parameters_v1,tex_packet,0.0,not_established,0.2485605999827385,0.011493600904941559,legacy_per_link_selection,0,0.0,0.0,0.0,0,seal,0,seal_save_size_upper_bound,0,50;40,0.0,0,0,0.0,not_selected,0,0.0,0,0.0,8192,0,0,0,0,40,0,0,0.0,0.0,0,0,0.0,227.2977159774893,0,0.0,0.0,8.000000000001,0.0,0,measured_norm_ratio_not_a_convergence_threshold,1.0915748998522758,85,100,0,0,0,0,0,0,0,0,0,0,1,0.0,0.0,fixed_mode_dynamic_privacy,0.0,0.0,incomplete_cross_domain_protection,local_packet_or_secure_aggregate,cross_domain_model_update,[],observed_operations_not_a_security_proof,False,no_new_cloud_update,0.0,66,0.0,1.1027754005044699,100,100,0,scheduled,"{""dp_he"": 0, ""dp_only"": 0, ""he_only"": 0, ""neither"": 100}","{""dp_he"": 0, ""dp_only"": 0, ""he_only"": 0, ""neither"": 100}",0.798276400193572,0.0,100,0.0,4.0,0.3305,1.9464267597198486,0.325,1.9472945413589478,finite,0.011200500652194023,0.015184998512268066,0,0.0,0.0,1.0,0,0.0,0.0,0.0,0.0,0.0,0.0,0.0,0,0.0,0.0,0.0,0.0,0,0,0,0.0,0.0,0,0,0.0
1.0693637020885944,294.0088700789058,0.0,0.0,0.0,0,0,,,0.0,0.0,0.0,0.0,0,0.0,0,not_selected,0,0.0,not_selected,0.017287500202655792,0,0.3305,0.0,0.0,0.0,0.0,0.0,0.0,0,167.6433390993625,0.0,0,0.0,0.0,0.0,0.0,recorded_dp_events_only,released_packet,private_experiment_logs_not_public_dp_outputs,5130,trainable_parameters_v1,tex_packet,0.0,not_established,0.24660499952733517,0.011511201038956642,legacy_per_link_selection,0,0.0,0.0,0.0,0,seal,0,seal_save_size_upper_bound,0,50;40,0.0,0,0,0.0,not_selected,0,0.0,0,0.0,8192,0,0,0,0,40,0,0,0.0,0.0,0,0,0.0,227.2977159774893,0,0.0,0.0,8.000000000001,0.0,0,measured_norm_ratio_not_a_convergence_threshold,1.0722876973450184,85,100,0,0,0,0,0,0,0,0,0,0,1,0.0,0.0,fixed_mode_dynamic_privacy,0.0,0.0,incomplete_cross_domain_protection,local_packet_or_secure_aggregate,cross_domain_model_update,[],observed_operations_not_a_security_proof,False,no_new_cloud_update,0.0,67,0.0,1.0836438983678818,100,100,0,scheduled,"{""dp_he"": 0, ""dp_only"": 0, ""he_only"": 0, ""neither"": 100}","{""dp_he"": 0, ""dp_only"": 0, ""he_only"": 0, ""neither"": 100}",0.7826038002967834,0.0,100,0.0,4.0,0.3305,1.9464267597198486,0.3395,1.9353513259887696,finite,0.011356201022863388,0.014280196279287338,0,0.0,0.0,1.0,0,0.0,0.0,0.0,0.0,0.0,0.0,0.0,0,0.0,0.0,0.0,0.0,0,0,0,0.0,0.0,0,0,0.0
1.0159765984863043,294.74391027791734,0.0,0.0,0.0,0,0,,,0.0,0.0,0.0,0.0,0,0.0,0,not_selected,0,0.0,not_selected,0.016212599352002144,0,0.3305,0.0,0.0,0.0,0.0,0.0,0.0,0,169.005604499951,0.0,0,0.0,0.0,0.0,0.0,recorded_dp_events_only,released_packet,private_experiment_logs_not_public_dp_outputs,5130,trainable_parameters_v1,tex_packet,0.0,not_established,0.24186480045318604,0.011126499623060226,legacy_per_link_selection,0,0.0,0.0,0.0,0,seal,0,seal_save_size_upper_bound,0,50;40,0.0,0,0,0.0,not_selected,0,0.0,0,0.0,8192,0,0,0,0,40,0,0,0.0,0.0,0,0,0.0,227.2977159774893,0,0.0,0.0,8.000000000001,0.0,0,measured_norm_ratio_not_a_convergence_threshold,1.018673399463296,85,100,0,0,0,0,0,0,0,0,0,0,1,0.0,0.0,fixed_mode_dynamic_privacy,0.0,0.0,incomplete_cross_domain_protection,local_packet_or_secure_aggregate,cross_domain_model_update,[],observed_operations_not_a_security_proof,False,no_new_cloud_update,0.0,68,0.0,1.0304058995097876,100,100,0,scheduled,"{""dp_he"": 0, ""dp_only"": 0, ""he_only"": 0, ""neither"": 100}","{""dp_he"": 0, ""dp_only"": 0, ""he_only"": 0, ""neither"": 100}",0.7350401990115643,0.0,100,0.0,4.0,0.3305,1.9464267597198486,0.332,1.9525971450805664,finite,0.011732500046491623,0.014429301023483276,0,0.0,0.0,1.0,0,0.0,0.0,0.0,0.0,0.0,0.0,0.0,0,0.0,0.0,0.0,0.0,0,0,0,0.0,0.0,0,0,0.0
1.0561030972748995,295.5196072763794,0.0,0.0,0.0,0,0,,,0.0,0.0,0.0,0.0,0,0.0,0,not_selected,0,0.0,not_selected,0.01671469956636429,0,0.3305,0.0,0.0,0.0,0.0,0.0,0.0,0,170.41075189970434,0.0,0,0.0,0.0,0.0,0.0,recorded_dp_events_only,released_packet,private_experiment_logs_not_public_dp_outputs,5130,trainable_parameters_v1,tex_packet,0.0,not_established,0.24242359958589077,0.01123020052909851,legacy_per_link_selection,0,0.0,0.0,0.0,0,seal,0,seal_save_size_upper_bound,0,50;40,0.0,0,0,0.0,not_selected,0,0.0,0,0.0,8192,0,0,0,0,40,0,0,0.0,0.0,0,0,0.0,227.2977159774893,0,0.0,0.0,8.000000000001,0.0,0,measured_norm_ratio_not_a_convergence_threshold,1.0596089009195566,85,100,0,0,0,0,0,0,0,0,0,0,1,0.0,0.0,fixed_mode_dynamic_privacy,0.0,0.0,incomplete_cross_domain_protection,local_packet_or_secure_aggregate,cross_domain_model_update,[],observed_operations_not_a_security_proof,False,no_new_cloud_update,0.0,69,0.0,1.0696465000510216,100,100,0,scheduled,"{""dp_he"": 0, ""dp_only"": 0, ""he_only"": 0, ""neither"": 100}","{""dp_he"": 0, ""dp_only"": 0, ""he_only"": 0, ""neither"": 100}",0.775696998462081,0.0,100,0.0,4.0,0.3305,1.9464267597198486,0.3255,1.9658925771713256,finite,0.010037599131464958,0.013543402776122093,0,0.0,0.0,1.0,0,0.0,0.0,0.0,0.0,0.0,0.0,0.0,0,0.0,0.0,0.0,0.0,0,0,0,0.0,0.0,0,0,0.0
1.0326153989881277,296.2595026760393,0.0,0.0,0.0,0,0,,,0.0,0.0,0.0,0.0,0,0.0,0,not_selected,0,0.0,not_selected,0.019564298912882805,0,0.3305,0.0,0.0,0.0,0.0,0.0,0.0,0,171.75941449962556,0.0,0,0.0,0.0,0.0,0.0,recorded_dp_events_only,released_packet,private_experiment_logs_not_public_dp_outputs,5130,trainable_parameters_v1,tex_packet,0.0,not_established,0.2494684997946024,0.011205200105905533,legacy_per_link_selection,0,0.0,0.0,0.0,0,seal,0,seal_save_size_upper_bound,0,50;40,0.0,0,0,0.0,not_selected,0,0.0,0,0.0,8192,0,0,0,0,40,0,0,0.0,0.0,0,0,0.0,227.2977159774893,0,0.0,0.0,8.000000000001,0.0,0,measured_norm_ratio_not_a_convergence_threshold,1.0344709996134043,85,100,0,0,0,0,0,0,0,0,0,0,1,0.0,0.0,fixed_mode_dynamic_privacy,0.0,0.0,incomplete_cross_domain_protection,local_packet_or_secure_aggregate,cross_domain_model_update,[],observed_operations_not_a_security_proof,False,no_new_cloud_update,0.0,70,0.0,1.0469530001282692,100,100,0,scheduled,"{""dp_he"": 0, ""dp_only"": 0, ""he_only"": 0, ""neither"": 100}","{""dp_he"": 0, ""dp_only"": 0, ""he_only"": 0, ""neither"": 100}",0.739895399659872,0.0,100,0.0,4.0,0.3305,1.9464267597198486,0.328,1.95715212059021,finite,0.012482000514864922,0.014337601140141487,0,0.0,0.0,1.0,0,0.0,0.0,0.0,0.0,0.0,0.0,0.0,0,0.0,0.0,0.0,0.0,0,0,0,0.0,0.0,0,0,0.0
1.0647967997938395,297.0403732757115,0.0,0.0,0.0,0,0,,,0.0,0.0,0.0,0.0,0,0.0,0,not_selected,0,0.0,not_selected,0.017743099480867386,0,0.3305,0.0,0.0,0.0,0.0,0.0,0.0,0,173.18058379925787,0.0,0,0.0,0.0,0.0,0.0,recorded_dp_events_only,released_packet,private_experiment_logs_not_public_dp_outputs,5130,trainable_parameters_v1,tex_packet,0.0,not_established,0.24483220092952251,0.010289398953318596,legacy_per_link_selection,0,0.0,0.0,0.0,0,seal,0,seal_save_size_upper_bound,0,50;40,0.0,0,0,0.0,not_selected,0,0.0,0,0.0,8192,0,0,0,0,40,0,0,0.0,0.0,0,0,0.0,227.2977159774893,0,0.0,0.0,8.000000000001,0.0,0,measured_norm_ratio_not_a_convergence_threshold,1.0665151998400688,85,100,0,0,0,0,0,0,0,0,0,0,1,0.0,0.0,fixed_mode_dynamic_privacy,0.0,0.0,incomplete_cross_domain_protection,local_packet_or_secure_aggregate,cross_domain_model_update,[],observed_operations_not_a_security_proof,False,no_new_cloud_update,0.0,71,0.0,1.0775767005980015,100,100,0,scheduled,"{""dp_he"": 0, ""dp_only"": 0, ""he_only"": 0, ""neither"": 100}","{""dp_he"": 0, ""dp_only"": 0, ""he_only"": 0, ""neither"": 100}",0.7808705996721983,0.0,100,0.0,4.0,0.3305,1.9464267597198486,0.3575,1.931608268737793,finite,0.011061500757932663,0.012779900804162025,0,0.0,0.0,1.0,0,0.0,0.0,0.0,0.0,0.0,0.0,0.0,0,0.0,0.0,0.0,0.0,0,0,0,0.0,0.0,0,0,0.0
1.0364479012787342,297.78091757623787,0.0,0.0,0.0,0,0,,,0.0,0.0,0.0,0.0,0,0.0,0,not_selected,0,0.0,not_selected,0.017667699605226517,0,0.3305,0.0,0.0,0.0,0.0,0.0,0.0,0,174.5469656996429,0.0,0,0.0,0.0,0.0,0.0,recorded_dp_events_only,released_packet,private_experiment_logs_not_public_dp_outputs,5130,trainable_parameters_v1,tex_packet,0.0,not_established,0.2516697011888027,0.014260899275541306,legacy_per_link_selection,0,0.0,0.0,0.0,0,seal,0,seal_save_size_upper_bound,0,50;40,0.0,0,0,0.0,not_selected,0,0.0,0,0.0,8192,0,0,0,0,40,0,0,0.0,0.0,0,0,0.0,227.2977159774893,0,0.0,0.0,8.000000000001,0.0,0,measured_norm_ratio_not_a_convergence_threshold,1.0398644991219044,85,100,0,0,0,0,0,0,0,0,0,0,1,0.0,0.0,fixed_mode_dynamic_privacy,0.0,0.0,incomplete_cross_domain_protection,local_packet_or_secure_aggregate,cross_domain_model_update,[],observed_operations_not_a_security_proof,False,no_new_cloud_update,0.0,72,0.0,1.0521697998046875,100,100,0,scheduled,"{""dp_he"": 0, ""dp_only"": 0, ""he_only"": 0, ""neither"": 100}","{""dp_he"": 0, ""dp_only"": 0, ""he_only"": 0, ""neither"": 100}",0.7405443005263805,0.0,100,0.0,4.0,0.3305,1.9464267597198486,0.323,1.953088623046875,finite,0.012305300682783127,0.015721898525953293,0,0.0,0.0,1.0,0,0.0,0.0,0.0,0.0,0.0,0.0,0.0,0,0.0,0.0,0.0,0.0,0,0,0,0.0,0.0,0,0,0.0
1.0261023007333279,298.523077076956,0.0,0.0,0.0,0,0,,,0.0,0.0,0.0,0.0,0,0.0,0,not_selected,0,0.0,not_selected,0.0168588999658823,0,0.3305,0.0,0.0,0.0,0.0,0.0,0.0,0,175.93800150044262,0.0,0,0.0,0.0,0.0,0.0,recorded_dp_events_only,released_packet,private_experiment_logs_not_public_dp_outputs,5130,trainable_parameters_v1,tex_packet,0.0,not_established,0.243028299883008,0.012200599536299706,legacy_per_link_selection,0,0.0,0.0,0.0,0,seal,0,seal_save_size_upper_bound,0,50;40,0.0,0,0,0.0,not_selected,0,0.0,0,0.0,8192,0,0,0,0,40,0,0,0.0,0.0,0,0,0.0,227.2977159774893,0,0.0,0.0,8.000000000001,0.0,0,measured_norm_ratio_not_a_convergence_threshold,1.0278361979871988,85,100,0,0,0,0,0,0,0,0,0,0,1,0.0,0.0,fixed_mode_dynamic_privacy,0.0,0.0,incomplete_cross_domain_protection,local_packet_or_secure_aggregate,cross_domain_model_update,[],observed_operations_not_a_security_proof,False,no_new_cloud_update,0.0,73,0.0,1.03969119861722,100,100,0,scheduled,"{""dp_he"": 0, ""dp_only"": 0, ""he_only"": 0, ""neither"": 100}","{""dp_he"": 0, ""dp_only"": 0, ""he_only"": 0, ""neither"": 100}",0.7421595007181168,0.0,100,0.0,4.0,0.3305,1.9464267597198486,0.33,1.9562371978759765,finite,0.011855000630021095,0.01358889788389206,0,0.0,0.0,1.0,0,0.0,0.0,0.0,0.0,0.0,0.0,0.0,0,0.0,0.0,0.0,0.0,0,0,0,0.0,0.0,0,0,0.0
1.146304002031684,299.36143567664857,0.0,0.0,0.0,0,0,,,0.0,0.0,0.0,0.0,0,0.0,0,not_selected,0,0.0,not_selected,0.020233899354934692,0,0.3305,0.0,0.0,0.0,0.0,0.0,0.0,0,177.44590800069273,0.0,0,0.0,0.0,0.0,0.0,recorded_dp_events_only,released_packet,private_experiment_logs_not_public_dp_outputs,5130,trainable_parameters_v1,tex_packet,0.0,not_established,0.26329110004007816,0.01159370131790638,legacy_per_link_selection,0,0.0,0.0,0.0,0,seal,0,seal_save_size_upper_bound,0,50;40,0.0,0,0,0.0,not_selected,0,0.0,0,0.0,8192,0,0,0,0,40,0,0,0.0,0.0,0,0,0.0,227.2977159774893,0,0.0,0.0,8.000000000001,0.0,0,measured_norm_ratio_not_a_convergence_threshold,1.1530024986714125,85,100,0,0,0,0,0,0,0,0,0,0,1,0.0,0.0,fixed_mode_dynamic_privacy,0.0,0.0,incomplete_cross_domain_protection,local_packet_or_secure_aggregate,cross_domain_model_update,[],observed_operations_not_a_security_proof,False,no_new_cloud_update,0.0,74,0.0,1.165829200297594,100,100,0,scheduled,"{""dp_he"": 0, ""dp_only"": 0, ""he_only"": 0, ""neither"": 100}","{""dp_he"": 0, ""dp_only"": 0, ""he_only"": 0, ""neither"": 100}",0.8383585996925831,0.0,100,0.0,4.0,0.3305,1.9464267597198486,0.3215,1.969360475540161,finite,0.012826701626181602,0.01952519826591015,0,0.0,0.0,1.0,0,0.0,0.0,0.0,0.0,0.0,0.0,0.0,0,0.0,0.0,0.0,0.0,0,0,0,0.0,0.0,0,0,0.0
1.0092657003551722,300.09098237818415,0.0,0.0,0.0,0,0,,,0.0,0.0,0.0,0.0,0,0.0,0,not_selected,0,0.0,not_selected,0.017289599403738976,0,0.3305,0.0,0.0,0.0,0.0,0.0,0.0,0,178.78492780029774,0.0,0,0.0,0.0,0.0,0.0,recorded_dp_events_only,released_packet,private_experiment_logs_not_public_dp_outputs,5130,trainable_parameters_v1,tex_packet,0.0,not_established,0.23982779867947102,0.011319600045681,legacy_per_link_selection,0,0.0,0.0,0.0,0,seal,0,seal_save_size_upper_bound,0,50;40,0.0,0,0,0.0,not_selected,0,0.0,0,0.0,8192,0,0,0,0,40,0,0,0.0,0.0,0,0,0.0,227.2977159774893,0,0.0,0.0,8.000000000001,0.0,0,measured_norm_ratio_not_a_convergence_threshold,1.0118340980261564,85,100,0,0,0,0,0,0,0,0,0,0,1,0.0,0.0,fixed_mode_dynamic_privacy,0.0,0.0,incomplete_cross_domain_protection,local_packet_or_secure_aggregate,cross_domain_model_update,[],observed_operations_not_a_security_proof,False,no_new_cloud_update,0.0,75,0.0,1.023116098716855,100,100,0,scheduled,"{""dp_he"": 0, ""dp_only"": 0, ""he_only"": 0, ""neither"": 100}","{""dp_he"": 0, ""dp_only"": 0, ""he_only"": 0, ""neither"": 100}",0.7295467015355825,0.0,100,0.0,4.0,0.3305,1.9464267597198486,0.337,1.947220986366272,finite,0.011282000690698624,0.013850398361682892,0,0.0,0.0,1.0,0,0.0,0.0,0.0,0.0,0.0,0.0,0.0,0,0.0,0.0,0.0,0.0,0,0,0,0.0,0.0,0,0,0.0
1.0982529986649752,300.8994799765789,0.0,0.0,0.0,0,0,,,0.0,0.0,0.0,0.0,0,0.0,0,not_selected,0,0.0,not_selected,0.01926179975271225,0,0.3305,0.0,0.0,0.0,0.0,0.0,0.0,0,180.22420029900968,0.0,0,0.0,0.0,0.0,0.0,recorded_dp_events_only,released_packet,private_experiment_logs_not_public_dp_outputs,5130,trainable_parameters_v1,tex_packet,0.0,not_established,0.24484949931502342,0.013140900060534477,legacy_per_link_selection,0,0.0,0.0,0.0,0,seal,0,seal_save_size_upper_bound,0,50;40,0.0,0,0,0.0,not_selected,0,0.0,0,0.0,8192,0,0,0,0,40,0,0,0.0,0.0,0,0,0.0,227.2977159774893,0,0.0,0.0,8.000000000001,0.0,0,measured_norm_ratio_not_a_convergence_threshold,1.1006107982248068,85,100,0,0,0,0,0,0,0,0,0,0,1,0.0,0.0,fixed_mode_dynamic_privacy,0.0,0.0,incomplete_cross_domain_protection,local_packet_or_secure_aggregate,cross_domain_model_update,[],observed_operations_not_a_security_proof,False,no_new_cloud_update,0.0,76,0.0,1.1131139993667603,100,100,0,scheduled,"{""dp_he"": 0, ""dp_only"": 0, ""he_only"": 0, ""neither"": 100}","{""dp_he"": 0, ""dp_only"": 0, ""he_only"": 0, ""neither"": 100}",0.8084975983947515,0.0,100,0.0,4.0,0.3305,1.9464267597198486,0.3365,1.9516682977676392,finite,0.012503201141953468,0.014861000701785088,0,0.0,0.0,1.0,0,0.0,0.0,0.0,0.0,0.0,0.0,0.0,0,0.0,0.0,0.0,0.0,0,0,0,0.0,0.0,0,0,0.0
1.0278192982077599,301.6456923770749,0.0,0.0,0.0,0,0,,,0.0,0.0,0.0,0.0,0,0.0,0,not_selected,0,0.0,not_selected,0.017892198637127876,0,0.3305,0.0,0.0,0.0,0.0,0.0,0.0,0,181.59095349907875,0.0,0,0.0,0.0,0.0,0.0,recorded_dp_events_only,released_packet,private_experiment_logs_not_public_dp_outputs,5130,trainable_parameters_v1,tex_packet,0.0,not_established,0.24153959937393665,0.010411400347948074,legacy_per_link_selection,0,0.0,0.0,0.0,0,seal,0,seal_save_size_upper_bound,0,50;40,0.0,0,0,0.0,not_selected,0,0.0,0,0.0,8192,0,0,0,0,40,0,0,0.0,0.0,0,0,0.0,227.2977159774893,0,0.0,0.0,8.000000000001,0.0,0,measured_norm_ratio_not_a_convergence_threshold,1.029041901230812,85,100,0,0,0,0,0,0,0,0,0,0,1,0.0,0.0,fixed_mode_dynamic_privacy,0.0,0.0,incomplete_cross_domain_protection,local_packet_or_secure_aggregate,cross_domain_model_update,[],observed_operations_not_a_security_proof,False,no_new_cloud_update,0.0,77,0.0,1.0408056005835533,100,100,0,scheduled,"{""dp_he"": 0, ""dp_only"": 0, ""he_only"": 0, ""neither"": 100}","{""dp_he"": 0, ""dp_only"": 0, ""he_only"": 0, ""neither"": 100}",0.746212400496006,0.0,100,0.0,4.0,0.3305,1.9464267597198486,0.3345,1.9506836404800416,finite,0.011763699352741241,0.012986302375793457,0,0.0,0.0,1.0,0,0.0,0.0,0.0,0.0,0.0,0.0,0.0,0,0.0,0.0,0.0,0.0,0,0,0,0.0,0.0,0,0,0.0
1.063040602952242,302.42551787821884,0.0,0.0,0.0,0,0,,,0.0,0.0,0.0,0.0,0,0.0,0,not_selected,0,0.0,not_selected,0.01769549958407879,0,0.3305,0.0,0.0,0.0,0.0,0.0,0.0,0,183.05453320033848,0.0,0,0.0,0.0,0.0,0.0,recorded_dp_events_only,released_packet,private_experiment_logs_not_public_dp_outputs,5130,trainable_parameters_v1,tex_packet,0.0,not_established,0.24260100163519382,0.011827699840068817,legacy_per_link_selection,0,0.0,0.0,0.0,0,seal,0,seal_save_size_upper_bound,0,50;40,0.0,0,0,0.0,not_selected,0,0.0,0,0.0,8192,0,0,0,0,40,0,0,0.0,0.0,0,0,0.0,227.2977159774893,0,0.0,0.0,8.000000000001,0.0,0,measured_norm_ratio_not_a_convergence_threshold,1.0659346003085375,85,100,0,0,0,0,0,0,0,0,0,0,1,0.0,0.0,fixed_mode_dynamic_privacy,0.0,0.0,incomplete_cross_domain_protection,local_packet_or_secure_aggregate,cross_domain_model_update,[],observed_operations_not_a_security_proof,False,no_new_cloud_update,0.0,78,0.0,1.0770255010575056,100,100,0,scheduled,"{""dp_he"": 0, ""dp_only"": 0, ""he_only"": 0, ""neither"": 100}","{""dp_he"": 0, ""dp_only"": 0, ""he_only"": 0, ""neither"": 100}",0.7798255011439323,0.0,100,0.0,4.0,0.3305,1.9464267597198486,0.34,1.9552120189666748,finite,0.011090900748968124,0.01398489810526371,0,0.0,0.0,1.0,0,0.0,0.0,0.0,0.0,0.0,0.0,0.0,0,0.0,0.0,0.0,0.0,0,0,0,0.0,0.0,0,0,0.0
1.0369886979460716,303.16828087782795,0.0,0.0,0.0,0,0,,,0.0,0.0,0.0,0.0,0,0.0,0,not_selected,0,0.0,not_selected,0.017962099984288216,0,0.3305,0.0,0.0,0.0,0.0,0.0,0.0,0,184.4372713007033,0.0,0,0.0,0.0,0.0,0.0,recorded_dp_events_only,released_packet,private_experiment_logs_not_public_dp_outputs,5130,trainable_parameters_v1,tex_packet,0.0,not_established,0.2538401000201702,0.011455699801445007,legacy_per_link_selection,0,0.0,0.0,0.0,0,seal,0,seal_save_size_upper_bound,0,50;40,0.0,0,0,0.0,not_selected,0,0.0,0,0.0,8192,0,0,0,0,40,0,0,0.0,0.0,0,0,0.0,227.2977159774893,0,0.0,0.0,8.000000000001,0.0,0,measured_norm_ratio_not_a_convergence_threshold,1.0406903009861708,85,100,0,0,0,0,0,0,0,0,0,0,1,0.0,0.0,fixed_mode_dynamic_privacy,0.0,0.0,incomplete_cross_domain_protection,local_packet_or_secure_aggregate,cross_domain_model_update,[],observed_operations_not_a_security_proof,False,no_new_cloud_update,0.0,79,0.0,1.0516580995172262,100,100,0,scheduled,"{""dp_he"": 0, ""dp_only"": 0, ""he_only"": 0, ""neither"": 100}","{""dp_he"": 0, ""dp_only"": 0, ""he_only"": 0, ""neither"": 100}",0.7427629996091127,0.0,100,0.0,4.0,0.3305,1.9464267597198486,0.3275,1.9549057903289795,finite,0.01096779853105545,0.014669401571154594,0,0.0,0.0,1.0,0,0.0,0.0,0.0,0.0,0.0,0.0,0.0,0,0.0,0.0,0.0,0.0,0,0,0,0.0,0.0,0,0,0.0
1.032852802425623,303.9203435785168,0.0,0.0,0.0,0,0,,,0.0,0.0,0.0,0.0,0,0.0,0,not_selected,0,0.0,not_selected,0.017558401450514793,0,0.3305,0.0,0.0,0.0,0.0,0.0,0.0,0,185.82785829901695,0.0,0,0.0,0.0,0.0,0.0,recorded_dp_events_only,released_packet,private_experiment_logs_not_public_dp_outputs,5130,trainable_parameters_v1,tex_packet,0.0,not_established,0.24091750010848045,0.01189509965479374,legacy_per_link_selection,0,0.0,0.0,0.0,0,seal,0,seal_save_size_upper_bound,0,50;40,0.0,0,0,0.0,not_selected,0,0.0,0,0.0,8192,0,0,0,0,40,0,0,0.0,0.0,0,0,0.0,227.2977159774893,0,0.0,0.0,8.000000000001,0.0,0,measured_norm_ratio_not_a_convergence_threshold,1.0357318986207247,85,100,0,0,0,0,0,0,0,0,0,0,1,0.0,0.0,fixed_mode_dynamic_privacy,0.0,0.0,incomplete_cross_domain_protection,local_packet_or_secure_aggregate,cross_domain_model_update,[],observed_operations_not_a_security_proof,False,no_new_cloud_update,0.0,80,0.0,1.0461509991437197,100,100,0,scheduled,"{""dp_he"": 0, ""dp_only"": 0, ""he_only"": 0, ""neither"": 100}","{""dp_he"": 0, ""dp_only"": 0, ""he_only"": 0, ""neither"": 100}",0.752062700688839,0.0,100,0.0,4.0,0.3305,1.9464267597198486,0.333,1.9534333572387694,finite,0.010419100522994995,0.013298196718096733,0,0.0,0.0,1.0,0,0.0,0.0,0.0,0.0,0.0,0.0,0.0,0,0.0,0.0,0.0,0.0,0,0,0,0.0,0.0,0,0,0.0
1.280273299664259,304.7381702779823,0.0,0.0,0.0,0,0,,,0.0,0.0,0.0,0.0,0,0.0,0,not_selected,0,0.0,not_selected,0.018631400540471077,0,0.3305,0.0,0.0,0.0,0.0,0.0,0.0,0,187.99038429930806,0.0,0,0.0,0.0,0.0,0.0,recorded_dp_events_only,released_packet,private_experiment_logs_not_public_dp_outputs,5130,trainable_parameters_v1,tex_packet,0.0,not_established,0.41995299980044365,0.012526899576187134,legacy_per_link_selection,0,0.0,0.0,0.0,0,seal,0,seal_save_size_upper_bound,0,50;40,0.0,0,0,0.0,not_selected,0,0.0,0,0.0,8192,0,0,0,0,40,0,0,0.0,0.0,0,0,0.0,227.2977159774893,0,0.0,0.0,8.000000000001,0.0,0,measured_norm_ratio_not_a_convergence_threshold,1.2847386002540588,85,100,0,0,0,0,0,0,0,0,0,0,1,0.0,0.0,fixed_mode_dynamic_privacy,0.0,0.0,incomplete_cross_domain_protection,local_packet_or_secure_aggregate,cross_domain_model_update,[],observed_operations_not_a_security_proof,False,no_new_cloud_update,0.0,81,0.0,1.2960739005357027,100,100,0,scheduled,"{""dp_he"": 0, ""dp_only"": 0, ""he_only"": 0, ""neither"": 100}","{""dp_he"": 0, ""dp_only"": 0, ""he_only"": 0, ""neither"": 100}",0.8178266994655132,0.0,100,0.0,4.0,0.3305,1.9464267597198486,0.35,1.9393159885406495,finite,0.011335300281643867,0.01580060087144375,0,0.0,0.0,1.0,0,0.0,0.0,0.0,0.0,0.0,0.0,0.0,0,0.0,0.0,0.0,0.0,0,0,0,0.0,0.0,0,0,0.0
1.0279016979038715,305.46771027772064,0.0,0.0,0.0,0,0,,,0.0,0.0,0.0,0.0,0,0.0,0,not_selected,0,0.0,not_selected,0.02131420001387596,0,0.3305,0.0,0.0,0.0,0.0,0.0,0.0,0,189.39861129969358,0.0,0,0.0,0.0,0.0,0.0,recorded_dp_events_only,released_packet,private_experiment_logs_not_public_dp_outputs,5130,trainable_parameters_v1,tex_packet,0.0,not_established,0.25443869829177856,0.011470500379800797,legacy_per_link_selection,0,0.0,0.0,0.0,0,seal,0,seal_save_size_upper_bound,0,50;40,0.0,0,0,0.0,not_selected,0,0.0,0,0.0,8192,0,0,0,0,40,0,0,0.0,0.0,0,0,0.0,227.2977159774893,0,0.0,0.0,8.000000000001,0.0,0,measured_norm_ratio_not_a_convergence_threshold,1.0326581001281738,85,100,0,0,0,0,0,0,0,0,0,0,1,0.0,0.0,fixed_mode_dynamic_privacy,0.0,0.0,incomplete_cross_domain_protection,local_packet_or_secure_aggregate,cross_domain_model_update,[],observed_operations_not_a_security_proof,False,no_new_cloud_update,0.0,82,0.0,1.0437963996082544,100,100,0,scheduled,"{""dp_he"": 0, ""dp_only"": 0, ""he_only"": 0, ""neither"": 100}","{""dp_he"": 0, ""dp_only"": 0, ""he_only"": 0, ""neither"": 100}",0.7295399997383356,0.0,100,0.0,4.0,0.3305,1.9464267597198486,0.339,1.9467101745605468,finite,0.011138299480080605,0.015894701704382896,0,0.0,0.0,1.0,0,0.0,0.0,0.0,0.0,0.0,0.0,0.0,0,0.0,0.0,0.0,0.0,0,0,0,0.0,0.0,0,0,0.0
1.071153799071908,306.25157537749345,0.0,0.0,0.0,0,0,,,0.0,0.0,0.0,0.0,0,0.0,0,not_selected,0,0.0,not_selected,0.01631390117108822,0,0.3305,0.0,0.0,0.0,0.0,0.0,0.0,0,190.85225339978933,0.0,0,0.0,0.0,0.0,0.0,recorded_dp_events_only,released_packet,private_experiment_logs_not_public_dp_outputs,5130,trainable_parameters_v1,tex_packet,0.0,not_established,0.2487654983997345,0.010383998975157738,legacy_per_link_selection,0,0.0,0.0,0.0,0,seal,0,seal_save_size_upper_bound,0,50;40,0.0,0,0,0.0,not_selected,0,0.0,0,0.0,8192,0,0,0,0,40,0,0,0.0,0.0,0,0,0.0,227.2977159774893,0,0.0,0.0,8.000000000001,0.0,0,measured_norm_ratio_not_a_convergence_threshold,1.072742499411106,85,100,0,0,0,0,0,0,0,0,0,0,1,0.0,0.0,fixed_mode_dynamic_privacy,0.0,0.0,incomplete_cross_domain_protection,local_packet_or_secure_aggregate,cross_domain_model_update,[],observed_operations_not_a_security_proof,False,no_new_cloud_update,0.0,83,0.0,1.0845678001642227,100,100,0,scheduled,"{""dp_he"": 0, ""dp_only"": 0, ""he_only"": 0, ""neither"": 100}","{""dp_he"": 0, ""dp_only"": 0, ""he_only"": 0, ""neither"": 100}",0.7838650997728109,0.0,100,0.0,4.0,0.3305,1.9464267597198486,0.3265,1.9562011556625367,finite,0.011825300753116608,0.01341400109231472,0,0.0,0.0,1.0,0,0.0,0.0,0.0,0.0,0.0,0.0,0.0,0,0.0,0.0,0.0,0.0,0,0,0,0.0,0.0,0,0,0.0
1.0527232009917498,307.01321677742834,0.0,0.0,0.0,0,0,,,0.0,0.0,0.0,0.0,0,0.0,0,not_selected,0,0.0,not_selected,0.019420800730586052,0,0.3305,0.0,0.0,0.0,0.0,0.0,0.0,0,192.25118459947407,0.0,0,0.0,0.0,0.0,0.0,recorded_dp_events_only,released_packet,private_experiment_logs_not_public_dp_outputs,5130,trainable_parameters_v1,tex_packet,0.0,not_established,0.24743490107357502,0.012909898534417152,legacy_per_link_selection,0,0.0,0.0,0.0,0,seal,0,seal_save_size_upper_bound,0,50;40,0.0,0,0,0.0,not_selected,0,0.0,0,0.0,8192,0,0,0,0,40,0,0,0.0,0.0,0,0,0.0,227.2977159774893,0,0.0,0.0,8.000000000001,0.0,0,measured_norm_ratio_not_a_convergence_threshold,1.057371398434043,85,100,0,0,0,0,0,0,0,0,0,0,1,0.0,0.0,fixed_mode_dynamic_privacy,0.0,0.0,incomplete_cross_domain_protection,local_packet_or_secure_aggregate,cross_domain_model_update,[],observed_operations_not_a_security_proof,False,no_new_cloud_update,0.0,84,0.0,1.0686875991523266,100,100,0,scheduled,"{""dp_he"": 0, ""dp_only"": 0, ""he_only"": 0, ""neither"": 100}","{""dp_he"": 0, ""dp_only"": 0, ""he_only"": 0, ""neither"": 100}",0.7616413999348879,0.0,100,0.0,4.0,0.3305,1.9464267597198486,0.341,1.9515077648162842,finite,0.011316200718283653,0.01596439816057682,0,0.0,0.0,1.0,0,0.0,0.0,0.0,0.0,0.0,0.0,0.0,0,0.0,0.0,0.0,0.0,0,0,0,0.0,0.0,0,0,0.0
1.0261148009449244,307.75610077819164,0.0,0.0,0.0,0,0,,,0.0,0.0,0.0,0.0,0,0.0,0,not_selected,0,0.0,not_selected,0.01729859970510006,0,0.3305,0.0,0.0,0.0,0.0,0.0,0.0,0,193.64979469962418,0.0,0,0.0,0.0,0.0,0.0,recorded_dp_events_only,released_packet,private_experiment_logs_not_public_dp_outputs,5130,trainable_parameters_v1,tex_packet,0.0,not_established,0.2443374004215002,0.010456601157784462,legacy_per_link_selection,0,0.0,0.0,0.0,0,seal,0,seal_save_size_upper_bound,0,50;40,0.0,0,0,0.0,not_selected,0,0.0,0,0.0,8192,0,0,0,0,40,0,0,0.0,0.0,0,0,0.0,227.2977159774893,0,0.0,0.0,8.000000000001,0.0,0,measured_norm_ratio_not_a_convergence_threshold,1.0287680011242628,85,100,0,0,0,0,0,0,0,0,0,0,1,0.0,0.0,fixed_mode_dynamic_privacy,0.0,0.0,incomplete_cross_domain_protection,local_packet_or_secure_aggregate,cross_domain_model_update,[],observed_operations_not_a_security_proof,False,no_new_cloud_update,0.0,85,0.0,1.0399062000215054,100,100,0,scheduled,"{""dp_he"": 0, ""dp_only"": 0, ""he_only"": 0, ""neither"": 100}","{""dp_he"": 0, ""dp_only"": 0, ""he_only"": 0, ""neither"": 100}",0.7428840007632971,0.0,100,0.0,4.0,0.3305,1.9464267597198486,0.3385,1.9501267242431641,finite,0.011138198897242546,0.013791399076581001,0,0.0,0.0,1.0,0,0.0,0.0,0.0,0.0,0.0,0.0,0.0,0,0.0,0.0,0.0,0.0,0,0,0,0.0,0.0,0,0,0.0
1.1003094986081123,308.56016037678654,0.0,0.0,0.0,0,0,,,0.0,0.0,0.0,0.0,0,0.0,0,not_selected,0,0.0,not_selected,0.019299600273370743,0,0.3305,0.0,0.0,0.0,0.0,0.0,0.0,0,195.1152845993638,0.0,0,0.0,0.0,0.0,0.0,recorded_dp_events_only,released_packet,private_experiment_logs_not_public_dp_outputs,5130,trainable_parameters_v1,tex_packet,0.0,not_established,0.2461984995752573,0.014993200078606606,legacy_per_link_selection,0,0.0,0.0,0.0,0,seal,0,seal_save_size_upper_bound,0,50;40,0.0,0,0,0.0,not_selected,0,0.0,0,0.0,8192,0,0,0,0,40,0,0,0.0,0.0,0,0,0.0,227.2977159774893,0,0.0,0.0,8.000000000001,0.0,0,measured_norm_ratio_not_a_convergence_threshold,1.1034405995160341,85,100,0,0,0,0,0,0,0,0,0,0,1,0.0,0.0,fixed_mode_dynamic_privacy,0.0,0.0,incomplete_cross_domain_protection,local_packet_or_secure_aggregate,cross_domain_model_update,[],observed_operations_not_a_security_proof,False,no_new_cloud_update,0.0,86,0.0,1.1191991996020079,100,100,0,scheduled,"{""dp_he"": 0, ""dp_only"": 0, ""he_only"": 0, ""neither"": 100}","{""dp_he"": 0, ""dp_only"": 0, ""he_only"": 0, ""neither"": 100}",0.804059598594904,0.0,100,0.0,4.0,0.3305,1.9464267597198486,0.3535,1.9303458337783814,finite,0.01575860008597374,0.01888970099389553,0,0.0,0.0,1.0,0,0.0,0.0,0.0,0.0,0.0,0.0,0.0,0,0.0,0.0,0.0,0.0,0,0,0,0.0,0.0,0,0,0.0
1.0405195988714695,309.2971134769761,0.0,0.0,0.0,0,0,,,0.0,0.0,0.0,0.0,0,0.0,0,not_selected,0,0.0,not_selected,0.02110840007662773,0,0.3305,0.0,0.0,0.0,0.0,0.0,0.0,0,196.52016749978065,0.0,0,0.0,0.0,0.0,0.0,recorded_dp_events_only,released_packet,private_experiment_logs_not_public_dp_outputs,5130,trainable_parameters_v1,tex_packet,0.0,not_established,0.2542578000575304,0.011330200359225273,legacy_per_link_selection,0,0.0,0.0,0.0,0,seal,0,seal_save_size_upper_bound,0,50;40,0.0,0,0,0.0,not_selected,0,0.0,0,0.0,8192,0,0,0,0,40,0,0,0.0,0.0,0,0,0.0,227.2977159774893,0,0.0,0.0,8.000000000001,0.0,0,measured_norm_ratio_not_a_convergence_threshold,1.0416226014494896,85,100,0,0,0,0,0,0,0,0,0,0,1,0.0,0.0,fixed_mode_dynamic_privacy,0.0,0.0,incomplete_cross_domain_protection,local_packet_or_secure_aggregate,cross_domain_model_update,[],observed_operations_not_a_security_proof,False,no_new_cloud_update,0.0,87,0.0,1.058492699638009,100,100,0,scheduled,"{""dp_he"": 0, ""dp_only"": 0, ""he_only"": 0, ""neither"": 100}","{""dp_he"": 0, ""dp_only"": 0, ""he_only"": 0, ""neither"": 100}",0.7369531001895666,0.0,100,0.0,4.0,0.3305,1.9464267597198486,0.3325,1.9421179189682007,finite,0.016870098188519478,0.017973100766539574,0,0.0,0.0,1.0,0,0.0,0.0,0.0,0.0,0.0,0.0,0.0,0,0.0,0.0,0.0,0.0,0,0,0,0.0,0.0,0,0,0.0
1.1478615999221802,310.1603061768257,0.0,0.0,0.0,0,0,,,0.0,0.0,0.0,0.0,0,0.0,0,not_selected,0,0.0,not_selected,0.016588399186730385,0,0.3305,0.0,0.0,0.0,0.0,0.0,0.0,0,198.0883891005069,0.0,0,0.0,0.0,0.0,0.0,recorded_dp_events_only,released_packet,private_experiment_logs_not_public_dp_outputs,5130,trainable_parameters_v1,tex_packet,0.0,not_established,0.24551400169730186,0.011061498895287514,legacy_per_link_selection,0,0.0,0.0,0.0,0,seal,0,seal_save_size_upper_bound,0,50;40,0.0,0,0,0.0,not_selected,0,0.0,0,0.0,8192,0,0,0,0,40,0,0,0.0,0.0,0,0,0.0,227.2977159774893,0,0.0,0.0,8.000000000001,0.0,0,measured_norm_ratio_not_a_convergence_threshold,1.1503801997750998,85,100,0,0,0,0,0,0,0,0,0,0,1,0.0,0.0,fixed_mode_dynamic_privacy,0.0,0.0,incomplete_cross_domain_protection,local_packet_or_secure_aggregate,cross_domain_model_update,[],observed_operations_not_a_security_proof,False,no_new_cloud_update,0.0,88,0.0,1.1618852000683546,100,100,0,scheduled,"{""dp_he"": 0, ""dp_only"": 0, ""he_only"": 0, ""neither"": 100}","{""dp_he"": 0, ""dp_only"": 0, ""he_only"": 0, ""neither"": 100}",0.8631926998496056,0.0,100,0.0,4.0,0.3305,1.9464267597198486,0.3285,1.9558799982070922,finite,0.011505000293254852,0.01402360014617443,0,0.0,0.0,1.0,0,0.0,0.0,0.0,0.0,0.0,0.0,0.0,0,0.0,0.0,0.0,0.0,0,0,0,0.0,0.0,0,0,0.0
1.118129599839449,310.98710037647123,0.0,0.0,0.0,0,0,,,0.0,0.0,0.0,0.0,0,0.0,0,not_selected,0,0.0,not_selected,0.017684800550341606,0,0.3305,0.0,0.0,0.0,0.0,0.0,0.0,0,199.57725119963288,0.0,0,0.0,0.0,0.0,0.0,recorded_dp_events_only,released_packet,private_experiment_logs_not_public_dp_outputs,5130,trainable_parameters_v1,tex_packet,0.0,not_established,0.25129809975624084,0.010733300819993019,legacy_per_link_selection,0,0.0,0.0,0.0,0,seal,0,seal_save_size_upper_bound,0,50;40,0.0,0,0,0.0,not_selected,0,0.0,0,0.0,8192,0,0,0,0,40,0,0,0.0,0.0,0,0,0.0,227.2977159774893,0,0.0,0.0,8.000000000001,0.0,0,measured_norm_ratio_not_a_convergence_threshold,1.12201770208776,85,100,0,0,0,0,0,0,0,0,0,0,1,0.0,0.0,fixed_mode_dynamic_privacy,0.0,0.0,incomplete_cross_domain_protection,local_packet_or_secure_aggregate,cross_domain_model_update,[],observed_operations_not_a_security_proof,False,no_new_cloud_update,0.0,89,0.0,1.1336369011551142,100,100,0,scheduled,"{""dp_he"": 0, ""dp_only"": 0, ""he_only"": 0, ""neither"": 100}","{""dp_he"": 0, ""dp_only"": 0, ""he_only"": 0, ""neither"": 100}",0.8267941996455193,0.0,100,0.0,4.0,0.3305,1.9464267597198486,0.356,1.939331000328064,finite,0.011619199067354202,0.015507301315665245,0,0.0,0.0,1.0,0,0.0,0.0,0.0,0.0,0.0,0.0,0.0,0,0.0,0.0,0.0,0.0,0,0,0,0.0,0.0,0,0,0.0
1.0276513993740082,311.73058337597485,0.0,0.0,0.0,0,0,,,0.0,0.0,0.0,0.0,0,0.0,0,not_selected,0,0.0,not_selected,0.017820699140429497,0,0.3305,0.0,0.0,0.0,0.0,0.0,0.0,0,201.00773179903626,0.0,0,0.0,0.0,0.0,0.0,recorded_dp_events_only,released_packet,private_experiment_logs_not_public_dp_outputs,5130,trainable_parameters_v1,tex_packet,0.0,not_established,0.243894400075078,0.011013800278306007,legacy_per_link_selection,0,0.0,0.0,0.0,0,seal,0,seal_save_size_upper_bound,0,50;40,0.0,0,0,0.0,not_selected,0,0.0,0,0.0,8192,0,0,0,0,40,0,0,0.0,0.0,0,0,0.0,227.2977159774893,0,0.0,0.0,8.000000000001,0.0,0,measured_norm_ratio_not_a_convergence_threshold,1.030170999467373,85,100,0,0,0,0,0,0,0,0,0,0,1,0.0,0.0,fixed_mode_dynamic_privacy,0.0,0.0,incomplete_cross_domain_protection,local_packet_or_secure_aggregate,cross_domain_model_update,[],observed_operations_not_a_security_proof,False,no_new_cloud_update,0.0,90,0.0,1.041610499843955,100,100,0,scheduled,"{""dp_he"": 0, ""dp_only"": 0, ""he_only"": 0, ""neither"": 100}","{""dp_he"": 0, ""dp_only"": 0, ""he_only"": 0, ""neither"": 100}",0.7434829995036125,0.0,100,0.0,4.0,0.3305,1.9464267597198486,0.324,1.9510772228240967,finite,0.011439500376582146,0.013959100469946861,0,0.0,0.0,1.0,0,0.0,0.0,0.0,0.0,0.0,0.0,0.0,0,0.0,0.0,0.0,0.0,0,0,0,0.0,0.0,0,0,0.0
1.0592673998326063,312.4864505759471,0.0,0.0,0.0,0,0,,,0.0,0.0,0.0,0.0,0,0.0,0,not_selected,0,0.0,not_selected,0.02332259900867939,0,0.3305,0.0,0.0,0.0,0.0,0.0,0.0,0,202.42660149931908,0.0,0,0.0,0.0,0.0,0.0,recorded_dp_events_only,released_packet,private_experiment_logs_not_public_dp_outputs,5130,trainable_parameters_v1,tex_packet,0.0,not_established,0.2577398996800184,0.011290200054645538,legacy_per_link_selection,0,0.0,0.0,0.0,0,seal,0,seal_save_size_upper_bound,0,50;40,0.0,0,0,0.0,not_selected,0,0.0,0,0.0,8192,0,0,0,0,40,0,0,0.0,0.0,0,0,0.0,227.2977159774893,0,0.0,0.0,8.000000000001,0.0,0,measured_norm_ratio_not_a_convergence_threshold,1.063501499593258,85,100,0,0,0,0,0,0,0,0,0,0,1,0.0,0.0,fixed_mode_dynamic_privacy,0.0,0.0,incomplete_cross_domain_protection,local_packet_or_secure_aggregate,cross_domain_model_update,[],observed_operations_not_a_security_proof,False,no_new_cloud_update,0.0,91,0.0,1.074549000710249,100,100,0,scheduled,"{""dp_he"": 0, ""dp_only"": 0, ""he_only"": 0, ""neither"": 100}","{""dp_he"": 0, ""dp_only"": 0, ""he_only"": 0, ""neither"": 100}",0.7558671999722719,0.0,100,0.0,4.0,0.3305,1.9464267597198486,0.343,1.938627984046936,finite,0.011047501116991043,0.015281600877642632,0,0.0,0.0,1.0,0,0.0,0.0,0.0,0.0,0.0,0.0,0.0,0,0.0,0.0,0.0,0.0,0,0,0,0.0,0.0,0,0,0.0
1.0188128985464573,313.22780947638984,0.0,0.0,0.0,0,0,,,0.0,0.0,0.0,0.0,0,0.0,0,not_selected,0,0.0,not_selected,0.017354300245642662,0,0.3305,0.0,0.0,0.0,0.0,0.0,0.0,0,203.82280869968235,0.0,0,0.0,0.0,0.0,0.0,recorded_dp_events_only,released_packet,private_experiment_logs_not_public_dp_outputs,5130,trainable_parameters_v1,tex_packet,0.0,not_established,0.23738749884068966,0.010811099782586098,legacy_per_link_selection,0,0.0,0.0,0.0,0,seal,0,seal_save_size_upper_bound,0,50;40,0.0,0,0,0.0,not_selected,0,0.0,0,0.0,8192,0,0,0,0,40,0,0,0.0,0.0,0,0,0.0,227.2977159774893,0,0.0,0.0,8.000000000001,0.0,0,measured_norm_ratio_not_a_convergence_threshold,1.0209683012217283,85,100,0,0,0,0,0,0,0,0,0,0,1,0.0,0.0,fixed_mode_dynamic_privacy,0.0,0.0,incomplete_cross_domain_protection,local_packet_or_secure_aggregate,cross_domain_model_update,[],observed_operations_not_a_security_proof,False,no_new_cloud_update,0.0,92,0.0,1.0328694004565477,100,100,0,scheduled,"{""dp_he"": 0, ""dp_only"": 0, ""he_only"": 0, ""neither"": 100}","{""dp_he"": 0, ""dp_only"": 0, ""he_only"": 0, ""neither"": 100}",0.7413589004427195,0.0,100,0.0,4.0,0.3305,1.9464267597198486,0.331,1.9541045303344726,finite,0.011901099234819412,0.014056501910090446,0,0.0,0.0,1.0,0,0.0,0.0,0.0,0.0,0.0,0.0,0.0,0,0.0,0.0,0.0,0.0,0,0,0,0.0,0.0,0,0,0.0
1.0840847007930279,314.02647127649124,0.0,0.0,0.0,0,0,,,0.0,0.0,0.0,0.0,0,0.0,0,not_selected,0,0.0,not_selected,0.016829701140522957,0,0.3305,0.0,0.0,0.0,0.0,0.0,0.0,0,205.28085480071604,0.0,0,0.0,0.0,0.0,0.0,recorded_dp_events_only,released_packet,private_experiment_logs_not_public_dp_outputs,5130,trainable_parameters_v1,tex_packet,0.0,not_established,0.2438335996121168,0.012827800586819649,legacy_per_link_selection,0,0.0,0.0,0.0,0,seal,0,seal_save_size_upper_bound,0,50;40,0.0,0,0,0.0,not_selected,0,0.0,0,0.0,8192,0,0,0,0,40,0,0,0.0,0.0,0,0,0.0,227.2977159774893,0,0.0,0.0,8.000000000001,0.0,0,measured_norm_ratio_not_a_convergence_threshold,1.0886492989957333,85,100,0,0,0,0,0,0,0,0,0,0,1,0.0,0.0,fixed_mode_dynamic_privacy,0.0,0.0,incomplete_cross_domain_protection,local_packet_or_secure_aggregate,cross_domain_model_update,[],observed_operations_not_a_security_proof,False,no_new_cloud_update,0.0,93,0.0,1.1005810983479023,100,100,0,scheduled,"{""dp_he"": 0, ""dp_only"": 0, ""he_only"": 0, ""neither"": 100}","{""dp_he"": 0, ""dp_only"": 0, ""he_only"": 0, ""neither"": 100}",0.7986618001013994,0.0,100,0.0,4.0,0.3305,1.9464267597198486,0.329,1.9559523639678955,finite,0.011931799352169037,0.01649639755487442,0,0.0,0.0,1.0,0,0.0,0.0,0.0,0.0,0.0,0.0,0.0,0,0.0,0.0,0.0,0.0,0,0,0,0.0,0.0,0,0,0.0
1.0202176999300718,314.7584943759286,0.0,0.0,0.0,0,0,,,0.0,0.0,0.0,0.0,0,0.0,0,not_selected,0,0.0,not_selected,0.016776898875832558,0,0.3305,0.0,0.0,0.0,0.0,0.0,0.0,0,206.68207299895585,0.0,0,0.0,0.0,0.0,0.0,recorded_dp_events_only,released_packet,private_experiment_logs_not_public_dp_outputs,5130,trainable_parameters_v1,tex_packet,0.0,not_established,0.2491947002708912,0.01182899996638298,legacy_per_link_selection,0,0.0,0.0,0.0,0,seal,0,seal_save_size_upper_bound,0,50;40,0.0,0,0,0.0,not_selected,0,0.0,0,0.0,8192,0,0,0,0,40,0,0,0.0,0.0,0,0,0.0,227.2977159774893,0,0.0,0.0,8.000000000001,0.0,0,measured_norm_ratio_not_a_convergence_threshold,1.024212697520852,85,100,0,0,0,0,0,0,0,0,0,0,1,0.0,0.0,fixed_mode_dynamic_privacy,0.0,0.0,incomplete_cross_domain_protection,local_packet_or_secure_aggregate,cross_domain_model_update,[],observed_operations_not_a_security_proof,False,no_new_cloud_update,0.0,94,0.0,1.0346066989004612,100,100,0,scheduled,"{""dp_he"": 0, ""dp_only"": 0, ""he_only"": 0, ""neither"": 100}","{""dp_he"": 0, ""dp_only"": 0, ""he_only"": 0, ""neither"": 100}",0.732023099437356,0.0,100,0.0,4.0,0.3305,1.9464267597198486,0.326,1.9626837549209595,finite,0.010394001379609108,0.014388998970389366,0,0.0,0.0,1.0,0,0.0,0.0,0.0,0.0,0.0,0.0,0.0,0,0.0,0.0,0.0,0.0,0,0,0,0.0,0.0,0,0,0.0
1.0556335002183914,315.53270437633927,0.0,0.0,0.0,0,0,,,0.0,0.0,0.0,0.0,0,0.0,0,not_selected,0,0.0,not_selected,0.01663989946246147,0,0.3305,0.0,0.0,0.0,0.0,0.0,0.0,0,208.13214199990034,0.0,0,0.0,0.0,0.0,0.0,recorded_dp_events_only,released_packet,private_experiment_logs_not_public_dp_outputs,5130,trainable_parameters_v1,tex_packet,0.0,not_established,0.24130620062351227,0.01214119978249073,legacy_per_link_selection,0,0.0,0.0,0.0,0,seal,0,seal_save_size_upper_bound,0,50;40,0.0,0,0,0.0,not_selected,0,0.0,0,0.0,8192,0,0,0,0,40,0,0,0.0,0.0,0,0,0.0,227.2977159774893,0,0.0,0.0,8.000000000001,0.0,0,measured_norm_ratio_not_a_convergence_threshold,1.0584021005779505,85,100,0,0,0,0,0,0,0,0,0,0,1,0.0,0.0,fixed_mode_dynamic_privacy,0.0,0.0,incomplete_cross_domain_protection,local_packet_or_secure_aggregate,cross_domain_model_update,[],observed_operations_not_a_security_proof,False,no_new_cloud_update,0.0,95,0.0,1.0697383005172014,100,100,0,scheduled,"{""dp_he"": 0, ""dp_only"": 0, ""he_only"": 0, ""neither"": 100}","{""dp_he"": 0, ""dp_only"": 0, ""he_only"": 0, ""neither"": 100}",0.774210000410676,0.0,100,0.0,4.0,0.3305,1.9464267597198486,0.3425,1.9463349628448485,finite,0.011336199939250946,0.014104800298810005,0,0.0,0.0,1.0,0,0.0,0.0,0.0,0.0,0.0,0.0,0.0,0,0.0,0.0,0.0,0.0,0,0,0,0.0,0.0,0,0,0.0
1.04818220064044,316.2759006775015,0.0,0.0,0.0,0,0,,,0.0,0.0,0.0,0.0,0,0.0,0,not_selected,0,0.0,not_selected,0.01852000132203102,0,0.3305,0.0,0.0,0.0,0.0,0.0,0.0,0,209.5694053005427,0.0,0,0.0,0.0,0.0,0.0,recorded_dp_events_only,released_packet,private_experiment_logs_not_public_dp_outputs,5130,trainable_parameters_v1,tex_packet,0.0,not_established,0.26273199915885925,0.011979598551988602,legacy_per_link_selection,0,0.0,0.0,0.0,0,seal,0,seal_save_size_upper_bound,0,50;40,0.0,0,0,0.0,not_selected,0,0.0,0,0.0,8192,0,0,0,0,40,0,0,0.0,0.0,0,0,0.0,227.2977159774893,0,0.0,0.0,8.000000000001,0.0,0,measured_norm_ratio_not_a_convergence_threshold,1.058984898030758,85,100,0,0,0,0,0,0,0,0,0,0,1,0.0,0.0,fixed_mode_dynamic_privacy,0.0,0.0,incomplete_cross_domain_protection,local_packet_or_secure_aggregate,cross_domain_model_update,[],observed_operations_not_a_security_proof,False,no_new_cloud_update,0.0,96,0.0,1.0707391984760761,100,100,0,scheduled,"{""dp_he"": 0, ""dp_only"": 0, ""he_only"": 0, ""neither"": 100}","{""dp_he"": 0, ""dp_only"": 0, ""he_only"": 0, ""neither"": 100}",0.7431963011622429,0.0,100,0.0,4.0,0.3305,1.9464267597198486,0.337,1.9503886528015137,finite,0.011754300445318222,0.02255699783563614,0,0.0,0.0,1.0,0,0.0,0.0,0.0,0.0,0.0,0.0,0.0,0,0.0,0.0,0.0,0.0,0,0,0,0.0,0.0,0,0,0.0
1.0608605984598398,317.0536421767467,0.0,0.0,0.0,0,0,,,0.0,0.0,0.0,0.0,0,0.0,0,not_selected,0,0.0,not_selected,0.01730959862470627,0,0.3305,0.0,0.0,0.0,0.0,0.0,0.0,0,211.07175650075078,0.0,0,0.0,0.0,0.0,0.0,recorded_dp_events_only,released_packet,private_experiment_logs_not_public_dp_outputs,5130,trainable_parameters_v1,tex_packet,0.0,not_established,0.2438897006213665,0.010904800146818161,legacy_per_link_selection,0,0.0,0.0,0.0,0,seal,0,seal_save_size_upper_bound,0,50;40,0.0,0,0,0.0,not_selected,0,0.0,0,0.0,8192,0,0,0,0,40,0,0,0.0,0.0,0,0,0.0,227.2977159774893,0,0.0,0.0,8.000000000001,0.0,0,measured_norm_ratio_not_a_convergence_threshold,1.0633891001343727,85,100,0,0,0,0,0,0,0,0,0,0,1,0.0,0.0,fixed_mode_dynamic_privacy,0.0,0.0,incomplete_cross_domain_protection,local_packet_or_secure_aggregate,cross_domain_model_update,[],observed_operations_not_a_security_proof,False,no_new_cloud_update,0.0,97,0.0,1.0744040999561548,100,100,0,scheduled,"{""dp_he"": 0, ""dp_only"": 0, ""he_only"": 0, ""neither"": 100}","{""dp_he"": 0, ""dp_only"": 0, ""he_only"": 0, ""neither"": 100}",0.7777414992451668,0.0,100,0.0,4.0,0.3305,1.9464267597198486,0.3395,1.9596942596435547,finite,0.011014999821782112,0.013543501496315002,0,0.0,0.0,1.0,0,0.0,0.0,0.0,0.0,0.0,0.0,0.0,0,0.0,0.0,0.0,0.0,0,0,0,0.0,0.0,0,0,0.0
1.0807086993008852,317.8395968756669,0.0,0.0,0.0,0,0,,,0.0,0.0,0.0,0.0,0,0.0,0,not_selected,0,0.0,not_selected,0.017813699319958687,0,0.3305,0.0,0.0,0.0,0.0,0.0,0.0,0,212.54572360031307,0.0,0,0.0,0.0,0.0,0.0,recorded_dp_events_only,released_packet,private_experiment_logs_not_public_dp_outputs,5130,trainable_parameters_v1,tex_packet,0.0,not_established,0.2545972000807524,0.011186501011252403,legacy_per_link_selection,0,0.0,0.0,0.0,0,seal,0,seal_save_size_upper_bound,0,50;40,0.0,0,0,0.0,not_selected,0,0.0,0,0.0,8192,0,0,0,0,40,0,0,0.0,0.0,0,0,0.0,227.2977159774893,0,0.0,0.0,8.000000000001,0.0,0,measured_norm_ratio_not_a_convergence_threshold,1.0847787000238895,85,100,0,0,0,0,0,0,0,0,0,0,1,0.0,0.0,fixed_mode_dynamic_privacy,0.0,0.0,incomplete_cross_domain_protection,local_packet_or_secure_aggregate,cross_domain_model_update,[],observed_operations_not_a_security_proof,False,no_new_cloud_update,0.0,98,0.0,1.0959352999925613,100,100,0,scheduled,"{""dp_he"": 0, ""dp_only"": 0, ""he_only"": 0, ""neither"": 100}","{""dp_he"": 0, ""dp_only"": 0, ""he_only"": 0, ""neither"": 100}",0.7859546989202499,0.0,100,0.0,4.0,0.3305,1.9464267597198486,0.334,1.9542192478179932,finite,0.011156599968671799,0.01522660069167614,0,0.0,0.0,1.0,0,0.0,0.0,0.0,0.0,0.0,0.0,0.0,0,0.0,0.0,0.0,0.0,0,0,0,0.0,0.0,0,0,0.0
1.029083101078868,318.5845634757572,0.0,0.0,0.0,0,0,,,0.0,0.0,0.0,0.0,0,0.0,0,not_selected,0,0.0,not_selected,0.017021499574184418,0,0.3305,0.0,0.0,0.0,0.0,0.0,0.0,0,213.95565290004015,0.0,0,0.0,0.0,0.0,0.0,recorded_dp_events_only,released_packet,private_experiment_logs_not_public_dp_outputs,5130,trainable_parameters_v1,tex_packet,0.0,not_established,0.24393010139465332,0.01077909953892231,legacy_per_link_selection,0,0.0,0.0,0.0,0,seal,0,seal_save_size_upper_bound,0,50;40,0.0,0,0,0.0,not_selected,0,0.0,0,0.0,8192,0,0,0,0,40,0,0,0.0,0.0,0,0,0.0,227.2977159774893,0,0.0,0.0,8.000000000001,0.0,0,measured_norm_ratio_not_a_convergence_threshold,1.030631298199296,85,100,0,0,0,0,0,0,0,0,0,0,1,0.0,0.0,fixed_mode_dynamic_privacy,0.0,0.0,incomplete_cross_domain_protection,local_packet_or_secure_aggregate,cross_domain_model_update,[],observed_operations_not_a_security_proof,False,no_new_cloud_update,0.0,99,0.0,1.0430170986801386,100,100,0,scheduled,"{""dp_he"": 0, ""dp_only"": 0, ""he_only"": 0, ""neither"": 100}","{""dp_he"": 0, ""dp_only"": 0, ""he_only"": 0, ""neither"": 100}",0.7449666000902653,0.0,100,0.0,4.0,0.3305,1.9464267597198486,0.347,1.953165901184082,finite,0.01238580048084259,0.013933997601270676,0,0.0,0.0,1.0,0,0.0,0.0,0.0,0.0,0.0,0.0,0.0,0,0.0,0.0,0.0,0.0,0,0,0,0.0,0.0,0,0,0.0
